mode,task_id,iter_idx,turn_idx,call_idx,raw_tool_name,tool_name,tool_group,arguments,cached
MetAgent-ReAct,compound_only_enrich_mammalian_RAMP_P_000000016_seed1,0,1,0,query_ramp_enrichment,query_ramp_enrichment,Enrichment,"{""compound_kegg_ids"": [""C03912"", ""C00077"", ""C00109"", ""C05578"", ""C00244"", ""C16241"", ""C00021"", ""C00097"", ""C00073"", ""C07441""], ""top_k"": 5}",False
MetAgent-ReAct,compound_only_enrich_mammalian_RAMP_P_000000016_seed1,0,2,1,query_pathway_membership,query_pathway_membership,Pathway evidence,"{""metabolite_id"": ""C00077"", ""max_pathways"": 5}",False
MetAgent-ReAct,compound_only_enrich_mammalian_RAMP_P_000000016_seed1,0,2,2,query_pathway_membership,query_pathway_membership,Pathway evidence,"{""metabolite_id"": ""C00097"", ""max_pathways"": 5}",False
MetAgent-ReAct,compound_only_enrich_mammalian_RAMP_P_000000016_seed1,0,2,3,query_pathway_membership,query_pathway_membership,Pathway evidence,"{""metabolite_id"": ""C00073"", ""max_pathways"": 5}",False
MetAgent-ReAct,compound_only_enrich_mammalian_RAMP_P_000000016_seed1,0,2,4,query_pathway_membership,query_pathway_membership,Pathway evidence,"{""metabolite_id"": ""C00021"", ""max_pathways"": 5}",False
MetAgent-ReAct,compound_only_enrich_mammalian_RAMP_P_000000016_seed1,0,2,5,query_pathway_membership,query_pathway_membership,Pathway evidence,"{""metabolite_id"": ""C00109"", ""max_pathways"": 5}",False
MetAgent-ReAct,compound_only_enrich_mammalian_RAMP_P_000000016_seed1,0,3,6,query_pathway_membership,query_pathway_membership,Pathway evidence,"{""metabolite_id"": ""C16241"", ""max_pathways"": 5}",False
MetAgent-ReAct,compound_only_enrich_mammalian_RAMP_P_000000016_seed1,0,3,7,query_pathway_membership,query_pathway_membership,Pathway evidence,"{""metabolite_id"": ""C03912"", ""max_pathways"": 5}",False
MetAgent-ReAct,compound_only_enrich_mammalian_RAMP_P_000000016_seed1,0,3,8,query_kegg_path,query_kegg_path,Pathway evidence,"{""compound_a"": ""C00073"", ""compound_b"": ""C00021""}",False
MetAgent-ReAct,compound_only_enrich_mammalian_RAMP_P_000000016_seed1,0,3,9,query_kegg_path,query_kegg_path,Pathway evidence,"{""compound_a"": ""C00097"", ""compound_b"": ""C00021""}",False
MetAgent-ReAct,compound_only_enrich_mammalian_RAMP_P_000000016_seed1,0,4,10,query_pathway_membership,query_pathway_membership,Pathway evidence,"{""metabolite_id"": ""C05578"", ""max_pathways"": 5}",False
MetAgent-ReAct,compound_only_enrich_mammalian_RAMP_P_000000016_seed1,0,4,11,query_kegg_path,query_kegg_path,Pathway evidence,"{""compound_a"": ""C00077"", ""compound_b"": ""C03912""}",False
MetAgent-ReAct,compound_only_enrich_mammalian_RAMP_P_000000016_seed1,0,4,12,query_kegg_path,query_kegg_path,Pathway evidence,"{""compound_a"": ""C00073"", ""compound_b"": ""C00097""}",False
MetAgent-ReAct,compound_only_enrich_mammalian_RAMP_P_000000016_seed1,0,5,13,query_kegg_path,query_kegg_path,Pathway evidence,"{""compound_a"": ""C00073"", ""compound_b"": ""C00077""}",False
MetAgent-ReAct,compound_only_enrich_mammalian_RAMP_P_000000016_seed2,0,1,0,query_ramp_enrichment,query_ramp_enrichment,Enrichment,"{""compound_kegg_ids"": [""C00114"", ""C01005"", ""C00187"", ""C00213"", ""C00020"", ""C00588"", ""C00019"", ""C16241"", ""C02291"", ""C05552"", ""C00105""], ""top_k"": 5}",False
MetAgent-ReAct,compound_only_enrich_mammalian_RAMP_P_000000016_seed2,0,2,1,query_pathway_membership,query_pathway_membership,Pathway evidence,"{""metabolite_id"": ""C00019""}",False
MetAgent-ReAct,compound_only_enrich_mammalian_RAMP_P_000000016_seed2,0,2,2,query_pathway_membership,query_pathway_membership,Pathway evidence,"{""metabolite_id"": ""C02291""}",False
MetAgent-ReAct,compound_only_enrich_mammalian_RAMP_P_000000016_seed2,0,2,3,query_pathway_membership,query_pathway_membership,Pathway evidence,"{""metabolite_id"": ""C00213""}",False
MetAgent-ReAct,compound_only_enrich_mammalian_RAMP_P_000000016_seed2,0,3,4,query_kegg_path,query_kegg_path,Pathway evidence,"{""compound_a"": ""C00019"", ""compound_b"": ""C02291"", ""max_path_length"": 6}",False
MetAgent-ReAct,compound_only_enrich_mammalian_RAMP_P_000000016_seed2,0,3,5,query_kegg_path,query_kegg_path,Pathway evidence,"{""compound_a"": ""C00114"", ""compound_b"": ""C00019"", ""max_path_length"": 6}",False
MetAgent-ReAct,compound_only_enrich_mammalian_RAMP_P_000000016_seed4,0,1,0,query_ramp_enrichment,query_ramp_enrichment,Enrichment,"{""compound_kegg_ids"": [""C00020"", ""C00153"", ""C00097"", ""C00188"", ""C01005"", ""C00612"", ""C00037"", ""C01165"", ""C02291"", ""C00059"", ""C00021"", ""C00581""], ""top_k"": 5}",False
MetAgent-ReAct,compound_only_enrich_mammalian_RAMP_P_000000016_seed4,0,2,1,query_pathway_membership,query_pathway_membership,Pathway evidence,"{""metabolite_id"": ""C00097"", ""max_pathways"": 3}",False
MetAgent-ReAct,compound_only_enrich_mammalian_RAMP_P_000000016_seed4,0,2,2,query_pathway_membership,query_pathway_membership,Pathway evidence,"{""metabolite_id"": ""C00188"", ""max_pathways"": 3}",False
MetAgent-ReAct,compound_only_enrich_mammalian_RAMP_P_000000016_seed4,0,2,3,query_pathway_membership,query_pathway_membership,Pathway evidence,"{""metabolite_id"": ""C01005"", ""max_pathways"": 3}",False
MetAgent-ReAct,compound_only_enrich_mammalian_RAMP_P_000000016_seed4,0,3,4,query_kegg_path,query_kegg_path,Pathway evidence,"{""compound_a"": ""C00021"", ""compound_b"": ""C02291""}",False
MetAgent-ReAct,compound_only_enrich_mammalian_RAMP_P_000000016_seed4,0,3,5,query_kegg_path,query_kegg_path,Pathway evidence,"{""compound_a"": ""C02291"", ""compound_b"": ""C00097""}",False
MetAgent-ReAct,compound_only_enrich_mammalian_RAMP_P_000000016_seed6,0,1,0,query_ramp_enrichment,query_ramp_enrichment,Enrichment,"{""compound_kegg_ids"":[""C00037"",""C00114"",""C04043"",""C00212"",""C00065"",""C00089"",""C03508"",""C00097"",""C00188"",""C00019""],""top_k"":5}",False
MetAgent-ReAct,compound_only_enrich_mammalian_RAMP_P_000000016_seed6,0,2,1,query_pathway_membership,query_pathway_membership,Pathway evidence,"{""metabolite_id"":""C00065""}",False
MetAgent-ReAct,compound_only_enrich_mammalian_RAMP_P_000000016_seed6,0,2,2,query_pathway_membership,query_pathway_membership,Pathway evidence,"{""metabolite_id"":""C00019""}",False
MetAgent-ReAct,compound_only_enrich_mammalian_RAMP_P_000000016_seed6,0,2,3,query_pathway_membership,query_pathway_membership,Pathway evidence,"{""metabolite_id"":""C00097""}",False
MetAgent-ReAct,compound_only_enrich_mammalian_RAMP_P_000000016_seed6,0,3,4,query_kegg_path,query_kegg_path,Pathway evidence,"{""compound_a"":""C00019"",""compound_b"":""C00037"",""max_path_length"":6}",False
MetAgent-ReAct,compound_only_enrich_mammalian_RAMP_P_000000016_seed6,0,3,5,query_kegg_path,query_kegg_path,Pathway evidence,"{""compound_a"":""C00065"",""compound_b"":""C00097"",""max_path_length"":6}",False
MetAgent-ReAct,compound_only_enrich_mammalian_RAMP_P_000000016_seed7,0,1,0,query_ramp_enrichment,query_ramp_enrichment,Enrichment,"{""compound_kegg_ids"":[""C00155"",""C00019"",""C00073"",""C00114"",""C00025"",""C12673"",""C14823"",""C00506"",""C04742"",""C00212"",""C00429"",""C16241"",""C00188""],""top_k"":10}",False
MetAgent-ReAct,compound_only_enrich_mammalian_RAMP_P_000000016_seed7,0,2,1,query_pathway_membership,query_pathway_membership,Pathway evidence,"{""metabolite_id"":""C00155""}",False
MetAgent-ReAct,compound_only_enrich_mammalian_RAMP_P_000000016_seed7,0,2,2,query_pathway_membership,query_pathway_membership,Pathway evidence,"{""metabolite_id"":""C00019""}",False
MetAgent-ReAct,compound_only_enrich_mammalian_RAMP_P_000000016_seed7,0,2,3,query_pathway_membership,query_pathway_membership,Pathway evidence,"{""metabolite_id"":""C00073""}",False
MetAgent-ReAct,compound_only_enrich_mammalian_RAMP_P_000000016_seed7,0,3,4,query_kegg_path,query_kegg_path,Pathway evidence,"{""compound_a"":""C00073"",""compound_b"":""C00019"",""max_path_length"":6}",False
MetAgent-ReAct,compound_only_enrich_mammalian_RAMP_P_000000016_seed7,0,3,5,query_kegg_path,query_kegg_path,Pathway evidence,"{""max_path_length"":6,""compound_a"":""C00155"",""compound_b"":""C00019""}",False
MetAgent-ReAct,compound_only_enrich_mammalian_RAMP_P_000000016_seed9,0,1,0,query_ramp_en Enrichment,query_ramp_enrichment,Enrichment,"{""compound_kegg_ids"": ""[\""C00022\"", \""C00026\"", \""C00025\"", \""C00009\"", \""C00129\"", \""C00153\"", \""C02147\"", \""C00114\"", \""C00188\""]"", ""top_k"": ""5""}",False
MetAgent-ReAct,compound_only_enrich_mammalian_RAMP_P_000000016_seed9,0,2,1,query_ramp_enrichment,query_ramp_enrichment,Enrichment,"{""compound_kegg_ids"": [""C00022"", ""C00026"", ""C00025"", ""C00009"", ""C00129"", ""C00153"", ""C02147"", ""C00114"", ""C00188""], ""top_k"": 5}",False
MetAgent-ReAct,compound_only_enrich_mammalian_RAMP_P_000000016_seed9,0,3,2,query_pathway_membership,query_pathway_membership,Pathway evidence,"{""metabolite_id"": ""C00022"", ""co_observed_ids"": [""C00026"", ""C00025"", ""C00188"", ""C02147"", ""C00114""], ""max_pathways"": 5}",False
MetAgent-ReAct,compound_only_enrich_mammalian_RAMP_P_000000016_seed9,0,3,3,query_pathway_membership,query_pathway_membership,Pathway evidence,"{""metabolite_id"": ""C00026"", ""co_observed_ids"": [""C00022"", ""C00025"", ""C00188"", ""C02147"", ""C00114""], ""max_pathways"": 5}",False
MetAgent-ReAct,compound_only_enrich_mammalian_RAMP_P_000000016_seed9,0,3,4,query_pathway_membership,query_pathway_membership,Pathway evidence,"{""metabolite_id"": ""C00025"", ""co_observed_ids"": [""C00022"", ""C00026"", ""C00188"", ""C02147"", ""C00114""], ""max_pathways"": 5}",False
MetAgent-ReAct,compound_only_enrich_mammalian_RAMP_P_000000016_seed9,0,3,5,query_kegg_path,query_kegg_path,Pathway evidence,"{""compound_a"": ""C00188"", ""compound_b"": ""C00022"", ""max_path_length"": 6}",False
MetAgent-ReAct,compound_only_enrich_mammalian_RAMP_P_000000016_seed9,0,4,6,query_pathway_membership,query_pathway_membership,Pathway evidence,"{""metabolite_id"": ""C00188"", ""co_observed_ids"": [""C00022"", ""C00026"", ""C00025"", ""C02147"", ""C00114""], ""max_pathways"": 5}",False
MetAgent-ReAct,compound_only_enrich_mammalian_RAMP_P_000000016_seed9,0,4,7,query_pathway_membership,query_pathway_membership,Pathway evidence,"{""metabolite_id"": ""C02147"", ""co_observed_ids"": [""C00022"", ""C00026"", ""C00025"", ""C00188"", ""C00114""], ""max_pathways"": 5}",False
MetAgent-ReAct,compound_only_enrich_mammalian_RAMP_P_000000106_seed0,0,1,0,query_ramp_enrichment,query_ramp_enrichment,Enrichment,"{""compound_kegg_ids"": [""C00547"", ""C00544"", ""C00077"", ""C15571"", ""C00082"", ""C00272"", ""C00155""], ""top_k"": 5}",False
MetAgent-ReAct,compound_only_enrich_mammalian_RAMP_P_000000106_seed0,0,2,1,query_pathway_membership,query_pathway_membership,Pathway evidence,"{""metabolite_id"": ""C00077"", ""co_observed_ids"": [""C00547"", ""C00544"", ""C00077"", ""C15571"", ""C00082"", ""C00272"", ""C00155""]}",False
MetAgent-ReAct,compound_only_enrich_mammalian_RAMP_P_000000106_seed0,0,2,2,query_pathway_membership,query_pathway_membership,Pathway evidence,"{""metabolite_id"": ""C00155"", ""co_observed_ids"": [""C00547"", ""C00544"", ""C00077"", ""C15571"", ""C00082"", ""C00272"", ""C00155""]}",False
MetAgent-ReAct,compound_only_enrich_mammalian_RAMP_P_000000106_seed0,0,3,3,query_kegg_path,query_kegg_path,Pathway evidence,"{""compound_a"": ""C00082"", ""compound_b"": ""C00547"", ""max_path_length"": 6}",False
MetAgent-ReAct,compound_only_enrich_mammalian_RAMP_P_000000106_seed0,0,3,4,query_kegg_path,query_kegg_path,Pathway evidence,"{""compound_a"": ""C15571"", ""compound_b"": ""C00082"", ""max_path_length"": 4}",False
MetAgent-ReAct,compound_only_enrich_mammalian_RAMP_P_000000106_seed0,0,4,5,query_kegg_path,query_kegg_path,Pathway evidence,"{""compound_a"": ""C00082"", ""compound_b"": ""C00544"", ""max_path_length"": 6}",False
MetAgent-ReAct,compound_only_enrich_mammalian_RAMP_P_000000106_seed0,0,4,6,query_kegg_path,query_kegg_path,Pathway evidence,"{""compound_a"": ""C15571"", ""compound_b"": ""C00544"", ""max_path_length"": 6}",False
MetAgent-ReAct,compound_only_enrich_mammalian_RAMP_P_000000106_seed2,0,1,0,query_ramp_enrichment,query_ramp_enrichment,Enrichment,"{""compound_kegg_ids"":[""C02953"",""C05578"",""C04043"",""C06428"",""C00089"",""C03912"",""C01405"",""C00070"",""C15571""],""top_k"":5}",False
MetAgent-ReAct,compound_only_enrich_mammalian_RAMP_P_000000106_seed2,0,2,1,query_pathway_membership,query_pathway_membership,Pathway evidence,"{""metabolite_id"":""C04043""}",False
MetAgent-ReAct,compound_only_enrich_mammalian_RAMP_P_000000106_seed2,0,2,2,query_pathway_membership,query_pathway_membership,Pathway evidence,"{""metabolite_id"":""C05578""}",False
MetAgent-ReAct,compound_only_enrich_mammalian_RAMP_P_000000106_seed2,0,2,3,query_pathway_membership,query_pathway_membership,Pathway evidence,"{""metabolite_id"":""C02953""}",False
MetAgent-ReAct,compound_only_enrich_mammalian_RAMP_P_000000106_seed2,0,3,4,query_kegg_path,query_kegg_path,Pathway evidence,"{""compound_a"":""C00070"",""compound_b"":""C04043"",""max_path_length"":5}",False
MetAgent-ReAct,compound_only_enrich_mammalian_RAMP_P_000000106_seed2,0,4,5,query_kegg_path,query_kegg_path,Pathway evidence,"{""compound_a"":""C02953"",""compound_b"":""C05578"",""max_path_length"":4}",False
MetAgent-ReAct,compound_only_enrich_mammalian_RAMP_P_000000106_seed2,0,5,6,query_kegg_path,query_kegg_path,Pathway evidence,"{""compound_a"":""C15571"",""compound_b"":""C05578"",""max_path_length"":5}",False
MetAgent-ReAct,compound_only_enrich_mammalian_RAMP_P_000000106_seed2,0,5,7,query_kegg_path,query_kegg_path,Pathway evidence,"{""compound_a"":""C04043"",""compound_b"":""C15571"",""max_path_length"":5}",False
MetAgent-ReAct,compound_only_enrich_mammalian_RAMP_P_000000106_seed3,0,1,0,query_ramp_enrichment,query_ramp_enrichment,Enrichment,"{""compound_kegg_ids"":[""C07072"",""C02953"",""C00082"",""C01108"",""C00544"",""C01074"",""C03758"",""C00037"",""C14819"",""C00483"",""C00366""],""top_k"":10}",False
MetAgent-ReAct,compound_only_enrich_mammalian_RAMP_P_000000106_seed3,0,2,1,query_pathway_membership,query_pathway_membership,Pathway evidence,"{""max_pathways"":5,""metabolite_id"":""C00082""}",False
MetAgent-ReAct,compound_only_enrich_mammalian_RAMP_P_000000106_seed3,0,2,2,query_pathway_membership,query_pathway_membership,Pathway evidence,"{""max_pathways"":5,""metabolite_id"":""C00544""}",False
MetAgent-ReAct,compound_only_enrich_mammalian_RAMP_P_000000106_seed3,0,2,3,query_pathway_membership,query_pathway_membership,Pathway evidence,"{""max_pathways"":5,""metabolite_id"":""C03758""}",False
MetAgent-ReAct,compound_only_enrich_mammalian_RAMP_P_000000106_seed3,0,3,4,query_kegg_path,query_kegg_path,Pathway evidence,"{""compound_b"":""C03758"",""max_path_length"":4,""compound_a"":""C00082""}",False
MetAgent-ReAct,compound_only_enrich_mammalian_RAMP_P_000000106_seed3,0,3,5,query_kegg_path,query_kegg_path,Pathway evidence,"{""compound_a"":""C00082"",""compound_b"":""C00544"",""max_path_length"":4}",False
MetAgent-ReAct,compound_only_enrich_mammalian_RAMP_P_000000106_seed8,0,1,0,query_ramp_enrichment,query_ramp_enrichment,Enrichment,"{""compound_kegg_ids"": [""C01405"", ""C00483"", ""C15571"", ""C05587"", ""C02953"", ""C10025"", ""C05578"", ""C00129"", ""C00116"", ""C00070"", ""C00109""], ""top_k"": 10}",False
MetAgent-ReAct,compound_only_enrich_mammalian_RAMP_P_000000106_seed8,0,2,1,query_pathway_membership,query_pathway_membership,Pathway evidence,"{""metabolite_id"": ""C00483"", ""max_pathways"": 5}",False
MetAgent-ReAct,compound_only_enrich_mammalian_RAMP_P_000000106_seed8,0,2,2,query_pathway_membership,query_pathway_membership,Pathway evidence,"{""metabolite_id"": ""C15571"", ""max_pathways"": 5}",False
MetAgent-ReAct,compound_only_enrich_mammalian_RAMP_P_000000106_seed8,0,2,3,query_pathway_membership,query_pathway_membership,Pathway evidence,"{""metabolite_id"": ""C05587"", ""max_pathways"": 5}",False
MetAgent-ReAct,compound_only_enrich_mammalian_RAMP_P_000000106_seed8,0,2,4,query_pathway_membership,query_pathway_membership,Pathway evidence,"{""metabolite_id"": ""C05578"", ""max_pathways"": 5}",False
MetAgent-ReAct,compound_only_enrich_mammalian_RAMP_P_000000106_seed8,0,3,5,query_kegg_path,query_kegg_path,Pathway evidence,"{""compound_a"": ""C00483"", ""compound_b"": ""C05587""}",False
MetAgent-ReAct,compound_only_enrich_mammalian_RAMP_P_000000106_seed8,0,3,6,query_kegg_path,query_kegg_path,Pathway evidence,"{""compound_a"": ""C15571"", ""compound_b"": ""C05578""}",False
MetAgent-ReAct,compound_only_enrich_mammalian_RAMP_P_000000106_seed8,0,4,7,query_kegg_path,query_kegg_path,Pathway evidence,"{""compound_a"": ""C00483"", ""compound_b"": ""C15571""}",False
MetAgent-ReAct,compound_only_enrich_mammalian_RAMP_P_000000106_seed8,0,4,8,query_kegg_path,query_kegg_path,Pathway evidence,"{""compound_a"": ""C02953"", ""compound_b"": ""C00483""}",False
MetAgent-ReAct,compound_only_enrich_mammalian_RAMP_P_000000141_seed0,0,1,0,query_ramp_enrichment,query_ramp_enrichment,Enrichment,"{""compound_kegg_ids"":[""C00078"",""C01598"",""C03912"",""C00183"",""C03722"",""C04281"",""C00637"",""C00780"",""C00632"",""C00398""],""top_k"":5}",False
MetAgent-ReAct,compound_only_enrich_mammalian_RAMP_P_000000141_seed0,0,2,1,query_pathway_membership,query_pathway_membership,Pathway evidence,"{""metabolite_id"":""C00078"",""max_pathways"":5}",False
MetAgent-ReAct,compound_only_enrich_mammalian_RAMP_P_000000141_seed0,0,2,2,query_pathway_membership,query_pathway_membership,Pathway evidence,"{""max_pathways"":5,""metabolite_id"":""C00780""}",False
MetAgent-ReAct,compound_only_enrich_mammalian_RAMP_P_000000141_seed0,0,2,3,query_pathway_membership,query_pathway_membership,Pathway evidence,"{""metabolite_id"":""C01598"",""max_pathways"":5}",False
MetAgent-ReAct,compound_only_enrich_mammalian_RAMP_P_000000141_seed0,0,2,4,query_pathway_membership,query_pathway_membership,Pathway evidence,"{""metabolite_id"":""C03722"",""max_pathways"":5}",False
MetAgent-ReAct,compound_only_enrich_mammalian_RAMP_P_000000141_seed0,0,3,5,query_kegg_path,query_kegg_path,Pathway evidence,"{""compound_a"":""C00078"",""compound_b"":""C00780""}",False
MetAgent-ReAct,compound_only_enrich_mammalian_RAMP_P_000000141_seed0,0,3,6,query_kegg_path,query_kegg_path,Pathway evidence,"{""compound_a"":""C00780"",""compound_b"":""C01598""}",False
MetAgent-ReAct,compound_only_enrich_mammalian_RAMP_P_000000141_seed0,0,3,7,query_kegg_path,query_kegg_path,Pathway evidence,"{""compound_a"":""C00078"",""compound_b"":""C03722""}",False
MetAgent-ReAct,compound_only_enrich_mammalian_RAMP_P_000000141_seed1,0,1,0,query_ramp_enrichment,query_ramp_enrichment,Enrichment,"{""compound_kegg_ids"":[""C00398"",""C00134"",""C00123"",""C01598"",""C00780"",""C00078"",""C00606"",""C03722"",""C00632""],""top_k"":5}",False
MetAgent-ReAct,compound_only_enrich_mammalian_RAMP_P_000000141_seed1,0,2,1,query_pathway_membership,query_pathway_membership,Pathway evidence,"{""max_pathways"":3,""metabolite_id"":""C00078""}",False
MetAgent-ReAct,compound_only_enrich_mammalian_RAMP_P_000000141_seed1,0,2,2,query_pathway_membership,query_pathway_membership,Pathway evidence,"{""max_pathways"":3,""metabolite_id"":""C00780""}",False
MetAgent-ReAct,compound_only_enrich_mammalian_RAMP_P_000000141_seed1,0,2,3,query_pathway_membership,query_pathway_membership,Pathway evidence,"{""max_pathways"":3,""metabolite_id"":""C03722""}",False
MetAgent-ReAct,compound_only_enrich_mammalian_RAMP_P_000000141_seed1,0,3,4,query_kegg_path,query_kegg_path,Pathway evidence,"{""compound_a"":""C00078"",""compound_b"":""C00780""}",False
MetAgent-ReAct,compound_only_enrich_mammalian_RAMP_P_000000141_seed1,0,3,5,query_kegg_path,query_kegg_path,Pathway evidence,"{""compound_a"":""C00780"",""compound_b"":""C03722""}",False
MetAgent-ReAct,compound_only_enrich_mammalian_RAMP_P_000000141_seed1,0,4,6,query_kegg_path,query_kegg_path,Pathway evidence,"{""compound_a"":""C00078"",""compound_b"":""C03722""}",False
MetAgent-ReAct,compound_only_enrich_mammalian_RAMP_P_000000141_seed2,0,1,0,query_ramp_enrichment,query_ramp_enrichment,Enrichment,"{""compound_kegg_ids"":[""C06973"",""C01471"",""C00637"",""C00632"",""C07224"",""C00398"",""C00078"",""C00780"",""C00127"",""C01598""],""top_k"":5}",False
MetAgent-ReAct,compound_only_enrich_mammalian_RAMP_P_000000141_seed2,0,2,1,query_pathway_membership,query_pathway_membership,Pathway evidence,"{""max_pathways"":5,""metabolite_id"":""C00078""}",False
MetAgent-ReAct,compound_only_enrich_mammalian_RAMP_P_000000141_seed2,0,2,2,query_pathway_membership,query_pathway_membership,Pathway evidence,"{""max_pathways"":5,""metabolite_id"":""C00780""}",False
MetAgent-ReAct,compound_only_enrich_mammalian_RAMP_P_000000141_seed2,0,2,3,query_pathway_membership,query_pathway_membership,Pathway evidence,"{""max_pathways"":5,""metabolite_id"":""C01598""}",False
MetAgent-ReAct,compound_only_enrich_mammalian_RAMP_P_000000141_seed2,0,3,4,query_kegg_path,query_kegg_path,Pathway evidence,"{""compound_a"":""C00078"",""compound_b"":""C01598"",""max_path_length"":6}",False
MetAgent-ReAct,compound_only_enrich_mammalian_RAMP_P_000000141_seed2,0,4,5,query_kegg_path,query_kegg_path,Pathway evidence,"{""max_path_length"":6,""compound_a"":""C00078"",""compound_b"":""C00398""}",False
MetAgent-ReAct,compound_only_enrich_mammalian_RAMP_P_000000141_seed2,0,4,6,query_kegg_path,query_kegg_path,Pathway evidence,"{""max_path_length"":6,""compound_a"":""C00398"",""compound_b"":""C00637""}",False
MetAgent-ReAct,compound_only_enrich_mammalian_RAMP_P_000000141_seed3,0,1,0,query_ramp_enrichment,query_ramp_enrichment,Enrichment,"{""compound_kegg_ids"":[""C00438"",""C00780"",""C00632"",""C00346"",""C03722"",""C00078"",""C00637"",""C00398"",""C01598""],""top_k"":10}",False
MetAgent-ReAct,compound_only_enrich_mammalian_RAMP_P_000000141_seed3,0,2,1,query_pathway_membership,query_pathway_membership,Pathway evidence,"{""metabolite_id"":""C00078""}",False
MetAgent-ReAct,compound_only_enrich_mammalian_RAMP_P_000000141_seed3,0,2,2,query_pathway_membership,query_pathway_membership,Pathway evidence,"{""metabolite_id"":""C00398""}",False
MetAgent-ReAct,compound_only_enrich_mammalian_RAMP_P_000000141_seed3,0,2,3,query_pathway_membership,query_pathway_membership,Pathway evidence,"{""metabolite_id"":""C00780""}",False
MetAgent-ReAct,compound_only_enrich_mammalian_RAMP_P_000000141_seed3,0,2,4,query_pathway_membership,query_pathway_membership,Pathway evidence,"{""metabolite_id"":""C03722""}",False
MetAgent-ReAct,compound_only_enrich_mammalian_RAMP_P_000000141_seed3,0,3,5,query_kegg_path,query_kegg_path,Pathway evidence,"{""compound_a"":""C00078"",""compound_b"":""C00398""}",False
MetAgent-ReAct,compound_only_enrich_mammalian_RAMP_P_000000141_seed3,0,3,6,query_kegg_path,query_kegg_path,Pathway evidence,"{""compound_b"":""C00780"",""compound_a"":""C00078""}",False
MetAgent-ReAct,compound_only_enrich_mammalian_RAMP_P_000000141_seed3,0,3,7,query_kegg_path,query_kegg_path,Pathway evidence,"{""compound_b"":""C03722"",""compound_a"":""C00078""}",False
MetAgent-ReAct,compound_only_enrich_mammalian_RAMP_P_000000141_seed4,0,1,0,query_ramp_enrichment,query_ramp_enrichment,Enrichment,"{""compound_kegg_ids"": [""C03722"", ""C00013"", ""C01598"", ""C00463"", ""C00637"", ""C00042"", ""C14819"", ""C00780"", ""C00078"", ""C00221"", ""C00398""], ""top_k"": 10}",False
MetAgent-ReAct,compound_only_enrich_mammalian_RAMP_P_000000141_seed4,0,2,1,query_pathway_membership,query_pathway_membership,Pathway evidence,"{""metabolite_id"": ""C00078"", ""max_pathways"": 5}",False
MetAgent-ReAct,compound_only_enrich_mammalian_RAMP_P_000000141_seed4,0,2,2,query_pathway_membership,query_pathway_membership,Pathway evidence,"{""metabolite_id"": ""C00398"", ""max_pathways"": 5}",False
MetAgent-ReAct,compound_only_enrich_mammalian_RAMP_P_000000141_seed4,0,2,3,query_pathway_membership,query_pathway_membership,Pathway evidence,"{""metabolite_id"": ""C00780"", ""max_pathways"": 5}",False
MetAgent-ReAct,compound_only_enrich_mammalian_RAMP_P_000000141_seed4,0,3,4,query_kegg_path,query_kegg_path,Pathway evidence,"{""compound_a"": ""C00078"", ""compound_b"": ""C00398""}",False
MetAgent-ReAct,compound_only_enrich_mammalian_RAMP_P_000000141_seed4,0,3,5,query_kegg_path,query_kegg_path,Pathway evidence,"{""compound_a"": ""C00078"", ""compound_b"": ""C00780""}",False
MetAgent-ReAct,compound_only_enrich_mammalian_RAMP_P_000000141_seed4,0,3,6,query_kegg_path,query_kegg_path,Pathway evidence,"{""compound_a"": ""C00078"", ""compound_b"": ""C03722""}",False
MetAgent-ReAct,compound_only_enrich_mammalian_RAMP_P_000000141_seed4,0,4,7,query_kegg_path,query_kegg_path,Pathway evidence,"{""compound_a"": ""C00078"", ""compound_b"": ""C00637""}",False
MetAgent-ReAct,compound_only_enrich_mammalian_RAMP_P_000000141_seed4,0,4,8,query_kegg_path,query_kegg_path,Pathway evidence,"{""compound_a"": ""C00398"", ""compound_b"": ""C00780""}",False
MetAgent-ReAct,compound_only_enrich_mammalian_RAMP_P_000000141_seed4,0,4,9,query_kegg_path,query_kegg_path,Pathway evidence,"{""compound_a"": ""C00398"", ""compound_b"": ""C01598""}",False
MetAgent-ReAct,compound_only_enrich_mammalian_RAMP_P_000000141_seed5,0,1,0,query_ramp_enrichment,query_ramp_enrichment,Enrichment,"{""compound_kegg_ids"": [""C00398"", ""C00150"", ""C00632"", ""C05947"", ""C05665"", ""C16677"", ""C00637"", ""C01598"", ""C00078"", ""C00780""], ""top_k"": 5}",False
MetAgent-ReAct,compound_only_enrich_mammalian_RAMP_P_000000141_seed5,0,2,1,query_pathway_membership,query_pathway_membership,Pathway evidence,"{""metabolite_id"": ""C00078"", ""co_observed_ids"": [""C00398"", ""C00632"", ""C00637"", ""C01598"", ""C00780""], ""max_pathways"": 3}",False
MetAgent-ReAct,compound_only_enrich_mammalian_RAMP_P_000000141_seed5,0,2,2,query_kegg_path,query_kegg_path,Pathway evidence,"{""compound_a"": ""C00078"", ""compound_b"": ""C00780""}",False
MetAgent-ReAct,compound_only_enrich_mammalian_RAMP_P_000000141_seed5,0,3,3,query_pathway_membership,query_pathway_membership,Pathway evidence,"{""metabolite_id"": ""C00780"", ""co_observed_ids"": [""C00398"", ""C00632"", ""C00637"", ""C01598"", ""C00078""], ""max_pathways"": 3}",False
MetAgent-ReAct,compound_only_enrich_mammalian_RAMP_P_000000141_seed5,0,3,4,query_kegg_path,query_kegg_path,Pathway evidence,"{""compound_a"": ""C00078"", ""compound_b"": ""C01598""}",False
MetAgent-ReAct,compound_only_enrich_mammalian_RAMP_P_000000141_seed6,0,1,0,query_ramp_enrichment,query_ramp_enrichment,Enrichment,"{""compound_kegg_ids"":[""C00672"",""C00398"",""C19586"",""C00637"",""C00632"",""C01045"",""C01996"",""C00780"",""C02147"",""C00078"",""C03722"",""C01598""],""top_k"":10}",False
MetAgent-ReAct,compound_only_enrich_mammalian_RAMP_P_000000141_seed6,0,2,1,query_kegg_path,query_kegg_path,Pathway evidence,"{""compound_a"":""C00078"",""compound_b"":""C00780""}",False
MetAgent-ReAct,compound_only_enrich_mammalian_RAMP_P_000000141_seed6,0,2,2,query_kegg_path,query_kegg_path,Pathway evidence,"{""compound_a"":""C00078"",""compound_b"":""C03722""}",False
MetAgent-ReAct,compound_only_enrich_mammalian_RAMP_P_000000141_seed6,0,3,3,query_kegg_path,query_kegg_path,Pathway evidence,"{""compound_a"":""C00078"",""compound_b"":""C01598""}",False
MetAgent-ReAct,compound_only_enrich_mammalian_RAMP_P_000000141_seed6,0,3,4,query_pathway_membership,query_pathway_membership,Pathway evidence,"{""metabolite_id"":""C00078""}",False
MetAgent-ReAct,compound_only_enrich_mammalian_RAMP_P_000000141_seed7,0,1,0,query_ramp_enrichment,query_ramp_enrichment,Enrichment,"{""compound_kegg_ids"":[""C00148"",""C00150"",""C03722"",""C01598"",""C00398"",""C00078"",""C00632"",""C00780""],""top_k"":5}",False
MetAgent-ReAct,compound_only_enrich_mammalian_RAMP_P_000000141_seed7,0,2,1,query_pathway_membership,query_pathway_membership,Pathway evidence,"{""metabolite_id"":""C00078""}",False
MetAgent-ReAct,compound_only_enrich_mammalian_RAMP_P_000000141_seed7,0,2,2,query_pathway_membership,query_pathway_membership,Pathway evidence,"{""metabolite_id"":""C00780""}",False
MetAgent-ReAct,compound_only_enrich_mammalian_RAMP_P_000000141_seed7,0,2,3,query_pathway_membership,query_pathway_membership,Pathway evidence,"{""metabolite_id"":""C03722""}",False
MetAgent-ReAct,compound_only_enrich_mammalian_RAMP_P_000000141_seed7,0,3,4,query_kegg_path,query_kegg_path,Pathway evidence,"{""compound_a"":""C00078"",""compound_b"":""C00398""}",False
MetAgent-ReAct,compound_only_enrich_mammalian_RAMP_P_000000141_seed7,0,3,5,query_kegg_path,query_kegg_path,Pathway evidence,"{""compound_b"":""C00780"",""compound_a"":""C00398""}",False
MetAgent-ReAct,compound_only_enrich_mammalian_RAMP_P_000000141_seed7,0,3,6,query_kegg_path,query_kegg_path,Pathway evidence,"{""compound_a"":""C00078"",""compound_b"":""C03722""}",False
MetAgent-ReAct,compound_only_enrich_mammalian_RAMP_P_000000141_seed7,0,3,7,query_pathway_membership,query_pathway_membership,Pathway evidence,"{""metabolite_id"":""C00398""}",False
MetAgent-ReAct,compound_only_enrich_mammalian_RAMP_P_000000141_seed8,0,1,0,query_ramp_enrichment,query_ramp_enrichment,Enrichment,"{""compound_kegg_ids"":[""C00346"",""C00913"",""C03722"",""C00632"",""C01598"",""C01127"",""C00780"",""C00078""],""top_k"":5}",False
MetAgent-ReAct,compound_only_enrich_mammalian_RAMP_P_000000141_seed8,0,2,1,query_pathway_membership,query_pathway_membership,Pathway evidence,"{""metabolite_id"":""C00078""}",False
MetAgent-ReAct,compound_only_enrich_mammalian_RAMP_P_000000141_seed8,0,2,2,query_kegg_path,query_kegg_path,Pathway evidence,"{""compound_b"":""C03722"",""compound_a"":""C00078""}",False
MetAgent-ReAct,compound_only_enrich_mammalian_RAMP_P_000000141_seed8,0,3,3,query_kegg_path,query_kegg_path,Pathway evidence,"{""compound_a"":""C00078"",""compound_b"":""C00780""}",False
MetAgent-ReAct,compound_only_enrich_mammalian_RAMP_P_000000141_seed8,0,3,4,query_kegg_path,query_kegg_path,Pathway evidence,"{""compound_a"":""C00078"",""compound_b"":""C00632""}",False
MetAgent-ReAct,compound_only_enrich_mammalian_RAMP_P_000000141_seed8,0,4,5,query_pathway_membership,query_pathway_membership,Pathway evidence,"{""metabolite_id"":""C00780""}",False
MetAgent-ReAct,compound_only_enrich_mammalian_RAMP_P_000000141_seed8,0,4,6,query_pathway_membership,query_pathway_membership,Pathway evidence,"{""metabolite_id"":""C03722""}",False
MetAgent-ReAct,compound_only_enrich_mammalian_RAMP_P_000000398_seed0,0,1,0,query_ramp_enrichment,query_ramp_enrichment,Enrichment,"{""compound_kegg_ids"": [""C03758"", ""C05302"", ""C01697"", ""C00137"", ""C00189"", ""C01235"", ""C00221"", ""C05768"", ""C00089"", ""C00116"", ""C00751""], ""top_k"": 5}",False
MetAgent-ReAct,compound_only_enrich_mammalian_RAMP_P_000000398_seed0,0,2,1,query_pathway_membership,query_pathway_membership,Pathway evidence,"{""metabolite_id"":""C01697""}",False
MetAgent-ReAct,compound_only_enrich_mammalian_RAMP_P_000000398_seed0,0,3,2,query_pathway_membership,query_pathway_membership,Pathway evidence,"{""metabolite_id"":""C01235""}",False
MetAgent-ReAct,compound_only_enrich_mammalian_RAMP_P_000000398_seed0,0,4,3,query_kegg_path,query_kegg_path,Pathway evidence,"{""compound_a"":""C00221"",""compound_b"":""C01697"",""max_path_length"":6}",False
MetAgent-ReAct,compound_only_enrich_mammalian_RAMP_P_000000398_seed1,0,1,0,query_ramp_enrichment,query_ramp_enrichment,Enrichment,"{""compound_kegg_ids"":[""C01235"",""C00089"",""C01996"",""C00137"",""C01697"",""C00116"",""C19586""],""top_k"":5}",False
MetAgent-ReAct,compound_only_enrich_mammalian_RAMP_P_000000398_seed1,0,2,1,query_pathway_membership,query_pathway_membership,Pathway evidence,"{""metabolite_id"":""C00089""}",False
MetAgent-ReAct,compound_only_enrich_mammalian_RAMP_P_000000398_seed1,0,2,2,query_pathway_membership,query_pathway_membership,Pathway evidence,"{""metabolite_id"":""C01235""}",False
MetAgent-ReAct,compound_only_enrich_mammalian_RAMP_P_000000398_seed1,0,2,3,query_pathway_membership,query_pathway_membership,Pathway evidence,"{""metabolite_id"":""C01697""}",False
MetAgent-ReAct,compound_only_enrich_mammalian_RAMP_P_000000398_seed1,0,3,4,query_kegg_path,query_kegg_path,Pathway evidence,"{""compound_a"":""C01235"",""compound_b"":""C00089""}",False
MetAgent-ReAct,compound_only_enrich_mammalian_RAMP_P_000000398_seed1,0,3,5,query_kegg_path,query_kegg_path,Pathway evidence,"{""compound_a"":""C01235"",""compound_b"":""C01697""}",False
MetAgent-ReAct,compound_only_enrich_mammalian_RAMP_P_000000398_seed2,0,1,0,query_ramp_enrichment,query_ramp_enrichment,Enrichment,"{""compound_kegg_ids"": [""C01697"", ""C00137"", ""C00089"", ""C01235"", ""C02845"", ""C07034"", ""C00116"", ""C00109"", ""C00114"", ""C00346""], ""top_k"": 5}",False
MetAgent-ReAct,compound_only_enrich_mammalian_RAMP_P_000000398_seed2,0,2,1,query_pathway_membership,query_pathway_membership,Pathway evidence,"{""metabolite_id"": ""C01697"", ""max_pathways"": 3}",False
MetAgent-ReAct,compound_only_enrich_mammalian_RAMP_P_000000398_seed2,0,2,2,query_pathway_membership,query_pathway_membership,Pathway evidence,"{""metabolite_id"": ""C00089"", ""max_pathways"": 3}",False
MetAgent-ReAct,compound_only_enrich_mammalian_RAMP_P_000000398_seed2,0,2,3,query_pathway_membership,query_pathway_membership,Pathway evidence,"{""metabolite_id"": ""C00137"", ""max_pathways"": 3}",False
MetAgent-ReAct,compound_only_enrich_mammalian_RAMP_P_000000398_seed2,0,2,4,query_kegg_path,query_kegg_path,Pathway evidence,"{""compound_a"": ""C00089"", ""compound_b"": ""C01697"", ""max_path_length"": 6}",False
MetAgent-ReAct,compound_only_enrich_mammalian_RAMP_P_000000398_seed3,0,1,0,query_ramp_enrichment,query_ramp_enrichment,Enrichment,"{""compound_kegg_ids"": [""C00089"", ""C00448"", ""C00137"", ""C00116"", ""C00438"", ""C00221"", ""C20319"", ""C01235"", ""C06804"", ""C01697"", ""C01405""], ""top_k"": 10}",False
MetAgent-ReAct,compound_only_enrich_mammalian_RAMP_P_000000398_seed3,0,2,1,query_pathway_membership,query_pathway_membership,Pathway evidence,"{""metabolite_id"": ""C00089""}",False
MetAgent-ReAct,compound_only_enrich_mammalian_RAMP_P_000000398_seed3,0,2,2,query_pathway_membership,query_pathway_membership,Pathway evidence,"{""metabolite_id"": ""C00221""}",False
MetAgent-ReAct,compound_only_enrich_mammalian_RAMP_P_000000398_seed3,0,2,3,query_pathway_membership,query_pathway_membership,Pathway evidence,"{""metabolite_id"": ""C01697""}",False
MetAgent-ReAct,compound_only_enrich_mammalian_RAMP_P_000000398_seed3,0,2,4,query_pathway_membership,query_pathway_membership,Pathway evidence,"{""metabolite_id"": ""C01235""}",False
MetAgent-ReAct,compound_only_enrich_mammalian_RAMP_P_000000398_seed3,0,2,5,query_pathway_membership,query_pathway_membership,Pathway evidence,"{""metabolite_id"": ""C00137""}",False
MetAgent-ReAct,compound_only_enrich_mammalian_RAMP_P_000000398_seed3,0,2,6,query_pathway_membership,query_pathway_membership,Pathway evidence,"{""metabolite_id"": ""C00116""}",False
MetAgent-ReAct,compound_only_enrich_mammalian_RAMP_P_000000398_seed3,0,3,7,query_kegg_path,query_kegg_path,Pathway evidence,"{""compound_a"": ""C00668"", ""compound_b"": ""C00221""}",False
MetAgent-ReAct,compound_only_enrich_mammalian_RAMP_P_000000398_seed4,0,1,0,query_ramp_enrichment,query_ramp_enrichment,Enrichment,"{""compound_kegg_ids"": [""C04076"", ""C00735"", ""C00089"", ""C00099"", ""C14778"", ""C01697"", ""C00221"", ""C00137"", ""C16459"", ""C01235""], ""top_k"": 5}",False
MetAgent-ReAct,compound_only_enrich_mammalian_RAMP_P_000000398_seed4,0,2,1,query_pathway_membership,query_pathway_membership,Pathway evidence,"{""metabolite_id"": ""C00089"", ""max_pathways"": 3}",False
MetAgent-ReAct,compound_only_enrich_mammalian_RAMP_P_000000398_seed4,0,2,2,query_pathway_membership,query_pathway_membership,Pathway evidence,"{""metabolite_id"": ""C01697"", ""max_pathways"": 3}",False
MetAgent-ReAct,compound_only_enrich_mammalian_RAMP_P_000000398_seed4,0,2,3,query_pathway_membership,query_pathway_membership,Pathway evidence,"{""metabolite_id"": ""C01235"", ""max_pathways"": 3}",False
MetAgent-ReAct,compound_only_enrich_mammalian_RAMP_P_000000398_seed4,0,3,4,query_kegg_path,query_kegg_path,Pathway evidence,"{""compound_a"": ""C00089"", ""compound_b"": ""C01697"", ""max_path_length"": 6}",False
MetAgent-ReAct,compound_only_enrich_mammalian_RAMP_P_000000398_seed4,0,4,5,query_pathway_membership,query_pathway_membership,Pathway evidence,"{""metabolite_id"": ""C00221"", ""max_pathways"": 3}",False
MetAgent-ReAct,compound_only_enrich_mammalian_RAMP_P_000000398_seed5,0,1,0,query_ramp_enrichment,query_ramp_enrichment,Enrichment,"{""compound_kegg_ids"": [""C14823"", ""C01235"", ""C00089"", ""C00137"", ""C03758"", ""C00221"", ""C00116""], ""top_k"": 5}",False
MetAgent-ReAct,compound_only_enrich_mammalian_RAMP_P_000000398_seed5,0,2,1,query_pathway_membership,query_pathway_membership,Pathway evidence,"{""metabolite_id"": ""C01235"", ""co_observed_ids"": [""C00089"", ""C00137"", ""C00221"", ""C00116""], ""max_pathways"": 5}",False
MetAgent-ReAct,compound_only_enrich_mammalian_RAMP_P_000000398_seed5,0,2,2,query_pathway_membership,query_pathway_membership,Pathway evidence,"{""metabolite_id"": ""C00089"", ""co_observed_ids"": [""C01235"", ""C00137"", ""C00221"", ""C00116""], ""max_pathways"": 5}",False
MetAgent-ReAct,compound_only_enrich_mammalian_RAMP_P_000000398_seed5,0,3,3,query_kegg_path,query_kegg_path,Pathway evidence,"{""compound_a"": ""C00221"", ""compound_b"": ""C01235"", ""max_path_length"": 6}",False
MetAgent-ReAct,compound_only_enrich_mammalian_RAMP_P_000000398_seed5,0,3,4,query_kegg_path,query_kegg_path,Pathway evidence,"{""compound_a"": ""C00137"", ""compound_b"": ""C01235"", ""max_path_length"": 6}",False
MetAgent-ReAct,compound_only_enrich_mammalian_RAMP_P_000000398_seed5,0,4,5,lookup_compound_info,lookup_compound_info,Compound lookup,"{""identifier"": ""C14823"", ""id_type"": ""kegg""}",False
MetAgent-ReAct,compound_only_enrich_mammalian_RAMP_P_000000398_seed6,0,1,0,query_ramp_enrichment,query_ramp_enrichment,Enrichment,"{""compound_kegg_ids"":[""C00097"",""C00137"",""C00021"",""C00122"",""C14768"",""C00089"",""C00221"",""C01697"",""C01235"",""C00116""],""top_k"":5}",False
MetAgent-ReAct,compound_only_enrich_mammalian_RAMP_P_000000398_seed6,0,2,1,query_pathway_membership,query_pathway_membership,Pathway evidence,"{""max_pathways"":5,""metabolite_id"":""C00137"",""co_observed_ids"":[""C00137"",""C00089"",""C00221"",""C01697"",""C01235"",""C00116""]}",False
MetAgent-ReAct,compound_only_enrich_mammalian_RAMP_P_000000398_seed6,0,2,2,query_pathway_membership,query_pathway_membership,Pathway evidence,"{""co_observed_ids"":[""C00137"",""C00089"",""C00221"",""C01697"",""C01235"",""C00116""],""max_pathways"":5,""metabolite_id"":""C01697""}",False
MetAgent-ReAct,compound_only_enrich_mammalian_RAMP_P_000000398_seed6,0,3,3,query_kegg_path,query_kegg_path,Pathway evidence,"{""compound_a"":""C00221"",""compound_b"":""C00137"",""max_path_length"":6}",False
MetAgent-ReAct,compound_only_enrich_mammalian_RAMP_P_000000398_seed7,0,1,0,query_ramp_enrichment,query_ramp_enrichment,Enrichment,"{""compound_kegg_ids"":[""C00221"",""C00137"",""C00089"",""C01697"",""C02989"",""C01405"",""C00116"",""C04076"",""C01235""],""top_k"":5}",False
MetAgent-ReAct,compound_only_enrich_mammalian_RAMP_P_000000398_seed7,0,2,1,query_pathway_membership,query_pathway_membership,Pathway evidence,"{""metabolite_id"":""C00089""}",False
MetAgent-ReAct,compound_only_enrich_mammalian_RAMP_P_000000398_seed7,0,2,2,query_pathway_membership,query_pathway_membership,Pathway evidence,"{""metabolite_id"":""C00137""}",False
MetAgent-ReAct,compound_only_enrich_mammalian_RAMP_P_000000398_seed7,0,2,3,query_pathway_membership,query_pathway_membership,Pathway evidence,"{""metabolite_id"":""C01697""}",False
MetAgent-ReAct,compound_only_enrich_mammalian_RAMP_P_000000398_seed7,0,2,4,query_kegg_path,query_kegg_path,Pathway evidence,"{""compound_a"":""C00089"",""compound_b"":""C00221""}",False
MetAgent-ReAct,compound_only_enrich_mammalian_RAMP_P_000000398_seed7,0,3,5,query_pathway_membership,query_pathway_membership,Pathway evidence,"{""metabolite_id"":""C02989""}",False
MetAgent-ReAct,compound_only_enrich_mammalian_RAMP_P_000000398_seed7,0,3,6,query_pathway_membership,query_pathway_membership,Pathway evidence,"{""metabolite_id"":""C01405""}",False
MetAgent-ReAct,compound_only_enrich_mammalian_RAMP_P_000000398_seed8,0,1,0,query_ramp_enrichment,query_ramp_enrichment,Enrichment,"{""compound_kegg_ids"":[""C04281"",""C07450"",""C00221"",""C01697"",""C01235"",""C00116"",""C07086"",""C00137"",""C07190"",""C00089""],""top_k"":5}",False
MetAgent-ReAct,compound_only_enrich_mammalian_RAMP_P_000000398_seed8,0,2,1,query_pathway_membership,query_pathway_membership,Pathway evidence,"{""max_pathways"":5,""metabolite_id"":""C00221""}",False
MetAgent-ReAct,compound_only_enrich_mammalian_RAMP_P_000000398_seed8,0,2,2,query_pathway_membership,query_pathway_membership,Pathway evidence,"{""max_pathways"":5,""metabolite_id"":""C00089""}",False
MetAgent-ReAct,compound_only_enrich_mammalian_RAMP_P_000000398_seed8,0,3,3,query_kegg_path,query_kegg_path,Pathway evidence,"{""compound_a"":""C00089"",""compound_b"":""C00221"",""max_path_length"":4}",False
MetAgent-ReAct,compound_only_enrich_mammalian_RAMP_P_000000398_seed8,0,3,4,query_kegg_path,query_kegg_path,Pathway evidence,"{""compound_a"":""C00089"",""compound_b"":""C01697"",""max_path_length"":4}",False
MetAgent-ReAct,compound_only_enrich_mammalian_RAMP_P_000000398_seed9,0,1,0,query_ramp_enrichment,query_ramp_enrichment,Enrichment,"{""compound_kegg_ids"": [""C01094"", ""C00089"", ""C00881"", ""C00137"", ""C01235"", ""C00116"", ""C00221""], ""top_k"": 5}",False
MetAgent-ReAct,compound_only_enrich_mammalian_RAMP_P_000000398_seed9,0,2,1,query_pathway_membership,query_pathway_membership,Pathway evidence,"{""metabolite_id"": ""C01235"", ""co_observed_ids"": [""C00089"", ""C00137"", ""C00116"", ""C00221""], ""max_pathways"": 5}",False
MetAgent-ReAct,compound_only_enrich_mammalian_RAMP_P_000000398_seed9,0,2,2,query_pathway_membership,query_pathway_membership,Pathway evidence,"{""metabolite_id"": ""C00089"", ""co_observed_ids"": [""C01235"", ""C00137"", ""C00116"", ""C00221""], ""max_pathways"": 5}",False
MetAgent-ReAct,compound_only_enrich_mammalian_RAMP_P_000000398_seed9,0,3,3,query_kegg_path,query_kegg_path,Pathway evidence,"{""compound_a"": ""C00221"", ""compound_b"": ""C00089"", ""max_path_length"": 4}",False
MetAgent-ReAct,compound_only_enrich_mammalian_RAMP_P_000000398_seed9,0,3,4,query_kegg_path,query_kegg_path,Pathway evidence,"{""compound_a"": ""C00089"", ""compound_b"": ""C01235"", ""max_path_length"": 4}",False
MetAgent-ReAct,compound_only_enrich_mammalian_RAMP_P_000000421_seed1,0,1,0,query_ramp_enrichment,query_ramp_enrichment,Enrichment,"{""compound_kegg_ids"": [""C01541"", ""C00951"", ""C04043"", ""C00280"", ""C00468"", ""C01227"", ""C03917"", ""C00535""], ""top_k"": 5}",False
MetAgent-ReAct,compound_only_enrich_mammalian_RAMP_P_000000421_seed1,0,2,1,query_pathway_membership,query_pathway_membership,Pathway evidence,"{""metabolite_id"": ""C01227"", ""co_observed_ids"": [""C00280"", ""C00468"", ""C00535"", ""C00951"", ""C03917""], ""max_pathways"": 3}",False
MetAgent-ReAct,compound_only_enrich_mammalian_RAMP_P_000000421_seed1,0,2,2,query_pathway_membership,query_pathway_membership,Pathway evidence,"{""metabolite_id"": ""C00280"", ""co_observed_ids"": [""C01227"", ""C00468"", ""C00535"", ""C00951"", ""C03917""], ""max_pathways"": 3}",False
MetAgent-ReAct,compound_only_enrich_mammalian_RAMP_P_000000421_seed1,0,2,3,query_kegg_path,query_kegg_path,Pathway evidence,"{""compound_a"": ""C01227"", ""compound_b"": ""C00280""}",False
MetAgent-ReAct,compound_only_enrich_mammalian_RAMP_P_000000421_seed2,0,1,0,query_ramp_enrichment,query_ramp_enrichment,Enrichment,"{""compound_kegg_ids"": [""C02198"", ""C03917"", ""C03722"", ""C06967"", ""C05422"", ""C01127"", ""C00535"", ""C00951"", ""C00280"", ""C01227""], ""top_k"": 10}",False
MetAgent-ReAct,compound_only_enrich_mammalian_RAMP_P_000000421_seed2,0,2,1,query_pathway_membership,query_pathway_membership,Pathway evidence,"{""metabolite_id"": ""C01227"", ""co_observed_ids"": [""C03917"", ""C00535"", ""C00951"", ""C00280"", ""C02198""]}",False
MetAgent-ReAct,compound_only_enrich_mammalian_RAMP_P_000000421_seed2,0,2,2,query_kegg_path,query_kegg_path,Pathway evidence,"{""compound_a"": ""C01227"", ""compound_b"": ""C00535"", ""max_path_length"": 6}",False
MetAgent-ReAct,compound_only_enrich_mammalian_RAMP_P_000000421_seed2,0,3,3,query_kegg_path,query_kegg_path,Pathway evidence,"{""compound_a"": ""C00535"", ""compound_b"": ""C00951"", ""max_path_length"": 6}",False
MetAgent-ReAct,compound_only_enrich_mammalian_RAMP_P_000000421_seed2,0,3,4,query_pathway_membership,query_pathway_membership,Pathway evidence,"{""metabolite_id"": ""C03722""}",False
MetAgent-ReAct,compound_only_enrich_mammalian_RAMP_P_000000421_seed2,0,4,5,query_kegg_path,query_kegg_path,Pathway evidence,"{""compound_a"": ""C00280"", ""compound_b"": ""C00535"", ""max_path_length"": 6}",False
MetAgent-ReAct,compound_only_enrich_mammalian_RAMP_P_000000421_seed3,0,1,0,query_ramp_enrichment,query_ramp_enrichment,Enrichment,"{""compound_kegg_ids"":[""C01074"",""C00468"",""C01227"",""C00535"",""C00951"",""C00581"",""C03917""],""top_k"":5}",False
MetAgent-ReAct,compound_only_enrich_mammalian_RAMP_P_000000421_seed3,0,2,1,query_pathway_membership,query_pathway_membership,Pathway evidence,"{""metabolite_id"":""C01227""}",False
MetAgent-ReAct,compound_only_enrich_mammalian_RAMP_P_000000421_seed3,0,2,2,query_kegg_path,query_kegg_path,Pathway evidence,"{""compound_a"":""C01227"",""compound_b"":""C00535""}",False
MetAgent-ReAct,compound_only_enrich_mammalian_RAMP_P_000000421_seed3,0,3,3,query_kegg_path,query_kegg_path,Pathway evidence,"{""compound_a"":""C01227"",""compound_b"":""C00951""}",False
MetAgent-ReAct,compound_only_enrich_mammalian_RAMP_P_000000421_seed3,0,3,4,query_pathway_membership,query_pathway_membership,Pathway evidence,"{""metabolite_id"":""C00581""}",False
MetAgent-ReAct,compound_only_enrich_mammalian_RAMP_P_000000421_seed4,0,1,0,query_ramp_enrichment,query_ramp_enrichment,Enrichment,"{""compound_kegg_ids"": [""C00951"", ""C00280"", ""C00468"", ""C01074"", ""C05851"", ""C03917"", ""C00385"", ""C00928"", ""C00535"", ""C01227""], ""top_k"": 5}",False
MetAgent-ReAct,compound_only_enrich_mammalian_RAMP_P_000000421_seed4,0,2,1,query_pathway_membership,query_pathway_membership,Pathway evidence,"{""metabolite_id"": ""C01227"", ""max_pathways"": 5}",False
MetAgent-ReAct,compound_only_enrich_mammalian_RAMP_P_000000421_seed4,0,2,2,query_pathway_membership,query_pathway_membership,Pathway evidence,"{""metabolite_id"": ""C00280"", ""max_pathways"": 5}",False
MetAgent-ReAct,compound_only_enrich_mammalian_RAMP_P_000000421_seed4,0,2,3,query_pathway_membership,query_pathway_membership,Pathway evidence,"{""metabolite_id"": ""C00535"", ""max_pathways"": 5}",False
MetAgent-ReAct,compound_only_enrich_mammalian_RAMP_P_000000421_seed4,0,3,4,query_kegg_path,query_kegg_path,Pathway evidence,"{""compound_a"": ""C01227"", ""compound_b"": ""C00535""}",False
MetAgent-ReAct,compound_only_enrich_mammalian_RAMP_P_000000421_seed5,0,1,0,query_ramp_enrichment,query_ramp_enrichment,Enrichment,"{""compound_kegg_ids"": [""C00272"", ""C00535"", ""C00951"", ""C00468"", ""C03917"", ""C00315"", ""C00021"", ""C01227""], ""top_k"": 5}",False
MetAgent-ReAct,compound_only_enrich_mammalian_RAMP_P_000000421_seed5,0,2,1,query_pathway_membership,query_pathway_membership,Pathway evidence,"{""metabolite_id"": ""C00535"", ""max_pathways"": 5}",False
MetAgent-ReAct,compound_only_enrich_mammalian_RAMP_P_000000421_seed5,0,2,2,query_pathway_membership,query_pathway_membership,Pathway evidence,"{""metabolite_id"": ""C01227"", ""max_pathways"": 5}",False
MetAgent-ReAct,compound_only_enrich_mammalian_RAMP_P_000000421_seed5,0,3,3,query_pathway_membership,query_pathway_membership,Pathway evidence,"{""metabolite_id"": ""C00951"", ""max_pathways"": 5}",False
MetAgent-ReAct,compound_only_enrich_mammalian_RAMP_P_000000421_seed5,0,3,4,query_pathway_membership,query_pathway_membership,Pathway evidence,"{""metabolite_id"": ""C00468"", ""max_pathways"": 5}",False
MetAgent-ReAct,compound_only_enrich_mammalian_RAMP_P_000000421_seed5,0,4,5,query_kegg_path,query_kegg_path,Pathway evidence,"{""compound_b"":""C00535"",""max_path_length"":4,""compound_a"":""C01227""}",False
MetAgent-ReAct,compound_only_enrich_mammalian_RAMP_P_000000421_seed5,0,4,6,query_kegg_path,query_kegg_path,Pathway evidence,"{""compound_a"":""C00535"",""compound_b"":""C03917"",""max_path_length"":4}",False
MetAgent-ReAct,compound_only_enrich_mammalian_RAMP_P_000000421_seed5,0,4,7,query_kegg_path,query_kegg_path,Pathway evidence,"{""compound_a"":""C01227"",""compound_b"":""C00468"",""max_path_length"":4}",False
MetAgent-ReAct,compound_only_enrich_mammalian_RAMP_P_000000421_seed6,0,1,0,query_ramp_enrichment,query_ramp_enrichment,Enrichment,"{""compound_kegg_ids"": [""C03917"", ""C00280"", ""C01227"", ""C02845"", ""C00535"", ""C01531"", ""C00951""], ""top_k"": 5}",False
MetAgent-ReAct,compound_only_enrich_mammalian_RAMP_P_000000421_seed6,0,2,1,query_pathway_membership,query_pathway_membership,Pathway evidence,"{""metabolite_id"": ""C03917"", ""max_pathways"": 5}",False
MetAgent-ReAct,compound_only_enrich_mammalian_RAMP_P_000000421_seed6,0,2,2,query_pathway_membership,query_pathway_membership,Pathway evidence,"{""metabolite_id"": ""C00280"", ""max_pathways"": 5}",False
MetAgent-ReAct,compound_only_enrich_mammalian_RAMP_P_000000421_seed6,0,2,3,query_pathway_membership,query_pathway_membership,Pathway evidence,"{""metabolite_id"": ""C01227"", ""max_pathways"": 5}",False
MetAgent-ReAct,compound_only_enrich_mammalian_RAMP_P_000000421_seed6,0,3,4,query_kegg_path,query_kegg_path,Pathway evidence,"{""compound_a"": ""C01227"", ""compound_b"": ""C00280""}",False
MetAgent-ReAct,compound_only_enrich_mammalian_RAMP_P_000000421_seed6,0,3,5,query_kegg_path,query_kegg_path,Pathway evidence,"{""compound_a"": ""C00280"", ""compound_b"": ""C00535""}",False
MetAgent-ReAct,compound_only_enrich_mammalian_RAMP_P_000000421_seed6,0,3,6,query_kegg_path,query_kegg_path,Pathway evidence,"{""compound_a"": ""C00535"", ""compound_b"": ""C03917""}",False
MetAgent-ReAct,compound_only_enrich_mammalian_RAMP_P_000000421_seed6,0,3,7,query_kegg_path,query_kegg_path,Pathway evidence,"{""compound_a"": ""C00280"", ""compound_b"": ""C00951""}",False
MetAgent-ReAct,compound_only_enrich_mammalian_RAMP_P_000000421_seed8,0,1,0,query_ramp_enrichment,query_ramp_enrichment,Enrichment,"{""compound_kegg_ids"":[""C07481"",""C01227"",""C05768"",""C00951"",""C00535"",""C00468"",""C20319"",""C05947"",""C00089"",""C00280"",""C03917""],""top_k"":5}",False
MetAgent-ReAct,compound_only_enrich_mammalian_RAMP_P_000000421_seed8,0,2,1,query_pathway_membership,query_pathway_membership,Pathway evidence,"{""metabolite_id"":""C00535""}",False
MetAgent-ReAct,compound_only_enrich_mammalian_RAMP_P_000000421_seed8,0,2,2,query_pathway_membership,query_pathway_membership,Pathway evidence,"{""metabolite_id"":""C00280""}",False
MetAgent-ReAct,compound_only_enrich_mammalian_RAMP_P_000000421_seed8,0,2,3,query_pathway_membership,query_pathway_membership,Pathway evidence,"{""metabolite_id"":""C03917""}",False
MetAgent-ReAct,compound_only_enrich_mammalian_RAMP_P_000000421_seed8,0,3,4,query_kegg_path,query_kegg_path,Pathway evidence,"{""compound_a"":""C00280"",""compound_b"":""C00535""}",False
MetAgent-ReAct,compound_only_enrich_mammalian_RAMP_P_000025682_seed2,0,1,0,query_ramp_enrichment,query_ramp_enrichment,Enrichment,"{""compound_kegg_ids"": [""C13563"", ""C16677"", ""C14823"", ""C07130"", ""C14778"", ""C14749"", ""C00015"", ""C00019"", ""C02198"", ""C14782""], ""top_k"": 5}",False
MetAgent-ReAct,compound_only_enrich_mammalian_RAMP_P_000025682_seed2,0,2,1,query_pathway_membership,query_pathway_membership,Pathway evidence,"{""metabolite_id"": ""C14823"", ""max_pathways"": 5}",False
MetAgent-ReAct,compound_only_enrich_mammalian_RAMP_P_000025682_seed2,0,2,2,query_pathway_membership,query_pathway_membership,Pathway evidence,"{""metabolite_id"": ""C14782"", ""max_pathways"": 5}",False
MetAgent-ReAct,compound_only_enrich_mammalian_RAMP_P_000025682_seed2,0,3,3,query_kegg_path,query_kegg_path,Pathway evidence,"{""compound_a"": ""C14823"", ""compound_b"": ""C02198"", ""max_path_length"": 6}",False
MetAgent-ReAct,compound_only_enrich_mammalian_RAMP_P_000025682_seed2,0,4,4,query_pathway_membership,query_pathway_membership,Pathway evidence,"{""metabolite_id"": ""C02198"", ""max_pathways"": 3}",False
MetAgent-ReAct,compound_only_enrich_mammalian_RAMP_P_000050021_seed0,0,1,0,query_ramp_enrichment,query_ramp_enrichment,Enrichment,"{""compound_kegg_ids"": [""C00097"", ""C01324"", ""C05851"", ""C14853"", ""C20319"", ""C07190"", ""C00632"", ""C02953"", ""C00928""], ""top_k"": 5}",False
MetAgent-ReAct,compound_only_enrich_mammalian_RAMP_P_000050021_seed0,0,2,1,query_pathway_membership,query_pathway_membership,Pathway evidence,"{""metabolite_id"": ""C00097"", ""max_pathways"": 5}",False
MetAgent-ReAct,compound_only_enrich_mammalian_RAMP_P_000050021_seed0,0,2,2,query_pathway_membership,query_pathway_membership,Pathway evidence,"{""metabolite_id"": ""C14853"", ""max_pathways"": 5}",False
MetAgent-ReAct,compound_only_enrich_mammalian_RAMP_P_000050021_seed0,0,2,3,query_pathway_membership,query_pathway_membership,Pathway evidence,"{""metabolite_id"": ""C05851"", ""max_pathways"": 5}",False
MetAgent-ReAct,compound_only_enrich_mammalian_RAMP_P_000050021_seed0,0,3,4,query_pathway_membership,query_pathway_membership,Pathway evidence,"{""max_pathways"":5,""metabolite_id"":""C00632""}",False
MetAgent-ReAct,compound_only_enrich_mammalian_RAMP_P_000050021_seed0,0,3,5,query_pathway_membership,query_pathway_membership,Pathway evidence,"{""max_pathways"":5,""metabolite_id"":""C07190""}",False
MetAgent-ReAct,compound_only_enrich_mammalian_RAMP_P_000050021_seed0,0,4,6,query_kegg_path,query_kegg_path,Pathway evidence,"{""compound_a"":""C00097"",""compound_b"":""C14853""}",False
MetAgent-ReAct,compound_only_enrich_mammalian_RAMP_P_000050021_seed0,0,4,7,query_kegg_path,query_kegg_path,Pathway evidence,"{""compound_a"":""C00632"",""compound_b"":""C02953""}",False
MetAgent-ReAct,compound_only_enrich_mammalian_RAMP_P_000050021_seed0,0,5,8,query_kegg_path,query_kegg_path,Pathway evidence,"{""compound_a"":""C00097"",""compound_b"":""C00051""}",False
MetAgent-ReAct,compound_only_enrich_mammalian_RAMP_P_000050021_seed0,0,5,9,query_kegg_path,query_kegg_path,Pathway evidence,"{""compound_a"":""C00051"",""compound_b"":""C14853""}",False
MetAgent-ReAct,compound_only_enrich_mammalian_RAMP_P_000050021_seed1,0,1,0,query_ramp_enrichment,query_ramp_enrichment,Enrichment,"{""compound_kegg_ids"": [""C20319"", ""C14853"", ""C05851"", ""C07190"", ""C00013"", ""C00366"", ""C01324"", ""C00928"", ""C00187"", ""C00847""], ""top_k"": 5}",False
MetAgent-ReAct,compound_only_enrich_mammalian_RAMP_P_000050021_seed1,0,2,1,query_pathway_membership,query_pathway_membership,Pathway evidence,"{""metabolite_id"": ""C14853"", ""co_observed_ids"": [""C20319"", ""C05851"", ""C07190"", ""C00013"", ""C01324"", ""C00928"", ""C00187"", ""C00847""], ""max_pathways"": 5}",False
MetAgent-ReAct,compound_only_enrich_mammalian_RAMP_P_000050021_seed1,0,2,2,query_pathway_membership,query_pathway_membership,Pathway evidence,"{""metabolite_id"": ""C07190"", ""co_observed_ids"": [""C20319"", ""C14853"", ""C05851"", ""C00013"", ""C01324"", ""C00928"", ""C00187"", ""C00847""], ""max_pathways"": 5}",False
MetAgent-ReAct,compound_only_enrich_mammalian_RAMP_P_000050021_seed1,0,3,3,query_kegg_path,query_kegg_path,Pathway evidence,"{""compound_a"": ""C14853"", ""compound_b"": ""C20319"", ""max_path_length"": 6}",False
MetAgent-ReAct,compound_only_enrich_mammalian_RAMP_P_000050021_seed1,0,3,4,query_kegg_path,query_kegg_path,Pathway evidence,"{""compound_a"": ""C20319"", ""compound_b"": ""C14853"", ""max_path_length"": 6}",False
MetAgent-ReAct,compound_only_enrich_mammalian_RAMP_P_000050021_seed1,0,4,5,query_pathway_membership,query_pathway_membership,Pathway evidence,"{""metabolite_id"": ""C05851"", ""co_observed_ids"": [""C20319"", ""C14853"", ""C07190"", ""C00013"", ""C01324"", ""C00928"", ""C00187"", ""C00847""], ""max_pathways"": 5}",False
MetAgent-ReAct,compound_only_enrich_mammalian_RAMP_P_000050021_seed2,0,1,0,query_ramp_enrichment,query_ramp_enrichment,Enrichment,"{""compound_kegg_ids"": [""C00519"", ""C20319"", ""C14853"", ""C05851"", ""C05665"", ""C07190"", ""C01324"", ""C16614"", ""C00928"", ""C00051""], ""top_k"": 5}",False
MetAgent-ReAct,compound_only_enrich_mammalian_RAMP_P_000050021_seed2,0,2,1,query_pathway_membership,query_pathway_membership,Pathway evidence,"{""metabolite_id"": ""C00051""}",False
MetAgent-ReAct,compound_only_enrich_mammalian_RAMP_P_000050021_seed2,0,2,2,query_pathway_membership,query_pathway_membership,Pathway evidence,"{""metabolite_id"": ""C00519""}",False
MetAgent-ReAct,compound_only_enrich_mammalian_RAMP_P_000050021_seed2,0,2,3,query_pathway_membership,query_pathway_membership,Pathway evidence,"{""metabolite_id"": ""C00928""}",False
MetAgent-ReAct,compound_only_enrich_mammalian_RAMP_P_000050021_seed2,0,3,4,query_kegg_path,query_kegg_path,Pathway evidence,"{""compound_a"": ""C00051"", ""compound_b"": ""C00519"", ""max_path_length"": 6}",False
MetAgent-ReAct,compound_only_enrich_mammalian_RAMP_P_000050021_seed2,0,3,5,query_kegg_path,query_kegg_path,Pathway evidence,"{""compound_a"": ""C00051"", ""compound_b"": ""C14853"", ""max_path_length"": 6}",False
MetAgent-ReAct,compound_only_enrich_mammalian_RAMP_P_000050021_seed3,0,1,0,query_ramp_enrichment,query_ramp_enrichment,Enrichment,"{""compound_kegg_ids"":[""C01324"",""C00221"",""C07190"",""C14853"",""C00928"",""C20319"",""C02198"",""C01529""],""top_k"":5}",False
MetAgent-ReAct,compound_only_enrich_mammalian_RAMP_P_000050021_seed3,0,2,1,query_pathway_membership,query_pathway_membership,Pathway evidence,"{""metabolite_id"":""C07190""}",False
MetAgent-ReAct,compound_only_enrich_mammalian_RAMP_P_000050021_seed3,0,2,2,query_pathway_membership,query_pathway_membership,Pathway evidence,"{""metabolite_id"":""C14853""}",False
MetAgent-ReAct,compound_only_enrich_mammalian_RAMP_P_000050021_seed3,0,2,3,query_pathway_membership,query_pathway_membership,Pathway evidence,"{""metabolite_id"":""C02198""}",False
MetAgent-ReAct,compound_only_enrich_mammalian_RAMP_P_000050021_seed3,0,2,4,query_pathway_membership,query_pathway_membership,Pathway evidence,"{""metabolite_id"":""C01529""}",False
MetAgent-ReAct,compound_only_enrich_mammalian_RAMP_P_000050021_seed3,0,3,5,query_kegg_path,query_kegg_path,Pathway evidence,"{""compound_b"":""C02198"",""compound_a"":""C07190""}",False
MetAgent-ReAct,compound_only_enrich_mammalian_RAMP_P_000050021_seed4,0,1,0,query_ramp_enrichment,query_ramp_enrichment,Enrichment,"{""compound_kegg_ids"":[""C00928"",""C14853"",""C07190"",""C00097"",""C05851"",""C20319"",""C15571"",""C01324""],""top_k"":10}",False
MetAgent-ReAct,compound_only_enrich_mammalian_RAMP_P_000050021_seed4,0,2,1,query_pathway_membership,query_pathway_membership,Pathway evidence,"{""max_pathways"":5,""metabolite_id"":""C00097""}",False
MetAgent-ReAct,compound_only_enrich_mammalian_RAMP_P_000050021_seed4,0,2,2,query_pathway_membership,query_pathway_membership,Pathway evidence,"{""max_pathways"":5,""metabolite_id"":""C14853""}",False
MetAgent-ReAct,compound_only_enrich_mammalian_RAMP_P_000050021_seed4,0,2,3,query_pathway_membership,query_pathway_membership,Pathway evidence,"{""max_pathways"":5,""metabolite_id"":""C07190""}",False
MetAgent-ReAct,compound_only_enrich_mammalian_RAMP_P_000050021_seed4,0,3,4,query_kegg_path,query_kegg_path,Pathway evidence,"{""compound_a"":""C00097"",""compound_b"":""C14853""}",False
MetAgent-ReAct,compound_only_enrich_mammalian_RAMP_P_000050021_seed4,0,3,5,query_kegg_path,query_kegg_path,Pathway evidence,"{""compound_a"":""C07190"",""compound_b"":""C05851""}",False
MetAgent-ReAct,compound_only_enrich_mammalian_RAMP_P_000050021_seed5,0,1,0,query_ramp_enrichment,query_ramp_enrichment,Enrichment,"{""compound_kegg_ids"": [""C14853"", ""C00429"", ""C01324"", ""C01045"", ""C00637"", ""C07190"", ""C05851"", ""C00928"", ""C04281"", ""C15571""], ""top_k"": 5}",False
MetAgent-ReAct,compound_only_enrich_mammalian_RAMP_P_000050021_seed5,0,2,1,query_pathway_membership,query_pathway_membership,Pathway evidence,"{""metabolite_id"": ""C14853"", ""max_pathways"": 5}",False
MetAgent-ReAct,compound_only_enrich_mammalian_RAMP_P_000050021_seed5,0,2,2,query_pathway_membership,query_pathway_membership,Pathway evidence,"{""metabolite_id"": ""C05851"", ""max_pathways"": 5}",False
MetAgent-ReAct,compound_only_enrich_mammalian_RAMP_P_000050021_seed5,0,2,3,query_pathway_membership,query_pathway_membership,Pathway evidence,"{""metabolite_id"": ""C07190"", ""max_pathways"": 5}",False
MetAgent-ReAct,compound_only_enrich_mammalian_RAMP_P_000050021_seed5,0,3,4,query_pathway_membership,query_pathway_membership,Pathway evidence,"{""metabolite_id"": ""C00928"", ""max_pathways"": 5}",False
MetAgent-ReAct,compound_only_enrich_mammalian_RAMP_P_000050021_seed5,0,3,5,query_pathway_membership,query_pathway_membership,Pathway evidence,"{""metabolite_id"": ""C00429"", ""max_pathways"": 5}",False
MetAgent-ReAct,compound_only_enrich_mammalian_RAMP_P_000050021_seed5,0,3,6,query_pathway_membership,query_pathway_membership,Pathway evidence,"{""metadge_id"": ""C01045"", ""max_pathways"": 5}",False
MetAgent-ReAct,compound_only_enrich_mammalian_RAMP_P_000050021_seed5,0,4,7,query_pathway_membership,query_pathway_membership,Pathway evidence,"{""metabolite_id"": ""C01045"", ""max_pathways"": 5}",False
MetAgent-ReAct,compound_only_enrich_mammalian_RAMP_P_000050021_seed5,0,5,8,query_kegg_path,query_kegg_path,Pathway evidence,"{""compound_a"": ""C14853"", ""compound_b"": ""C00928"", ""max_path_length"": 6}",False
MetAgent-ReAct,compound_only_enrich_mammalian_RAMP_P_000050021_seed5,0,5,9,query_kegg_path,query_kegg_path,Pathway evidence,"{""compound_a"": ""C00928"", ""compound_b"": ""C14853"", ""max_path_length"": 6}",False
MetAgent-ReAct,compound_only_enrich_mammalian_RAMP_P_000050021_seed6,0,1,0,query_ramp_enrichment,query_ramp_enrichment,Enrichment,"{""compound_kegg_ids"": [""C01324"", ""C14853"", ""C00864"", ""C05851"", ""C00051"", ""C07190"", ""C00928"", ""C01005"", ""C20319""], ""top_k"": 10}",False
MetAgent-ReAct,compound_only_enrich_mammalian_RAMP_P_000050021_seed6,0,2,1,query_pathway_membership,query_pathway_membership,Pathway evidence,"{""metabolite_id"": ""C14853"", ""max_pathways"": 5}",False
MetAgent-ReAct,compound_only_enrich_mammalian_RAMP_P_000050021_seed6,0,2,2,query_pathway_membership,query_pathway_membership,Pathway evidence,"{""metabolite_id"": ""C20319"", ""max_pathways"": 5}",False
MetAgent-ReAct,compound_only_enrich_mammalian_RAMP_P_000050021_seed6,0,2,3,query_pathway_membership,query_pathway_membership,Pathway evidence,"{""metabolite_id"": ""C00051"", ""max_pathways"": 5}",False
MetAgent-ReAct,compound_only_enrich_mammalian_RAMP_P_000050021_seed6,0,3,4,query_kegg_path,query_kegg_path,Pathway evidence,"{""compound_a"":""C00051"",""compound_b"":""C14853""}",False
MetAgent-ReAct,compound_only_enrich_mammalian_RAMP_P_000050021_seed6,0,4,5,query_kegg_path,query_kegg_path,Pathway evidence,"{""compound_a"":""C14853"",""compound_b"":""C00051""}",False
MetAgent-ReAct,compound_only_enrich_mammalian_RAMP_P_000050021_seed7,0,1,0,query_ramp_enrichment,query_ramp_enrichment,Enrichment,"{""compound_kegg_ids"": [""C05851"", ""C07190"", ""C14853"", ""C20319"", ""C00547"", ""C00909"", ""C00928"", ""C01324""], ""top_k"": 5}",False
MetAgent-ReAct,compound_only_enrich_mammalian_RAMP_P_000050021_seed7,0,2,1,query_pathway_membership,query_pathway_membership,Pathway evidence,"{""metabolite_id"": ""C05851"", ""co_observed_ids"": [""C07190"", ""C14853"", ""C20319"", ""C01324""]}",False
MetAgent-ReAct,compound_only_enrich_mammalian_RAMP_P_000050021_seed7,0,2,2,query_pathway_membership,query_pathway_membership,Pathway evidence,"{""metabolite_id"": ""C07190"", ""co_observed_ids"": [""C05851"", ""C14853"", ""C20319"", ""C01324""]}",False
MetAgent-ReAct,compound_only_enrich_mammalian_RAMP_P_000050021_seed7,0,2,3,query_pathway_membership,query_pathway_membership,Pathway evidence,"{""metabolite_id"": ""C20319"", ""co_observed_ids"": [""C05851"", ""C07190"", ""C14853"", ""C01324""]}",False
MetAgent-ReAct,compound_only_enrich_mammalian_RAMP_P_000050021_seed7,0,2,4,query_pathway_membership,query_pathway_membership,Pathway evidence,"{""metabolite_id"": ""C14853"", ""co_observed_ids"": [""C05851"", ""C07190"", ""C20319"", ""C01324""]}",False
MetAgent-ReAct,compound_only_enrich_mammalian_RAMP_P_000050021_seed7,0,3,5,query_kegg_path,query_kegg_path,Pathway evidence,"{""compound_a"": ""C07569"", ""compound_b"": ""C14853"", ""max_path_length"": 6}",False
MetAgent-ReAct,compound_only_enrich_mammalian_RAMP_P_000050021_seed8,0,1,0,query_ramp_enrichment,query_ramp_enrichment,Enrichment,"{""compound_kegg_ids"":[""C07310"",""C20319"",""C14853"",""C05851"",""C14748"",""C00928"",""C00134"",""C00112"",""C01324""],""top_k"":5}",False
MetAgent-ReAct,compound_only_enrich_mammalian_RAMP_P_000050021_seed8,0,2,1,query_pathway_membership,query_pathway_membership,Pathway evidence,"{""co_observed_ids"":[""C07310"",""C20319"",""C14853"",""C05851"",""C14748"",""C00928"",""C00134"",""C00112"",""C01324""],""metabolite_id"":""C20319""}",False
MetAgent-ReAct,compound_only_enrich_mammalian_RAMP_P_000050021_seed8,0,2,2,query_pathway_membership,query_pathway_membership,Pathway evidence,"{""co_observed_ids"":[""C07310"",""C20319"",""C14853"",""C05851"",""C14748"",""C00928"",""C00134"",""C00112"",""C01324""],""metabolite_id"":""C05851""}",False
MetAgent-ReAct,compound_only_enrich_mammalian_RAMP_P_000050021_seed8,0,2,3,query_pathway_membership,query_pathway_membership,Pathway evidence,"{""co_observed_ids"":[""C07310"",""C20319"",""C14853"",""C05851"",""C14748"",""C00928"",""C00134"",""C00112"",""C01324""],""metabolite_id"":""C01324""}",False
MetAgent-ReAct,compound_only_enrich_mammalian_RAMP_P_000050021_seed8,0,3,4,query_kegg_path,query_kegg_path,Pathway evidence,"{""compound_a"":""C20319"",""compound_b"":""C14853"",""max_path_length"":6}",False
MetAgent-ReAct,compound_only_enrich_mammalian_RAMP_P_000050021_seed8,0,3,5,query_kegg_path,query_kegg_path,Pathway evidence,"{""compound_a"":""C07310"",""compound_b"":""C20319"",""max_path_length"":6}",False
MetAgent-ReAct,compound_only_enrich_mammalian_RAMP_P_000050021_seed8,0,4,6,lookup_compound_info,lookup_compound_info,Compound lookup,"{""id_type"":""kegg"",""identifier"":""C07310""}",False
MetAgent-ReAct,compound_only_enrich_mammalian_RAMP_P_000050021_seed9,0,1,0,query_ramp_enrichment,query_ramp_enrichment,Enrichment,"{""compound_kegg_ids"": [""C05851"", ""C20319"", ""C00928"", ""C01324"", ""C14853"", ""C14819"", ""C00628""], ""top_k"": 5}",False
MetAgent-ReAct,compound_only_enrich_mammalian_RAMP_P_000050021_seed9,0,2,1,query_pathway_membership,query_pathway_membership,Pathway evidence,"{""metabolite_id"": ""C14853"", ""co_observed_ids"": [""C05851"", ""C20319"", ""C01324"", ""C14819"", ""C00928""]}",False
MetAgent-ReAct,compound_only_enrich_mammalian_RAMP_P_000050021_seed9,0,2,2,query_pathway_membership,query_pathway_membership,Pathway evidence,"{""metabolite_id"": ""C20319"", ""co_observed_ids"": [""C05851"", ""C14853"", ""C01324"", ""C14819"", ""C00928""]}",False
MetAgent-ReAct,compound_only_enrich_mammalian_RAMP_P_000050021_seed9,0,3,3,query_kegg_path,query_kegg_path,Pathway evidence,"{""compound_a"": ""C14853"", ""compound_b"": ""C20319""}",False
MetAgent-ReAct,compound_only_enrich_mammalian_RAMP_P_000050021_seed9,0,4,4,lookup_compound_info,lookup_compound_info,Compound lookup,"{""identifier"": ""C14819""}",False
MetAgent-ReAct,compound_only_enrich_mammalian_RAMP_P_000050096_seed6,0,1,0,query_ramp_enrichment,query_ramp_enrichment,Enrichment,"{""compound_kegg_ids"":[""C05578"",""C04076"",""C00082"",""C00547"",""C00122"",""C00047"",""C04043"",""C00544"",""C00022"",""C00751""],""top_k"":5}",False
MetAgent-ReAct,compound_only_enrich_mammalian_RAMP_P_000050096_seed6,0,2,1,query_pathway_membership,query_pathway_membership,Pathway evidence,"{""metabolite_id"":""C00544"",""max_pathways"":5}",False
MetAgent-ReAct,compound_only_enrich_mammalian_RAMP_P_000050096_seed6,0,2,2,query_pathway_membership,query_pathway_membership,Pathway evidence,"{""max_pathways"":5,""metabolite_id"":""C00082""}",False
MetAgent-ReAct,compound_only_enrich_mammalian_RAMP_P_000050096_seed6,0,2,3,query_pathway_membership,query_pathway_membership,Pathway evidence,"{""max_pathways"":5,""metabolite_id"":""C04043""}",False
MetAgent-ReAct,compound_only_enrich_mammalian_RAMP_P_000050096_seed6,0,3,4,query_kegg_path,query_kegg_path,Pathway evidence,"{""compound_a"":""C00082"",""compound_b"":""C00544"",""max_path_length"":6}",False
MetAgent-ReAct,compound_only_enrich_mammalian_RAMP_P_000050096_seed6,0,3,5,query_kegg_path,query_kegg_path,Pathway evidence,"{""compound_a"":""C00082"",""compound_b"":""C00547"",""max_path_length"":6}",False
MetAgent-ReAct,compound_only_enrich_mammalian_RAMP_P_000050096_seed6,0,3,6,query_kegg_path,query_kegg_path,Pathway evidence,"{""compound_b"":""C00547"",""max_path_length"":6,""compound_a"":""C05578""}",False
MetAgent-ReAct,compound_only_enrich_mammalian_RAMP_P_000050099_seed6,0,1,0,query_ramp_enrichment,query_ramp_enrichment,Enrichment,"{""compound_kegg_ids"":[""C00906"",""C00526"",""C00881"",""C05100"",""C00429"",""C00581"",""C00209""],""top_k"":5}",False
MetAgent-ReAct,compound_only_enrich_mammalian_RAMP_P_000050099_seed6,0,2,1,query_pathway_membership,query_pathway_membership,Pathway evidence,"{""metabolite_id"":""C00906""}",False
MetAgent-ReAct,compound_only_enrich_mammalian_RAMP_P_000050099_seed6,0,2,2,query_pathway_membership,query_pathway_membership,Pathway evidence,"{""metabolite_id"":""C00526""}",False
MetAgent-ReAct,compound_only_enrich_mammalian_RAMP_P_000050099_seed6,0,2,3,query_pathway_membership,query_pathway_membership,Pathway evidence,"{""metabolite_id"":""C05100""}",False
MetAgent-ReAct,compound_only_enrich_mammalian_RAMP_P_000050099_seed6,0,3,4,query_kegg_path,query_kegg_path,Pathway evidence,"{""compound_a"":""C00429"",""compound_b"":""C00906""}",False
MetAgent-ReAct,compound_only_enrich_mammalian_RAMP_P_000050099_seed6,0,3,5,query_kegg_path,query_kegg_path,Pathway evidence,"{""compound_a"":""C00881"",""compound_b"":""C00526""}",False
MetAgent-ReAct,compound_only_enrich_mammalian_RAMP_P_000052855_seed0,0,1,0,query_ramp_enrichment,query_ramp_enrichment,Enrichment,"{""compound_kegg_ids"": [""C01227"", ""C00637"", ""C00280"", ""C05377"", ""C06001"", ""C00951"", ""C00468"", ""C00535""], ""top_k"": 5}",False
MetAgent-ReAct,compound_only_enrich_mammalian_RAMP_P_000052855_seed0,0,2,1,query_pathway_membership,query_pathway_membership,Pathway evidence,"{""metabolite_id"": ""C01227"", ""max_pathways"": 5}",False
MetAgent-ReAct,compound_only_enrich_mammalian_RAMP_P_000052855_seed0,0,2,2,query_pathway_membership,query_pathway_membership,Pathway evidence,"{""metabolite_id"": ""C00280"", ""max_pathways"": 5}",False
MetAgent-ReAct,compound_only_enrich_mammalian_RAMP_P_000052855_seed0,0,2,3,query_pathway_membership,query_pathway_membership,Pathway evidence,"{""metabolite_id"": ""C00535"", ""max_pathways"": 5}",False
MetAgent-ReAct,compound_only_enrich_mammalian_RAMP_P_000052855_seed0,0,3,4,query_kegg_path,query_kegg_path,Pathway evidence,"{""compound_a"": ""C01227"", ""compound_b"": ""C00535"", ""max_path_length"": 6}",False
MetAgent-ReAct,compound_only_enrich_mammalian_RAMP_P_000052855_seed0,0,3,5,query_kegg_path,query_kegg_path,Pathway evidence,"{""compound_a"": ""C00280"", ""compound_b"": ""C00951"", ""max_path_length"": 6}",False
MetAgent-ReAct,compound_only_enrich_mammalian_RAMP_P_000053042_seed9,0,1,0,query_ramp_enrichment,query_ramp_enrichment,Enrichment,"{""compound_kegg_ids"": [""C05851"", ""C07310"", ""C04397"", ""C15571"", ""C03917"", ""C00280"", ""C06973"", ""C00468"", ""C00535"", ""C01227""], ""top_k"": 5}",False
MetAgent-ReAct,compound_only_enrich_mammalian_RAMP_P_000053042_seed9,0,2,1,query_pathway_membership,query_pathway_membership,Pathway evidence,"{""metabolite_id"": ""C03917""}",False
MetAgent-ReAct,compound_only_enrich_mammalian_RAMP_P_000053042_seed9,0,2,2,query_pathway_membership,query_pathway_membership,Pathway evidence,"{""metabolite_id"": ""C01227""}",False
MetAgent-ReAct,compound_only_enrich_mammalian_RAMP_P_000053042_seed9,0,2,3,query_pathway_membership,query_pathway_membership,Pathway evidence,"{""metabolite_id"": ""C00280""}",False
MetAgent-ReAct,compound_only_enrich_mammalian_RAMP_P_000053042_seed9,0,3,4,query_kegg_path,query_kegg_path,Pathway evidence,"{""compound_a"": ""C01227"", ""compound_b"": ""C03917""}",False
MetAgent-ReAct,compound_only_enrich_mammalian_RAMP_P_000053042_seed9,0,3,5,query_kegg_path,query_kegg_path,Pathway evidence,"{""compound_a"": ""C00280"", ""compound_b"": ""C03917""}",False
MetAgent-ReAct,compound_only_enrich_mammalian_RAMP_P_000053042_seed9,0,4,6,query_pathway_membership,query_pathway_membership,Pathway evidence,"{""metabolite_id"": ""C05851""}",False
MetAgent-ReAct,compound_only_enrich_mammalian_RAMP_P_000053042_seed9,0,4,7,query_pathway_membership,query_pathway_membership,Pathway evidence,"{""metabolite_id"": ""C07310""}",False
MetAgent-ReAct,compound_only_enrich_mammalian_RAMP_P_000053306_seed1,0,1,0,query_ramp_enrichment,query_ramp_enrichment,Enrichment,"{""compound_kegg_ids"":[""C00526"",""C00112"",""C07310"",""C00105"",""C00429"",""C02642"",""C00672"",""C03912"",""C02989""],""top_k"":5}",False
MetAgent-ReAct,compound_only_enrich_mammalian_RAMP_P_000053306_seed1,0,2,1,query_pathway_membership,query_pathway_membership,Pathway evidence,"{""max_pathways"":5,""metabolite_id"":""C00526""}",False
MetAgent-ReAct,compound_only_enrich_mammalian_RAMP_P_000053306_seed1,0,2,2,query_pathway_membership,query_pathway_membership,Pathway evidence,"{""max_pathways"":5,""metabolite_id"":""C00429""}",False
MetAgent-ReAct,compound_only_enrich_mammalian_RAMP_P_000053306_seed1,0,3,3,query_kegg_path,query_kegg_path,Pathway evidence,"{""compound_a"":""C00526"",""compound_b"":""C00429""}",False
MetAgent-ReAct,compound_only_enrich_mammalian_RAMP_P_000053306_seed1,0,3,4,query_kegg_path,query_kegg_path,Pathway evidence,"{""compound_b"":""C00112"",""compound_a"":""C00105""}",False
MetAgent-ReAct,compound_only_enrich_mammalian_RAMP_P_000053306_seed7,0,1,0,query_ramp_enrichment,query_ramp_enrichment,Enrichment,"{""compound_kegg_ids"":[""C05377"",""C00112"",""C00881"",""C00429"",""C07190"",""C07310"",""C00526"",""C01108"",""C00672"",""C00221"",""C02642""],""top_k"":5}",False
MetAgent-ReAct,compound_only_enrich_mammalian_RAMP_P_000053306_seed7,0,2,1,query_pathway_membership,query_pathway_membership,Pathway evidence,"{""co_observed_ids"":[""C00112"",""C00881"",""C00429"",""C00526"",""C00672"",""C02642""],""max_pathways"":5,""metabolite_id"":""C00526""}",False
MetAgent-ReAct,compound_only_enrich_mammalian_RAMP_P_000053306_seed7,0,2,2,query_pathway_membership,query_pathway_membership,Pathway evidence,"{""max_pathways"":5,""metabolite_id"":""C00881"",""co_observed_ids"":[""C00112"",""C00881"",""C00429"",""C00526"",""C00672"",""C02642""]}",False
MetAgent-ReAct,compound_only_enrich_mammalian_RAMP_P_000053306_seed7,0,2,3,query_pathway_membership,query_pathway_membership,Pathway evidence,"{""max_pathways"":5,""metabolite_id"":""C00429"",""co_observed_ids"":[""C00112"",""C00881"",""C00429"",""C00526"",""C00672"",""C02642""]}",False
MetAgent-ReAct,compound_only_enrich_mammalian_RAMP_P_000053306_seed7,0,3,4,query_kegg_path,query_kegg_path,Pathway evidence,"{""compound_a"":""C00429"",""compound_b"":""C02642"",""max_path_length"":4}",False
MetAgent-ReAct,compound_only_enrich_mammalian_RAMP_P_000053306_seed7,0,3,5,query_kegg_path,query_kegg_path,Pathway evidence,"{""compound_a"":""C00881"",""compound_b"":""C00526"",""max_path_length"":4}",False
MetAgent-ReAct,compound_only_enrich_mammalian_lm_pathway_WP167_seed0,0,1,0,query_ramp_enrichment,query_ramp_enrichment,Enrichment,"{""compound_kegg_ids"": [""C14717"", ""C04742"", ""C04805"", ""C00112"", ""C00219"", ""C14782"", ""C00909""], ""top_k"": 5}",False
MetAgent-ReAct,compound_only_enrich_mammalian_lm_pathway_WP167_seed0,0,2,1,query_pathway_membership,query_pathway_membership,Pathway evidence,"{""metabolite_id"": ""C00219"", ""max_pathways"": 10}",False
MetAgent-ReAct,compound_only_enrich_mammalian_lm_pathway_WP167_seed0,0,2,2,query_pathway_membership,query_pathway_membership,Pathway evidence,"{""metabolite_id"": ""C00909"", ""max_pathways"": 10}",False
MetAgent-ReAct,compound_only_enrich_mammalian_lm_pathway_WP167_seed0,0,3,3,query_kegg_path,query_kegg_path,Pathway evidence,"{""compound_a"": ""C00219"", ""compound_b"": ""C00909"", ""max_path_length"": 6}",False
MetAgent-ReAct,compound_only_enrich_mammalian_lm_pathway_WP167_seed0,0,3,4,query_kegg_path,query_kegg_path,Pathway evidence,"{""compound_a"": ""C00219"", ""compound_b"": ""C04742"", ""max_path_length"": 6}",False
MetAgent-ReAct,compound_only_enrich_mammalian_lm_pathway_WP167_seed1,0,1,0,query_ramp_enrichment,query_ramp_enrichment,Enrichment,"{""compound_kegg_ids"":[""C04805"",""C14717"",""C04742"",""C05422"",""C02170"",""C00065"",""C00219"",""C00909"",""C16614""],""top_k"":5}",False
MetAgent-ReAct,compound_only_enrich_mammalian_lm_pathway_WP167_seed1,0,2,1,query_pathway_membership,query_pathway_membership,Pathway evidence,"{""co_observed_ids"":[""C04805"",""C14717"",""C04742"",""C00219"",""C00909"",""C05422"",""C02170"",""C00065"",""C16614""],""metabolite_id"":""C00219""}",False
MetAgent-ReAct,compound_only_enrich_mammalian_lm_pathway_WP167_seed1,0,2,2,query_kegg_path,query_kegg_path,Pathway evidence,"{""compound_a"":""C00219"",""compound_b"":""C04805"",""max_path_length"":4}",False
MetAgent-ReAct,compound_only_enrich_mammalian_lm_pathway_WP167_seed1,0,2,3,query_kegg_path,query_kegg_path,Pathway evidence,"{""compound_a"":""C00219"",""compound_b"":""C00909"",""max_path_length"":4}",False
MetAgent-ReAct,compound_only_enrich_mammalian_lm_pathway_WP167_seed2,0,1,0,query_ramp_enrichment,query_ramp_enrichment,Enrichment,"{""compound_kegg_ids"":[""C00219"",""C04805"",""C14717"",""C01161"",""C00156"",""C14768"",""C04742"",""C00909""],""top_k"":5}",False
MetAgent-ReAct,compound_only_enrich_mammalian_lm_pathway_WP167_seed2,0,2,1,query_pathway_membership,query_pathway_membership,Pathway evidence,"{""metabolite_id"":""C00219""}",False
MetAgent-ReAct,compound_only_enrich_mammalian_lm_pathway_WP167_seed2,0,2,2,query_pathway_membership,query_pathway_membership,Pathway evidence,"{""metabolite_id"":""C00909""}",False
MetAgent-ReAct,compound_only_enrich_mammalian_lm_pathway_WP167_seed2,0,2,3,query_pathway_membership,query_pathway_membership,Pathway evidence,"{""metabolite_id"":""C04805""}",False
MetAgent-ReAct,compound_only_enrich_mammalian_lm_pathway_WP167_seed2,0,2,4,query_pathway_membership,query_pathway_membership,Pathway evidence,"{""metabolite_id"":""C14717""}",False
MetAgent-ReAct,compound_only_enrich_mammalian_lm_pathway_WP167_seed2,0,3,5,query_kegg_path,query_kegg_path,Pathway evidence,"{""compound_a"":""C00219"",""compound_b"":""C00909""}",False
MetAgent-ReAct,compound_only_enrich_mammalian_lm_pathway_WP167_seed2,0,3,6,query_kegg_path,query_kegg_path,Pathway evidence,"{""compound_b"":""C04805"",""compound_a"":""C00219""}",False
MetAgent-ReAct,compound_only_enrich_mammalian_lm_pathway_WP167_seed2,0,3,7,query_kegg_path,query_kegg_path,Pathway evidence,"{""compound_a"":""C00219"",""compound_b"":""C14717""}",False
MetAgent-ReAct,compound_only_enrich_mammalian_lm_pathway_WP167_seed3,0,1,0,query_ramp_enrichment,query_ramp_enrichment,Enrichment,"{""compound_kegg_ids"":[""C01074"",""C00109"",""C04742"",""C04805"",""C14717"",""C00116"",""C00219"",""C00909"",""C00156""],""top_k"":5}",False
MetAgent-ReAct,compound_only_enrich_mammalian_lm_pathway_WP167_seed3,0,2,1,query_pathway_membership,query_pathway_membership,Pathway evidence,"{""metabolite_id"":""C00219""}",False
MetAgent-ReAct,compound_only_enrich_mammalian_lm_pathway_WP167_seed3,0,2,2,query_pathway_membership,query_pathway_membership,Pathway evidence,"{""metabolite_id"":""C00909""}",False
MetAgent-ReAct,compound_only_enrich_mammalian_lm_pathway_WP167_seed3,0,2,3,query_pathway_membership,query_pathway_membership,Pathway evidence,"{""metabolite_id"":""C04805""}",False
MetAgent-ReAct,compound_only_enrich_mammalian_lm_pathway_WP167_seed3,0,3,4,query_kegg_path,query_kegg_path,Pathway evidence,"{""compound_a"":""C00219"",""compound_b"":""C00909""}",False
MetAgent-ReAct,compound_only_enrich_mammalian_lm_pathway_WP167_seed3,0,3,5,query_kegg_path,query_kegg_path,Pathway evidence,"{""compound_a"":""C00219"",""compound_b"":""C04805""}",False
MetAgent-ReAct,compound_only_enrich_mammalian_lm_pathway_WP167_seed3,0,3,6,query_kegg_path,query_kegg_path,Pathway evidence,"{""compound_a"":""C00219"",""compound_b"":""C14717""}",False
MetAgent-ReAct,compound_only_enrich_mammalian_lm_pathway_WP167_seed4,0,1,0,query_ramp_enrichment,query_ramp_enrichment,Enrichment,"{""compound_kegg_ids"":[""C19697"",""C00070"",""C00388"",""C00909"",""C04742"",""C00628"",""C14717"",""C00906"",""C00219"",""C04805""],""top_k"":5}",False
MetAgent-ReAct,compound_only_enrich_mammalian_lm_pathway_WP167_seed4,0,2,1,query_pathway_membership,query_pathway_membership,Pathway evidence,"{""co_observed_ids"":[""C00219"",""C00909"",""C04742"",""C04805"",""C14717""],""metabolite_id"":""C00219""}",False
MetAgent-ReAct,compound_only_enrich_mammalian_lm_pathway_WP167_seed4,0,2,2,query_pathway_membership,query_pathway_membership,Pathway evidence,"{""co_observed_ids"":[""C00219"",""C00909"",""C04742"",""C04805"",""C14717""],""metabolite_id"":""C00909""}",False
MetAgent-ReAct,compound_only_enrich_mammalian_lm_pathway_WP167_seed4,0,3,3,query_kegg_path,query_kegg_path,Pathway evidence,"{""compound_a"":""C00219"",""compound_b"":""C00909""}",False
MetAgent-ReAct,compound_only_enrich_mammalian_lm_pathway_WP167_seed5,0,1,0,query_ramp_enrichment,query_ramp_enrichment,Enrichment,"{""compound_kegg_ids"":[""C04805"",""C00266"",""C04742"",""C00909"",""C14717"",""C07072"",""C00219""],""top_k"":5}",False
MetAgent-ReAct,compound_only_enrich_mammalian_lm_pathway_WP167_seed5,0,2,1,query_pathway_membership,query_pathway_membership,Pathway evidence,"{""metabolite_id"":""C00219""}",False
MetAgent-ReAct,compound_only_enrich_mammalian_lm_pathway_WP167_seed5,0,2,2,query_pathway_membership,query_pathway_membership,Pathway evidence,"{""metabolite_id"":""C00909""}",False
MetAgent-ReAct,compound_only_enrich_mammalian_lm_pathway_WP167_seed5,0,2,3,query_pathway_membership,query_pathway_membership,Pathway evidence,"{""metabolite_id"":""C04805""}",False
MetAgent-ReAct,compound_only_enrich_mammalian_lm_pathway_WP167_seed5,0,3,4,query_kegg_path,query_kegg_path,Pathway evidence,"{""compound_a"":""C00219"",""compound_b"":""C00909""}",False
MetAgent-ReAct,compound_only_enrich_mammalian_lm_pathway_WP167_seed5,0,3,5,query_kegg_path,query_kegg_path,Pathway evidence,"{""compound_a"":""C00219"",""compound_b"":""C04805""}",False
MetAgent-ReAct,compound_only_enrich_mammalian_lm_pathway_WP167_seed6,0,1,0,query_ramp_enrichment,query_ramp_enrichment,Enrichment,"{""compound_kegg_ids"": [""C14717"", ""C00219"", ""C06809"", ""C04805"", ""C01094"", ""C03758"", ""C04742"", ""C00909""], ""top_k"": 5}",False
MetAgent-ReAct,compound_only_enrich_mammalian_lm_pathway_WP167_seed6,0,2,1,query_pathway_membership,query_pathway_membership,Pathway evidence,"{""metabolite_id"": ""C00219"", ""max_pathways"": 5}",False
MetAgent-ReAct,compound_only_enrich_mammalian_lm_pathway_WP167_seed6,0,2,2,query_kegg_path,query_kegg_path,Pathway evidence,"{""compound_a"": ""C00219"", ""compound_b"": ""C14717"", ""max_path_length"": 6}",False
MetAgent-ReAct,compound_only_enrich_mammalian_lm_pathway_WP167_seed6,0,3,3,query_kegg_path,query_kegg_path,Pathway evidence,"{""compound_a"": ""C00219"", ""compound_b"": ""C00909"", ""max_path_length"": 6}",False
MetAgent-ReAct,compound_only_enrich_mammalian_lm_pathway_WP167_seed6,0,3,4,query_kegg_path,query_kegg_path,Pathway evidence,"{""compound_a"": ""C00909"", ""compound_b"": ""C00219"", ""max_path_length"": 6}",False
MetAgent-ReAct,compound_only_enrich_mammalian_lm_pathway_WP167_seed6,0,3,5,query_pathway_membership,query_pathway_membership,Pathway evidence,"{""metabolite_id"": ""C04805"", ""max_pathways"": 5}",False
MetAgent-ReAct,compound_only_enrich_mammalian_lm_pathway_WP167_seed7,0,1,0,query_ramp_enrichment,query_ramp_enrichment,Enrichment,"{""compound_kegg_ids"": [""C00219"", ""C05529"", ""C02170"", ""C00909"", ""C04295"", ""C14717"", ""C04805"", ""C04742"", ""C00385""], ""top_k"": 10}",False
MetAgent-ReAct,compound_only_enrich_mammalian_lm_pathway_WP167_seed7,0,2,1,query_pathway_membership,query_pathway_membership,Pathway evidence,"{""metabolite_id"": ""C00219""}",False
MetAgent-ReAct,compound_only_enrich_mammalian_lm_pathway_WP167_seed7,0,2,2,query_pathway_membership,query_pathway_membership,Pathway evidence,"{""metabolite_id"": ""C00909""}",False
MetAgent-ReAct,compound_only_enrich_mammalian_lm_pathway_WP167_seed7,0,2,3,query_pathway_membership,query_pathway_membership,Pathway evidence,"{""metabolite_id"": ""C14717""}",False
MetAgent-ReAct,compound_only_enrich_mammalian_lm_pathway_WP167_seed7,0,2,4,query_pathway_membership,query_pathway_membership,Pathway evidence,"{""metabolite_id"": ""C04805""}",False
MetAgent-ReAct,compound_only_enrich_mammalian_lm_pathway_WP167_seed7,0,2,5,query_pathway_membership,query_pathway_membership,Pathway evidence,"{""metabolite_id"": ""C04742""}",False
MetAgent-ReAct,compound_only_enrich_mammalian_lm_pathway_WP167_seed7,0,3,6,query_kegg_path,query_kegg_path,Pathway evidence,"{""compound_a"":""C00219"",""compound_b"":""C00909""}",False
MetAgent-ReAct,compound_only_enrich_mammalian_lm_pathway_WP167_seed8,0,1,0,query_ramp_enrichment,query_ramp_enrichment,Enrichment,"{""compound_kegg_ids"":[""C02380"",""C00097"",""C00909"",""C00219"",""C14717"",""C04805"",""C04742"",""C02291""],""top_k"":5}",False
MetAgent-ReAct,compound_only_enrich_mammalian_lm_pathway_WP167_seed8,0,2,1,query_pathway_membership,query_pathway_membership,Pathway evidence,"{""metabolite_id"":""C00219"",""co_observed_ids"":[""C00219"",""C00909"",""C14717"",""C04805"",""C04742""]}",False
MetAgent-ReAct,compound_only_enrich_mammalian_lm_pathway_WP167_seed8,0,2,2,query_pathway_membership,query_pathway_membership,Pathway evidence,"{""co_observed_ids"":[""C00219"",""C00909"",""C14717"",""C04805"",""C04742""],""metabolite_id"":""C00909""}",False
MetAgent-ReAct,compound_only_enrich_mammalian_lm_pathway_WP167_seed8,0,3,3,query_kegg_path,query_kegg_path,Pathway evidence,"{""compound_a"":""C00219"",""compound_b"":""C00909""}",False
MetAgent-ReAct,compound_only_enrich_mammalian_lm_pathway_WP167_seed8,0,3,4,query_pathway_membership,query_pathway_membership,Pathway evidence,"{""metabolite_id"":""C04805""}",False
MetAgent-ReAct,compound_only_enrich_mammalian_lm_pathway_WP167_seed9,0,1,0,query_ramp_enrichment,query_ramp_enrichment,Enrichment,"{""compound_kegg_ids"":[""C00219"",""C07443"",""C14717"",""C00913"",""C04805"",""C00909"",""C04742""],""top_k"":10}",False
MetAgent-ReAct,compound_only_enrich_mammalian_lm_pathway_WP167_seed9,0,2,1,query_pathway_membership,query_pathway_membership,Pathway evidence,"{""max_pathways"":5,""metabolite_id"":""C00219""}",False
MetAgent-ReAct,compound_only_enrich_mammalian_lm_pathway_WP167_seed9,0,2,2,query_pathway_membership,query_pathway_membership,Pathway evidence,"{""max_pathways"":5,""metabolite_id"":""C00909""}",False
MetAgent-ReAct,compound_only_enrich_mammalian_lm_pathway_WP167_seed9,0,2,3,query_kegg_path,query_kegg_path,Pathway evidence,"{""compound_b"":""C00909"",""compound_a"":""C00219""}",False
MetAgent-ReAct,compound_only_enrich_mammalian_lm_pathway_WP167_seed9,0,3,4,query_kegg_path,query_kegg_path,Pathway evidence,"{""compound_a"":""C04805"",""compound_b"":""C00909""}",False
MetAgent-ReAct,compound_only_enrich_mammalian_lm_pathway_WP167_seed9,0,3,5,query_pathway_membership,query_pathway_membership,Pathway evidence,"{""max_pathways"":5,""metabolite_id"":""C14717""}",False
Feedback revision,compound_only_enrich_mammalian_RAMP_P_000000016_seed4,1,1,0,search_literature,search_literature,Literature,"{""query"": ""creatine synthesis guanidoacetic acid methylation"", ""max_results"": 3}",False
Feedback revision,compound_only_enrich_mammalian_RAMP_P_000000016_seed4,1,2,0,query_pathway_membership,query_pathway_membership,Pathway evidence,"{""metabolite_id"": ""C02291"", ""max_pathways"": 15}",False
Feedback revision,compound_only_enrich_mammalian_RAMP_P_000000016_seed4,1,2,1,query_pathway_membership,query_pathway_membership,Pathway evidence,"{""metabolite_id"": ""C00581"", ""max_pathways"": 15}",False
Feedback revision,compound_only_enrich_mammalian_RAMP_P_000000016_seed7,1,1,0,query_pathway_membership,query_pathway_membership,Pathway evidence,"{""co_observed_ids"":[""C00155"",""C00019"",""C00073"",""C00114"",""C00025"",""C00212""],""metabolite_id"":""C00114""}",False
Feedback revision,compound_only_enrich_mammalian_RAMP_P_000000016_seed7,1,2,0,query_pathway_membership,query_pathway_membership,Pathway evidence,"{""co_observed_ids"":[""C00155"",""C00019"",""C00073"",""C00114"",""C00025"",""C00212""],""metabolite_id"":""C00025""}",False
Feedback revision,compound_only_enrich_mammalian_RAMP_P_000000016_seed7,1,3,0,search_literature,search_literature,Literature,"{""max_results"":3,""query"":""choline betaine methyl donor homocysteine remethylation metabolism""}",False
Feedback revision,compound_only_enrich_mammalian_RAMP_P_000000016_seed7,2,1,0,search_literature,search_literature,Literature,"{""query"":""8(S)-HPETE lipoxygenase lipid mediator inflammation"",""max_results"":2}",False
Feedback revision,compound_only_enrich_mammalian_RAMP_P_000000106_seed0,1,1,0,search_literature,search_literature,Literature,"{""query"":""tyrosine catabolism block norepinephrine elevation metabolic flux"",""max_results"":3}",False
Feedback revision,compound_only_enrich_mammalian_RAMP_P_000000106_seed0,1,1,1,search_literature,search_literature,Literature,"{""max_results"":3,""query"":""tetrahydrobiopterin deficiency monoamine neurotransmitter synthesis consequences""}",False
Feedback revision,compound_only_enrich_mammalian_RAMP_P_000000106_seed3,1,1,0,search_literature,search_literature,Literature,"{""max_results"":3,""query"":""Losartan catecholamine oxidative stress""}",False
Feedback revision,compound_only_enrich_mammalian_RAMP_P_000000106_seed8,1,1,0,search_literature,search_literature,Literature,"{""max_results"":5,""query"":""Tyrosine metabolism catecholamine dopamine branch""}",False
Feedback revision,compound_only_enrich_mammalian_RAMP_P_000000106_seed8,1,2,0,search_literature,search_literature,Literature,"{""max_results"":3,""query"":""5,6-dihydroxyindole melanin biosynthesis tyrosine metabolism""}",False
Feedback revision,compound_only_enrich_mammalian_RAMP_P_000000106_seed8,1,3,0,search_literature,search_literature,Literature,"{""query"":""oxidative stress biopterin hydroxylases tyrosinase"",""max_results"":3}",False
Feedback revision,compound_only_enrich_mammalian_RAMP_P_000000141_seed0,1,1,0,search_literature,search_literature,Literature,"{""max_results"":3,""query"":""tryptophan metabolism reprogramming treatment""}",False
Feedback revision,compound_only_enrich_mammalian_RAMP_P_000000141_seed2,1,1,0,search_literature,search_literature,Literature,"{""max_results"":3,""query"":""Doxycycline gut microbiota tryptophan metabolism serotonin""}",False
Feedback revision,compound_only_enrich_mammalian_RAMP_P_000000141_seed2,1,1,1,search_literature,search_literature,Literature,"{""max_results"":3,""query"":""Milrinone phosphodiesterase serotonin pathway cAMP""}",False
Feedback revision,compound_only_enrich_mammalian_RAMP_P_000000141_seed2,1,1,2,search_literature,search_literature,Literature,"{""query"":""Acrolein tryptophan metabolism oxidative stress"",""max_results"":3}",False
Feedback revision,compound_only_enrich_mammalian_RAMP_P_000000141_seed2,1,2,0,search_literature,search_literature,Literature,"{""max_results"":3,""query"":""doxycycline effect on serotonin synthesis gut microbiome""}",False
Feedback revision,compound_only_enrich_mammalian_RAMP_P_000000141_seed3,1,1,0,search_literature,search_literature,Literature,"{""query"": ""tryptophan metabolism IDO kynurenine pathway inflammation"", ""max_results"": 3}",False
Feedback revision,compound_only_enrich_mammalian_RAMP_P_000000141_seed3,2,1,0,search_literature,search_literature,Literature,"{""query"": ""IDO indoleamine 2,3-dioxygenase tryptophan metabolism shunts tryptophan"", ""max_results"": 3}",False
Feedback revision,compound_only_enrich_mammalian_RAMP_P_000000141_seed4,1,1,0,search_literature,search_literature,Literature,"{""query"": ""quinolinic acid tryptophan metabolism kynurenine pathway neuroinflammation"", ""max_results"": 3}",False
Feedback revision,compound_only_enrich_mammalian_RAMP_P_000000141_seed4,1,2,0,search_literature,search_literature,Literature,"{""query"": ""indole indoleacetaldehyde gut microbiome tryptophan metabolism"", ""max_results"": 3}",False
Feedback revision,compound_only_enrich_mammalian_RAMP_P_000000141_seed4,1,3,0,query_pathway_membership,query_pathway_membership,Pathway evidence,"{""metabolite_id"": ""C00780""}",False
Feedback revision,compound_only_enrich_mammalian_RAMP_P_000000141_seed5,1,1,0,search_literature,search_literature,Literature,"{""query"":""Tryptamine indoleacetaldehyde tryptophan metabolism pathway""}",False
Feedback revision,compound_only_enrich_mammalian_RAMP_P_000000141_seed7,1,1,0,query_pathway_membership,query_pathway_membership,Pathway evidence,"{""metabolite_id"": ""C03722"", ""max_pathways"": 5}",False
Feedback revision,compound_only_enrich_mammalian_RAMP_P_000000141_seed7,1,1,1,query_pathway_membership,query_pathway_membership,Pathway evidence,"{""metabolite_id"": ""C00632"", ""max_pathways"": 5}",False
Feedback revision,compound_only_enrich_mammalian_RAMP_P_000000398_seed1,1,1,0,search_literature,search_literature,Literature,"{""query"":""inositol signaling osmotic balance hepatic stress metabolomics"",""max_results"":5}",False
Feedback revision,compound_only_enrich_mammalian_RAMP_P_000000398_seed1,1,2,0,search_literature,search_literature,Literature,"{""max_results"":5,""query"":""aflatoxin exposure inositol metabolism hepatic stress""}",False
Feedback revision,compound_only_enrich_mammalian_RAMP_P_000000398_seed2,1,1,0,query_kegg_path,query_kegg_path,Pathway evidence,"{""compound_a"":""C00089"",""compound_b"":""C00137"",""max_path_length"":6}",False
Feedback revision,compound_only_enrich_mammalian_RAMP_P_000000398_seed2,1,2,0,query_pathway_membership,query_pathway_membership,Pathway evidence,"{""co_observed_ids"":[""C01697"",""C00137"",""C01235"",""C00116"",""C00089""],""max_pathways"":3,""metabolite_id"":""C00114""}",False
Feedback revision,compound_only_enrich_mammalian_RAMP_P_000000398_seed2,1,3,0,query_pathway_membership,query_pathway_membership,Pathway evidence,"{""co_observed_ids"":[""C01697"",""C00137"",""C01235"",""C00116"",""C00089""],""max_pathways"":5,""metabolite_id"":""C00116""}",False
Feedback revision,compound_only_enrich_mammalian_RAMP_P_000000398_seed5,2,1,0,search_literature,search_literature,Literature,"{""query"":""Galactinol metabolic pathway biological function"",""max_results"":3}",False
Feedback revision,compound_only_enrich_mammalian_RAMP_P_000000398_seed6,1,1,0,query_pathway_membership,query_pathway_membership,Pathway evidence,"{""co_observed_ids"":[""C00089"",""C00137"",""C00221"",""C01697"",""C01235"",""C00116""],""max_pathways"":10,""metabolite_id"":""C00089""}",False
Feedback revision,compound_only_enrich_mammalian_RAMP_P_000000398_seed6,1,1,1,search_literature,search_literature,Literature,"{""max_results"":3,""query"":""galactose metabolism nucleotide synthesis methylationdemand""}",False
Feedback revision,compound_only_enrich_mammalian_RAMP_P_000000398_seed6,1,2,0,search_literature,search_literature,Literature,"{""max_results"":3,""query"":""galactose metabolism galactosemia nucleotide synthesis""}",False
Feedback revision,compound_only_enrich_mammalian_RAMP_P_000000398_seed6,1,3,0,search_literature,search_literature,Literature,"{""max_results"":3,""query"":""galactose metabolism cysteine methionine metabolism connection""}",False
Feedback revision,compound_only_enrich_mammalian_RAMP_P_000000398_seed9,1,1,0,search_literature,search_literature,Literature,"{""max_results"":3,""query"":""galactose metabolism perturbation metabolomics study""}",False
Feedback revision,compound_only_enrich_mammalian_RAMP_P_000000398_seed9,1,1,1,query_pathway_membership,query_pathway_membership,Pathway evidence,"{""metabolite_id"":""C00881""}",False
Feedback revision,compound_only_enrich_mammalian_RAMP_P_000000398_seed9,1,1,2,query_kegg_path,query_kegg_path,Pathway evidence,"{""compound_a"":""C00089"",""compound_b"":""C00221"",""max_path_length"":6}",False
Feedback revision,compound_only_enrich_mammalian_RAMP_P_000000398_seed9,1,2,0,lookup_compound_info,lookup_compound_info,Compound lookup,"{""id_type"":""kegg"",""identifier"":""C00794""}",False
Feedback revision,compound_only_enrich_mammalian_RAMP_P_000000398_seed9,1,2,1,lookup_compound_info,lookup_compound_info,Compound lookup,"{""identifier"":""C00267"",""id_type"":""kegg""}",False
Feedback revision,compound_only_enrich_mammalian_RAMP_P_000000398_seed9,1,3,0,search_literature,search_literature,Literature,"{""max_results"":2,""query"":""galactose metabolism perturbation metabolomics treatment effect""}",False
Feedback revision,compound_only_enrich_mammalian_RAMP_P_000000421_seed1,1,1,0,search_literature,search_literature,Literature,"{""query"":""Warfarin metabolism CYP2C9 clinical pharmacology"",""max_results"":3}",False
Feedback revision,compound_only_enrich_mammalian_RAMP_P_000000421_seed1,1,1,1,search_literature,search_literature,Literature,"{""max_results"":3,""query"":""3,4-dihydroxyphenylacetaldehyde dopamine metabolism neurodegeneration""}",False
Feedback revision,compound_only_enrich_mammalian_RAMP_P_000000421_seed1,2,1,0,query_kegg_path,query_kegg_path,Pathway evidence,"{""compound_a"":""C01227"",""compound_b"":""C00535""}",False
Feedback revision,compound_only_enrich_mammalian_RAMP_P_000000421_seed5,1,1,0,search_literature,search_literature,Literature,"{""max_results"":5,""query"":""Tetrahydrobiopterin metabolism function""}",False
Feedback revision,compound_only_enrich_mammalian_RAMP_P_000000421_seed5,1,2,0,query_kegg_path,query_kegg_path,Pathway evidence,"{""compound_b"":""C00951"",""max_path_length"":6,""compound_a"":""C00535""}",False
Feedback revision,compound_only_enrich_mammalian_RAMP_P_000000421_seed5,2,1,0,query_pathway_membership,query_pathway_membership,Pathway evidence,"{""metabolite_id"":""C00272""}",False
Feedback revision,compound_only_enrich_mammalian_RAMP_P_000000421_seed6,1,1,0,query_ramp_enrichment,query_ramp_enrichment,Enrichment,"{""compound_kegg_ids"":[""C03917"",""C00280"",""C01227"",""C02845"",""C00535"",""C01531"",""C00951""],""top_k"":10}",False
Feedback revision,compound_only_enrich_mammalian_RAMP_P_000000421_seed6,2,1,0,search_literature,search_literature,Literature,"{""query"":""butanone endogenous metabolism human"",""max_results"":3}",False
Feedback revision,compound_only_enrich_mammalian_RAMP_P_000000421_seed6,2,2,0,search_literature,search_literature,Literature,"{""max_results"":3,""query"":""Sulindac metabolism steroidogenesis""}",False
Feedback revision,compound_only_enrich_mammalian_RAMP_P_000025682_seed2,1,1,0,search_literature,search_literature,Literature,"{""max_results"":3,""query"":""COX LOX inhibition arachidonic acid metabolism eicosanoids NSAID""}",False
Feedback revision,compound_only_enrich_mammalian_RAMP_P_000050021_seed1,1,1,0,search_literature,search_literature,Literature,"{""query"":""benzo[a]pyrene-7,8-dihydrodiol-9,10-oxide BPDE metabolism xenobiotic""}",False
Feedback revision,compound_only_enrich_mammalian_RAMP_P_000050021_seed1,1,1,1,search_literature,search_literature,Literature,"{""query"":""coumarin metabolism cytochrome P450 xenobiotic""}",False
Feedback revision,compound_only_enrich_mammalian_RAMP_P_000050021_seed1,1,1,2,search_literature,search_literature,Literature,"{""query"":""beta-mercaptoethanol conjugation glutathione metabolism""}",False
Feedback revision,compound_only_enrich_mammalian_RAMP_P_000050021_seed1,1,2,0,search_literature,search_literature,Literature,"{""query"":""phase I phase II xenobiotic metabolism pathway enrichment metabolomics""}",False
Feedback revision,compound_only_enrich_mammalian_RAMP_P_000050021_seed1,1,3,0,search_literature,search_literature,Literature,"{""query"":""coumarin biotransformation metabolism human toxicology""}",False
Feedback revision,compound_only_enrich_mammalian_RAMP_P_000050021_seed2,1,1,0,query_ramp_enrichment,query_ramp_enrichment,Enrichment,"{""compound_kegg_ids"":[""C00519"",""C20319"",""C14853"",""C05851"",""C05665"",""C07190"",""C01324"",""C16614"",""C00928"",""C00051""],""top_k"":10}",False
Feedback revision,compound_only_enrich_mammalian_RAMP_P_000050021_seed2,1,2,0,query_pathway_membership,query_pathway_membership,Pathway evidence,"{""max_pathways"":5,""metabolite_id"":""C20319""}",False
Feedback revision,compound_only_enrich_mammalian_RAMP_P_000050021_seed2,1,3,0,query_pathway_membership,query_pathway_membership,Pathway evidence,"{""max_pathways"":5,""metabolite_id"":""C14853""}",False
Feedback revision,compound_only_enrich_mammalian_RAMP_P_000050021_seed3,1,1,0,search_literature,search_literature,Literature,"{""query"": ""Cytochrome P450 xenobiotic metabolism phase I oxidation biological response"", ""max_results"": 3}",False
Feedback revision,compound_only_enrich_mammalian_RAMP_P_000050021_seed5,2,1,0,search_literature,search_literature,Literature,"{""query"": ""xenobiotic oxidation pathways metabolomics treatment disruption"", ""max_results"": 3}",False
Feedback revision,compound_only_enrich_mammalian_RAMP_P_000050021_seed6,1,1,0,search_literature,search_literature,Literature,"{""max_results"":3,""query"":""benzo[a]pyrene-7,8-dihydrodiol-9,10-oxide CYP1A1 CYP1B1 bioactivation carcinogen""}",False
Feedback revision,compound_only_enrich_mammalian_RAMP_P_000050021_seed6,1,2,0,search_literature,search_literature,Literature,"{""max_results"":3,""query"":""C14853 benzo[a]pyrene diol epoxide glutathione conjugation Reactome""}",False
Feedback revision,compound_only_enrich_mammalian_RAMP_P_000050021_seed6,1,3,0,search_literature,search_literature,Literature,"{""max_results"":3,""query"":""benzo[a]pyrene diol epoxide glutathione conjugation detoxification""}",False
Feedback revision,compound_only_enrich_mammalian_RAMP_P_000050021_seed6,2,1,0,search_literature,search_literature,Literature,"{""max_results"":2,""query"":""Pantothenic acid coenzyme A biosynthesis xenobiotic metabolism""}",False
Feedback revision,compound_only_enrich_mammalian_RAMP_P_000050021_seed7,1,1,0,search_literature,search_literature,Literature,"{""query"": ""Benzo[a]pyrene-7,8-dihydrodiol-9,10-oxide BPDE metabolism CYP1A1"", ""max_results"": 3}",False
Feedback revision,compound_only_enrich_mammalian_RAMP_P_000050021_seed7,1,2,0,search_literature,search_literature,Literature,"{""query"": ""Benzo[a]pyrene-7,8-dihydrodiol-9,10-oxide epoxide metabolic activation CYP"", ""max_results"": 5}",False
Feedback revision,compound_only_enrich_mammalian_RAMP_P_000050021_seed7,1,3,0,search_literature,search_literature,Literature,"{""query"": ""\""benzo[a]pyrene\"" diol epoxide CYP1A1 CYP1A2 metabolic activation"", ""max_results"": 5}",False
Feedback revision,compound_only_enrich_mammalian_RAMP_P_000050021_seed7,2,1,0,query_pathway_membership,query_pathway_membership,Pathway evidence,"{""metabolite_id"": ""C05851"", ""max_pathways"": 5}",False
Feedback revision,compound_only_enrich_mammalian_RAMP_P_000050021_seed7,2,2,0,query_pathway_membership,query_pathway_membership,Pathway evidence,"{""metabolite_id"": ""C07190"", ""max_pathways"": 5}",False
Feedback revision,compound_only_enrich_mammalian_RAMP_P_000050021_seed7,2,3,0,query_pathway_membership,query_pathway_membership,Pathway evidence,"{""max_pathways"":5,""metabolite_id"":""C14853""}",False
Feedback revision,compound_only_enrich_mammalian_RAMP_P_000050021_seed8,1,1,0,search_literature,search_literature,Literature,"{""query"": ""Phase II conjugation pathways N-hydroxy aromatic amine detoxification electrophilic intermediate"", ""max_results"": 3}",False
Feedback revision,compound_only_enrich_mammalian_RAMP_P_000050021_seed8,1,1,1,search_literature,search_literature,Literature,"{""query"": ""putrescine polyamine biosynthesis metabolomics perturbation"", ""max_results"": 3}",False
Feedback revision,compound_only_enrich_mammalian_RAMP_P_000050021_seed8,1,2,0,query_pathway_membership,query_pathway_membership,Pathway evidence,"{""metabolite_id"":""C20319""}",False
Feedback revision,compound_only_enrich_mammalian_RAMP_P_000050021_seed8,1,2,1,query_pathway_membership,query_pathway_membership,Pathway evidence,"{""metabolite_id"":""C05851""}",False
Feedback revision,compound_only_enrich_mammalian_RAMP_P_000050021_seed8,1,3,0,query_pathway_membership,query_pathway_membership,Pathway evidence,"{""metabolite_id"":""C14853""}",False
Feedback revision,compound_only_enrich_mammalian_RAMP_P_000050021_seed8,1,3,1,query_pathway_membership,query_pathway_membership,Pathway evidence,"{""metabolite_id"":""C00134""}",False
Feedback revision,compound_only_enrich_mammalian_RAMP_P_000050021_seed9,1,1,0,search_literature,search_literature,Literature,"{""max_results"":5,""query"":""Gentisic acid metabolic pathway oxidative stress aromatic compound""}",False
Feedback revision,compound_only_enrich_mammalian_RAMP_P_000050021_seed9,1,2,0,search_literature,search_literature,Literature,"{""max_results"":3,""query"":""xenobiotic metabolism shift cytochrome P450 induction metabolomics treatment group""}",False
Feedback revision,compound_only_enrich_mammalian_RAMP_P_000050021_seed9,1,3,0,query_pathway_membership,query_pathway_membership,Pathway evidence,"{""co_observed_ids"":[""C05851"",""C20319"",""C01324"",""C14819""],""metabolite_id"":""C00628""}",False
Feedback revision,compound_only_enrich_mammalian_RAMP_P_000050099_seed6,1,1,0,search_literature,search_literature,Literature,"{""max_results"":3,""query"":""Ureidoisobutyric acid pyrimidine metabolism thymine catabolism""}",False
Feedback revision,compound_only_enrich_mammalian_RAMP_P_000053042_seed9,1,1,0,query_ramp_enrichment,query_ramp_enrichment,Enrichment,"{""top_k"":3,""compound_kegg_ids"":[""C05851"",""C07310"",""C04397"",""C15571"",""C03917"",""C00280"",""C06973"",""C00468"",""C00535"",""C01227""]}",False
Feedback revision,compound_only_enrich_mammalian_RAMP_P_000053042_seed9,1,2,0,search_literature,search_literature,Literature,"{""max_results"":3,""query"":""Spironolactone androgen pathway mechanism""}",False
Feedback revision,compound_only_enrich_mammalian_RAMP_P_000053306_seed1,1,1,0,search_literature,search_literature,Literature,"{""query"":""Spironolactone CYP17 inhibition mechanism""}",False
Feedback revision,compound_only_enrich_mammalian_RAMP_P_000053306_seed7,1,1,0,query_pathway_membership,query_pathway_membership,Pathway evidence,"{""max_pathways"":10,""metabolite_id"":""C05377""}",False
Feedback revision,compound_only_enrich_mammalian_RAMP_P_000053306_seed7,1,2,0,search_literature,search_literature,Literature,"{""max_results"":3,""query"":""menadione oxidative stress metabolism vitamin K""}",False
Feedback revision,compound_only_enrich_mammalian_lm_pathway_WP167_seed0,1,1,0,query_ramp_enrichment,query_ramp_enrichment,Enrichment,"{""compound_kegg_ids"":[""C14717"",""C04742"",""C04805"",""C00112"",""C00219"",""C14782"",""C00909""],""top_k"":5}",False
Feedback revision,compound_only_enrich_mammalian_lm_pathway_WP167_seed0,1,2,0,query_pathway_membership,query_pathway_membership,Pathway evidence,"{""max_pathways"":5,""metabolite_id"":""C00219""}",False
Feedback revision,compound_only_enrich_mammalian_lm_pathway_WP167_seed1,1,1,0,search_literature,search_literature,Literature,"{""max_results"":3,""query"":""5-lipoxygenase inflammatory cytokine production""}",False
Feedback revision,compound_only_enrich_mammalian_lm_pathway_WP167_seed1,1,2,0,search_literature,search_literature,Literature,"{""query"":""eicosanoid perturbation arachidonic acid phospholipase A2"",""max_results"":3}",False
Feedback revision,compound_only_enrich_mammalian_lm_pathway_WP167_seed1,1,3,0,query_kegg_path,query_kegg_path,Pathway evidence,"{""compound_a"":""C00219"",""compound_b"":""C00909""}",False
Feedback revision,compound_only_enrich_mammalian_lm_pathway_WP167_seed2,1,1,0,search_literature,search_literature,Literature,"{""max_results"":3,""query"":""15-lipoxygenase 15-HETE resolution phase signaling""}",False
Feedback revision,compound_only_enrich_mammalian_lm_pathway_WP167_seed2,1,2,0,search_literature,search_literature,Literature,"{""max_results"":3,""query"":""4-hydroxybenzoic acid metabolism biological role""}",False
Feedback revision,compound_only_enrich_mammalian_lm_pathway_WP167_seed2,2,1,0,search_literature,search_literature,Literature,"{""max_results"":3,""query"":""15-HETE resolution inflammation signaling""}",False
Feedback revision,compound_only_enrich_mammalian_lm_pathway_WP167_seed3,1,1,0,search_literature,search_literature,Literature,"{""max_results"":5,""query"":""2-ketobutyric acid inflammatory signaling oxidative stress metabolism""}",False
Feedback revision,compound_only_enrich_mammalian_lm_pathway_WP167_seed3,1,1,1,search_literature,search_literature,Literature,"{""max_results"":5,""query"":""4-hydroxybenzoic acid oxidative stress inflammatory metabolism""}",False
Feedback revision,compound_only_enrich_mammalian_lm_pathway_WP167_seed3,1,2,0,search_literature,search_literature,Literature,"{""query"":""2-ketobutyric acid alpha-ketobutyric acid amino acid metabolism"",""max_results"":5}",False
Feedback revision,compound_only_enrich_mammalian_lm_pathway_WP167_seed3,1,2,1,search_literature,search_literature,Literature,"{""max_results"":5,""query"":""4-hydroxybenzoic acid phenolic acid metabolism gut microbiota""}",False
Feedback revision,compound_only_enrich_mammalian_lm_pathway_WP167_seed4,1,1,0,search_literature,search_literature,Literature,"{""max_results"":5,""query"":""arachidonic acid leukotriene HETE LOX COX pathway inflammation""}",False
Feedback revision,compound_only_enrich_mammalian_lm_pathway_WP167_seed4,1,2,0,query_ramp_enrichment,query_ramp_enrichment,Enrichment,"{""compound_kegg_ids"":[""C19697"",""C00070"",""C00388"",""C00909"",""C04742"",""C00628"",""C14717"",""C00906"",""C00219"",""C04805""],""top_k"":5}",False
Feedback revision,compound_only_enrich_mammalian_lm_pathway_WP167_seed5,1,1,0,search_literature,search_literature,Literature,"{""query"":""HETEs lipoxygenase arachidonic acid inflammation"",""max_results"":3}",False
Feedback revision,compound_only_enrich_mammalian_lm_pathway_WP167_seed5,1,1,1,search_literature,search_literature,Literature,"{""max_results"":3,""query"":""angiotensin II leukotriene vascular inflammation""}",False
Feedback revision,compound_only_enrich_mammalian_lm_pathway_WP167_seed5,1,2,0,search_literature,search_literature,Literature,"{""max_results"":3,""query"":""arachidonic acid HETEs lipoxygenase oxidation lipid mediators""}",False
Feedback revision,compound_only_enrich_mammalian_lm_pathway_WP167_seed6,1,1,0,search_literature,search_literature,Literature,"{""query"":""Acetylcysteine glutathione synthesis""}",False
Feedback revision,compound_only_enrich_mammalian_lm_pathway_WP167_seed6,1,1,1,search_literature,search_literature,Literature,"{""query"":""Eicosanoid production arachidonic acid""}",False
Feedback revision,compound_only_enrich_mammalian_lm_pathway_WP167_seed7,1,1,0,search_literature,search_literature,Literature,"{""max_results"":3,""query"":""NSAID analgesic arachidonic acid eicosanoid synthesis metabolomics""}",False
Feedback revision,compound_only_enrich_mammalian_lm_pathway_WP167_seed7,1,1,1,search_literature,search_literature,Literature,"{""max_results"":3,""query"":""5-HETE pro-inflammatory immunomodulatory arachidonic acid lipoxygenase""}",False
Feedback revision,compound_only_enrich_mammalian_lm_pathway_WP167_seed7,1,2,0,query_ramp_enrichment,query_ramp_enrichment,Enrichment,"{""top_k"":3,""compound_kegg_ids"":[""C00219"",""C05529"",""C02170"",""C00909"",""C04295"",""C14717"",""C04805"",""C04742"",""C00385""]}",False
Feedback revision,compound_only_enrich_mammalian_lm_pathway_WP167_seed9,2,1,0,search_literature,search_literature,Literature,"{""max_results"":3,""query"":""eicosanoid pathways metabolism inflammation""}",False
Feedback revision,compound_only_enrich_mammalian_lm_pathway_WP167_seed9,2,1,1,search_literature,search_literature,Literature,"{""max_results"":3,""query"":""Phenytoin metabolomics lipid arachidonic acid""}",False
Feedback revision,compound_only_enrich_mammalian_lm_pathway_WP167_seed9,2,1,2,search_literature,search_literature,Literature,"{""max_results"":3,""query"":""3-Methyladenine autophagy PI3K eicosanoid""}",False
