=== formula / none ===
2026-05-12 09:14:05,454 [INFO] METAGENT_MSCLIP_CKPT = /home/weiwentao/workspace/reconstruct/ms-pred/results/v4_msg_retrain_20260511_200835/version_0/best.ckpt
2026-05-12 09:14:05,454 [INFO] candidate pool = formula (/home/weiwentao/workspace/ms-pred/data/spec_datasets/msg/retrieval/MassSpecGym_retrieval_candidates_formula.json)
2026-05-12 09:14:05,454 [INFO] reranker = none
2026-05-12 09:14:05,742 [INFO] MSG: 17556 total test spectra
2026-05-12 09:14:05,743 [INFO] MSG: sampled 500 spectra (seed=42)
2026-05-12 09:14:06,587 [INFO] MSG: loaded 500 spectra (of 500 sampled)
2026-05-12 09:14:06,588 [INFO] running 500 MSG spectra
2026-05-12 09:14:06,588 [INFO] loading MSG candidates from /home/weiwentao/workspace/ms-pred/data/spec_datasets/msg/retrieval/MassSpecGym_retrieval_candidates_formula.json
2026-05-12 09:14:07,965 [INFO] loaded 32010 compound entries
2026-05-12 09:14:08,091 [INFO] ms-clip: auto-picked GPU 7 (free 24092 MiB)
2026-05-12 09:14:08,091 [INFO] ms-clip: using CUDA_VISIBLE_DEVICES=7
2026-05-12 09:14:08,091 [INFO] ms-clip: launching predict_smi (n_candidates=84)
2026-05-12 09:14:19,686 [INFO] ms-clip: auto-picked GPU 7 (free 24092 MiB)
2026-05-12 09:14:19,686 [INFO] ms-clip: using CUDA_VISIBLE_DEVICES=7
2026-05-12 09:14:19,686 [INFO] ms-clip: launching predict_smi (n_candidates=256)
2026-05-12 09:14:31,697 [WARNING] ms-clip dropped SMILES O=C(NCCCNc1n[n+]([O-])c2ccccc2[n+]1[O-])c1cccc2cc3ccccc3nc12; emitting sentinel -1.0
2026-05-12 09:14:31,840 [INFO] ms-clip: auto-picked GPU 7 (free 20364 MiB)
2026-05-12 09:14:31,841 [INFO] ms-clip: using CUDA_VISIBLE_DEVICES=7
2026-05-12 09:14:31,841 [INFO] ms-clip: launching predict_smi (n_candidates=256)
2026-05-12 09:14:43,603 [INFO] ms-clip: auto-picked GPU 7 (free 20364 MiB)
2026-05-12 09:14:43,604 [INFO] ms-clip: using CUDA_VISIBLE_DEVICES=7
2026-05-12 09:14:43,604 [INFO] ms-clip: launching predict_smi (n_candidates=256)
2026-05-12 09:14:55,368 [INFO] ms-clip: auto-picked GPU 7 (free 20364 MiB)
2026-05-12 09:14:55,369 [INFO] ms-clip: using CUDA_VISIBLE_DEVICES=7
2026-05-12 09:14:55,369 [INFO] ms-clip: launching predict_smi (n_candidates=187)
2026-05-12 09:15:07,144 [INFO] ms-clip: auto-picked GPU 7 (free 20364 MiB)
2026-05-12 09:15:07,144 [INFO] ms-clip: using CUDA_VISIBLE_DEVICES=7
2026-05-12 09:15:07,144 [INFO] ms-clip: launching predict_smi (n_candidates=18)
2026-05-12 09:15:18,901 [INFO] ms-clip: auto-picked GPU 7 (free 20364 MiB)
2026-05-12 09:15:18,902 [INFO] ms-clip: using CUDA_VISIBLE_DEVICES=7
2026-05-12 09:15:18,902 [INFO] ms-clip: launching predict_smi (n_candidates=17)
2026-05-12 09:15:30,648 [INFO] ms-clip: auto-picked GPU 7 (free 20364 MiB)
2026-05-12 09:15:30,648 [INFO] ms-clip: using CUDA_VISIBLE_DEVICES=7
2026-05-12 09:15:30,648 [INFO] ms-clip: launching predict_smi (n_candidates=256)
2026-05-12 09:15:42,515 [INFO] ms-clip: auto-picked GPU 7 (free 20364 MiB)
2026-05-12 09:15:42,515 [INFO] ms-clip: using CUDA_VISIBLE_DEVICES=7
2026-05-12 09:15:42,515 [INFO] ms-clip: launching predict_smi (n_candidates=56)
2026-05-12 09:15:54,616 [INFO] ms-clip: auto-picked GPU 7 (free 20364 MiB)
2026-05-12 09:15:54,616 [INFO] ms-clip: using CUDA_VISIBLE_DEVICES=7
2026-05-12 09:15:54,617 [INFO] ms-clip: launching predict_smi (n_candidates=67)
2026-05-12 09:16:06,681 [INFO] spec 10/500  MassSpecGymID0034879  pool=67  pred=MFFMDFFZMYYVKS  correct=True  t=12.2s
2026-05-12 09:16:06,812 [INFO] ms-clip: auto-picked GPU 7 (free 20364 MiB)
2026-05-12 09:16:06,813 [INFO] ms-clip: using CUDA_VISIBLE_DEVICES=7
2026-05-12 09:16:06,813 [INFO] ms-clip: launching predict_smi (n_candidates=256)
2026-05-12 09:16:18,875 [INFO] ms-clip: auto-picked GPU 7 (free 20364 MiB)
2026-05-12 09:16:18,875 [INFO] ms-clip: using CUDA_VISIBLE_DEVICES=7
2026-05-12 09:16:18,876 [INFO] ms-clip: launching predict_smi (n_candidates=256)
2026-05-12 09:16:30,648 [INFO] ms-clip: auto-picked GPU 7 (free 20364 MiB)
2026-05-12 09:16:30,648 [INFO] ms-clip: using CUDA_VISIBLE_DEVICES=7
2026-05-12 09:16:30,649 [INFO] ms-clip: launching predict_smi (n_candidates=256)
2026-05-12 09:16:42,902 [INFO] ms-clip: auto-picked GPU 7 (free 20364 MiB)
2026-05-12 09:16:42,902 [INFO] ms-clip: using CUDA_VISIBLE_DEVICES=7
2026-05-12 09:16:42,902 [INFO] ms-clip: launching predict_smi (n_candidates=225)
2026-05-12 09:16:54,735 [INFO] ms-clip: auto-picked GPU 7 (free 20364 MiB)
2026-05-12 09:16:54,735 [INFO] ms-clip: using CUDA_VISIBLE_DEVICES=7
2026-05-12 09:16:54,735 [INFO] ms-clip: launching predict_smi (n_candidates=79)
2026-05-12 09:17:06,450 [INFO] ms-clip: auto-picked GPU 7 (free 20364 MiB)
2026-05-12 09:17:06,450 [INFO] ms-clip: using CUDA_VISIBLE_DEVICES=7
2026-05-12 09:17:06,450 [INFO] ms-clip: launching predict_smi (n_candidates=256)
2026-05-12 09:17:18,715 [WARNING] ms-clip dropped SMILES O=C(NCCCNc1n[n+]([O-])c2ccccc2[n+]1[O-])c1cccc2cc3ccccc3nc12; emitting sentinel -1.0
2026-05-12 09:17:18,852 [INFO] ms-clip: auto-picked GPU 7 (free 20364 MiB)
2026-05-12 09:17:18,852 [INFO] ms-clip: using CUDA_VISIBLE_DEVICES=7
2026-05-12 09:17:18,852 [INFO] ms-clip: launching predict_smi (n_candidates=256)
2026-05-12 09:17:31,010 [INFO] ms-clip: auto-picked GPU 7 (free 20364 MiB)
2026-05-12 09:17:31,010 [INFO] ms-clip: using CUDA_VISIBLE_DEVICES=7
2026-05-12 09:17:31,010 [INFO] ms-clip: launching predict_smi (n_candidates=6)
2026-05-12 09:17:42,633 [INFO] ms-clip: auto-picked GPU 7 (free 20364 MiB)
2026-05-12 09:17:42,634 [INFO] ms-clip: using CUDA_VISIBLE_DEVICES=7
2026-05-12 09:17:42,634 [INFO] ms-clip: launching predict_smi (n_candidates=256)
2026-05-12 09:17:54,925 [INFO] ms-clip: auto-picked GPU 7 (free 20364 MiB)
2026-05-12 09:17:54,925 [INFO] ms-clip: using CUDA_VISIBLE_DEVICES=7
2026-05-12 09:17:54,926 [INFO] ms-clip: launching predict_smi (n_candidates=42)
2026-05-12 09:18:06,925 [INFO] spec 20/500  MassSpecGymID0345113  pool=42  pred=LACNBXNHOAZRKX  correct=False  t=12.1s
2026-05-12 09:18:07,056 [INFO] ms-clip: auto-picked GPU 7 (free 20364 MiB)
2026-05-12 09:18:07,057 [INFO] ms-clip: using CUDA_VISIBLE_DEVICES=7
2026-05-12 09:18:07,057 [INFO] ms-clip: launching predict_smi (n_candidates=256)
2026-05-12 09:18:19,171 [INFO] ms-clip: auto-picked GPU 7 (free 20364 MiB)
2026-05-12 09:18:19,171 [INFO] ms-clip: using CUDA_VISIBLE_DEVICES=7
2026-05-12 09:18:19,171 [INFO] ms-clip: launching predict_smi (n_candidates=30)
2026-05-12 09:18:30,758 [INFO] ms-clip: auto-picked GPU 7 (free 20364 MiB)
2026-05-12 09:18:30,759 [INFO] ms-clip: using CUDA_VISIBLE_DEVICES=7
2026-05-12 09:18:30,759 [INFO] ms-clip: launching predict_smi (n_candidates=66)
2026-05-12 09:18:42,899 [INFO] ms-clip: auto-picked GPU 7 (free 20364 MiB)
2026-05-12 09:18:42,899 [INFO] ms-clip: using CUDA_VISIBLE_DEVICES=7
2026-05-12 09:18:42,899 [INFO] ms-clip: launching predict_smi (n_candidates=11)
2026-05-12 09:18:54,732 [INFO] ms-clip: auto-picked GPU 7 (free 20364 MiB)
2026-05-12 09:18:54,732 [INFO] ms-clip: using CUDA_VISIBLE_DEVICES=7
2026-05-12 09:18:54,732 [INFO] ms-clip: launching predict_smi (n_candidates=2)
2026-05-12 09:19:05,958 [INFO] ms-clip: auto-picked GPU 7 (free 20808 MiB)
2026-05-12 09:19:05,958 [INFO] ms-clip: using CUDA_VISIBLE_DEVICES=7
2026-05-12 09:19:05,958 [INFO] ms-clip: launching predict_smi (n_candidates=28)
2026-05-12 09:19:17,922 [INFO] ms-clip: auto-picked GPU 7 (free 21144 MiB)
2026-05-12 09:19:17,922 [INFO] ms-clip: using CUDA_VISIBLE_DEVICES=7
2026-05-12 09:19:17,922 [INFO] ms-clip: launching predict_smi (n_candidates=24)
2026-05-12 09:19:29,756 [INFO] ms-clip: auto-picked GPU 7 (free 21160 MiB)
2026-05-12 09:19:29,756 [INFO] ms-clip: using CUDA_VISIBLE_DEVICES=7
2026-05-12 09:19:29,756 [INFO] ms-clip: launching predict_smi (n_candidates=256)
2026-05-12 09:19:42,197 [INFO] ms-clip: auto-picked GPU 7 (free 21096 MiB)
2026-05-12 09:19:42,197 [INFO] ms-clip: using CUDA_VISIBLE_DEVICES=7
2026-05-12 09:19:42,198 [INFO] ms-clip: launching predict_smi (n_candidates=256)
2026-05-12 09:19:54,638 [INFO] ms-clip: auto-picked GPU 7 (free 21256 MiB)
2026-05-12 09:19:54,638 [INFO] ms-clip: using CUDA_VISIBLE_DEVICES=7
2026-05-12 09:19:54,638 [INFO] ms-clip: launching predict_smi (n_candidates=256)
2026-05-12 09:20:06,802 [INFO] spec 30/500  MassSpecGymID0091919  pool=256  pred=ZPTDASSGGDGXDM  correct=False  t=12.3s
2026-05-12 09:20:06,935 [INFO] ms-clip: auto-picked GPU 7 (free 20808 MiB)
2026-05-12 09:20:06,935 [INFO] ms-clip: using CUDA_VISIBLE_DEVICES=7
2026-05-12 09:20:06,935 [INFO] ms-clip: launching predict_smi (n_candidates=256)
2026-05-12 09:20:19,535 [INFO] ms-clip: auto-picked GPU 7 (free 20808 MiB)
2026-05-12 09:20:19,536 [INFO] ms-clip: using CUDA_VISIBLE_DEVICES=7
2026-05-12 09:20:19,536 [INFO] ms-clip: launching predict_smi (n_candidates=256)
2026-05-12 09:20:31,689 [INFO] ms-clip: auto-picked GPU 7 (free 20808 MiB)
2026-05-12 09:20:31,689 [INFO] ms-clip: using CUDA_VISIBLE_DEVICES=7
2026-05-12 09:20:31,689 [INFO] ms-clip: launching predict_smi (n_candidates=256)
2026-05-12 09:20:43,664 [INFO] ms-clip: auto-picked GPU 7 (free 20808 MiB)
2026-05-12 09:20:43,665 [INFO] ms-clip: using CUDA_VISIBLE_DEVICES=7
2026-05-12 09:20:43,665 [INFO] ms-clip: launching predict_smi (n_candidates=47)
2026-05-12 09:20:55,167 [INFO] ms-clip: auto-picked GPU 7 (free 21838 MiB)
2026-05-12 09:20:55,168 [INFO] ms-clip: using CUDA_VISIBLE_DEVICES=7
2026-05-12 09:20:55,168 [INFO] ms-clip: launching predict_smi (n_candidates=6)
2026-05-12 09:21:06,914 [INFO] ms-clip: auto-picked GPU 7 (free 22810 MiB)
2026-05-12 09:21:06,914 [INFO] ms-clip: using CUDA_VISIBLE_DEVICES=7
2026-05-12 09:21:06,914 [INFO] ms-clip: launching predict_smi (n_candidates=256)
2026-05-12 09:21:18,742 [INFO] ms-clip: auto-picked GPU 7 (free 24092 MiB)
2026-05-12 09:21:18,742 [INFO] ms-clip: using CUDA_VISIBLE_DEVICES=7
2026-05-12 09:21:18,742 [INFO] ms-clip: launching predict_smi (n_candidates=10)
2026-05-12 09:21:30,564 [INFO] ms-clip: auto-picked GPU 7 (free 24092 MiB)
2026-05-12 09:21:30,564 [INFO] ms-clip: using CUDA_VISIBLE_DEVICES=7
2026-05-12 09:21:30,564 [INFO] ms-clip: launching predict_smi (n_candidates=61)
2026-05-12 09:21:42,377 [INFO] ms-clip: auto-picked GPU 7 (free 24092 MiB)
2026-05-12 09:21:42,377 [INFO] ms-clip: using CUDA_VISIBLE_DEVICES=7
2026-05-12 09:21:42,378 [INFO] ms-clip: launching predict_smi (n_candidates=90)
2026-05-12 09:21:54,298 [INFO] ms-clip: auto-picked GPU 7 (free 24092 MiB)
2026-05-12 09:21:54,299 [INFO] ms-clip: using CUDA_VISIBLE_DEVICES=7
2026-05-12 09:21:54,299 [INFO] ms-clip: launching predict_smi (n_candidates=256)
2026-05-12 09:22:06,423 [INFO] spec 40/500  MassSpecGymID0258453  pool=256  pred=QOVKKEKBURQILF  correct=True  t=12.3s
2026-05-12 09:22:06,548 [INFO] ms-clip: auto-picked GPU 7 (free 24092 MiB)
2026-05-12 09:22:06,549 [INFO] ms-clip: using CUDA_VISIBLE_DEVICES=7
2026-05-12 09:22:06,549 [INFO] ms-clip: launching predict_smi (n_candidates=107)
2026-05-12 09:22:18,020 [INFO] ms-clip: auto-picked GPU 7 (free 24092 MiB)
2026-05-12 09:22:18,020 [INFO] ms-clip: using CUDA_VISIBLE_DEVICES=7
2026-05-12 09:22:18,020 [INFO] ms-clip: launching predict_smi (n_candidates=256)
2026-05-12 09:22:29,491 [WARNING] ms-clip dropped SMILES CCn1c(CN2[C]N(Cc3cccc(C)n3)c3ccccc32)nc2ccccc21; emitting sentinel -1.0
2026-05-12 09:22:29,628 [INFO] ms-clip: auto-picked GPU 7 (free 24092 MiB)
2026-05-12 09:22:29,629 [INFO] ms-clip: using CUDA_VISIBLE_DEVICES=7
2026-05-12 09:22:29,629 [INFO] ms-clip: launching predict_smi (n_candidates=6)
2026-05-12 09:22:41,324 [INFO] ms-clip: auto-picked GPU 7 (free 24092 MiB)
2026-05-12 09:22:41,324 [INFO] ms-clip: using CUDA_VISIBLE_DEVICES=7
2026-05-12 09:22:41,325 [INFO] ms-clip: launching predict_smi (n_candidates=256)
2026-05-12 09:22:53,416 [INFO] ms-clip: auto-picked GPU 7 (free 24092 MiB)
2026-05-12 09:22:53,416 [INFO] ms-clip: using CUDA_VISIBLE_DEVICES=7
2026-05-12 09:22:53,416 [INFO] ms-clip: launching predict_smi (n_candidates=256)
2026-05-12 09:23:05,648 [INFO] ms-clip: auto-picked GPU 7 (free 24092 MiB)
2026-05-12 09:23:05,648 [INFO] ms-clip: using CUDA_VISIBLE_DEVICES=7
2026-05-12 09:23:05,648 [INFO] ms-clip: launching predict_smi (n_candidates=256)
2026-05-12 09:23:17,705 [INFO] ms-clip: auto-picked GPU 7 (free 24092 MiB)
2026-05-12 09:23:17,705 [INFO] ms-clip: using CUDA_VISIBLE_DEVICES=7
2026-05-12 09:23:17,705 [INFO] ms-clip: launching predict_smi (n_candidates=256)
2026-05-12 09:23:29,563 [INFO] ms-clip: auto-picked GPU 7 (free 24092 MiB)
2026-05-12 09:23:29,563 [INFO] ms-clip: using CUDA_VISIBLE_DEVICES=7
2026-05-12 09:23:29,563 [INFO] ms-clip: launching predict_smi (n_candidates=256)
2026-05-12 09:23:41,596 [INFO] ms-clip: auto-picked GPU 7 (free 24092 MiB)
2026-05-12 09:23:41,596 [INFO] ms-clip: using CUDA_VISIBLE_DEVICES=7
2026-05-12 09:23:41,596 [INFO] ms-clip: launching predict_smi (n_candidates=192)
2026-05-12 09:23:53,024 [INFO] ms-clip: auto-picked GPU 7 (free 24092 MiB)
2026-05-12 09:23:53,024 [INFO] ms-clip: using CUDA_VISIBLE_DEVICES=7
2026-05-12 09:23:53,024 [INFO] ms-clip: launching predict_smi (n_candidates=7)
2026-05-12 09:24:04,675 [INFO] spec 50/500  MassSpecGymID0210737  pool=7  pred=BURFVHLJIGXODD  correct=True  t=11.8s
2026-05-12 09:24:04,806 [INFO] ms-clip: auto-picked GPU 7 (free 24092 MiB)
2026-05-12 09:24:04,806 [INFO] ms-clip: using CUDA_VISIBLE_DEVICES=7
2026-05-12 09:24:04,806 [INFO] ms-clip: launching predict_smi (n_candidates=256)
2026-05-12 09:24:17,417 [INFO] ms-clip: auto-picked GPU 7 (free 24092 MiB)
2026-05-12 09:24:17,417 [INFO] ms-clip: using CUDA_VISIBLE_DEVICES=7
2026-05-12 09:24:17,417 [INFO] ms-clip: launching predict_smi (n_candidates=256)
2026-05-12 09:24:29,801 [INFO] ms-clip: auto-picked GPU 7 (free 24092 MiB)
2026-05-12 09:24:29,802 [INFO] ms-clip: using CUDA_VISIBLE_DEVICES=7
2026-05-12 09:24:29,802 [INFO] ms-clip: launching predict_smi (n_candidates=28)
2026-05-12 09:24:41,132 [INFO] ms-clip: auto-picked GPU 7 (free 24092 MiB)
2026-05-12 09:24:41,132 [INFO] ms-clip: using CUDA_VISIBLE_DEVICES=7
2026-05-12 09:24:41,132 [INFO] ms-clip: launching predict_smi (n_candidates=125)
2026-05-12 09:24:52,944 [INFO] ms-clip: auto-picked GPU 7 (free 24092 MiB)
2026-05-12 09:24:52,945 [INFO] ms-clip: using CUDA_VISIBLE_DEVICES=7
2026-05-12 09:24:52,945 [INFO] ms-clip: launching predict_smi (n_candidates=256)
2026-05-12 09:25:06,375 [INFO] ms-clip: auto-picked GPU 7 (free 24092 MiB)
2026-05-12 09:25:06,376 [INFO] ms-clip: using CUDA_VISIBLE_DEVICES=7
2026-05-12 09:25:06,376 [INFO] ms-clip: launching predict_smi (n_candidates=256)
2026-05-12 09:25:19,178 [INFO] ms-clip: auto-picked GPU 7 (free 24092 MiB)
2026-05-12 09:25:19,178 [INFO] ms-clip: using CUDA_VISIBLE_DEVICES=7
2026-05-12 09:25:19,178 [INFO] ms-clip: launching predict_smi (n_candidates=256)
2026-05-12 09:25:31,861 [INFO] ms-clip: auto-picked GPU 7 (free 24092 MiB)
2026-05-12 09:25:31,862 [INFO] ms-clip: using CUDA_VISIBLE_DEVICES=7
2026-05-12 09:25:31,862 [INFO] ms-clip: launching predict_smi (n_candidates=256)
2026-05-12 09:25:44,281 [INFO] ms-clip: auto-picked GPU 7 (free 17392 MiB)
2026-05-12 09:25:44,281 [INFO] ms-clip: using CUDA_VISIBLE_DEVICES=7
2026-05-12 09:25:44,281 [INFO] ms-clip: launching predict_smi (n_candidates=256)
2026-05-12 09:25:56,280 [INFO] ms-clip: auto-picked GPU 7 (free 17392 MiB)
2026-05-12 09:25:56,280 [INFO] ms-clip: using CUDA_VISIBLE_DEVICES=7
2026-05-12 09:25:56,280 [INFO] ms-clip: launching predict_smi (n_candidates=256)
2026-05-12 09:26:07,977 [INFO] spec 60/500  MassSpecGymID0217950  pool=256  pred=NHHWVRWJDHWKPQ  correct=False  t=11.8s
2026-05-12 09:26:08,110 [INFO] ms-clip: auto-picked GPU 7 (free 15456 MiB)
2026-05-12 09:26:08,110 [INFO] ms-clip: using CUDA_VISIBLE_DEVICES=7
2026-05-12 09:26:08,110 [INFO] ms-clip: launching predict_smi (n_candidates=48)
2026-05-12 09:26:20,108 [INFO] ms-clip: auto-picked GPU 7 (free 17392 MiB)
2026-05-12 09:26:20,109 [INFO] ms-clip: using CUDA_VISIBLE_DEVICES=7
2026-05-12 09:26:20,109 [INFO] ms-clip: launching predict_smi (n_candidates=139)
2026-05-12 09:26:32,679 [INFO] ms-clip: auto-picked GPU 7 (free 24092 MiB)
2026-05-12 09:26:32,680 [INFO] ms-clip: using CUDA_VISIBLE_DEVICES=7
2026-05-12 09:26:32,680 [INFO] ms-clip: launching predict_smi (n_candidates=256)
2026-05-12 09:26:45,070 [INFO] ms-clip: auto-picked GPU 7 (free 17434 MiB)
2026-05-12 09:26:45,070 [INFO] ms-clip: using CUDA_VISIBLE_DEVICES=7
2026-05-12 09:26:45,071 [INFO] ms-clip: launching predict_smi (n_candidates=256)
2026-05-12 09:26:58,064 [INFO] ms-clip: auto-picked GPU 7 (free 24092 MiB)
2026-05-12 09:26:58,064 [INFO] ms-clip: using CUDA_VISIBLE_DEVICES=7
2026-05-12 09:26:58,064 [INFO] ms-clip: launching predict_smi (n_candidates=256)
2026-05-12 09:27:10,379 [INFO] ms-clip: auto-picked GPU 7 (free 15456 MiB)
2026-05-12 09:27:10,380 [INFO] ms-clip: using CUDA_VISIBLE_DEVICES=7
2026-05-12 09:27:10,380 [INFO] ms-clip: launching predict_smi (n_candidates=87)
2026-05-12 09:27:22,714 [INFO] ms-clip: auto-picked GPU 7 (free 17392 MiB)
2026-05-12 09:27:22,714 [INFO] ms-clip: using CUDA_VISIBLE_DEVICES=7
2026-05-12 09:27:22,714 [INFO] ms-clip: launching predict_smi (n_candidates=256)
2026-05-12 09:27:35,282 [INFO] ms-clip: auto-picked GPU 7 (free 24092 MiB)
2026-05-12 09:27:35,283 [INFO] ms-clip: using CUDA_VISIBLE_DEVICES=7
2026-05-12 09:27:35,283 [INFO] ms-clip: launching predict_smi (n_candidates=128)
2026-05-12 09:27:47,889 [INFO] ms-clip: auto-picked GPU 7 (free 24092 MiB)
2026-05-12 09:27:47,889 [INFO] ms-clip: using CUDA_VISIBLE_DEVICES=7
2026-05-12 09:27:47,889 [INFO] ms-clip: launching predict_smi (n_candidates=256)
2026-05-12 09:28:00,455 [INFO] ms-clip: auto-picked GPU 7 (free 24092 MiB)
2026-05-12 09:28:00,455 [INFO] ms-clip: using CUDA_VISIBLE_DEVICES=7
2026-05-12 09:28:00,455 [INFO] ms-clip: launching predict_smi (n_candidates=256)
2026-05-12 09:28:13,126 [INFO] spec 70/500  MassSpecGymID0230073  pool=256  pred=NMBMPOIBUFRGRH  correct=False  t=12.8s
2026-05-12 09:28:13,236 [INFO] ms-clip: auto-picked GPU 7 (free 24092 MiB)
2026-05-12 09:28:13,237 [INFO] ms-clip: using CUDA_VISIBLE_DEVICES=7
2026-05-12 09:28:13,237 [INFO] ms-clip: launching predict_smi (n_candidates=21)
2026-05-12 09:28:25,226 [INFO] ms-clip: auto-picked GPU 7 (free 17392 MiB)
2026-05-12 09:28:25,226 [INFO] ms-clip: using CUDA_VISIBLE_DEVICES=7
2026-05-12 09:28:25,226 [INFO] ms-clip: launching predict_smi (n_candidates=256)
2026-05-12 09:28:37,752 [INFO] ms-clip: auto-picked GPU 7 (free 17392 MiB)
2026-05-12 09:28:37,752 [INFO] ms-clip: using CUDA_VISIBLE_DEVICES=7
2026-05-12 09:28:37,752 [INFO] ms-clip: launching predict_smi (n_candidates=256)
2026-05-12 09:28:50,430 [INFO] ms-clip: auto-picked GPU 7 (free 24092 MiB)
2026-05-12 09:28:50,430 [INFO] ms-clip: using CUDA_VISIBLE_DEVICES=7
2026-05-12 09:28:50,430 [INFO] ms-clip: launching predict_smi (n_candidates=136)
2026-05-12 09:29:02,892 [INFO] ms-clip: auto-picked GPU 7 (free 17392 MiB)
2026-05-12 09:29:02,892 [INFO] ms-clip: using CUDA_VISIBLE_DEVICES=7
2026-05-12 09:29:02,892 [INFO] ms-clip: launching predict_smi (n_candidates=222)
2026-05-12 09:29:14,903 [INFO] ms-clip: auto-picked GPU 7 (free 17392 MiB)
2026-05-12 09:29:14,903 [INFO] ms-clip: using CUDA_VISIBLE_DEVICES=7
2026-05-12 09:29:14,903 [INFO] ms-clip: launching predict_smi (n_candidates=256)
2026-05-12 09:29:27,134 [INFO] ms-clip: auto-picked GPU 7 (free 15474 MiB)
2026-05-12 09:29:27,135 [INFO] ms-clip: using CUDA_VISIBLE_DEVICES=7
2026-05-12 09:29:27,135 [INFO] ms-clip: launching predict_smi (n_candidates=256)
2026-05-12 09:29:38,768 [INFO] ms-clip: auto-picked GPU 7 (free 17392 MiB)
2026-05-12 09:29:38,768 [INFO] ms-clip: using CUDA_VISIBLE_DEVICES=7
2026-05-12 09:29:38,769 [INFO] ms-clip: launching predict_smi (n_candidates=256)
2026-05-12 09:29:51,002 [INFO] ms-clip: auto-picked GPU 7 (free 17392 MiB)
2026-05-12 09:29:51,002 [INFO] ms-clip: using CUDA_VISIBLE_DEVICES=7
2026-05-12 09:29:51,003 [INFO] ms-clip: launching predict_smi (n_candidates=256)
2026-05-12 09:30:03,205 [INFO] ms-clip: auto-picked GPU 7 (free 20292 MiB)
2026-05-12 09:30:03,206 [INFO] ms-clip: using CUDA_VISIBLE_DEVICES=7
2026-05-12 09:30:03,206 [INFO] ms-clip: launching predict_smi (n_candidates=256)
2026-05-12 09:30:15,479 [INFO] spec 80/500  MassSpecGymID0207631  pool=256  pred=JEJVVLKQKGDPOE  correct=True  t=12.4s
2026-05-12 09:30:15,619 [INFO] ms-clip: auto-picked GPU 7 (free 17392 MiB)
2026-05-12 09:30:15,619 [INFO] ms-clip: using CUDA_VISIBLE_DEVICES=7
2026-05-12 09:30:15,620 [INFO] ms-clip: launching predict_smi (n_candidates=256)
2026-05-12 09:30:27,880 [INFO] ms-clip: auto-picked GPU 7 (free 17392 MiB)
2026-05-12 09:30:27,881 [INFO] ms-clip: using CUDA_VISIBLE_DEVICES=7
2026-05-12 09:30:27,881 [INFO] ms-clip: launching predict_smi (n_candidates=243)
2026-05-12 09:30:40,417 [INFO] ms-clip: auto-picked GPU 7 (free 17392 MiB)
2026-05-12 09:30:40,417 [INFO] ms-clip: using CUDA_VISIBLE_DEVICES=7
2026-05-12 09:30:40,418 [INFO] ms-clip: launching predict_smi (n_candidates=256)
2026-05-12 09:30:52,548 [INFO] ms-clip: auto-picked GPU 7 (free 17392 MiB)
2026-05-12 09:30:52,549 [INFO] ms-clip: using CUDA_VISIBLE_DEVICES=7
2026-05-12 09:30:52,549 [INFO] ms-clip: launching predict_smi (n_candidates=116)
2026-05-12 09:31:05,108 [INFO] ms-clip: auto-picked GPU 7 (free 17392 MiB)
2026-05-12 09:31:05,108 [INFO] ms-clip: using CUDA_VISIBLE_DEVICES=7
2026-05-12 09:31:05,108 [INFO] ms-clip: launching predict_smi (n_candidates=256)
2026-05-12 09:31:17,224 [INFO] ms-clip: auto-picked GPU 7 (free 15488 MiB)
2026-05-12 09:31:17,224 [INFO] ms-clip: using CUDA_VISIBLE_DEVICES=7
2026-05-12 09:31:17,224 [INFO] ms-clip: launching predict_smi (n_candidates=256)
2026-05-12 09:31:30,046 [INFO] ms-clip: auto-picked GPU 7 (free 24092 MiB)
2026-05-12 09:31:30,047 [INFO] ms-clip: using CUDA_VISIBLE_DEVICES=7
2026-05-12 09:31:30,047 [INFO] ms-clip: launching predict_smi (n_candidates=171)
2026-05-12 09:31:41,967 [INFO] ms-clip: auto-picked GPU 7 (free 24092 MiB)
2026-05-12 09:31:41,967 [INFO] ms-clip: using CUDA_VISIBLE_DEVICES=7
2026-05-12 09:31:41,967 [INFO] ms-clip: launching predict_smi (n_candidates=256)
2026-05-12 09:31:54,536 [INFO] ms-clip: auto-picked GPU 7 (free 24092 MiB)
2026-05-12 09:31:54,536 [INFO] ms-clip: using CUDA_VISIBLE_DEVICES=7
2026-05-12 09:31:54,536 [INFO] ms-clip: launching predict_smi (n_candidates=108)
2026-05-12 09:32:07,077 [INFO] ms-clip: auto-picked GPU 7 (free 24092 MiB)
2026-05-12 09:32:07,077 [INFO] ms-clip: using CUDA_VISIBLE_DEVICES=7
2026-05-12 09:32:07,077 [INFO] ms-clip: launching predict_smi (n_candidates=256)
2026-05-12 09:32:19,186 [INFO] spec 90/500  MassSpecGymID0276007  pool=256  pred=SHTMQLNCDNFTHH  correct=False  t=12.2s
2026-05-12 09:32:19,296 [INFO] ms-clip: auto-picked GPU 7 (free 24092 MiB)
2026-05-12 09:32:19,297 [INFO] ms-clip: using CUDA_VISIBLE_DEVICES=7
2026-05-12 09:32:19,297 [INFO] ms-clip: launching predict_smi (n_candidates=229)
2026-05-12 09:32:31,656 [INFO] ms-clip: auto-picked GPU 7 (free 24092 MiB)
2026-05-12 09:32:31,657 [INFO] ms-clip: using CUDA_VISIBLE_DEVICES=7
2026-05-12 09:32:31,657 [INFO] ms-clip: launching predict_smi (n_candidates=256)
2026-05-12 09:32:43,989 [INFO] ms-clip: auto-picked GPU 7 (free 17392 MiB)
2026-05-12 09:32:43,989 [INFO] ms-clip: using CUDA_VISIBLE_DEVICES=7
2026-05-12 09:32:43,989 [INFO] ms-clip: launching predict_smi (n_candidates=256)
2026-05-12 09:32:56,748 [INFO] ms-clip: auto-picked GPU 7 (free 24092 MiB)
2026-05-12 09:32:56,749 [INFO] ms-clip: using CUDA_VISIBLE_DEVICES=7
2026-05-12 09:32:56,749 [INFO] ms-clip: launching predict_smi (n_candidates=137)
2026-05-12 09:33:09,527 [INFO] ms-clip: auto-picked GPU 7 (free 24092 MiB)
2026-05-12 09:33:09,528 [INFO] ms-clip: using CUDA_VISIBLE_DEVICES=7
2026-05-12 09:33:09,528 [INFO] ms-clip: launching predict_smi (n_candidates=256)
2026-05-12 09:33:21,874 [INFO] ms-clip: auto-picked GPU 7 (free 24092 MiB)
2026-05-12 09:33:21,874 [INFO] ms-clip: using CUDA_VISIBLE_DEVICES=7
2026-05-12 09:33:21,874 [INFO] ms-clip: launching predict_smi (n_candidates=256)
2026-05-12 09:33:34,193 [INFO] ms-clip: auto-picked GPU 7 (free 17392 MiB)
2026-05-12 09:33:34,193 [INFO] ms-clip: using CUDA_VISIBLE_DEVICES=7
2026-05-12 09:33:34,193 [INFO] ms-clip: launching predict_smi (n_candidates=256)
2026-05-12 09:33:46,948 [INFO] ms-clip: auto-picked GPU 7 (free 24092 MiB)
2026-05-12 09:33:46,948 [INFO] ms-clip: using CUDA_VISIBLE_DEVICES=7
2026-05-12 09:33:46,948 [INFO] ms-clip: launching predict_smi (n_candidates=190)
2026-05-12 09:33:58,863 [INFO] ms-clip: auto-picked GPU 7 (free 24092 MiB)
2026-05-12 09:33:58,863 [INFO] ms-clip: using CUDA_VISIBLE_DEVICES=7
2026-05-12 09:33:58,863 [INFO] ms-clip: launching predict_smi (n_candidates=20)
2026-05-12 09:34:10,471 [INFO] ms-clip: auto-picked GPU 7 (free 17416 MiB)
2026-05-12 09:34:10,472 [INFO] ms-clip: using CUDA_VISIBLE_DEVICES=7
2026-05-12 09:34:10,472 [INFO] ms-clip: launching predict_smi (n_candidates=127)
2026-05-12 09:34:23,392 [INFO] spec 100/500  MassSpecGymID0189208  pool=127  pred=VCDMHIARBYKHSB  correct=False  t=13.1s
2026-05-12 09:34:23,502 [INFO] ms-clip: auto-picked GPU 7 (free 24092 MiB)
2026-05-12 09:34:23,502 [INFO] ms-clip: using CUDA_VISIBLE_DEVICES=7
2026-05-12 09:34:23,503 [INFO] ms-clip: launching predict_smi (n_candidates=56)
2026-05-12 09:34:36,254 [INFO] ms-clip: auto-picked GPU 7 (free 24092 MiB)
2026-05-12 09:34:36,255 [INFO] ms-clip: using CUDA_VISIBLE_DEVICES=7
2026-05-12 09:34:36,255 [INFO] ms-clip: launching predict_smi (n_candidates=256)
2026-05-12 09:34:48,572 [INFO] ms-clip: auto-picked GPU 7 (free 24092 MiB)
2026-05-12 09:34:48,572 [INFO] ms-clip: using CUDA_VISIBLE_DEVICES=7
2026-05-12 09:34:48,572 [INFO] ms-clip: launching predict_smi (n_candidates=256)
2026-05-12 09:35:01,277 [INFO] ms-clip: auto-picked GPU 7 (free 24092 MiB)
2026-05-12 09:35:01,277 [INFO] ms-clip: using CUDA_VISIBLE_DEVICES=7
2026-05-12 09:35:01,277 [INFO] ms-clip: launching predict_smi (n_candidates=256)
2026-05-12 09:35:14,439 [INFO] ms-clip: auto-picked GPU 7 (free 24092 MiB)
2026-05-12 09:35:14,440 [INFO] ms-clip: using CUDA_VISIBLE_DEVICES=7
2026-05-12 09:35:14,440 [INFO] ms-clip: launching predict_smi (n_candidates=78)
2026-05-12 09:35:26,610 [INFO] ms-clip: auto-picked GPU 7 (free 24092 MiB)
2026-05-12 09:35:26,610 [INFO] ms-clip: using CUDA_VISIBLE_DEVICES=7
2026-05-12 09:35:26,610 [INFO] ms-clip: launching predict_smi (n_candidates=175)
2026-05-12 09:35:38,734 [INFO] ms-clip: auto-picked GPU 7 (free 24092 MiB)
2026-05-12 09:35:38,734 [INFO] ms-clip: using CUDA_VISIBLE_DEVICES=7
2026-05-12 09:35:38,735 [INFO] ms-clip: launching predict_smi (n_candidates=256)
2026-05-12 09:35:50,577 [INFO] ms-clip: auto-picked GPU 7 (free 24092 MiB)
2026-05-12 09:35:50,577 [INFO] ms-clip: using CUDA_VISIBLE_DEVICES=7
2026-05-12 09:35:50,577 [INFO] ms-clip: launching predict_smi (n_candidates=110)
2026-05-12 09:36:03,276 [INFO] ms-clip: auto-picked GPU 7 (free 24092 MiB)
2026-05-12 09:36:03,276 [INFO] ms-clip: using CUDA_VISIBLE_DEVICES=7
2026-05-12 09:36:03,276 [INFO] ms-clip: launching predict_smi (n_candidates=31)
2026-05-12 09:36:15,340 [INFO] ms-clip: auto-picked GPU 7 (free 17416 MiB)
2026-05-12 09:36:15,340 [INFO] ms-clip: using CUDA_VISIBLE_DEVICES=7
2026-05-12 09:36:15,341 [INFO] ms-clip: launching predict_smi (n_candidates=256)
2026-05-12 09:36:27,581 [INFO] spec 110/500  MassSpecGymID0217685  pool=256  pred=IPJLKPWXBCNKLW  correct=True  t=12.4s
2026-05-12 09:36:27,706 [INFO] ms-clip: auto-picked GPU 7 (free 17392 MiB)
2026-05-12 09:36:27,706 [INFO] ms-clip: using CUDA_VISIBLE_DEVICES=7
2026-05-12 09:36:27,706 [INFO] ms-clip: launching predict_smi (n_candidates=91)
2026-05-12 09:36:39,686 [INFO] ms-clip: auto-picked GPU 7 (free 17392 MiB)
2026-05-12 09:36:39,686 [INFO] ms-clip: using CUDA_VISIBLE_DEVICES=7
2026-05-12 09:36:39,686 [INFO] ms-clip: launching predict_smi (n_candidates=84)
2026-05-12 09:36:51,456 [INFO] ms-clip: auto-picked GPU 7 (free 17392 MiB)
2026-05-12 09:36:51,457 [INFO] ms-clip: using CUDA_VISIBLE_DEVICES=7
2026-05-12 09:36:51,457 [INFO] ms-clip: launching predict_smi (n_candidates=170)
2026-05-12 09:37:03,348 [INFO] ms-clip: auto-picked GPU 7 (free 17392 MiB)
2026-05-12 09:37:03,349 [INFO] ms-clip: using CUDA_VISIBLE_DEVICES=7
2026-05-12 09:37:03,349 [INFO] ms-clip: launching predict_smi (n_candidates=163)
2026-05-12 09:37:14,812 [INFO] ms-clip: auto-picked GPU 7 (free 17392 MiB)
2026-05-12 09:37:14,813 [INFO] ms-clip: using CUDA_VISIBLE_DEVICES=7
2026-05-12 09:37:14,813 [INFO] ms-clip: launching predict_smi (n_candidates=94)
2026-05-12 09:37:27,424 [INFO] ms-clip: auto-picked GPU 7 (free 15474 MiB)
2026-05-12 09:37:27,425 [INFO] ms-clip: using CUDA_VISIBLE_DEVICES=7
2026-05-12 09:37:27,425 [INFO] ms-clip: launching predict_smi (n_candidates=125)
2026-05-12 09:37:39,011 [INFO] ms-clip: auto-picked GPU 7 (free 15566 MiB)
2026-05-12 09:37:39,012 [INFO] ms-clip: using CUDA_VISIBLE_DEVICES=7
2026-05-12 09:37:39,012 [INFO] ms-clip: launching predict_smi (n_candidates=256)
2026-05-12 09:37:52,002 [INFO] ms-clip: auto-picked GPU 7 (free 24092 MiB)
2026-05-12 09:37:52,002 [INFO] ms-clip: using CUDA_VISIBLE_DEVICES=7
2026-05-12 09:37:52,002 [INFO] ms-clip: launching predict_smi (n_candidates=256)
2026-05-12 09:38:04,555 [INFO] ms-clip: auto-picked GPU 7 (free 15474 MiB)
2026-05-12 09:38:04,555 [INFO] ms-clip: using CUDA_VISIBLE_DEVICES=7
2026-05-12 09:38:04,556 [INFO] ms-clip: launching predict_smi (n_candidates=256)
2026-05-12 09:38:16,545 [INFO] ms-clip: auto-picked GPU 7 (free 17392 MiB)
2026-05-12 09:38:16,546 [INFO] ms-clip: using CUDA_VISIBLE_DEVICES=7
2026-05-12 09:38:16,546 [INFO] ms-clip: launching predict_smi (n_candidates=114)
2026-05-12 09:38:28,147 [INFO] spec 120/500  MassSpecGymID0202068  pool=114  pred=LGBAXIUOXKGKOU  correct=False  t=11.7s
2026-05-12 09:38:28,278 [INFO] ms-clip: auto-picked GPU 7 (free 15456 MiB)
2026-05-12 09:38:28,279 [INFO] ms-clip: using CUDA_VISIBLE_DEVICES=7
2026-05-12 09:38:28,279 [INFO] ms-clip: launching predict_smi (n_candidates=16)
2026-05-12 09:38:39,701 [INFO] ms-clip: auto-picked GPU 7 (free 17392 MiB)
2026-05-12 09:38:39,702 [INFO] ms-clip: using CUDA_VISIBLE_DEVICES=7
2026-05-12 09:38:39,702 [INFO] ms-clip: launching predict_smi (n_candidates=31)
2026-05-12 09:38:51,928 [INFO] ms-clip: auto-picked GPU 7 (free 15456 MiB)
2026-05-12 09:38:51,929 [INFO] ms-clip: using CUDA_VISIBLE_DEVICES=7
2026-05-12 09:38:51,929 [INFO] ms-clip: launching predict_smi (n_candidates=86)
2026-05-12 09:39:04,068 [INFO] ms-clip: auto-picked GPU 7 (free 17416 MiB)
2026-05-12 09:39:04,069 [INFO] ms-clip: using CUDA_VISIBLE_DEVICES=7
2026-05-12 09:39:04,069 [INFO] ms-clip: launching predict_smi (n_candidates=256)
2026-05-12 09:39:16,096 [INFO] ms-clip: auto-picked GPU 7 (free 20364 MiB)
2026-05-12 09:39:16,097 [INFO] ms-clip: using CUDA_VISIBLE_DEVICES=7
2026-05-12 09:39:16,097 [INFO] ms-clip: launching predict_smi (n_candidates=90)
2026-05-12 09:39:27,720 [INFO] ms-clip: auto-picked GPU 7 (free 20364 MiB)
2026-05-12 09:39:27,721 [INFO] ms-clip: using CUDA_VISIBLE_DEVICES=7
2026-05-12 09:39:27,721 [INFO] ms-clip: launching predict_smi (n_candidates=40)
2026-05-12 09:39:39,242 [INFO] ms-clip: auto-picked GPU 7 (free 20364 MiB)
2026-05-12 09:39:39,242 [INFO] ms-clip: using CUDA_VISIBLE_DEVICES=7
2026-05-12 09:39:39,242 [INFO] ms-clip: launching predict_smi (n_candidates=42)
2026-05-12 09:39:51,268 [INFO] ms-clip: auto-picked GPU 7 (free 20364 MiB)
2026-05-12 09:39:51,269 [INFO] ms-clip: using CUDA_VISIBLE_DEVICES=7
2026-05-12 09:39:51,269 [INFO] ms-clip: launching predict_smi (n_candidates=32)
2026-05-12 09:40:03,110 [INFO] ms-clip: auto-picked GPU 7 (free 20364 MiB)
2026-05-12 09:40:03,110 [INFO] ms-clip: using CUDA_VISIBLE_DEVICES=7
2026-05-12 09:40:03,110 [INFO] ms-clip: launching predict_smi (n_candidates=256)
2026-05-12 09:40:14,914 [INFO] ms-clip: auto-picked GPU 7 (free 20364 MiB)
2026-05-12 09:40:14,914 [INFO] ms-clip: using CUDA_VISIBLE_DEVICES=7
2026-05-12 09:40:14,914 [INFO] ms-clip: launching predict_smi (n_candidates=256)
2026-05-12 09:40:26,656 [INFO] spec 130/500  MassSpecGymID0376694  pool=256  pred=FIMFCNOCHSNMGO  correct=False  t=11.9s
2026-05-12 09:40:26,785 [INFO] ms-clip: auto-picked GPU 7 (free 20364 MiB)
2026-05-12 09:40:26,786 [INFO] ms-clip: using CUDA_VISIBLE_DEVICES=7
2026-05-12 09:40:26,786 [INFO] ms-clip: launching predict_smi (n_candidates=256)
2026-05-12 09:40:38,790 [INFO] ms-clip: auto-picked GPU 7 (free 20808 MiB)
2026-05-12 09:40:38,791 [INFO] ms-clip: using CUDA_VISIBLE_DEVICES=7
2026-05-12 09:40:38,791 [INFO] ms-clip: launching predict_smi (n_candidates=84)
2026-05-12 09:40:50,648 [INFO] ms-clip: auto-picked GPU 7 (free 20808 MiB)
2026-05-12 09:40:50,648 [INFO] ms-clip: using CUDA_VISIBLE_DEVICES=7
2026-05-12 09:40:50,648 [INFO] ms-clip: launching predict_smi (n_candidates=256)
2026-05-12 09:41:02,680 [INFO] ms-clip: auto-picked GPU 7 (free 20808 MiB)
2026-05-12 09:41:02,680 [INFO] ms-clip: using CUDA_VISIBLE_DEVICES=7
2026-05-12 09:41:02,680 [INFO] ms-clip: launching predict_smi (n_candidates=256)
2026-05-12 09:41:14,493 [INFO] ms-clip: auto-picked GPU 7 (free 20808 MiB)
2026-05-12 09:41:14,493 [INFO] ms-clip: using CUDA_VISIBLE_DEVICES=7
2026-05-12 09:41:14,494 [INFO] ms-clip: launching predict_smi (n_candidates=256)
2026-05-12 09:41:27,719 [INFO] ms-clip: auto-picked GPU 7 (free 20364 MiB)
2026-05-12 09:41:27,719 [INFO] ms-clip: using CUDA_VISIBLE_DEVICES=7
2026-05-12 09:41:27,719 [INFO] ms-clip: launching predict_smi (n_candidates=256)
2026-05-12 09:41:39,501 [INFO] ms-clip: auto-picked GPU 7 (free 20364 MiB)
2026-05-12 09:41:39,501 [INFO] ms-clip: using CUDA_VISIBLE_DEVICES=7
2026-05-12 09:41:39,501 [INFO] ms-clip: launching predict_smi (n_candidates=256)
2026-05-12 09:41:51,159 [INFO] ms-clip: auto-picked GPU 7 (free 20808 MiB)
2026-05-12 09:41:51,160 [INFO] ms-clip: using CUDA_VISIBLE_DEVICES=7
2026-05-12 09:41:51,160 [INFO] ms-clip: launching predict_smi (n_candidates=107)
2026-05-12 09:42:02,850 [INFO] ms-clip: auto-picked GPU 7 (free 21160 MiB)
2026-05-12 09:42:02,850 [INFO] ms-clip: using CUDA_VISIBLE_DEVICES=7
2026-05-12 09:42:02,850 [INFO] ms-clip: launching predict_smi (n_candidates=1)
2026-05-12 09:42:14,520 [INFO] ms-clip: auto-picked GPU 7 (free 21670 MiB)
2026-05-12 09:42:14,520 [INFO] ms-clip: using CUDA_VISIBLE_DEVICES=7
2026-05-12 09:42:14,520 [INFO] ms-clip: launching predict_smi (n_candidates=256)
2026-05-12 09:42:26,677 [INFO] spec 140/500  MassSpecGymID0376415  pool=256  pred=OVUBXQZYPLZIFE  correct=False  t=12.3s
2026-05-12 09:42:26,808 [INFO] ms-clip: auto-picked GPU 7 (free 20968 MiB)
2026-05-12 09:42:26,808 [INFO] ms-clip: using CUDA_VISIBLE_DEVICES=7
2026-05-12 09:42:26,808 [INFO] ms-clip: launching predict_smi (n_candidates=256)
2026-05-12 09:42:39,487 [INFO] ms-clip: auto-picked GPU 7 (free 20808 MiB)
2026-05-12 09:42:39,488 [INFO] ms-clip: using CUDA_VISIBLE_DEVICES=7
2026-05-12 09:42:39,488 [INFO] ms-clip: launching predict_smi (n_candidates=71)
2026-05-12 09:42:51,329 [INFO] ms-clip: auto-picked GPU 7 (free 20808 MiB)
2026-05-12 09:42:51,330 [INFO] ms-clip: using CUDA_VISIBLE_DEVICES=7
2026-05-12 09:42:51,330 [INFO] ms-clip: launching predict_smi (n_candidates=156)
2026-05-12 09:43:04,227 [INFO] ms-clip: auto-picked GPU 7 (free 20364 MiB)
2026-05-12 09:43:04,228 [INFO] ms-clip: using CUDA_VISIBLE_DEVICES=7
2026-05-12 09:43:04,228 [INFO] ms-clip: launching predict_smi (n_candidates=111)
2026-05-12 09:43:16,010 [INFO] ms-clip: auto-picked GPU 7 (free 20808 MiB)
2026-05-12 09:43:16,010 [INFO] ms-clip: using CUDA_VISIBLE_DEVICES=7
2026-05-12 09:43:16,010 [INFO] ms-clip: launching predict_smi (n_candidates=256)
2026-05-12 09:43:27,671 [INFO] ms-clip: auto-picked GPU 7 (free 21272 MiB)
2026-05-12 09:43:27,671 [INFO] ms-clip: using CUDA_VISIBLE_DEVICES=7
2026-05-12 09:43:27,671 [INFO] ms-clip: launching predict_smi (n_candidates=256)
2026-05-12 09:43:39,908 [INFO] ms-clip: auto-picked GPU 7 (free 21774 MiB)
2026-05-12 09:43:39,909 [INFO] ms-clip: using CUDA_VISIBLE_DEVICES=7
2026-05-12 09:43:39,909 [INFO] ms-clip: launching predict_smi (n_candidates=256)
2026-05-12 09:43:51,600 [INFO] ms-clip: auto-picked GPU 7 (free 24092 MiB)
2026-05-12 09:43:51,600 [INFO] ms-clip: using CUDA_VISIBLE_DEVICES=7
2026-05-12 09:43:51,601 [INFO] ms-clip: launching predict_smi (n_candidates=21)
2026-05-12 09:44:03,211 [INFO] ms-clip: auto-picked GPU 7 (free 24092 MiB)
2026-05-12 09:44:03,211 [INFO] ms-clip: using CUDA_VISIBLE_DEVICES=7
2026-05-12 09:44:03,211 [INFO] ms-clip: launching predict_smi (n_candidates=12)
2026-05-12 09:44:14,282 [INFO] ms-clip: auto-picked GPU 7 (free 24092 MiB)
2026-05-12 09:44:14,282 [INFO] ms-clip: using CUDA_VISIBLE_DEVICES=7
2026-05-12 09:44:14,282 [INFO] ms-clip: launching predict_smi (n_candidates=256)
2026-05-12 09:44:26,595 [INFO] spec 150/500  MassSpecGymID0207521  pool=256  pred=YGWUEIKJBWTKOE  correct=True  t=12.4s
2026-05-12 09:44:26,707 [INFO] ms-clip: auto-picked GPU 7 (free 24092 MiB)
2026-05-12 09:44:26,707 [INFO] ms-clip: using CUDA_VISIBLE_DEVICES=7
2026-05-12 09:44:26,707 [INFO] ms-clip: launching predict_smi (n_candidates=256)
2026-05-12 09:44:38,278 [INFO] ms-clip: auto-picked GPU 7 (free 24092 MiB)
2026-05-12 09:44:38,278 [INFO] ms-clip: using CUDA_VISIBLE_DEVICES=7
2026-05-12 09:44:38,278 [INFO] ms-clip: launching predict_smi (n_candidates=238)
2026-05-12 09:44:49,925 [INFO] ms-clip: auto-picked GPU 7 (free 24092 MiB)
2026-05-12 09:44:49,926 [INFO] ms-clip: using CUDA_VISIBLE_DEVICES=7
2026-05-12 09:44:49,926 [INFO] ms-clip: launching predict_smi (n_candidates=256)
2026-05-12 09:45:01,703 [INFO] ms-clip: auto-picked GPU 7 (free 24092 MiB)
2026-05-12 09:45:01,703 [INFO] ms-clip: using CUDA_VISIBLE_DEVICES=7
2026-05-12 09:45:01,703 [INFO] ms-clip: launching predict_smi (n_candidates=4)
2026-05-12 09:45:12,882 [INFO] ms-clip: auto-picked GPU 7 (free 24092 MiB)
2026-05-12 09:45:12,882 [INFO] ms-clip: using CUDA_VISIBLE_DEVICES=7
2026-05-12 09:45:12,882 [INFO] ms-clip: launching predict_smi (n_candidates=5)
2026-05-12 09:45:24,794 [INFO] ms-clip: auto-picked GPU 7 (free 15474 MiB)
2026-05-12 09:45:24,794 [INFO] ms-clip: using CUDA_VISIBLE_DEVICES=7
2026-05-12 09:45:24,794 [INFO] ms-clip: launching predict_smi (n_candidates=167)
2026-05-12 09:45:37,009 [INFO] ms-clip: auto-picked GPU 7 (free 17392 MiB)
2026-05-12 09:45:37,009 [INFO] ms-clip: using CUDA_VISIBLE_DEVICES=7
2026-05-12 09:45:37,009 [INFO] ms-clip: launching predict_smi (n_candidates=125)
2026-05-12 09:45:49,100 [INFO] ms-clip: auto-picked GPU 7 (free 17416 MiB)
2026-05-12 09:45:49,100 [INFO] ms-clip: using CUDA_VISIBLE_DEVICES=7
2026-05-12 09:45:49,100 [INFO] ms-clip: launching predict_smi (n_candidates=73)
2026-05-12 09:46:00,742 [INFO] ms-clip: auto-picked GPU 7 (free 15780 MiB)
2026-05-12 09:46:00,743 [INFO] ms-clip: using CUDA_VISIBLE_DEVICES=7
2026-05-12 09:46:00,743 [INFO] ms-clip: launching predict_smi (n_candidates=256)
2026-05-12 09:46:12,944 [INFO] ms-clip: auto-picked GPU 7 (free 17434 MiB)
2026-05-12 09:46:12,945 [INFO] ms-clip: using CUDA_VISIBLE_DEVICES=7
2026-05-12 09:46:12,945 [INFO] ms-clip: launching predict_smi (n_candidates=32)
2026-05-12 09:46:24,902 [INFO] spec 160/500  MassSpecGymID0209396  pool=32  pred=BKPPHNVPJAFZCW  correct=True  t=12.1s
2026-05-12 09:46:25,032 [INFO] ms-clip: auto-picked GPU 7 (free 15474 MiB)
2026-05-12 09:46:25,032 [INFO] ms-clip: using CUDA_VISIBLE_DEVICES=7
2026-05-12 09:46:25,032 [INFO] ms-clip: launching predict_smi (n_candidates=256)
2026-05-12 09:46:37,593 [INFO] ms-clip: auto-picked GPU 7 (free 15522 MiB)
2026-05-12 09:46:37,593 [INFO] ms-clip: using CUDA_VISIBLE_DEVICES=7
2026-05-12 09:46:37,593 [INFO] ms-clip: launching predict_smi (n_candidates=125)
2026-05-12 09:46:49,479 [INFO] ms-clip: auto-picked GPU 7 (free 17392 MiB)
2026-05-12 09:46:49,480 [INFO] ms-clip: using CUDA_VISIBLE_DEVICES=7
2026-05-12 09:46:49,480 [INFO] ms-clip: launching predict_smi (n_candidates=256)
2026-05-12 09:47:02,300 [INFO] ms-clip: auto-picked GPU 7 (free 24092 MiB)
2026-05-12 09:47:02,300 [INFO] ms-clip: using CUDA_VISIBLE_DEVICES=7
2026-05-12 09:47:02,300 [INFO] ms-clip: launching predict_smi (n_candidates=256)
2026-05-12 09:47:13,757 [INFO] ms-clip: auto-picked GPU 7 (free 17416 MiB)
2026-05-12 09:47:13,758 [INFO] ms-clip: using CUDA_VISIBLE_DEVICES=7
2026-05-12 09:47:13,758 [INFO] ms-clip: launching predict_smi (n_candidates=256)
2026-05-12 09:47:26,172 [INFO] ms-clip: auto-picked GPU 7 (free 24092 MiB)
2026-05-12 09:47:26,173 [INFO] ms-clip: using CUDA_VISIBLE_DEVICES=7
2026-05-12 09:47:26,173 [INFO] ms-clip: launching predict_smi (n_candidates=30)
2026-05-12 09:47:38,285 [INFO] ms-clip: auto-picked GPU 7 (free 17392 MiB)
2026-05-12 09:47:38,285 [INFO] ms-clip: using CUDA_VISIBLE_DEVICES=7
2026-05-12 09:47:38,285 [INFO] ms-clip: launching predict_smi (n_candidates=7)
2026-05-12 09:47:49,787 [INFO] ms-clip: auto-picked GPU 7 (free 17392 MiB)
2026-05-12 09:47:49,788 [INFO] ms-clip: using CUDA_VISIBLE_DEVICES=7
2026-05-12 09:47:49,788 [INFO] ms-clip: launching predict_smi (n_candidates=39)
2026-05-12 09:48:01,592 [INFO] ms-clip: auto-picked GPU 7 (free 17392 MiB)
2026-05-12 09:48:01,593 [INFO] ms-clip: using CUDA_VISIBLE_DEVICES=7
2026-05-12 09:48:01,593 [INFO] ms-clip: launching predict_smi (n_candidates=256)
2026-05-12 09:48:13,154 [INFO] ms-clip: auto-picked GPU 7 (free 20364 MiB)
2026-05-12 09:48:13,154 [INFO] ms-clip: using CUDA_VISIBLE_DEVICES=7
2026-05-12 09:48:13,154 [INFO] ms-clip: launching predict_smi (n_candidates=67)
2026-05-12 09:48:24,594 [INFO] spec 170/500  MassSpecGymID0064717  pool=67  pred=WMBWREPUVVBILR  correct=True  t=11.6s
2026-05-12 09:48:24,725 [INFO] ms-clip: auto-picked GPU 7 (free 20364 MiB)
2026-05-12 09:48:24,725 [INFO] ms-clip: using CUDA_VISIBLE_DEVICES=7
2026-05-12 09:48:24,725 [INFO] ms-clip: launching predict_smi (n_candidates=67)
2026-05-12 09:48:36,292 [INFO] ms-clip: auto-picked GPU 7 (free 20364 MiB)
2026-05-12 09:48:36,292 [INFO] ms-clip: using CUDA_VISIBLE_DEVICES=7
2026-05-12 09:48:36,292 [INFO] ms-clip: launching predict_smi (n_candidates=256)
2026-05-12 09:48:48,023 [INFO] ms-clip: auto-picked GPU 7 (free 20364 MiB)
2026-05-12 09:48:48,023 [INFO] ms-clip: using CUDA_VISIBLE_DEVICES=7
2026-05-12 09:48:48,023 [INFO] ms-clip: launching predict_smi (n_candidates=256)
2026-05-12 09:49:00,437 [INFO] ms-clip: auto-picked GPU 7 (free 17500 MiB)
2026-05-12 09:49:00,437 [INFO] ms-clip: using CUDA_VISIBLE_DEVICES=7
2026-05-12 09:49:00,437 [INFO] ms-clip: launching predict_smi (n_candidates=113)
2026-05-12 09:49:12,494 [INFO] ms-clip: auto-picked GPU 7 (free 17416 MiB)
2026-05-12 09:49:12,494 [INFO] ms-clip: using CUDA_VISIBLE_DEVICES=7
2026-05-12 09:49:12,494 [INFO] ms-clip: launching predict_smi (n_candidates=84)
2026-05-12 09:49:24,295 [INFO] ms-clip: auto-picked GPU 7 (free 17392 MiB)
2026-05-12 09:49:24,295 [INFO] ms-clip: using CUDA_VISIBLE_DEVICES=7
2026-05-12 09:49:24,295 [INFO] ms-clip: launching predict_smi (n_candidates=179)
2026-05-12 09:49:36,519 [INFO] ms-clip: auto-picked GPU 7 (free 17392 MiB)
2026-05-12 09:49:36,520 [INFO] ms-clip: using CUDA_VISIBLE_DEVICES=7
2026-05-12 09:49:36,520 [INFO] ms-clip: launching predict_smi (n_candidates=256)
2026-05-12 09:49:49,635 [INFO] ms-clip: auto-picked GPU 7 (free 24092 MiB)
2026-05-12 09:49:49,635 [INFO] ms-clip: using CUDA_VISIBLE_DEVICES=7
2026-05-12 09:49:49,635 [INFO] ms-clip: launching predict_smi (n_candidates=256)
2026-05-12 09:50:02,488 [INFO] ms-clip: auto-picked GPU 7 (free 24092 MiB)
2026-05-12 09:50:02,488 [INFO] ms-clip: using CUDA_VISIBLE_DEVICES=7
2026-05-12 09:50:02,488 [INFO] ms-clip: launching predict_smi (n_candidates=256)
2026-05-12 09:50:13,870 [INFO] ms-clip: auto-picked GPU 7 (free 24092 MiB)
2026-05-12 09:50:13,870 [INFO] ms-clip: using CUDA_VISIBLE_DEVICES=7
2026-05-12 09:50:13,870 [INFO] ms-clip: launching predict_smi (n_candidates=199)
2026-05-12 09:50:26,289 [INFO] spec 180/500  MassSpecGymID0370922  pool=199  pred=AYNMYQSRRVGZDT  correct=True  t=12.5s
2026-05-12 09:50:26,483 [INFO] ms-clip: auto-picked GPU 7 (free 24092 MiB)
2026-05-12 09:50:26,484 [INFO] ms-clip: using CUDA_VISIBLE_DEVICES=7
2026-05-12 09:50:26,484 [INFO] ms-clip: launching predict_smi (n_candidates=256)
2026-05-12 09:50:39,045 [INFO] ms-clip: auto-picked GPU 7 (free 24092 MiB)
2026-05-12 09:50:39,045 [INFO] ms-clip: using CUDA_VISIBLE_DEVICES=7
2026-05-12 09:50:39,045 [INFO] ms-clip: launching predict_smi (n_candidates=199)
2026-05-12 09:50:50,888 [INFO] ms-clip: auto-picked GPU 7 (free 24092 MiB)
2026-05-12 09:50:50,889 [INFO] ms-clip: using CUDA_VISIBLE_DEVICES=7
2026-05-12 09:50:50,889 [INFO] ms-clip: launching predict_smi (n_candidates=256)
2026-05-12 09:51:03,705 [INFO] ms-clip: auto-picked GPU 7 (free 24092 MiB)
2026-05-12 09:51:03,705 [INFO] ms-clip: using CUDA_VISIBLE_DEVICES=7
2026-05-12 09:51:03,705 [INFO] ms-clip: launching predict_smi (n_candidates=256)
2026-05-12 09:51:15,391 [INFO] ms-clip: auto-picked GPU 7 (free 24092 MiB)
2026-05-12 09:51:15,392 [INFO] ms-clip: using CUDA_VISIBLE_DEVICES=7
2026-05-12 09:51:15,392 [INFO] ms-clip: launching predict_smi (n_candidates=256)
2026-05-12 09:51:27,119 [INFO] ms-clip: auto-picked GPU 7 (free 24092 MiB)
2026-05-12 09:51:27,120 [INFO] ms-clip: using CUDA_VISIBLE_DEVICES=7
2026-05-12 09:51:27,120 [INFO] ms-clip: launching predict_smi (n_candidates=256)
2026-05-12 09:51:39,245 [INFO] ms-clip: auto-picked GPU 7 (free 24092 MiB)
2026-05-12 09:51:39,246 [INFO] ms-clip: using CUDA_VISIBLE_DEVICES=7
2026-05-12 09:51:39,246 [INFO] ms-clip: launching predict_smi (n_candidates=79)
2026-05-12 09:51:51,552 [INFO] ms-clip: auto-picked GPU 7 (free 15474 MiB)
2026-05-12 09:51:51,552 [INFO] ms-clip: using CUDA_VISIBLE_DEVICES=7
2026-05-12 09:51:51,553 [INFO] ms-clip: launching predict_smi (n_candidates=27)
2026-05-12 09:52:03,048 [INFO] ms-clip: auto-picked GPU 7 (free 15456 MiB)
2026-05-12 09:52:03,049 [INFO] ms-clip: using CUDA_VISIBLE_DEVICES=7
2026-05-12 09:52:03,049 [INFO] ms-clip: launching predict_smi (n_candidates=12)
2026-05-12 09:52:14,145 [INFO] ms-clip: auto-picked GPU 7 (free 20364 MiB)
2026-05-12 09:52:14,146 [INFO] ms-clip: using CUDA_VISIBLE_DEVICES=7
2026-05-12 09:52:14,146 [INFO] ms-clip: launching predict_smi (n_candidates=135)
2026-05-12 09:52:26,247 [INFO] spec 190/500  MassSpecGymID0300331  pool=135  pred=YQYVCCPRXKJSEE  correct=False  t=12.2s
2026-05-12 09:52:26,358 [INFO] ms-clip: auto-picked GPU 7 (free 17392 MiB)
2026-05-12 09:52:26,358 [INFO] ms-clip: using CUDA_VISIBLE_DEVICES=7
2026-05-12 09:52:26,358 [INFO] ms-clip: launching predict_smi (n_candidates=16)
2026-05-12 09:52:37,729 [INFO] ms-clip: auto-picked GPU 7 (free 20364 MiB)
2026-05-12 09:52:37,730 [INFO] ms-clip: using CUDA_VISIBLE_DEVICES=7
2026-05-12 09:52:37,730 [INFO] ms-clip: launching predict_smi (n_candidates=86)
2026-05-12 09:52:49,207 [INFO] ms-clip: auto-picked GPU 7 (free 20364 MiB)
2026-05-12 09:52:49,207 [INFO] ms-clip: using CUDA_VISIBLE_DEVICES=7
2026-05-12 09:52:49,207 [INFO] ms-clip: launching predict_smi (n_candidates=256)
2026-05-12 09:53:01,138 [INFO] ms-clip: auto-picked GPU 7 (free 20364 MiB)
2026-05-12 09:53:01,138 [INFO] ms-clip: using CUDA_VISIBLE_DEVICES=7
2026-05-12 09:53:01,138 [INFO] ms-clip: launching predict_smi (n_candidates=16)
2026-05-12 09:53:12,539 [INFO] ms-clip: auto-picked GPU 7 (free 20364 MiB)
2026-05-12 09:53:12,539 [INFO] ms-clip: using CUDA_VISIBLE_DEVICES=7
2026-05-12 09:53:12,539 [INFO] ms-clip: launching predict_smi (n_candidates=222)
2026-05-12 09:53:24,727 [INFO] ms-clip: auto-picked GPU 7 (free 20808 MiB)
2026-05-12 09:53:24,727 [INFO] ms-clip: using CUDA_VISIBLE_DEVICES=7
2026-05-12 09:53:24,728 [INFO] ms-clip: launching predict_smi (n_candidates=256)
2026-05-12 09:53:36,843 [INFO] ms-clip: auto-picked GPU 7 (free 20808 MiB)
2026-05-12 09:53:36,843 [INFO] ms-clip: using CUDA_VISIBLE_DEVICES=7
2026-05-12 09:53:36,843 [INFO] ms-clip: launching predict_smi (n_candidates=88)
2026-05-12 09:53:49,035 [INFO] ms-clip: auto-picked GPU 7 (free 20808 MiB)
2026-05-12 09:53:49,036 [INFO] ms-clip: using CUDA_VISIBLE_DEVICES=7
2026-05-12 09:53:49,036 [INFO] ms-clip: launching predict_smi (n_candidates=256)
2026-05-12 09:54:01,513 [INFO] ms-clip: auto-picked GPU 7 (free 20808 MiB)
2026-05-12 09:54:01,513 [INFO] ms-clip: using CUDA_VISIBLE_DEVICES=7
2026-05-12 09:54:01,513 [INFO] ms-clip: launching predict_smi (n_candidates=256)
2026-05-12 09:54:13,649 [INFO] ms-clip: auto-picked GPU 7 (free 20808 MiB)
2026-05-12 09:54:13,649 [INFO] ms-clip: using CUDA_VISIBLE_DEVICES=7
2026-05-12 09:54:13,650 [INFO] ms-clip: launching predict_smi (n_candidates=256)
2026-05-12 09:54:25,337 [INFO] spec 200/500  MassSpecGymID0204386  pool=256  pred=SENIDMFOGMNMOE  correct=True  t=11.8s
2026-05-12 09:54:25,465 [INFO] ms-clip: auto-picked GPU 7 (free 20888 MiB)
2026-05-12 09:54:25,465 [INFO] ms-clip: using CUDA_VISIBLE_DEVICES=7
2026-05-12 09:54:25,465 [INFO] ms-clip: launching predict_smi (n_candidates=42)
2026-05-12 09:54:37,132 [INFO] ms-clip: auto-picked GPU 7 (free 22666 MiB)
2026-05-12 09:54:37,132 [INFO] ms-clip: using CUDA_VISIBLE_DEVICES=7
2026-05-12 09:54:37,133 [INFO] ms-clip: launching predict_smi (n_candidates=2)
2026-05-12 09:54:48,574 [INFO] ms-clip: auto-picked GPU 7 (free 24092 MiB)
2026-05-12 09:54:48,574 [INFO] ms-clip: using CUDA_VISIBLE_DEVICES=7
2026-05-12 09:54:48,574 [INFO] ms-clip: launching predict_smi (n_candidates=56)
2026-05-12 09:55:00,167 [INFO] ms-clip: auto-picked GPU 7 (free 24092 MiB)
2026-05-12 09:55:00,167 [INFO] ms-clip: using CUDA_VISIBLE_DEVICES=7
2026-05-12 09:55:00,167 [INFO] ms-clip: launching predict_smi (n_candidates=256)
2026-05-12 09:55:12,327 [INFO] ms-clip: auto-picked GPU 7 (free 24092 MiB)
2026-05-12 09:55:12,327 [INFO] ms-clip: using CUDA_VISIBLE_DEVICES=7
2026-05-12 09:55:12,328 [INFO] ms-clip: launching predict_smi (n_candidates=179)
2026-05-12 09:55:24,186 [INFO] ms-clip: auto-picked GPU 7 (free 24092 MiB)
2026-05-12 09:55:24,187 [INFO] ms-clip: using CUDA_VISIBLE_DEVICES=7
2026-05-12 09:55:24,187 [INFO] ms-clip: launching predict_smi (n_candidates=1)
2026-05-12 09:55:35,499 [INFO] ms-clip: auto-picked GPU 7 (free 24092 MiB)
2026-05-12 09:55:35,499 [INFO] ms-clip: using CUDA_VISIBLE_DEVICES=7
2026-05-12 09:55:35,500 [INFO] ms-clip: launching predict_smi (n_candidates=256)
2026-05-12 09:55:47,004 [INFO] ms-clip: auto-picked GPU 7 (free 24092 MiB)
2026-05-12 09:55:47,004 [INFO] ms-clip: using CUDA_VISIBLE_DEVICES=7
2026-05-12 09:55:47,004 [INFO] ms-clip: launching predict_smi (n_candidates=23)
2026-05-12 09:55:58,749 [INFO] ms-clip: auto-picked GPU 7 (free 24092 MiB)
2026-05-12 09:55:58,750 [INFO] ms-clip: using CUDA_VISIBLE_DEVICES=7
2026-05-12 09:55:58,750 [INFO] ms-clip: launching predict_smi (n_candidates=191)
2026-05-12 09:56:11,242 [INFO] ms-clip: auto-picked GPU 7 (free 24092 MiB)
2026-05-12 09:56:11,242 [INFO] ms-clip: using CUDA_VISIBLE_DEVICES=7
2026-05-12 09:56:11,243 [INFO] ms-clip: launching predict_smi (n_candidates=256)
2026-05-12 09:56:22,936 [INFO] spec 210/500  MassSpecGymID0088831  pool=256  pred=NCEXYHBECQHGNR  correct=True  t=11.8s
2026-05-12 09:56:23,049 [INFO] ms-clip: auto-picked GPU 7 (free 24092 MiB)
2026-05-12 09:56:23,049 [INFO] ms-clip: using CUDA_VISIBLE_DEVICES=7
2026-05-12 09:56:23,049 [INFO] ms-clip: launching predict_smi (n_candidates=256)
2026-05-12 09:56:35,142 [INFO] ms-clip: auto-picked GPU 7 (free 24092 MiB)
2026-05-12 09:56:35,143 [INFO] ms-clip: using CUDA_VISIBLE_DEVICES=7
2026-05-12 09:56:35,143 [INFO] ms-clip: launching predict_smi (n_candidates=256)
2026-05-12 09:56:46,786 [WARNING] ms-clip dropped SMILES COCCOc1cccc(OCCOC)c1N1[C]N(c2c(C(C)C)cccc2C(C)C)CC1; emitting sentinel -1.0
2026-05-12 09:56:46,911 [INFO] ms-clip: auto-picked GPU 7 (free 24092 MiB)
2026-05-12 09:56:46,911 [INFO] ms-clip: using CUDA_VISIBLE_DEVICES=7
2026-05-12 09:56:46,911 [INFO] ms-clip: launching predict_smi (n_candidates=256)
2026-05-12 09:56:59,303 [INFO] ms-clip: auto-picked GPU 7 (free 24092 MiB)
2026-05-12 09:56:59,303 [INFO] ms-clip: using CUDA_VISIBLE_DEVICES=7
2026-05-12 09:56:59,303 [INFO] ms-clip: launching predict_smi (n_candidates=256)
2026-05-12 09:57:11,320 [INFO] ms-clip: auto-picked GPU 7 (free 24092 MiB)
2026-05-12 09:57:11,321 [INFO] ms-clip: using CUDA_VISIBLE_DEVICES=7
2026-05-12 09:57:11,321 [INFO] ms-clip: launching predict_smi (n_candidates=25)
2026-05-12 09:57:23,186 [INFO] ms-clip: auto-picked GPU 7 (free 24092 MiB)
2026-05-12 09:57:23,186 [INFO] ms-clip: using CUDA_VISIBLE_DEVICES=7
2026-05-12 09:57:23,186 [INFO] ms-clip: launching predict_smi (n_candidates=256)
2026-05-12 09:57:35,857 [INFO] ms-clip: auto-picked GPU 7 (free 24092 MiB)
2026-05-12 09:57:35,857 [INFO] ms-clip: using CUDA_VISIBLE_DEVICES=7
2026-05-12 09:57:35,857 [INFO] ms-clip: launching predict_smi (n_candidates=256)
2026-05-12 09:57:47,574 [INFO] ms-clip: auto-picked GPU 7 (free 24092 MiB)
2026-05-12 09:57:47,575 [INFO] ms-clip: using CUDA_VISIBLE_DEVICES=7
2026-05-12 09:57:47,575 [INFO] ms-clip: launching predict_smi (n_candidates=26)
2026-05-12 09:57:59,148 [INFO] ms-clip: auto-picked GPU 7 (free 24092 MiB)
2026-05-12 09:57:59,148 [INFO] ms-clip: using CUDA_VISIBLE_DEVICES=7
2026-05-12 09:57:59,148 [INFO] ms-clip: launching predict_smi (n_candidates=256)
2026-05-12 09:58:11,148 [INFO] ms-clip: auto-picked GPU 7 (free 24092 MiB)
2026-05-12 09:58:11,148 [INFO] ms-clip: using CUDA_VISIBLE_DEVICES=7
2026-05-12 09:58:11,148 [INFO] ms-clip: launching predict_smi (n_candidates=222)
2026-05-12 09:58:23,051 [INFO] spec 220/500  MassSpecGymID0277361  pool=222  pred=APSFXRUTRLTKQA  correct=False  t=12.0s
2026-05-12 09:58:23,154 [INFO] ms-clip: auto-picked GPU 7 (free 24092 MiB)
2026-05-12 09:58:23,154 [INFO] ms-clip: using CUDA_VISIBLE_DEVICES=7
2026-05-12 09:58:23,154 [INFO] ms-clip: launching predict_smi (n_candidates=256)
2026-05-12 09:58:35,133 [INFO] ms-clip: auto-picked GPU 7 (free 24092 MiB)
2026-05-12 09:58:35,133 [INFO] ms-clip: using CUDA_VISIBLE_DEVICES=7
2026-05-12 09:58:35,133 [INFO] ms-clip: launching predict_smi (n_candidates=10)
2026-05-12 09:58:47,137 [INFO] ms-clip: auto-picked GPU 7 (free 24092 MiB)
2026-05-12 09:58:47,137 [INFO] ms-clip: using CUDA_VISIBLE_DEVICES=7
2026-05-12 09:58:47,137 [INFO] ms-clip: launching predict_smi (n_candidates=256)
2026-05-12 09:58:59,460 [INFO] ms-clip: auto-picked GPU 7 (free 24092 MiB)
2026-05-12 09:58:59,460 [INFO] ms-clip: using CUDA_VISIBLE_DEVICES=7
2026-05-12 09:58:59,461 [INFO] ms-clip: launching predict_smi (n_candidates=105)
2026-05-12 09:59:10,859 [INFO] ms-clip: auto-picked GPU 7 (free 24092 MiB)
2026-05-12 09:59:10,859 [INFO] ms-clip: using CUDA_VISIBLE_DEVICES=7
2026-05-12 09:59:10,859 [INFO] ms-clip: launching predict_smi (n_candidates=243)
2026-05-12 09:59:23,148 [INFO] ms-clip: auto-picked GPU 7 (free 24092 MiB)
2026-05-12 09:59:23,148 [INFO] ms-clip: using CUDA_VISIBLE_DEVICES=7
2026-05-12 09:59:23,148 [INFO] ms-clip: launching predict_smi (n_candidates=256)
2026-05-12 09:59:35,103 [INFO] ms-clip: auto-picked GPU 7 (free 24092 MiB)
2026-05-12 09:59:35,103 [INFO] ms-clip: using CUDA_VISIBLE_DEVICES=7
2026-05-12 09:59:35,103 [INFO] ms-clip: launching predict_smi (n_candidates=111)
2026-05-12 09:59:46,660 [INFO] ms-clip: auto-picked GPU 7 (free 24092 MiB)
2026-05-12 09:59:46,660 [INFO] ms-clip: using CUDA_VISIBLE_DEVICES=7
2026-05-12 09:59:46,661 [INFO] ms-clip: launching predict_smi (n_candidates=72)
2026-05-12 09:59:58,935 [INFO] ms-clip: auto-picked GPU 7 (free 24092 MiB)
2026-05-12 09:59:58,935 [INFO] ms-clip: using CUDA_VISIBLE_DEVICES=7
2026-05-12 09:59:58,936 [INFO] ms-clip: launching predict_smi (n_candidates=12)
2026-05-12 10:00:10,721 [INFO] ms-clip: auto-picked GPU 7 (free 24092 MiB)
2026-05-12 10:00:10,722 [INFO] ms-clip: using CUDA_VISIBLE_DEVICES=7
2026-05-12 10:00:10,722 [INFO] ms-clip: launching predict_smi (n_candidates=256)
2026-05-12 10:00:22,405 [INFO] spec 230/500  MassSpecGymID0376453  pool=256  pred=OVUBXQZYPLZIFE  correct=False  t=11.8s
2026-05-12 10:00:22,530 [INFO] ms-clip: auto-picked GPU 7 (free 24092 MiB)
2026-05-12 10:00:22,530 [INFO] ms-clip: using CUDA_VISIBLE_DEVICES=7
2026-05-12 10:00:22,530 [INFO] ms-clip: launching predict_smi (n_candidates=58)
2026-05-12 10:00:34,311 [INFO] ms-clip: auto-picked GPU 7 (free 24092 MiB)
2026-05-12 10:00:34,311 [INFO] ms-clip: using CUDA_VISIBLE_DEVICES=7
2026-05-12 10:00:34,311 [INFO] ms-clip: launching predict_smi (n_candidates=256)
2026-05-12 10:00:45,902 [INFO] ms-clip: auto-picked GPU 7 (free 24092 MiB)
2026-05-12 10:00:45,903 [INFO] ms-clip: using CUDA_VISIBLE_DEVICES=7
2026-05-12 10:00:45,903 [INFO] ms-clip: launching predict_smi (n_candidates=256)
2026-05-12 10:00:57,827 [INFO] ms-clip: auto-picked GPU 7 (free 24092 MiB)
2026-05-12 10:00:57,827 [INFO] ms-clip: using CUDA_VISIBLE_DEVICES=7
2026-05-12 10:00:57,827 [INFO] ms-clip: launching predict_smi (n_candidates=256)
2026-05-12 10:01:09,538 [INFO] ms-clip: auto-picked GPU 7 (free 24092 MiB)
2026-05-12 10:01:09,538 [INFO] ms-clip: using CUDA_VISIBLE_DEVICES=7
2026-05-12 10:01:09,539 [INFO] ms-clip: launching predict_smi (n_candidates=256)
2026-05-12 10:01:22,103 [INFO] ms-clip: auto-picked GPU 7 (free 24092 MiB)
2026-05-12 10:01:22,103 [INFO] ms-clip: using CUDA_VISIBLE_DEVICES=7
2026-05-12 10:01:22,103 [INFO] ms-clip: launching predict_smi (n_candidates=256)
2026-05-12 10:01:34,369 [INFO] ms-clip: auto-picked GPU 7 (free 24092 MiB)
2026-05-12 10:01:34,370 [INFO] ms-clip: using CUDA_VISIBLE_DEVICES=7
2026-05-12 10:01:34,370 [INFO] ms-clip: launching predict_smi (n_candidates=192)
2026-05-12 10:01:46,318 [INFO] ms-clip: auto-picked GPU 7 (free 24092 MiB)
2026-05-12 10:01:46,318 [INFO] ms-clip: using CUDA_VISIBLE_DEVICES=7
2026-05-12 10:01:46,319 [INFO] ms-clip: launching predict_smi (n_candidates=256)
2026-05-12 10:01:58,111 [INFO] ms-clip: auto-picked GPU 7 (free 24092 MiB)
2026-05-12 10:01:58,111 [INFO] ms-clip: using CUDA_VISIBLE_DEVICES=7
2026-05-12 10:01:58,111 [INFO] ms-clip: launching predict_smi (n_candidates=256)
2026-05-12 10:02:10,467 [INFO] ms-clip: auto-picked GPU 7 (free 24092 MiB)
2026-05-12 10:02:10,467 [INFO] ms-clip: using CUDA_VISIBLE_DEVICES=7
2026-05-12 10:02:10,467 [INFO] ms-clip: launching predict_smi (n_candidates=96)
2026-05-12 10:02:22,201 [INFO] spec 240/500  MassSpecGymID0372011  pool=96  pred=WLFKFFMDFMCZQR  correct=False  t=11.8s
2026-05-12 10:02:22,309 [INFO] ms-clip: auto-picked GPU 7 (free 24092 MiB)
2026-05-12 10:02:22,309 [INFO] ms-clip: using CUDA_VISIBLE_DEVICES=7
2026-05-12 10:02:22,309 [INFO] ms-clip: launching predict_smi (n_candidates=24)
2026-05-12 10:02:33,735 [INFO] ms-clip: auto-picked GPU 7 (free 24092 MiB)
2026-05-12 10:02:33,735 [INFO] ms-clip: using CUDA_VISIBLE_DEVICES=7
2026-05-12 10:02:33,735 [INFO] ms-clip: launching predict_smi (n_candidates=47)
2026-05-12 10:02:45,097 [INFO] ms-clip: auto-picked GPU 7 (free 24092 MiB)
2026-05-12 10:02:45,097 [INFO] ms-clip: using CUDA_VISIBLE_DEVICES=7
2026-05-12 10:02:45,098 [INFO] ms-clip: launching predict_smi (n_candidates=256)
2026-05-12 10:02:57,009 [INFO] ms-clip: auto-picked GPU 7 (free 24092 MiB)
2026-05-12 10:02:57,009 [INFO] ms-clip: using CUDA_VISIBLE_DEVICES=7
2026-05-12 10:02:57,009 [INFO] ms-clip: launching predict_smi (n_candidates=256)
2026-05-12 10:03:08,617 [INFO] ms-clip: auto-picked GPU 7 (free 24092 MiB)
2026-05-12 10:03:08,617 [INFO] ms-clip: using CUDA_VISIBLE_DEVICES=7
2026-05-12 10:03:08,618 [INFO] ms-clip: launching predict_smi (n_candidates=16)
2026-05-12 10:03:20,056 [INFO] ms-clip: auto-picked GPU 7 (free 24092 MiB)
2026-05-12 10:03:20,056 [INFO] ms-clip: using CUDA_VISIBLE_DEVICES=7
2026-05-12 10:03:20,057 [INFO] ms-clip: launching predict_smi (n_candidates=256)
2026-05-12 10:03:31,583 [INFO] ms-clip: auto-picked GPU 7 (free 24092 MiB)
2026-05-12 10:03:31,583 [INFO] ms-clip: using CUDA_VISIBLE_DEVICES=7
2026-05-12 10:03:31,583 [INFO] ms-clip: launching predict_smi (n_candidates=256)
2026-05-12 10:03:43,685 [INFO] ms-clip: auto-picked GPU 7 (free 24092 MiB)
2026-05-12 10:03:43,685 [INFO] ms-clip: using CUDA_VISIBLE_DEVICES=7
2026-05-12 10:03:43,685 [INFO] ms-clip: launching predict_smi (n_candidates=256)
2026-05-12 10:03:55,930 [INFO] ms-clip: auto-picked GPU 7 (free 24092 MiB)
2026-05-12 10:03:55,930 [INFO] ms-clip: using CUDA_VISIBLE_DEVICES=7
2026-05-12 10:03:55,930 [INFO] ms-clip: launching predict_smi (n_candidates=67)
2026-05-12 10:04:07,408 [INFO] ms-clip: auto-picked GPU 7 (free 24092 MiB)
2026-05-12 10:04:07,408 [INFO] ms-clip: using CUDA_VISIBLE_DEVICES=7
2026-05-12 10:04:07,408 [INFO] ms-clip: launching predict_smi (n_candidates=256)
2026-05-12 10:04:19,601 [INFO] spec 250/500  MassSpecGymID0211202  pool=256  pred=OYFCDWLVIVPEDW  correct=True  t=12.4s
2026-05-12 10:04:19,712 [INFO] ms-clip: auto-picked GPU 7 (free 17392 MiB)
2026-05-12 10:04:19,712 [INFO] ms-clip: using CUDA_VISIBLE_DEVICES=7
2026-05-12 10:04:19,713 [INFO] ms-clip: launching predict_smi (n_candidates=49)
2026-05-12 10:04:31,425 [INFO] ms-clip: auto-picked GPU 7 (free 15456 MiB)
2026-05-12 10:04:31,425 [INFO] ms-clip: using CUDA_VISIBLE_DEVICES=7
2026-05-12 10:04:31,426 [INFO] ms-clip: launching predict_smi (n_candidates=256)
2026-05-12 10:04:43,426 [INFO] ms-clip: auto-picked GPU 7 (free 17392 MiB)
2026-05-12 10:04:43,427 [INFO] ms-clip: using CUDA_VISIBLE_DEVICES=7
2026-05-12 10:04:43,427 [INFO] ms-clip: launching predict_smi (n_candidates=256)
2026-05-12 10:04:56,027 [INFO] ms-clip: auto-picked GPU 7 (free 24092 MiB)
2026-05-12 10:04:56,027 [INFO] ms-clip: using CUDA_VISIBLE_DEVICES=7
2026-05-12 10:04:56,027 [INFO] ms-clip: launching predict_smi (n_candidates=56)
2026-05-12 10:05:08,374 [INFO] ms-clip: auto-picked GPU 7 (free 17392 MiB)
2026-05-12 10:05:08,374 [INFO] ms-clip: using CUDA_VISIBLE_DEVICES=7
2026-05-12 10:05:08,374 [INFO] ms-clip: launching predict_smi (n_candidates=256)
2026-05-12 10:05:21,706 [INFO] ms-clip: auto-picked GPU 7 (free 24092 MiB)
2026-05-12 10:05:21,707 [INFO] ms-clip: using CUDA_VISIBLE_DEVICES=7
2026-05-12 10:05:21,707 [INFO] ms-clip: launching predict_smi (n_candidates=9)
2026-05-12 10:05:33,262 [INFO] ms-clip: auto-picked GPU 7 (free 15474 MiB)
2026-05-12 10:05:33,262 [INFO] ms-clip: using CUDA_VISIBLE_DEVICES=7
2026-05-12 10:05:33,262 [INFO] ms-clip: launching predict_smi (n_candidates=48)
2026-05-12 10:05:44,894 [INFO] ms-clip: auto-picked GPU 7 (free 17392 MiB)
2026-05-12 10:05:44,894 [INFO] ms-clip: using CUDA_VISIBLE_DEVICES=7
2026-05-12 10:05:44,894 [INFO] ms-clip: launching predict_smi (n_candidates=256)
2026-05-12 10:05:57,479 [INFO] ms-clip: auto-picked GPU 7 (free 15474 MiB)
2026-05-12 10:05:57,479 [INFO] ms-clip: using CUDA_VISIBLE_DEVICES=7
2026-05-12 10:05:57,479 [INFO] ms-clip: launching predict_smi (n_candidates=256)
2026-05-12 10:06:10,470 [INFO] ms-clip: auto-picked GPU 7 (free 24092 MiB)
2026-05-12 10:06:10,470 [INFO] ms-clip: using CUDA_VISIBLE_DEVICES=7
2026-05-12 10:06:10,470 [INFO] ms-clip: launching predict_smi (n_candidates=256)
2026-05-12 10:06:23,090 [INFO] spec 260/500  MassSpecGymID0206353  pool=256  pred=WEVPQQOUSUESHR  correct=False  t=12.8s
2026-05-12 10:06:23,221 [INFO] ms-clip: auto-picked GPU 7 (free 15600 MiB)
2026-05-12 10:06:23,221 [INFO] ms-clip: using CUDA_VISIBLE_DEVICES=7
2026-05-12 10:06:23,221 [INFO] ms-clip: launching predict_smi (n_candidates=174)
2026-05-12 10:06:35,461 [INFO] ms-clip: auto-picked GPU 7 (free 15510 MiB)
2026-05-12 10:06:35,462 [INFO] ms-clip: using CUDA_VISIBLE_DEVICES=7
2026-05-12 10:06:35,462 [INFO] ms-clip: launching predict_smi (n_candidates=256)
2026-05-12 10:06:47,642 [INFO] ms-clip: auto-picked GPU 7 (free 15456 MiB)
2026-05-12 10:06:47,642 [INFO] ms-clip: using CUDA_VISIBLE_DEVICES=7
2026-05-12 10:06:47,643 [INFO] ms-clip: launching predict_smi (n_candidates=163)
2026-05-12 10:06:59,492 [INFO] ms-clip: auto-picked GPU 7 (free 15474 MiB)
2026-05-12 10:06:59,493 [INFO] ms-clip: using CUDA_VISIBLE_DEVICES=7
2026-05-12 10:06:59,493 [INFO] ms-clip: launching predict_smi (n_candidates=243)
2026-05-12 10:07:11,498 [INFO] ms-clip: auto-picked GPU 7 (free 17392 MiB)
2026-05-12 10:07:11,498 [INFO] ms-clip: using CUDA_VISIBLE_DEVICES=7
2026-05-12 10:07:11,498 [INFO] ms-clip: launching predict_smi (n_candidates=211)
2026-05-12 10:07:24,181 [INFO] ms-clip: auto-picked GPU 7 (free 15459 MiB)
2026-05-12 10:07:24,182 [INFO] ms-clip: using CUDA_VISIBLE_DEVICES=7
2026-05-12 10:07:24,182 [INFO] ms-clip: launching predict_smi (n_candidates=256)
2026-05-12 10:07:36,649 [INFO] ms-clip: auto-picked GPU 7 (free 24092 MiB)
2026-05-12 10:07:36,650 [INFO] ms-clip: using CUDA_VISIBLE_DEVICES=7
2026-05-12 10:07:36,650 [INFO] ms-clip: launching predict_smi (n_candidates=160)
2026-05-12 10:07:49,648 [INFO] ms-clip: auto-picked GPU 7 (free 24092 MiB)
2026-05-12 10:07:49,649 [INFO] ms-clip: using CUDA_VISIBLE_DEVICES=7
2026-05-12 10:07:49,649 [INFO] ms-clip: launching predict_smi (n_candidates=256)
2026-05-12 10:08:02,249 [INFO] ms-clip: auto-picked GPU 7 (free 17392 MiB)
2026-05-12 10:08:02,249 [INFO] ms-clip: using CUDA_VISIBLE_DEVICES=7
2026-05-12 10:08:02,249 [INFO] ms-clip: launching predict_smi (n_candidates=70)
2026-05-12 10:08:14,047 [INFO] ms-clip: auto-picked GPU 7 (free 15456 MiB)
2026-05-12 10:08:14,047 [INFO] ms-clip: using CUDA_VISIBLE_DEVICES=7
2026-05-12 10:08:14,047 [INFO] ms-clip: launching predict_smi (n_candidates=110)
2026-05-12 10:08:25,764 [INFO] spec 270/500  MassSpecGymID0012652  pool=110  pred=ULGZDMOVFRHVEP  correct=True  t=11.9s
2026-05-12 10:08:25,900 [INFO] ms-clip: auto-picked GPU 7 (free 17392 MiB)
2026-05-12 10:08:25,900 [INFO] ms-clip: using CUDA_VISIBLE_DEVICES=7
2026-05-12 10:08:25,901 [INFO] ms-clip: launching predict_smi (n_candidates=256)
2026-05-12 10:08:37,560 [INFO] ms-clip: auto-picked GPU 7 (free 17416 MiB)
2026-05-12 10:08:37,560 [INFO] ms-clip: using CUDA_VISIBLE_DEVICES=7
2026-05-12 10:08:37,560 [INFO] ms-clip: launching predict_smi (n_candidates=256)
2026-05-12 10:08:49,329 [INFO] ms-clip: auto-picked GPU 7 (free 20364 MiB)
2026-05-12 10:08:49,329 [INFO] ms-clip: using CUDA_VISIBLE_DEVICES=7
2026-05-12 10:08:49,329 [INFO] ms-clip: launching predict_smi (n_candidates=32)
2026-05-12 10:09:00,448 [INFO] ms-clip: auto-picked GPU 7 (free 20364 MiB)
2026-05-12 10:09:00,449 [INFO] ms-clip: using CUDA_VISIBLE_DEVICES=7
2026-05-12 10:09:00,449 [INFO] ms-clip: launching predict_smi (n_candidates=36)
2026-05-12 10:09:12,032 [INFO] ms-clip: auto-picked GPU 7 (free 20364 MiB)
2026-05-12 10:09:12,032 [INFO] ms-clip: using CUDA_VISIBLE_DEVICES=7
2026-05-12 10:09:12,032 [INFO] ms-clip: launching predict_smi (n_candidates=12)
2026-05-12 10:09:23,402 [INFO] ms-clip: auto-picked GPU 7 (free 20364 MiB)
2026-05-12 10:09:23,403 [INFO] ms-clip: using CUDA_VISIBLE_DEVICES=7
2026-05-12 10:09:23,403 [INFO] ms-clip: launching predict_smi (n_candidates=228)
2026-05-12 10:09:35,920 [INFO] ms-clip: auto-picked GPU 7 (free 20364 MiB)
2026-05-12 10:09:35,920 [INFO] ms-clip: using CUDA_VISIBLE_DEVICES=7
2026-05-12 10:09:35,920 [INFO] ms-clip: launching predict_smi (n_candidates=256)
2026-05-12 10:09:47,677 [INFO] ms-clip: auto-picked GPU 7 (free 20364 MiB)
2026-05-12 10:09:47,677 [INFO] ms-clip: using CUDA_VISIBLE_DEVICES=7
2026-05-12 10:09:47,677 [INFO] ms-clip: launching predict_smi (n_candidates=256)
2026-05-12 10:09:59,263 [INFO] ms-clip: auto-picked GPU 7 (free 20364 MiB)
2026-05-12 10:09:59,263 [INFO] ms-clip: using CUDA_VISIBLE_DEVICES=7
2026-05-12 10:09:59,263 [INFO] ms-clip: launching predict_smi (n_candidates=256)
2026-05-12 10:10:11,131 [INFO] ms-clip: auto-picked GPU 7 (free 20364 MiB)
2026-05-12 10:10:11,131 [INFO] ms-clip: using CUDA_VISIBLE_DEVICES=7
2026-05-12 10:10:11,132 [INFO] ms-clip: launching predict_smi (n_candidates=256)
2026-05-12 10:10:23,142 [INFO] spec 280/500  MassSpecGymID0247776  pool=256  pred=KQIXOBKAGZBVGB  correct=True  t=12.1s
2026-05-12 10:10:23,238 [INFO] ms-clip: auto-picked GPU 7 (free 20364 MiB)
2026-05-12 10:10:23,238 [INFO] ms-clip: using CUDA_VISIBLE_DEVICES=7
2026-05-12 10:10:23,238 [INFO] ms-clip: launching predict_smi (n_candidates=66)
2026-05-12 10:10:34,776 [INFO] ms-clip: auto-picked GPU 7 (free 20364 MiB)
2026-05-12 10:10:34,776 [INFO] ms-clip: using CUDA_VISIBLE_DEVICES=7
2026-05-12 10:10:34,776 [INFO] ms-clip: launching predict_smi (n_candidates=231)
2026-05-12 10:10:46,727 [INFO] ms-clip: auto-picked GPU 7 (free 20808 MiB)
2026-05-12 10:10:46,728 [INFO] ms-clip: using CUDA_VISIBLE_DEVICES=7
2026-05-12 10:10:46,728 [INFO] ms-clip: launching predict_smi (n_candidates=5)
2026-05-12 10:10:57,979 [INFO] ms-clip: auto-picked GPU 7 (free 20968 MiB)
2026-05-12 10:10:57,979 [INFO] ms-clip: using CUDA_VISIBLE_DEVICES=7
2026-05-12 10:10:57,979 [INFO] ms-clip: launching predict_smi (n_candidates=256)
2026-05-12 10:11:10,765 [INFO] ms-clip: auto-picked GPU 7 (free 20808 MiB)
2026-05-12 10:11:10,765 [INFO] ms-clip: using CUDA_VISIBLE_DEVICES=7
2026-05-12 10:11:10,765 [INFO] ms-clip: launching predict_smi (n_candidates=256)
2026-05-12 10:11:22,393 [INFO] ms-clip: auto-picked GPU 7 (free 21902 MiB)
2026-05-12 10:11:22,394 [INFO] ms-clip: using CUDA_VISIBLE_DEVICES=7
2026-05-12 10:11:22,394 [INFO] ms-clip: launching predict_smi (n_candidates=30)
2026-05-12 10:11:34,831 [INFO] ms-clip: auto-picked GPU 7 (free 21048 MiB)
2026-05-12 10:11:34,831 [INFO] ms-clip: using CUDA_VISIBLE_DEVICES=7
2026-05-12 10:11:34,832 [INFO] ms-clip: launching predict_smi (n_candidates=256)
2026-05-12 10:11:48,021 [INFO] ms-clip: auto-picked GPU 7 (free 20808 MiB)
2026-05-12 10:11:48,022 [INFO] ms-clip: using CUDA_VISIBLE_DEVICES=7
2026-05-12 10:11:48,022 [INFO] ms-clip: launching predict_smi (n_candidates=80)
2026-05-12 10:11:59,756 [INFO] ms-clip: auto-picked GPU 7 (free 21644 MiB)
2026-05-12 10:11:59,756 [INFO] ms-clip: using CUDA_VISIBLE_DEVICES=7
2026-05-12 10:11:59,756 [INFO] ms-clip: launching predict_smi (n_candidates=21)
2026-05-12 10:12:12,444 [INFO] ms-clip: auto-picked GPU 7 (free 20808 MiB)
2026-05-12 10:12:12,444 [INFO] ms-clip: using CUDA_VISIBLE_DEVICES=7
2026-05-12 10:12:12,445 [INFO] ms-clip: launching predict_smi (n_candidates=256)
2026-05-12 10:12:24,464 [INFO] spec 290/500  MassSpecGymID0215817  pool=256  pred=ATZKNJQPPLSNBB  correct=True  t=12.1s
2026-05-12 10:12:24,590 [INFO] ms-clip: auto-picked GPU 7 (free 20808 MiB)
2026-05-12 10:12:24,590 [INFO] ms-clip: using CUDA_VISIBLE_DEVICES=7
2026-05-12 10:12:24,590 [INFO] ms-clip: launching predict_smi (n_candidates=31)
2026-05-12 10:12:36,372 [INFO] ms-clip: auto-picked GPU 7 (free 20808 MiB)
2026-05-12 10:12:36,372 [INFO] ms-clip: using CUDA_VISIBLE_DEVICES=7
2026-05-12 10:12:36,372 [INFO] ms-clip: launching predict_smi (n_candidates=148)
2026-05-12 10:12:48,274 [INFO] ms-clip: auto-picked GPU 7 (free 20808 MiB)
2026-05-12 10:12:48,274 [INFO] ms-clip: using CUDA_VISIBLE_DEVICES=7
2026-05-12 10:12:48,274 [INFO] ms-clip: launching predict_smi (n_candidates=66)
2026-05-12 10:12:59,925 [INFO] ms-clip: auto-picked GPU 7 (free 20808 MiB)
2026-05-12 10:12:59,925 [INFO] ms-clip: using CUDA_VISIBLE_DEVICES=7
2026-05-12 10:12:59,925 [INFO] ms-clip: launching predict_smi (n_candidates=256)
2026-05-12 10:13:11,893 [INFO] ms-clip: auto-picked GPU 7 (free 20808 MiB)
2026-05-12 10:13:11,893 [INFO] ms-clip: using CUDA_VISIBLE_DEVICES=7
2026-05-12 10:13:11,893 [INFO] ms-clip: launching predict_smi (n_candidates=74)
2026-05-12 10:13:23,808 [INFO] ms-clip: auto-picked GPU 7 (free 20808 MiB)
2026-05-12 10:13:23,809 [INFO] ms-clip: using CUDA_VISIBLE_DEVICES=7
2026-05-12 10:13:23,809 [INFO] ms-clip: launching predict_smi (n_candidates=24)
2026-05-12 10:13:35,709 [INFO] ms-clip: auto-picked GPU 7 (free 20888 MiB)
2026-05-12 10:13:35,709 [INFO] ms-clip: using CUDA_VISIBLE_DEVICES=7
2026-05-12 10:13:35,710 [INFO] ms-clip: launching predict_smi (n_candidates=256)
2026-05-12 10:13:47,563 [INFO] ms-clip: auto-picked GPU 7 (free 21432 MiB)
2026-05-12 10:13:47,563 [INFO] ms-clip: using CUDA_VISIBLE_DEVICES=7
2026-05-12 10:13:47,563 [INFO] ms-clip: launching predict_smi (n_candidates=118)
2026-05-12 10:13:59,817 [INFO] ms-clip: auto-picked GPU 7 (free 21480 MiB)
2026-05-12 10:13:59,817 [INFO] ms-clip: using CUDA_VISIBLE_DEVICES=7
2026-05-12 10:13:59,817 [INFO] ms-clip: launching predict_smi (n_candidates=256)
2026-05-12 10:14:11,891 [INFO] ms-clip: auto-picked GPU 7 (free 21368 MiB)
2026-05-12 10:14:11,891 [INFO] ms-clip: using CUDA_VISIBLE_DEVICES=7
2026-05-12 10:14:11,891 [INFO] ms-clip: launching predict_smi (n_candidates=79)
2026-05-12 10:14:23,464 [INFO] spec 300/500  MassSpecGymID0381365  pool=79  pred=YTWLZXBVJMNCIR  correct=True  t=11.7s
2026-05-12 10:14:23,596 [INFO] ms-clip: auto-picked GPU 7 (free 21528 MiB)
2026-05-12 10:14:23,596 [INFO] ms-clip: using CUDA_VISIBLE_DEVICES=7
2026-05-12 10:14:23,596 [INFO] ms-clip: launching predict_smi (n_candidates=256)
2026-05-12 10:14:35,685 [INFO] ms-clip: auto-picked GPU 7 (free 21480 MiB)
2026-05-12 10:14:35,685 [INFO] ms-clip: using CUDA_VISIBLE_DEVICES=7
2026-05-12 10:14:35,685 [INFO] ms-clip: launching predict_smi (n_candidates=256)
2026-05-12 10:14:48,065 [INFO] ms-clip: auto-picked GPU 7 (free 21304 MiB)
2026-05-12 10:14:48,066 [INFO] ms-clip: using CUDA_VISIBLE_DEVICES=7
2026-05-12 10:14:48,066 [INFO] ms-clip: launching predict_smi (n_candidates=256)
2026-05-12 10:15:00,478 [INFO] ms-clip: auto-picked GPU 7 (free 20808 MiB)
2026-05-12 10:15:00,478 [INFO] ms-clip: using CUDA_VISIBLE_DEVICES=7
2026-05-12 10:15:00,479 [INFO] ms-clip: launching predict_smi (n_candidates=256)
2026-05-12 10:15:12,342 [INFO] ms-clip: auto-picked GPU 7 (free 20808 MiB)
2026-05-12 10:15:12,342 [INFO] ms-clip: using CUDA_VISIBLE_DEVICES=7
2026-05-12 10:15:12,342 [INFO] ms-clip: launching predict_smi (n_candidates=256)
2026-05-12 10:15:24,225 [INFO] ms-clip: auto-picked GPU 7 (free 20888 MiB)
2026-05-12 10:15:24,226 [INFO] ms-clip: using CUDA_VISIBLE_DEVICES=7
2026-05-12 10:15:24,226 [INFO] ms-clip: launching predict_smi (n_candidates=191)
2026-05-12 10:15:36,002 [INFO] ms-clip: auto-picked GPU 7 (free 22266 MiB)
2026-05-12 10:15:36,003 [INFO] ms-clip: using CUDA_VISIBLE_DEVICES=7
2026-05-12 10:15:36,003 [INFO] ms-clip: launching predict_smi (n_candidates=12)
2026-05-12 10:15:47,817 [INFO] ms-clip: auto-picked GPU 7 (free 22170 MiB)
2026-05-12 10:15:47,818 [INFO] ms-clip: using CUDA_VISIBLE_DEVICES=7
2026-05-12 10:15:47,818 [INFO] ms-clip: launching predict_smi (n_candidates=256)
2026-05-12 10:16:00,272 [INFO] ms-clip: auto-picked GPU 7 (free 21432 MiB)
2026-05-12 10:16:00,272 [INFO] ms-clip: using CUDA_VISIBLE_DEVICES=7
2026-05-12 10:16:00,273 [INFO] ms-clip: launching predict_smi (n_candidates=130)
2026-05-12 10:16:12,228 [INFO] ms-clip: auto-picked GPU 7 (free 21352 MiB)
2026-05-12 10:16:12,229 [INFO] ms-clip: using CUDA_VISIBLE_DEVICES=7
2026-05-12 10:16:12,229 [INFO] ms-clip: launching predict_smi (n_candidates=256)
2026-05-12 10:16:23,833 [INFO] spec 310/500  MassSpecGymID0215427  pool=256  pred=RGZNJUVMQCOEOI  correct=True  t=11.7s
2026-05-12 10:16:23,963 [INFO] ms-clip: auto-picked GPU 7 (free 21902 MiB)
2026-05-12 10:16:23,963 [INFO] ms-clip: using CUDA_VISIBLE_DEVICES=7
2026-05-12 10:16:23,963 [INFO] ms-clip: launching predict_smi (n_candidates=256)
2026-05-12 10:16:35,827 [INFO] ms-clip: auto-picked GPU 7 (free 23104 MiB)
2026-05-12 10:16:35,828 [INFO] ms-clip: using CUDA_VISIBLE_DEVICES=7
2026-05-12 10:16:35,828 [INFO] ms-clip: launching predict_smi (n_candidates=49)
2026-05-12 10:16:48,050 [INFO] ms-clip: auto-picked GPU 7 (free 24092 MiB)
2026-05-12 10:16:48,050 [INFO] ms-clip: using CUDA_VISIBLE_DEVICES=7
2026-05-12 10:16:48,050 [INFO] ms-clip: launching predict_smi (n_candidates=114)
2026-05-12 10:16:59,757 [INFO] ms-clip: auto-picked GPU 7 (free 24092 MiB)
2026-05-12 10:16:59,758 [INFO] ms-clip: using CUDA_VISIBLE_DEVICES=7
2026-05-12 10:16:59,758 [INFO] ms-clip: launching predict_smi (n_candidates=110)
2026-05-12 10:17:11,792 [INFO] ms-clip: auto-picked GPU 7 (free 24092 MiB)
2026-05-12 10:17:11,792 [INFO] ms-clip: using CUDA_VISIBLE_DEVICES=7
2026-05-12 10:17:11,793 [INFO] ms-clip: launching predict_smi (n_candidates=23)
2026-05-12 10:17:23,115 [INFO] ms-clip: auto-picked GPU 7 (free 24092 MiB)
2026-05-12 10:17:23,115 [INFO] ms-clip: using CUDA_VISIBLE_DEVICES=7
2026-05-12 10:17:23,115 [INFO] ms-clip: launching predict_smi (n_candidates=256)
2026-05-12 10:17:34,764 [INFO] ms-clip: auto-picked GPU 7 (free 24092 MiB)
2026-05-12 10:17:34,764 [INFO] ms-clip: using CUDA_VISIBLE_DEVICES=7
2026-05-12 10:17:34,764 [INFO] ms-clip: launching predict_smi (n_candidates=256)
2026-05-12 10:17:46,790 [INFO] ms-clip: auto-picked GPU 7 (free 24092 MiB)
2026-05-12 10:17:46,790 [INFO] ms-clip: using CUDA_VISIBLE_DEVICES=7
2026-05-12 10:17:46,790 [INFO] ms-clip: launching predict_smi (n_candidates=5)
2026-05-12 10:17:58,171 [INFO] ms-clip: auto-picked GPU 7 (free 24092 MiB)
2026-05-12 10:17:58,171 [INFO] ms-clip: using CUDA_VISIBLE_DEVICES=7
2026-05-12 10:17:58,171 [INFO] ms-clip: launching predict_smi (n_candidates=240)
2026-05-12 10:18:10,015 [INFO] ms-clip: auto-picked GPU 7 (free 24092 MiB)
2026-05-12 10:18:10,015 [INFO] ms-clip: using CUDA_VISIBLE_DEVICES=7
2026-05-12 10:18:10,015 [INFO] ms-clip: launching predict_smi (n_candidates=79)
2026-05-12 10:18:21,361 [INFO] spec 320/500  MassSpecGymID0336431  pool=79  pred=HWRPGOHFIWLZBL  correct=False  t=11.4s
2026-05-12 10:18:21,491 [INFO] ms-clip: auto-picked GPU 7 (free 24092 MiB)
2026-05-12 10:18:21,491 [INFO] ms-clip: using CUDA_VISIBLE_DEVICES=7
2026-05-12 10:18:21,491 [INFO] ms-clip: launching predict_smi (n_candidates=256)
2026-05-12 10:18:33,320 [INFO] ms-clip: auto-picked GPU 7 (free 24092 MiB)
2026-05-12 10:18:33,321 [INFO] ms-clip: using CUDA_VISIBLE_DEVICES=7
2026-05-12 10:18:33,321 [INFO] ms-clip: launching predict_smi (n_candidates=84)
2026-05-12 10:18:46,086 [INFO] ms-clip: auto-picked GPU 7 (free 24092 MiB)
2026-05-12 10:18:46,086 [INFO] ms-clip: using CUDA_VISIBLE_DEVICES=7
2026-05-12 10:18:46,086 [INFO] ms-clip: launching predict_smi (n_candidates=234)
2026-05-12 10:18:58,093 [INFO] ms-clip: auto-picked GPU 7 (free 24092 MiB)
2026-05-12 10:18:58,093 [INFO] ms-clip: using CUDA_VISIBLE_DEVICES=7
2026-05-12 10:18:58,093 [INFO] ms-clip: launching predict_smi (n_candidates=5)
2026-05-12 10:19:09,144 [INFO] ms-clip: auto-picked GPU 7 (free 24092 MiB)
2026-05-12 10:19:09,145 [INFO] ms-clip: using CUDA_VISIBLE_DEVICES=7
2026-05-12 10:19:09,145 [INFO] ms-clip: launching predict_smi (n_candidates=56)
2026-05-12 10:19:20,612 [INFO] ms-clip: auto-picked GPU 7 (free 17392 MiB)
2026-05-12 10:19:20,612 [INFO] ms-clip: using CUDA_VISIBLE_DEVICES=7
2026-05-12 10:19:20,612 [INFO] ms-clip: launching predict_smi (n_candidates=47)
2026-05-12 10:19:32,017 [INFO] ms-clip: auto-picked GPU 7 (free 15456 MiB)
2026-05-12 10:19:32,017 [INFO] ms-clip: using CUDA_VISIBLE_DEVICES=7
2026-05-12 10:19:32,018 [INFO] ms-clip: launching predict_smi (n_candidates=256)
2026-05-12 10:19:43,694 [INFO] ms-clip: auto-picked GPU 7 (free 17392 MiB)
2026-05-12 10:19:43,695 [INFO] ms-clip: using CUDA_VISIBLE_DEVICES=7
2026-05-12 10:19:43,695 [INFO] ms-clip: launching predict_smi (n_candidates=256)
2026-05-12 10:19:55,632 [WARNING] ms-clip dropped SMILES Cc1cc(-c2nccc(Cc3cccc(-n4[c-][n+](C)cc4)c3)n2)n[nH]1; emitting sentinel -1.0
2026-05-12 10:19:55,781 [INFO] ms-clip: auto-picked GPU 7 (free 15488 MiB)
2026-05-12 10:19:55,782 [INFO] ms-clip: using CUDA_VISIBLE_DEVICES=7
2026-05-12 10:19:55,782 [INFO] ms-clip: launching predict_smi (n_candidates=17)
2026-05-12 10:20:08,247 [INFO] ms-clip: auto-picked GPU 7 (free 15624 MiB)
2026-05-12 10:20:08,247 [INFO] ms-clip: using CUDA_VISIBLE_DEVICES=7
2026-05-12 10:20:08,247 [INFO] ms-clip: launching predict_smi (n_candidates=256)
2026-05-12 10:20:20,041 [INFO] spec 330/500  MassSpecGymID0236749  pool=256  pred=ZNLVYSJQUMALEO  correct=True  t=11.9s
2026-05-12 10:20:20,231 [INFO] ms-clip: auto-picked GPU 7 (free 24092 MiB)
2026-05-12 10:20:20,231 [INFO] ms-clip: using CUDA_VISIBLE_DEVICES=7
2026-05-12 10:20:20,231 [INFO] ms-clip: launching predict_smi (n_candidates=256)
2026-05-12 10:20:33,525 [INFO] ms-clip: auto-picked GPU 7 (free 24092 MiB)
2026-05-12 10:20:33,525 [INFO] ms-clip: using CUDA_VISIBLE_DEVICES=7
2026-05-12 10:20:33,525 [INFO] ms-clip: launching predict_smi (n_candidates=23)
2026-05-12 10:20:45,539 [INFO] ms-clip: auto-picked GPU 7 (free 24092 MiB)
2026-05-12 10:20:45,539 [INFO] ms-clip: using CUDA_VISIBLE_DEVICES=7
2026-05-12 10:20:45,539 [INFO] ms-clip: launching predict_smi (n_candidates=256)
2026-05-12 10:20:58,219 [INFO] ms-clip: auto-picked GPU 7 (free 24092 MiB)
2026-05-12 10:20:58,219 [INFO] ms-clip: using CUDA_VISIBLE_DEVICES=7
2026-05-12 10:20:58,219 [INFO] ms-clip: launching predict_smi (n_candidates=256)
2026-05-12 10:21:10,997 [INFO] ms-clip: auto-picked GPU 7 (free 24092 MiB)
2026-05-12 10:21:10,997 [INFO] ms-clip: using CUDA_VISIBLE_DEVICES=7
2026-05-12 10:21:10,997 [INFO] ms-clip: launching predict_smi (n_candidates=256)
2026-05-12 10:21:23,340 [INFO] ms-clip: auto-picked GPU 7 (free 24092 MiB)
2026-05-12 10:21:23,341 [INFO] ms-clip: using CUDA_VISIBLE_DEVICES=7
2026-05-12 10:21:23,341 [INFO] ms-clip: launching predict_smi (n_candidates=135)
2026-05-12 10:21:36,011 [INFO] ms-clip: auto-picked GPU 7 (free 24092 MiB)
2026-05-12 10:21:36,011 [INFO] ms-clip: using CUDA_VISIBLE_DEVICES=7
2026-05-12 10:21:36,011 [INFO] ms-clip: launching predict_smi (n_candidates=256)
2026-05-12 10:21:47,914 [WARNING] ms-clip dropped SMILES O=C(NCCCNc1n[n+]([O-])c2ccccc2[n+]1[O-])c1cccc2cc3ccccc3nc12; emitting sentinel -1.0
2026-05-12 10:21:48,042 [INFO] ms-clip: auto-picked GPU 7 (free 24092 MiB)
2026-05-12 10:21:48,043 [INFO] ms-clip: using CUDA_VISIBLE_DEVICES=7
2026-05-12 10:21:48,043 [INFO] ms-clip: launching predict_smi (n_candidates=110)
2026-05-12 10:22:00,331 [INFO] ms-clip: auto-picked GPU 7 (free 24092 MiB)
2026-05-12 10:22:00,332 [INFO] ms-clip: using CUDA_VISIBLE_DEVICES=7
2026-05-12 10:22:00,332 [INFO] ms-clip: launching predict_smi (n_candidates=256)
2026-05-12 10:22:12,435 [INFO] ms-clip: auto-picked GPU 7 (free 24092 MiB)
2026-05-12 10:22:12,436 [INFO] ms-clip: using CUDA_VISIBLE_DEVICES=7
2026-05-12 10:22:12,436 [INFO] ms-clip: launching predict_smi (n_candidates=135)
2026-05-12 10:22:24,748 [INFO] spec 340/500  MassSpecGymID0300352  pool=135  pred=OUGNWRCWQLUXHX  correct=True  t=12.4s
2026-05-12 10:22:24,852 [INFO] ms-clip: auto-picked GPU 7 (free 24092 MiB)
2026-05-12 10:22:24,853 [INFO] ms-clip: using CUDA_VISIBLE_DEVICES=7
2026-05-12 10:22:24,853 [INFO] ms-clip: launching predict_smi (n_candidates=77)
2026-05-12 10:22:36,681 [INFO] ms-clip: auto-picked GPU 7 (free 24092 MiB)
2026-05-12 10:22:36,682 [INFO] ms-clip: using CUDA_VISIBLE_DEVICES=7
2026-05-12 10:22:36,682 [INFO] ms-clip: launching predict_smi (n_candidates=256)
2026-05-12 10:22:49,201 [INFO] ms-clip: auto-picked GPU 7 (free 15488 MiB)
2026-05-12 10:22:49,201 [INFO] ms-clip: using CUDA_VISIBLE_DEVICES=7
2026-05-12 10:22:49,201 [INFO] ms-clip: launching predict_smi (n_candidates=71)
2026-05-12 10:23:01,311 [INFO] ms-clip: auto-picked GPU 7 (free 17392 MiB)
2026-05-12 10:23:01,312 [INFO] ms-clip: using CUDA_VISIBLE_DEVICES=7
2026-05-12 10:23:01,312 [INFO] ms-clip: launching predict_smi (n_candidates=256)
2026-05-12 10:23:13,947 [INFO] ms-clip: auto-picked GPU 7 (free 24092 MiB)
2026-05-12 10:23:13,947 [INFO] ms-clip: using CUDA_VISIBLE_DEVICES=7
2026-05-12 10:23:13,947 [INFO] ms-clip: launching predict_smi (n_candidates=256)
2026-05-12 10:23:26,597 [INFO] ms-clip: auto-picked GPU 7 (free 17416 MiB)
2026-05-12 10:23:26,597 [INFO] ms-clip: using CUDA_VISIBLE_DEVICES=7
2026-05-12 10:23:26,597 [INFO] ms-clip: launching predict_smi (n_candidates=16)
2026-05-12 10:23:37,714 [INFO] ms-clip: auto-picked GPU 7 (free 20292 MiB)
2026-05-12 10:23:37,715 [INFO] ms-clip: using CUDA_VISIBLE_DEVICES=7
2026-05-12 10:23:37,715 [INFO] ms-clip: launching predict_smi (n_candidates=86)
2026-05-12 10:23:49,598 [WARNING] ms-clip dropped SMILES CC(=O)OC[C@H]1O[C@@H]([n+]2[c-]ccc(C(=O)OC3CC(C)CCC3C(C)C)c2)[C@H](OC(C)=O)[C@@H]1OC(C)=O; emitting sentinel -1.0
2026-05-12 10:23:49,748 [INFO] ms-clip: auto-picked GPU 7 (free 20364 MiB)
2026-05-12 10:23:49,749 [INFO] ms-clip: using CUDA_VISIBLE_DEVICES=7
2026-05-12 10:23:49,749 [INFO] ms-clip: launching predict_smi (n_candidates=7)
2026-05-12 10:24:00,704 [INFO] ms-clip: auto-picked GPU 7 (free 20364 MiB)
2026-05-12 10:24:00,704 [INFO] ms-clip: using CUDA_VISIBLE_DEVICES=7
2026-05-12 10:24:00,704 [INFO] ms-clip: launching predict_smi (n_candidates=256)
2026-05-12 10:24:12,606 [INFO] ms-clip: auto-picked GPU 7 (free 20364 MiB)
2026-05-12 10:24:12,606 [INFO] ms-clip: using CUDA_VISIBLE_DEVICES=7
2026-05-12 10:24:12,607 [INFO] ms-clip: launching predict_smi (n_candidates=43)
2026-05-12 10:24:23,863 [INFO] spec 350/500  MassSpecGymID0356723  pool=43  pred=HHYPJHIDSAPPCM  correct=False  t=11.4s
2026-05-12 10:24:23,989 [INFO] ms-clip: auto-picked GPU 7 (free 20364 MiB)
2026-05-12 10:24:23,989 [INFO] ms-clip: using CUDA_VISIBLE_DEVICES=7
2026-05-12 10:24:23,989 [INFO] ms-clip: launching predict_smi (n_candidates=63)
2026-05-12 10:24:36,279 [INFO] ms-clip: auto-picked GPU 7 (free 20364 MiB)
2026-05-12 10:24:36,280 [INFO] ms-clip: using CUDA_VISIBLE_DEVICES=7
2026-05-12 10:24:36,280 [INFO] ms-clip: launching predict_smi (n_candidates=256)
2026-05-12 10:24:47,940 [INFO] ms-clip: auto-picked GPU 7 (free 20364 MiB)
2026-05-12 10:24:47,941 [INFO] ms-clip: using CUDA_VISIBLE_DEVICES=7
2026-05-12 10:24:47,941 [INFO] ms-clip: launching predict_smi (n_candidates=256)
2026-05-12 10:24:59,817 [INFO] ms-clip: auto-picked GPU 7 (free 20808 MiB)
2026-05-12 10:24:59,817 [INFO] ms-clip: using CUDA_VISIBLE_DEVICES=7
2026-05-12 10:24:59,817 [INFO] ms-clip: launching predict_smi (n_candidates=256)
2026-05-12 10:25:11,508 [INFO] ms-clip: auto-picked GPU 7 (free 21368 MiB)
2026-05-12 10:25:11,509 [INFO] ms-clip: using CUDA_VISIBLE_DEVICES=7
2026-05-12 10:25:11,509 [INFO] ms-clip: launching predict_smi (n_candidates=256)
2026-05-12 10:25:24,133 [INFO] ms-clip: auto-picked GPU 7 (free 20808 MiB)
2026-05-12 10:25:24,133 [INFO] ms-clip: using CUDA_VISIBLE_DEVICES=7
2026-05-12 10:25:24,133 [INFO] ms-clip: launching predict_smi (n_candidates=247)
2026-05-12 10:25:35,854 [INFO] ms-clip: auto-picked GPU 7 (free 20968 MiB)
2026-05-12 10:25:35,854 [INFO] ms-clip: using CUDA_VISIBLE_DEVICES=7
2026-05-12 10:25:35,854 [INFO] ms-clip: launching predict_smi (n_candidates=41)
2026-05-12 10:25:47,695 [INFO] ms-clip: auto-picked GPU 7 (free 21624 MiB)
2026-05-12 10:25:47,695 [INFO] ms-clip: using CUDA_VISIBLE_DEVICES=7
2026-05-12 10:25:47,695 [INFO] ms-clip: launching predict_smi (n_candidates=256)
2026-05-12 10:25:59,264 [INFO] ms-clip: auto-picked GPU 7 (free 23588 MiB)
2026-05-12 10:25:59,265 [INFO] ms-clip: using CUDA_VISIBLE_DEVICES=7
2026-05-12 10:25:59,265 [INFO] ms-clip: launching predict_smi (n_candidates=15)
2026-05-12 10:26:10,538 [INFO] ms-clip: auto-picked GPU 7 (free 24092 MiB)
2026-05-12 10:26:10,538 [INFO] ms-clip: using CUDA_VISIBLE_DEVICES=7
2026-05-12 10:26:10,538 [INFO] ms-clip: launching predict_smi (n_candidates=256)
2026-05-12 10:26:22,549 [INFO] spec 360/500  MassSpecGymID0070651  pool=256  pred=CRFYLQMIDWBKRT  correct=True  t=12.1s
2026-05-12 10:26:22,675 [INFO] ms-clip: auto-picked GPU 7 (free 24092 MiB)
2026-05-12 10:26:22,675 [INFO] ms-clip: using CUDA_VISIBLE_DEVICES=7
2026-05-12 10:26:22,675 [INFO] ms-clip: launching predict_smi (n_candidates=256)
2026-05-12 10:26:35,686 [INFO] ms-clip: auto-picked GPU 7 (free 22282 MiB)
2026-05-12 10:26:35,686 [INFO] ms-clip: using CUDA_VISIBLE_DEVICES=7
2026-05-12 10:26:35,687 [INFO] ms-clip: launching predict_smi (n_candidates=12)
2026-05-12 10:26:47,607 [INFO] ms-clip: auto-picked GPU 7 (free 21560 MiB)
2026-05-12 10:26:47,607 [INFO] ms-clip: using CUDA_VISIBLE_DEVICES=7
2026-05-12 10:26:47,607 [INFO] ms-clip: launching predict_smi (n_candidates=137)
2026-05-12 10:26:59,630 [INFO] ms-clip: auto-picked GPU 7 (free 21774 MiB)
2026-05-12 10:26:59,630 [INFO] ms-clip: using CUDA_VISIBLE_DEVICES=7
2026-05-12 10:26:59,630 [INFO] ms-clip: launching predict_smi (n_candidates=256)
2026-05-12 10:27:12,120 [INFO] ms-clip: auto-picked GPU 7 (free 20808 MiB)
2026-05-12 10:27:12,120 [INFO] ms-clip: using CUDA_VISIBLE_DEVICES=7
2026-05-12 10:27:12,120 [INFO] ms-clip: launching predict_smi (n_candidates=6)
2026-05-12 10:27:23,860 [INFO] ms-clip: auto-picked GPU 7 (free 20808 MiB)
2026-05-12 10:27:23,860 [INFO] ms-clip: using CUDA_VISIBLE_DEVICES=7
2026-05-12 10:27:23,861 [INFO] ms-clip: launching predict_smi (n_candidates=250)
2026-05-12 10:27:35,847 [INFO] ms-clip: auto-picked GPU 7 (free 21670 MiB)
2026-05-12 10:27:35,847 [INFO] ms-clip: using CUDA_VISIBLE_DEVICES=7
2026-05-12 10:27:35,847 [INFO] ms-clip: launching predict_smi (n_candidates=31)
2026-05-12 10:27:47,465 [INFO] ms-clip: auto-picked GPU 7 (free 22522 MiB)
2026-05-12 10:27:47,465 [INFO] ms-clip: using CUDA_VISIBLE_DEVICES=7
2026-05-12 10:27:47,465 [INFO] ms-clip: launching predict_smi (n_candidates=256)
2026-05-12 10:27:59,116 [INFO] ms-clip: auto-picked GPU 7 (free 24092 MiB)
2026-05-12 10:27:59,117 [INFO] ms-clip: using CUDA_VISIBLE_DEVICES=7
2026-05-12 10:27:59,117 [INFO] ms-clip: launching predict_smi (n_candidates=79)
2026-05-12 10:28:11,168 [INFO] ms-clip: auto-picked GPU 7 (free 24092 MiB)
2026-05-12 10:28:11,169 [INFO] ms-clip: using CUDA_VISIBLE_DEVICES=7
2026-05-12 10:28:11,169 [INFO] ms-clip: launching predict_smi (n_candidates=256)
2026-05-12 10:28:23,358 [INFO] spec 370/500  MassSpecGymID0216416  pool=256  pred=JMXVCIRSULFZLE  correct=True  t=12.3s
2026-05-12 10:28:23,488 [INFO] ms-clip: auto-picked GPU 7 (free 23588 MiB)
2026-05-12 10:28:23,488 [INFO] ms-clip: using CUDA_VISIBLE_DEVICES=7
2026-05-12 10:28:23,488 [INFO] ms-clip: launching predict_smi (n_candidates=16)
2026-05-12 10:28:34,845 [INFO] ms-clip: auto-picked GPU 7 (free 24092 MiB)
2026-05-12 10:28:34,845 [INFO] ms-clip: using CUDA_VISIBLE_DEVICES=7
2026-05-12 10:28:34,845 [INFO] ms-clip: launching predict_smi (n_candidates=256)
2026-05-12 10:28:46,897 [INFO] ms-clip: auto-picked GPU 7 (free 24092 MiB)
2026-05-12 10:28:46,897 [INFO] ms-clip: using CUDA_VISIBLE_DEVICES=7
2026-05-12 10:28:46,897 [INFO] ms-clip: launching predict_smi (n_candidates=163)
2026-05-12 10:28:59,434 [INFO] ms-clip: auto-picked GPU 7 (free 24092 MiB)
2026-05-12 10:28:59,434 [INFO] ms-clip: using CUDA_VISIBLE_DEVICES=7
2026-05-12 10:28:59,435 [INFO] ms-clip: launching predict_smi (n_candidates=154)
2026-05-12 10:29:11,180 [INFO] ms-clip: auto-picked GPU 7 (free 24092 MiB)
2026-05-12 10:29:11,180 [INFO] ms-clip: using CUDA_VISIBLE_DEVICES=7
2026-05-12 10:29:11,180 [INFO] ms-clip: launching predict_smi (n_candidates=122)
2026-05-12 10:29:22,876 [INFO] ms-clip: auto-picked GPU 7 (free 24092 MiB)
2026-05-12 10:29:22,876 [INFO] ms-clip: using CUDA_VISIBLE_DEVICES=7
2026-05-12 10:29:22,876 [INFO] ms-clip: launching predict_smi (n_candidates=163)
2026-05-12 10:29:35,125 [INFO] ms-clip: auto-picked GPU 7 (free 24092 MiB)
2026-05-12 10:29:35,125 [INFO] ms-clip: using CUDA_VISIBLE_DEVICES=7
2026-05-12 10:29:35,125 [INFO] ms-clip: launching predict_smi (n_candidates=1)
2026-05-12 10:29:46,464 [INFO] ms-clip: auto-picked GPU 7 (free 24092 MiB)
2026-05-12 10:29:46,464 [INFO] ms-clip: using CUDA_VISIBLE_DEVICES=7
2026-05-12 10:29:46,464 [INFO] ms-clip: launching predict_smi (n_candidates=31)
2026-05-12 10:29:57,727 [INFO] ms-clip: auto-picked GPU 7 (free 24092 MiB)
2026-05-12 10:29:57,727 [INFO] ms-clip: using CUDA_VISIBLE_DEVICES=7
2026-05-12 10:29:57,727 [INFO] ms-clip: launching predict_smi (n_candidates=256)
2026-05-12 10:30:09,392 [INFO] ms-clip: auto-picked GPU 7 (free 24092 MiB)
2026-05-12 10:30:09,392 [INFO] ms-clip: using CUDA_VISIBLE_DEVICES=7
2026-05-12 10:30:09,392 [INFO] ms-clip: launching predict_smi (n_candidates=256)
2026-05-12 10:30:21,160 [INFO] spec 380/500  MassSpecGymID0204379  pool=256  pred=JRASSONTPQQYOK  correct=True  t=11.9s
2026-05-12 10:30:21,268 [INFO] ms-clip: auto-picked GPU 7 (free 24092 MiB)
2026-05-12 10:30:21,268 [INFO] ms-clip: using CUDA_VISIBLE_DEVICES=7
2026-05-12 10:30:21,269 [INFO] ms-clip: launching predict_smi (n_candidates=256)
2026-05-12 10:30:32,998 [INFO] ms-clip: auto-picked GPU 7 (free 24092 MiB)
2026-05-12 10:30:32,999 [INFO] ms-clip: using CUDA_VISIBLE_DEVICES=7
2026-05-12 10:30:32,999 [INFO] ms-clip: launching predict_smi (n_candidates=256)
2026-05-12 10:30:45,101 [INFO] ms-clip: auto-picked GPU 7 (free 24092 MiB)
2026-05-12 10:30:45,101 [INFO] ms-clip: using CUDA_VISIBLE_DEVICES=7
2026-05-12 10:30:45,101 [INFO] ms-clip: launching predict_smi (n_candidates=163)
2026-05-12 10:30:56,750 [INFO] ms-clip: auto-picked GPU 7 (free 24092 MiB)
2026-05-12 10:30:56,750 [INFO] ms-clip: using CUDA_VISIBLE_DEVICES=7
2026-05-12 10:30:56,750 [INFO] ms-clip: launching predict_smi (n_candidates=14)
2026-05-12 10:31:08,178 [INFO] ms-clip: auto-picked GPU 7 (free 24092 MiB)
2026-05-12 10:31:08,178 [INFO] ms-clip: using CUDA_VISIBLE_DEVICES=7
2026-05-12 10:31:08,178 [INFO] ms-clip: launching predict_smi (n_candidates=104)
2026-05-12 10:31:19,726 [INFO] ms-clip: auto-picked GPU 7 (free 24092 MiB)
2026-05-12 10:31:19,726 [INFO] ms-clip: using CUDA_VISIBLE_DEVICES=7
2026-05-12 10:31:19,726 [INFO] ms-clip: launching predict_smi (n_candidates=256)
2026-05-12 10:31:32,227 [INFO] ms-clip: auto-picked GPU 7 (free 24092 MiB)
2026-05-12 10:31:32,227 [INFO] ms-clip: using CUDA_VISIBLE_DEVICES=7
2026-05-12 10:31:32,227 [INFO] ms-clip: launching predict_smi (n_candidates=256)
2026-05-12 10:31:44,014 [INFO] ms-clip: auto-picked GPU 7 (free 24092 MiB)
2026-05-12 10:31:44,015 [INFO] ms-clip: using CUDA_VISIBLE_DEVICES=7
2026-05-12 10:31:44,015 [INFO] ms-clip: launching predict_smi (n_candidates=79)
2026-05-12 10:31:57,042 [INFO] ms-clip: auto-picked GPU 7 (free 24092 MiB)
2026-05-12 10:31:57,042 [INFO] ms-clip: using CUDA_VISIBLE_DEVICES=7
2026-05-12 10:31:57,042 [INFO] ms-clip: launching predict_smi (n_candidates=256)
2026-05-12 10:32:09,553 [INFO] ms-clip: auto-picked GPU 7 (free 24092 MiB)
2026-05-12 10:32:09,553 [INFO] ms-clip: using CUDA_VISIBLE_DEVICES=7
2026-05-12 10:32:09,553 [INFO] ms-clip: launching predict_smi (n_candidates=256)
2026-05-12 10:32:22,142 [INFO] spec 390/500  MassSpecGymID0231398  pool=256  pred=KQQLBXFPTDVFAJ  correct=True  t=12.7s
2026-05-12 10:32:22,272 [INFO] ms-clip: auto-picked GPU 7 (free 24092 MiB)
2026-05-12 10:32:22,272 [INFO] ms-clip: using CUDA_VISIBLE_DEVICES=7
2026-05-12 10:32:22,273 [INFO] ms-clip: launching predict_smi (n_candidates=256)
2026-05-12 10:32:34,331 [INFO] ms-clip: auto-picked GPU 7 (free 24092 MiB)
2026-05-12 10:32:34,331 [INFO] ms-clip: using CUDA_VISIBLE_DEVICES=7
2026-05-12 10:32:34,331 [INFO] ms-clip: launching predict_smi (n_candidates=22)
2026-05-12 10:32:46,278 [INFO] ms-clip: auto-picked GPU 7 (free 24092 MiB)
2026-05-12 10:32:46,278 [INFO] ms-clip: using CUDA_VISIBLE_DEVICES=7
2026-05-12 10:32:46,278 [INFO] ms-clip: launching predict_smi (n_candidates=50)
2026-05-12 10:32:57,885 [INFO] ms-clip: auto-picked GPU 7 (free 24092 MiB)
2026-05-12 10:32:57,886 [INFO] ms-clip: using CUDA_VISIBLE_DEVICES=7
2026-05-12 10:32:57,886 [INFO] ms-clip: launching predict_smi (n_candidates=16)
2026-05-12 10:33:09,047 [INFO] ms-clip: auto-picked GPU 7 (free 17392 MiB)
2026-05-12 10:33:09,047 [INFO] ms-clip: using CUDA_VISIBLE_DEVICES=7
2026-05-12 10:33:09,047 [INFO] ms-clip: launching predict_smi (n_candidates=107)
2026-05-12 10:33:21,419 [INFO] ms-clip: auto-picked GPU 7 (free 24092 MiB)
2026-05-12 10:33:21,420 [INFO] ms-clip: using CUDA_VISIBLE_DEVICES=7
2026-05-12 10:33:21,420 [INFO] ms-clip: launching predict_smi (n_candidates=256)
2026-05-12 10:33:33,490 [INFO] ms-clip: auto-picked GPU 7 (free 17392 MiB)
2026-05-12 10:33:33,490 [INFO] ms-clip: using CUDA_VISIBLE_DEVICES=7
2026-05-12 10:33:33,491 [INFO] ms-clip: launching predict_smi (n_candidates=181)
2026-05-12 10:33:45,212 [INFO] ms-clip: auto-picked GPU 7 (free 15456 MiB)
2026-05-12 10:33:45,212 [INFO] ms-clip: using CUDA_VISIBLE_DEVICES=7
2026-05-12 10:33:45,212 [INFO] ms-clip: launching predict_smi (n_candidates=222)
2026-05-12 10:33:56,843 [INFO] ms-clip: auto-picked GPU 7 (free 20302 MiB)
2026-05-12 10:33:56,843 [INFO] ms-clip: using CUDA_VISIBLE_DEVICES=7
2026-05-12 10:33:56,843 [INFO] ms-clip: launching predict_smi (n_candidates=131)
2026-05-12 10:34:09,541 [INFO] ms-clip: auto-picked GPU 7 (free 17392 MiB)
2026-05-12 10:34:09,541 [INFO] ms-clip: using CUDA_VISIBLE_DEVICES=7
2026-05-12 10:34:09,541 [INFO] ms-clip: launching predict_smi (n_candidates=256)
2026-05-12 10:34:21,305 [INFO] spec 400/500  MassSpecGymID0153813  pool=256  pred=YULCIZBQCMGWTG  correct=False  t=11.9s
2026-05-12 10:34:21,435 [INFO] ms-clip: auto-picked GPU 7 (free 20364 MiB)
2026-05-12 10:34:21,435 [INFO] ms-clip: using CUDA_VISIBLE_DEVICES=7
2026-05-12 10:34:21,435 [INFO] ms-clip: launching predict_smi (n_candidates=256)
2026-05-12 10:34:33,225 [INFO] ms-clip: auto-picked GPU 7 (free 20292 MiB)
2026-05-12 10:34:33,226 [INFO] ms-clip: using CUDA_VISIBLE_DEVICES=7
2026-05-12 10:34:33,226 [INFO] ms-clip: launching predict_smi (n_candidates=6)
2026-05-12 10:34:45,522 [INFO] ms-clip: auto-picked GPU 7 (free 17392 MiB)
2026-05-12 10:34:45,522 [INFO] ms-clip: using CUDA_VISIBLE_DEVICES=7
2026-05-12 10:34:45,522 [INFO] ms-clip: launching predict_smi (n_candidates=256)
2026-05-12 10:34:57,629 [INFO] ms-clip: auto-picked GPU 7 (free 20302 MiB)
2026-05-12 10:34:57,629 [INFO] ms-clip: using CUDA_VISIBLE_DEVICES=7
2026-05-12 10:34:57,629 [INFO] ms-clip: launching predict_smi (n_candidates=92)
2026-05-12 10:35:09,206 [INFO] ms-clip: auto-picked GPU 7 (free 20364 MiB)
2026-05-12 10:35:09,206 [INFO] ms-clip: using CUDA_VISIBLE_DEVICES=7
2026-05-12 10:35:09,206 [INFO] ms-clip: launching predict_smi (n_candidates=53)
2026-05-12 10:35:20,547 [INFO] ms-clip: auto-picked GPU 7 (free 20364 MiB)
2026-05-12 10:35:20,547 [INFO] ms-clip: using CUDA_VISIBLE_DEVICES=7
2026-05-12 10:35:20,547 [INFO] ms-clip: launching predict_smi (n_candidates=256)
2026-05-12 10:35:32,360 [INFO] ms-clip: auto-picked GPU 7 (free 20364 MiB)
2026-05-12 10:35:32,360 [INFO] ms-clip: using CUDA_VISIBLE_DEVICES=7
2026-05-12 10:35:32,360 [INFO] ms-clip: launching predict_smi (n_candidates=32)
2026-05-12 10:35:43,692 [INFO] ms-clip: auto-picked GPU 7 (free 20364 MiB)
2026-05-12 10:35:43,693 [INFO] ms-clip: using CUDA_VISIBLE_DEVICES=7
2026-05-12 10:35:43,693 [INFO] ms-clip: launching predict_smi (n_candidates=256)
2026-05-12 10:35:56,158 [INFO] ms-clip: auto-picked GPU 7 (free 20364 MiB)
2026-05-12 10:35:56,158 [INFO] ms-clip: using CUDA_VISIBLE_DEVICES=7
2026-05-12 10:35:56,158 [INFO] ms-clip: launching predict_smi (n_candidates=256)
2026-05-12 10:36:07,869 [INFO] ms-clip: auto-picked GPU 7 (free 20364 MiB)
2026-05-12 10:36:07,869 [INFO] ms-clip: using CUDA_VISIBLE_DEVICES=7
2026-05-12 10:36:07,869 [INFO] ms-clip: launching predict_smi (n_candidates=256)
2026-05-12 10:36:19,354 [INFO] spec 410/500  MassSpecGymID0207318  pool=256  pred=VICZYZVNJKFTNP  correct=True  t=11.6s
2026-05-12 10:36:19,509 [INFO] ms-clip: auto-picked GPU 7 (free 20364 MiB)
2026-05-12 10:36:19,510 [INFO] ms-clip: using CUDA_VISIBLE_DEVICES=7
2026-05-12 10:36:19,510 [INFO] ms-clip: launching predict_smi (n_candidates=79)
2026-05-12 10:36:31,138 [INFO] ms-clip: auto-picked GPU 7 (free 20364 MiB)
2026-05-12 10:36:31,139 [INFO] ms-clip: using CUDA_VISIBLE_DEVICES=7
2026-05-12 10:36:31,139 [INFO] ms-clip: launching predict_smi (n_candidates=256)
2026-05-12 10:36:43,105 [INFO] ms-clip: auto-picked GPU 7 (free 20364 MiB)
2026-05-12 10:36:43,105 [INFO] ms-clip: using CUDA_VISIBLE_DEVICES=7
2026-05-12 10:36:43,105 [INFO] ms-clip: launching predict_smi (n_candidates=9)
2026-05-12 10:36:54,774 [INFO] ms-clip: auto-picked GPU 7 (free 20364 MiB)
2026-05-12 10:36:54,774 [INFO] ms-clip: using CUDA_VISIBLE_DEVICES=7
2026-05-12 10:36:54,774 [INFO] ms-clip: launching predict_smi (n_candidates=49)
2026-05-12 10:37:06,475 [INFO] ms-clip: auto-picked GPU 7 (free 20364 MiB)
2026-05-12 10:37:06,475 [INFO] ms-clip: using CUDA_VISIBLE_DEVICES=7
2026-05-12 10:37:06,475 [INFO] ms-clip: launching predict_smi (n_candidates=49)
2026-05-12 10:37:18,136 [INFO] ms-clip: auto-picked GPU 7 (free 20364 MiB)
2026-05-12 10:37:18,137 [INFO] ms-clip: using CUDA_VISIBLE_DEVICES=7
2026-05-12 10:37:18,137 [INFO] ms-clip: launching predict_smi (n_candidates=256)
2026-05-12 10:37:30,101 [INFO] ms-clip: auto-picked GPU 7 (free 20364 MiB)
2026-05-12 10:37:30,101 [INFO] ms-clip: using CUDA_VISIBLE_DEVICES=7
2026-05-12 10:37:30,101 [INFO] ms-clip: launching predict_smi (n_candidates=1)
2026-05-12 10:37:41,292 [INFO] ms-clip: auto-picked GPU 7 (free 20364 MiB)
2026-05-12 10:37:41,292 [INFO] ms-clip: using CUDA_VISIBLE_DEVICES=7
2026-05-12 10:37:41,292 [INFO] ms-clip: launching predict_smi (n_candidates=57)
2026-05-12 10:37:53,886 [INFO] ms-clip: auto-picked GPU 7 (free 20364 MiB)
2026-05-12 10:37:53,886 [INFO] ms-clip: using CUDA_VISIBLE_DEVICES=7
2026-05-12 10:37:53,886 [INFO] ms-clip: launching predict_smi (n_candidates=234)
2026-05-12 10:38:05,490 [INFO] ms-clip: auto-picked GPU 7 (free 20364 MiB)
2026-05-12 10:38:05,490 [INFO] ms-clip: using CUDA_VISIBLE_DEVICES=7
2026-05-12 10:38:05,490 [INFO] ms-clip: launching predict_smi (n_candidates=1)
2026-05-12 10:38:16,496 [INFO] spec 420/500  MassSpecGymID0078302  pool=1  pred=CQVYQYUSHAXATN  correct=True  t=11.2s
2026-05-12 10:38:16,637 [INFO] ms-clip: auto-picked GPU 7 (free 20364 MiB)
2026-05-12 10:38:16,638 [INFO] ms-clip: using CUDA_VISIBLE_DEVICES=7
2026-05-12 10:38:16,638 [INFO] ms-clip: launching predict_smi (n_candidates=256)
2026-05-12 10:38:28,733 [INFO] ms-clip: auto-picked GPU 7 (free 20364 MiB)
2026-05-12 10:38:28,733 [INFO] ms-clip: using CUDA_VISIBLE_DEVICES=7
2026-05-12 10:38:28,734 [INFO] ms-clip: launching predict_smi (n_candidates=256)
2026-05-12 10:38:40,426 [INFO] ms-clip: auto-picked GPU 7 (free 20364 MiB)
2026-05-12 10:38:40,426 [INFO] ms-clip: using CUDA_VISIBLE_DEVICES=7
2026-05-12 10:38:40,426 [INFO] ms-clip: launching predict_smi (n_candidates=72)
2026-05-12 10:38:52,969 [INFO] ms-clip: auto-picked GPU 7 (free 20364 MiB)
2026-05-12 10:38:52,969 [INFO] ms-clip: using CUDA_VISIBLE_DEVICES=7
2026-05-12 10:38:52,969 [INFO] ms-clip: launching predict_smi (n_candidates=256)
2026-05-12 10:39:04,510 [INFO] ms-clip: auto-picked GPU 7 (free 20364 MiB)
2026-05-12 10:39:04,511 [INFO] ms-clip: using CUDA_VISIBLE_DEVICES=7
2026-05-12 10:39:04,511 [INFO] ms-clip: launching predict_smi (n_candidates=256)
2026-05-12 10:39:16,398 [INFO] ms-clip: auto-picked GPU 7 (free 20364 MiB)
2026-05-12 10:39:16,399 [INFO] ms-clip: using CUDA_VISIBLE_DEVICES=7
2026-05-12 10:39:16,399 [INFO] ms-clip: launching predict_smi (n_candidates=127)
2026-05-12 10:39:27,981 [INFO] ms-clip: auto-picked GPU 7 (free 20364 MiB)
2026-05-12 10:39:27,982 [INFO] ms-clip: using CUDA_VISIBLE_DEVICES=7
2026-05-12 10:39:27,982 [INFO] ms-clip: launching predict_smi (n_candidates=32)
2026-05-12 10:39:39,877 [INFO] ms-clip: auto-picked GPU 7 (free 20364 MiB)
2026-05-12 10:39:39,877 [INFO] ms-clip: using CUDA_VISIBLE_DEVICES=7
2026-05-12 10:39:39,877 [INFO] ms-clip: launching predict_smi (n_candidates=256)
2026-05-12 10:39:51,635 [INFO] ms-clip: auto-picked GPU 7 (free 20364 MiB)
2026-05-12 10:39:51,635 [INFO] ms-clip: using CUDA_VISIBLE_DEVICES=7
2026-05-12 10:39:51,635 [INFO] ms-clip: launching predict_smi (n_candidates=256)
2026-05-12 10:40:03,413 [INFO] ms-clip: auto-picked GPU 7 (free 20808 MiB)
2026-05-12 10:40:03,413 [INFO] ms-clip: using CUDA_VISIBLE_DEVICES=7
2026-05-12 10:40:03,413 [INFO] ms-clip: launching predict_smi (n_candidates=256)
2026-05-12 10:40:15,255 [WARNING] ms-clip dropped SMILES O=C(NCCCNc1n[n+]([O-])c2ccccc2[n+]1[O-])c1cccc2cc3ccccc3nc12; emitting sentinel -1.0
2026-05-12 10:40:15,273 [INFO] spec 430/500  MassSpecGymID0028423  pool=256  pred=HTQMVQVXFRQIKW  correct=True  t=12.0s
2026-05-12 10:40:15,408 [INFO] ms-clip: auto-picked GPU 7 (free 20808 MiB)
2026-05-12 10:40:15,408 [INFO] ms-clip: using CUDA_VISIBLE_DEVICES=7
2026-05-12 10:40:15,408 [INFO] ms-clip: launching predict_smi (n_candidates=256)
2026-05-12 10:40:27,776 [INFO] ms-clip: auto-picked GPU 7 (free 20808 MiB)
2026-05-12 10:40:27,776 [INFO] ms-clip: using CUDA_VISIBLE_DEVICES=7
2026-05-12 10:40:27,776 [INFO] ms-clip: launching predict_smi (n_candidates=256)
2026-05-12 10:40:39,457 [INFO] ms-clip: auto-picked GPU 7 (free 21640 MiB)
2026-05-12 10:40:39,457 [INFO] ms-clip: using CUDA_VISIBLE_DEVICES=7
2026-05-12 10:40:39,457 [INFO] ms-clip: launching predict_smi (n_candidates=256)
2026-05-12 10:40:51,097 [INFO] ms-clip: auto-picked GPU 7 (free 23152 MiB)
2026-05-12 10:40:51,097 [INFO] ms-clip: using CUDA_VISIBLE_DEVICES=7
2026-05-12 10:40:51,097 [INFO] ms-clip: launching predict_smi (n_candidates=29)
2026-05-12 10:41:02,436 [INFO] ms-clip: auto-picked GPU 7 (free 24092 MiB)
2026-05-12 10:41:02,437 [INFO] ms-clip: using CUDA_VISIBLE_DEVICES=7
2026-05-12 10:41:02,437 [INFO] ms-clip: launching predict_smi (n_candidates=111)
2026-05-12 10:41:14,089 [INFO] ms-clip: auto-picked GPU 7 (free 24092 MiB)
2026-05-12 10:41:14,090 [INFO] ms-clip: using CUDA_VISIBLE_DEVICES=7
2026-05-12 10:41:14,090 [INFO] ms-clip: launching predict_smi (n_candidates=79)
2026-05-12 10:41:26,045 [INFO] ms-clip: auto-picked GPU 7 (free 24092 MiB)
2026-05-12 10:41:26,045 [INFO] ms-clip: using CUDA_VISIBLE_DEVICES=7
2026-05-12 10:41:26,046 [INFO] ms-clip: launching predict_smi (n_candidates=256)
2026-05-12 10:41:38,146 [INFO] ms-clip: auto-picked GPU 7 (free 24092 MiB)
2026-05-12 10:41:38,146 [INFO] ms-clip: using CUDA_VISIBLE_DEVICES=7
2026-05-12 10:41:38,146 [INFO] ms-clip: launching predict_smi (n_candidates=256)
2026-05-12 10:41:50,281 [INFO] ms-clip: auto-picked GPU 7 (free 24092 MiB)
2026-05-12 10:41:50,281 [INFO] ms-clip: using CUDA_VISIBLE_DEVICES=7
2026-05-12 10:41:50,282 [INFO] ms-clip: launching predict_smi (n_candidates=256)
2026-05-12 10:42:01,994 [INFO] ms-clip: auto-picked GPU 7 (free 24092 MiB)
2026-05-12 10:42:01,995 [INFO] ms-clip: using CUDA_VISIBLE_DEVICES=7
2026-05-12 10:42:01,995 [INFO] ms-clip: launching predict_smi (n_candidates=256)
2026-05-12 10:42:13,802 [INFO] spec 440/500  MassSpecGymID0276021  pool=256  pred=CDJAEKWAWWXNAX  correct=False  t=11.9s
2026-05-12 10:42:13,910 [INFO] ms-clip: auto-picked GPU 7 (free 24092 MiB)
2026-05-12 10:42:13,911 [INFO] ms-clip: using CUDA_VISIBLE_DEVICES=7
2026-05-12 10:42:13,911 [INFO] ms-clip: launching predict_smi (n_candidates=256)
2026-05-12 10:42:25,996 [INFO] ms-clip: auto-picked GPU 7 (free 24092 MiB)
2026-05-12 10:42:25,996 [INFO] ms-clip: using CUDA_VISIBLE_DEVICES=7
2026-05-12 10:42:25,996 [INFO] ms-clip: launching predict_smi (n_candidates=240)
2026-05-12 10:42:37,866 [INFO] ms-clip: auto-picked GPU 7 (free 24092 MiB)
2026-05-12 10:42:37,866 [INFO] ms-clip: using CUDA_VISIBLE_DEVICES=7
2026-05-12 10:42:37,866 [INFO] ms-clip: launching predict_smi (n_candidates=5)
2026-05-12 10:42:49,169 [INFO] ms-clip: auto-picked GPU 7 (free 24092 MiB)
2026-05-12 10:42:49,170 [INFO] ms-clip: using CUDA_VISIBLE_DEVICES=7
2026-05-12 10:42:49,170 [INFO] ms-clip: launching predict_smi (n_candidates=31)
2026-05-12 10:43:00,517 [INFO] ms-clip: auto-picked GPU 7 (free 24092 MiB)
2026-05-12 10:43:00,517 [INFO] ms-clip: using CUDA_VISIBLE_DEVICES=7
2026-05-12 10:43:00,517 [INFO] ms-clip: launching predict_smi (n_candidates=256)
2026-05-12 10:43:12,171 [INFO] ms-clip: auto-picked GPU 7 (free 24092 MiB)
2026-05-12 10:43:12,171 [INFO] ms-clip: using CUDA_VISIBLE_DEVICES=7
2026-05-12 10:43:12,171 [INFO] ms-clip: launching predict_smi (n_candidates=256)
2026-05-12 10:43:23,564 [INFO] ms-clip: auto-picked GPU 7 (free 24092 MiB)
2026-05-12 10:43:23,564 [INFO] ms-clip: using CUDA_VISIBLE_DEVICES=7
2026-05-12 10:43:23,564 [INFO] ms-clip: launching predict_smi (n_candidates=256)
2026-05-12 10:43:35,241 [INFO] ms-clip: auto-picked GPU 7 (free 24092 MiB)
2026-05-12 10:43:35,242 [INFO] ms-clip: using CUDA_VISIBLE_DEVICES=7
2026-05-12 10:43:35,242 [INFO] ms-clip: launching predict_smi (n_candidates=27)
2026-05-12 10:43:46,755 [INFO] ms-clip: auto-picked GPU 7 (free 17416 MiB)
2026-05-12 10:43:46,755 [INFO] ms-clip: using CUDA_VISIBLE_DEVICES=7
2026-05-12 10:43:46,756 [INFO] ms-clip: launching predict_smi (n_candidates=37)
2026-05-12 10:43:58,900 [INFO] ms-clip: auto-picked GPU 7 (free 17392 MiB)
2026-05-12 10:43:58,901 [INFO] ms-clip: using CUDA_VISIBLE_DEVICES=7
2026-05-12 10:43:58,901 [INFO] ms-clip: launching predict_smi (n_candidates=256)
2026-05-12 10:44:10,952 [INFO] spec 450/500  MassSpecGymID0047463  pool=256  pred=FROBCXTULYFHEJ  correct=True  t=12.2s
2026-05-12 10:44:11,081 [INFO] ms-clip: auto-picked GPU 7 (free 18088 MiB)
2026-05-12 10:44:11,081 [INFO] ms-clip: using CUDA_VISIBLE_DEVICES=7
2026-05-12 10:44:11,081 [INFO] ms-clip: launching predict_smi (n_candidates=256)
2026-05-12 10:44:22,667 [INFO] ms-clip: auto-picked GPU 7 (free 17392 MiB)
2026-05-12 10:44:22,667 [INFO] ms-clip: using CUDA_VISIBLE_DEVICES=7
2026-05-12 10:44:22,667 [INFO] ms-clip: launching predict_smi (n_candidates=73)
2026-05-12 10:44:33,981 [INFO] ms-clip: auto-picked GPU 7 (free 15456 MiB)
2026-05-12 10:44:33,982 [INFO] ms-clip: using CUDA_VISIBLE_DEVICES=7
2026-05-12 10:44:33,982 [INFO] ms-clip: launching predict_smi (n_candidates=256)
2026-05-12 10:44:45,740 [INFO] ms-clip: auto-picked GPU 7 (free 15536 MiB)
2026-05-12 10:44:45,740 [INFO] ms-clip: using CUDA_VISIBLE_DEVICES=7
2026-05-12 10:44:45,740 [INFO] ms-clip: launching predict_smi (n_candidates=183)
2026-05-12 10:44:58,216 [INFO] ms-clip: auto-picked GPU 7 (free 24092 MiB)
2026-05-12 10:44:58,217 [INFO] ms-clip: using CUDA_VISIBLE_DEVICES=7
2026-05-12 10:44:58,217 [INFO] ms-clip: launching predict_smi (n_candidates=37)
2026-05-12 10:45:10,830 [INFO] ms-clip: auto-picked GPU 7 (free 24092 MiB)
2026-05-12 10:45:10,830 [INFO] ms-clip: using CUDA_VISIBLE_DEVICES=7
2026-05-12 10:45:10,830 [INFO] ms-clip: launching predict_smi (n_candidates=256)
2026-05-12 10:45:23,390 [INFO] ms-clip: auto-picked GPU 7 (free 24092 MiB)
2026-05-12 10:45:23,390 [INFO] ms-clip: using CUDA_VISIBLE_DEVICES=7
2026-05-12 10:45:23,390 [INFO] ms-clip: launching predict_smi (n_candidates=19)
2026-05-12 10:45:35,403 [INFO] ms-clip: auto-picked GPU 7 (free 17392 MiB)
2026-05-12 10:45:35,403 [INFO] ms-clip: using CUDA_VISIBLE_DEVICES=7
2026-05-12 10:45:35,403 [INFO] ms-clip: launching predict_smi (n_candidates=191)
2026-05-12 10:45:47,332 [INFO] ms-clip: auto-picked GPU 7 (free 15488 MiB)
2026-05-12 10:45:47,332 [INFO] ms-clip: using CUDA_VISIBLE_DEVICES=7
2026-05-12 10:45:47,332 [INFO] ms-clip: launching predict_smi (n_candidates=79)
2026-05-12 10:45:59,194 [INFO] ms-clip: auto-picked GPU 7 (free 15522 MiB)
2026-05-12 10:45:59,194 [INFO] ms-clip: using CUDA_VISIBLE_DEVICES=7
2026-05-12 10:45:59,194 [INFO] ms-clip: launching predict_smi (n_candidates=114)
2026-05-12 10:46:10,570 [INFO] spec 460/500  MassSpecGymID0335151  pool=114  pred=NFLYEVSGFRRYHO  correct=False  t=11.5s
2026-05-12 10:46:10,698 [INFO] ms-clip: auto-picked GPU 7 (free 17392 MiB)
2026-05-12 10:46:10,699 [INFO] ms-clip: using CUDA_VISIBLE_DEVICES=7
2026-05-12 10:46:10,699 [INFO] ms-clip: launching predict_smi (n_candidates=61)
2026-05-12 10:46:22,266 [INFO] ms-clip: auto-picked GPU 7 (free 17392 MiB)
2026-05-12 10:46:22,266 [INFO] ms-clip: using CUDA_VISIBLE_DEVICES=7
2026-05-12 10:46:22,266 [INFO] ms-clip: launching predict_smi (n_candidates=71)
2026-05-12 10:46:33,823 [INFO] ms-clip: auto-picked GPU 7 (free 20364 MiB)
2026-05-12 10:46:33,824 [INFO] ms-clip: using CUDA_VISIBLE_DEVICES=7
2026-05-12 10:46:33,824 [INFO] ms-clip: launching predict_smi (n_candidates=256)
2026-05-12 10:46:45,521 [INFO] ms-clip: auto-picked GPU 7 (free 20364 MiB)
2026-05-12 10:46:45,521 [INFO] ms-clip: using CUDA_VISIBLE_DEVICES=7
2026-05-12 10:46:45,521 [INFO] ms-clip: launching predict_smi (n_candidates=42)
2026-05-12 10:46:57,663 [INFO] ms-clip: auto-picked GPU 7 (free 20364 MiB)
2026-05-12 10:46:57,663 [INFO] ms-clip: using CUDA_VISIBLE_DEVICES=7
2026-05-12 10:46:57,663 [INFO] ms-clip: launching predict_smi (n_candidates=256)
2026-05-12 10:47:09,722 [INFO] ms-clip: auto-picked GPU 7 (free 20364 MiB)
2026-05-12 10:47:09,723 [INFO] ms-clip: using CUDA_VISIBLE_DEVICES=7
2026-05-12 10:47:09,723 [INFO] ms-clip: launching predict_smi (n_candidates=256)
2026-05-12 10:47:21,585 [INFO] ms-clip: auto-picked GPU 7 (free 20364 MiB)
2026-05-12 10:47:21,585 [INFO] ms-clip: using CUDA_VISIBLE_DEVICES=7
2026-05-12 10:47:21,585 [INFO] ms-clip: launching predict_smi (n_candidates=256)
2026-05-12 10:47:33,157 [INFO] ms-clip: auto-picked GPU 7 (free 20364 MiB)
2026-05-12 10:47:33,157 [INFO] ms-clip: using CUDA_VISIBLE_DEVICES=7
2026-05-12 10:47:33,157 [INFO] ms-clip: launching predict_smi (n_candidates=65)
2026-05-12 10:47:44,470 [INFO] ms-clip: auto-picked GPU 7 (free 20364 MiB)
2026-05-12 10:47:44,470 [INFO] ms-clip: using CUDA_VISIBLE_DEVICES=7
2026-05-12 10:47:44,471 [INFO] ms-clip: launching predict_smi (n_candidates=256)
2026-05-12 10:47:56,702 [INFO] ms-clip: auto-picked GPU 7 (free 20364 MiB)
2026-05-12 10:47:56,702 [INFO] ms-clip: using CUDA_VISIBLE_DEVICES=7
2026-05-12 10:47:56,703 [INFO] ms-clip: launching predict_smi (n_candidates=256)
2026-05-12 10:48:08,729 [INFO] spec 470/500  MassSpecGymID0211895  pool=256  pred=ITJFWCNMAYVBLI  correct=False  t=12.2s
2026-05-12 10:48:08,861 [INFO] ms-clip: auto-picked GPU 7 (free 20364 MiB)
2026-05-12 10:48:08,861 [INFO] ms-clip: using CUDA_VISIBLE_DEVICES=7
2026-05-12 10:48:08,861 [INFO] ms-clip: launching predict_smi (n_candidates=256)
2026-05-12 10:48:20,573 [INFO] ms-clip: auto-picked GPU 7 (free 20364 MiB)
2026-05-12 10:48:20,573 [INFO] ms-clip: using CUDA_VISIBLE_DEVICES=7
2026-05-12 10:48:20,573 [INFO] ms-clip: launching predict_smi (n_candidates=87)
2026-05-12 10:48:32,128 [INFO] ms-clip: auto-picked GPU 7 (free 20364 MiB)
2026-05-12 10:48:32,128 [INFO] ms-clip: using CUDA_VISIBLE_DEVICES=7
2026-05-12 10:48:32,128 [INFO] ms-clip: launching predict_smi (n_candidates=256)
2026-05-12 10:48:43,666 [INFO] ms-clip: auto-picked GPU 7 (free 20364 MiB)
2026-05-12 10:48:43,666 [INFO] ms-clip: using CUDA_VISIBLE_DEVICES=7
2026-05-12 10:48:43,667 [INFO] ms-clip: launching predict_smi (n_candidates=154)
2026-05-12 10:48:55,719 [INFO] ms-clip: auto-picked GPU 7 (free 20364 MiB)
2026-05-12 10:48:55,719 [INFO] ms-clip: using CUDA_VISIBLE_DEVICES=7
2026-05-12 10:48:55,719 [INFO] ms-clip: launching predict_smi (n_candidates=256)
2026-05-12 10:49:07,428 [INFO] ms-clip: auto-picked GPU 7 (free 20364 MiB)
2026-05-12 10:49:07,428 [INFO] ms-clip: using CUDA_VISIBLE_DEVICES=7
2026-05-12 10:49:07,428 [INFO] ms-clip: launching predict_smi (n_candidates=256)
2026-05-12 10:49:19,580 [INFO] ms-clip: auto-picked GPU 7 (free 17392 MiB)
2026-05-12 10:49:19,580 [INFO] ms-clip: using CUDA_VISIBLE_DEVICES=7
2026-05-12 10:49:19,580 [INFO] ms-clip: launching predict_smi (n_candidates=87)
2026-05-12 10:49:31,408 [INFO] ms-clip: auto-picked GPU 7 (free 17392 MiB)
2026-05-12 10:49:31,408 [INFO] ms-clip: using CUDA_VISIBLE_DEVICES=7
2026-05-12 10:49:31,408 [INFO] ms-clip: launching predict_smi (n_candidates=145)
2026-05-12 10:49:43,111 [INFO] ms-clip: auto-picked GPU 7 (free 20364 MiB)
2026-05-12 10:49:43,112 [INFO] ms-clip: using CUDA_VISIBLE_DEVICES=7
2026-05-12 10:49:43,112 [INFO] ms-clip: launching predict_smi (n_candidates=27)
2026-05-12 10:49:54,449 [INFO] ms-clip: auto-picked GPU 7 (free 20364 MiB)
2026-05-12 10:49:54,450 [INFO] ms-clip: using CUDA_VISIBLE_DEVICES=7
2026-05-12 10:49:54,450 [INFO] ms-clip: launching predict_smi (n_candidates=256)
2026-05-12 10:50:06,225 [INFO] spec 480/500  MassSpecGymID0163129  pool=256  pred=ZHKCPWIMFGFTGL  correct=False  t=11.9s
2026-05-12 10:50:06,391 [INFO] ms-clip: auto-picked GPU 7 (free 20364 MiB)
2026-05-12 10:50:06,391 [INFO] ms-clip: using CUDA_VISIBLE_DEVICES=7
2026-05-12 10:50:06,391 [INFO] ms-clip: launching predict_smi (n_candidates=3)
2026-05-12 10:50:18,224 [INFO] ms-clip: auto-picked GPU 7 (free 20364 MiB)
2026-05-12 10:50:18,225 [INFO] ms-clip: using CUDA_VISIBLE_DEVICES=7
2026-05-12 10:50:18,225 [INFO] ms-clip: launching predict_smi (n_candidates=256)
2026-05-12 10:50:30,164 [INFO] ms-clip: auto-picked GPU 7 (free 20364 MiB)
2026-05-12 10:50:30,165 [INFO] ms-clip: using CUDA_VISIBLE_DEVICES=7
2026-05-12 10:50:30,165 [INFO] ms-clip: launching predict_smi (n_candidates=256)
2026-05-12 10:50:42,400 [INFO] ms-clip: auto-picked GPU 7 (free 20364 MiB)
2026-05-12 10:50:42,400 [INFO] ms-clip: using CUDA_VISIBLE_DEVICES=7
2026-05-12 10:50:42,400 [INFO] ms-clip: launching predict_smi (n_candidates=20)
2026-05-12 10:50:54,861 [INFO] ms-clip: auto-picked GPU 7 (free 17524 MiB)
2026-05-12 10:50:54,861 [INFO] ms-clip: using CUDA_VISIBLE_DEVICES=7
2026-05-12 10:50:54,861 [INFO] ms-clip: launching predict_smi (n_candidates=256)
2026-05-12 10:51:06,859 [INFO] ms-clip: auto-picked GPU 7 (free 20364 MiB)
2026-05-12 10:51:06,859 [INFO] ms-clip: using CUDA_VISIBLE_DEVICES=7
2026-05-12 10:51:06,859 [INFO] ms-clip: launching predict_smi (n_candidates=256)
2026-05-12 10:51:18,953 [INFO] ms-clip: auto-picked GPU 7 (free 20364 MiB)
2026-05-12 10:51:18,954 [INFO] ms-clip: using CUDA_VISIBLE_DEVICES=7
2026-05-12 10:51:18,954 [INFO] ms-clip: launching predict_smi (n_candidates=61)
2026-05-12 10:51:30,493 [INFO] ms-clip: auto-picked GPU 7 (free 20364 MiB)
2026-05-12 10:51:30,493 [INFO] ms-clip: using CUDA_VISIBLE_DEVICES=7
2026-05-12 10:51:30,493 [INFO] ms-clip: launching predict_smi (n_candidates=256)
2026-05-12 10:51:42,265 [INFO] ms-clip: auto-picked GPU 7 (free 20364 MiB)
2026-05-12 10:51:42,266 [INFO] ms-clip: using CUDA_VISIBLE_DEVICES=7
2026-05-12 10:51:42,266 [INFO] ms-clip: launching predict_smi (n_candidates=256)
2026-05-12 10:51:53,914 [INFO] ms-clip: auto-picked GPU 7 (free 20364 MiB)
2026-05-12 10:51:53,915 [INFO] ms-clip: using CUDA_VISIBLE_DEVICES=7
2026-05-12 10:51:53,915 [INFO] ms-clip: launching predict_smi (n_candidates=256)
2026-05-12 10:52:05,573 [INFO] spec 490/500  MassSpecGymID0366974  pool=256  pred=MMJORIFPGDWBAA  correct=True  t=11.8s
2026-05-12 10:52:05,743 [INFO] ms-clip: auto-picked GPU 7 (free 20364 MiB)
2026-05-12 10:52:05,744 [INFO] ms-clip: using CUDA_VISIBLE_DEVICES=7
2026-05-12 10:52:05,744 [INFO] ms-clip: launching predict_smi (n_candidates=7)
2026-05-12 10:52:16,921 [INFO] ms-clip: auto-picked GPU 7 (free 20364 MiB)
2026-05-12 10:52:16,921 [INFO] ms-clip: using CUDA_VISIBLE_DEVICES=7
2026-05-12 10:52:16,921 [INFO] ms-clip: launching predict_smi (n_candidates=50)
2026-05-12 10:52:28,646 [INFO] ms-clip: auto-picked GPU 7 (free 20364 MiB)
2026-05-12 10:52:28,646 [INFO] ms-clip: using CUDA_VISIBLE_DEVICES=7
2026-05-12 10:52:28,646 [INFO] ms-clip: launching predict_smi (n_candidates=256)
2026-05-12 10:52:40,938 [INFO] ms-clip: auto-picked GPU 7 (free 20364 MiB)
2026-05-12 10:52:40,938 [INFO] ms-clip: using CUDA_VISIBLE_DEVICES=7
2026-05-12 10:52:40,938 [INFO] ms-clip: launching predict_smi (n_candidates=6)
2026-05-12 10:52:52,632 [INFO] ms-clip: auto-picked GPU 7 (free 20364 MiB)
2026-05-12 10:52:52,632 [INFO] ms-clip: using CUDA_VISIBLE_DEVICES=7
2026-05-12 10:52:52,632 [INFO] ms-clip: launching predict_smi (n_candidates=243)
2026-05-12 10:53:04,652 [INFO] ms-clip: auto-picked GPU 7 (free 20808 MiB)
2026-05-12 10:53:04,652 [INFO] ms-clip: using CUDA_VISIBLE_DEVICES=7
2026-05-12 10:53:04,652 [INFO] ms-clip: launching predict_smi (n_candidates=256)
2026-05-12 10:53:16,811 [INFO] ms-clip: auto-picked GPU 7 (free 20364 MiB)
2026-05-12 10:53:16,811 [INFO] ms-clip: using CUDA_VISIBLE_DEVICES=7
2026-05-12 10:53:16,811 [INFO] ms-clip: launching predict_smi (n_candidates=256)
2026-05-12 10:53:29,227 [INFO] ms-clip: auto-picked GPU 7 (free 20364 MiB)
2026-05-12 10:53:29,227 [INFO] ms-clip: using CUDA_VISIBLE_DEVICES=7
2026-05-12 10:53:29,227 [INFO] ms-clip: launching predict_smi (n_candidates=96)
2026-05-12 10:53:40,756 [INFO] ms-clip: auto-picked GPU 7 (free 20364 MiB)
2026-05-12 10:53:40,756 [INFO] ms-clip: using CUDA_VISIBLE_DEVICES=7
2026-05-12 10:53:40,756 [INFO] ms-clip: launching predict_smi (n_candidates=30)
2026-05-12 10:53:52,472 [INFO] ms-clip: auto-picked GPU 7 (free 20444 MiB)
2026-05-12 10:53:52,472 [INFO] ms-clip: using CUDA_VISIBLE_DEVICES=7
2026-05-12 10:53:52,472 [INFO] ms-clip: launching predict_smi (n_candidates=256)
2026-05-12 10:54:04,515 [INFO] spec 500/500  MassSpecGymID0236274  pool=256  pred=VIQCWEGEHRBLAC  correct=True  t=12.2s
2026-05-12 10:54:04,515 [INFO] ============================================================
2026-05-12 10:54:04,515 [INFO] MSG  pool=formula  reranker=none
2026-05-12 10:54:04,515 [INFO]   n=500  correct=277  id_acc=0.5540  elapsed=5996.5s
done none at 2026年 05月 12日 星期二 10:54:04 CST
=== formula / conditional ===
2026-05-12 10:54:06,679 [INFO] METAGENT_MSCLIP_CKPT = /home/weiwentao/workspace/reconstruct/ms-pred/results/v4_msg_retrain_20260511_200835/version_0/best.ckpt
2026-05-12 10:54:06,679 [INFO] candidate pool = formula (/home/weiwentao/workspace/ms-pred/data/spec_datasets/msg/retrieval/MassSpecGym_retrieval_candidates_formula.json)
2026-05-12 10:54:06,679 [INFO] reranker = conditional
2026-05-12 10:54:06,970 [INFO] MSG: 17556 total test spectra
2026-05-12 10:54:06,971 [INFO] MSG: sampled 500 spectra (seed=42)
2026-05-12 10:54:07,814 [INFO] MSG: loaded 500 spectra (of 500 sampled)
2026-05-12 10:54:07,815 [INFO] running 500 MSG spectra
2026-05-12 10:54:07,815 [INFO] loading MSG candidates from /home/weiwentao/workspace/ms-pred/data/spec_datasets/msg/retrieval/MassSpecGym_retrieval_candidates_formula.json
2026-05-12 10:54:09,228 [INFO] loaded 32010 compound entries
2026-05-12 10:54:09,363 [INFO] ms-clip: auto-picked GPU 7 (free 24092 MiB)
2026-05-12 10:54:09,363 [INFO] ms-clip: using CUDA_VISIBLE_DEVICES=7
2026-05-12 10:54:09,363 [INFO] ms-clip: launching predict_smi (n_candidates=84)
2026-05-12 10:54:21,057 [INFO] ms-clip: auto-picked GPU 7 (free 24092 MiB)
2026-05-12 10:54:21,057 [INFO] ms-clip: using CUDA_VISIBLE_DEVICES=7
2026-05-12 10:54:21,057 [INFO] ms-clip: launching predict_smi (n_candidates=256)
2026-05-12 10:54:32,911 [WARNING] ms-clip dropped SMILES O=C(NCCCNc1n[n+]([O-])c2ccccc2[n+]1[O-])c1cccc2cc3ccccc3nc12; emitting sentinel -1.0
2026-05-12 10:54:33,047 [INFO] ms-clip: auto-picked GPU 7 (free 24092 MiB)
2026-05-12 10:54:33,048 [INFO] ms-clip: using CUDA_VISIBLE_DEVICES=7
2026-05-12 10:54:33,048 [INFO] ms-clip: launching predict_smi (n_candidates=256)
2026-05-12 10:54:45,426 [INFO] ms-clip: auto-picked GPU 7 (free 24092 MiB)
2026-05-12 10:54:45,426 [INFO] ms-clip: using CUDA_VISIBLE_DEVICES=7
2026-05-12 10:54:45,426 [INFO] ms-clip: launching predict_smi (n_candidates=256)
2026-05-12 10:54:57,665 [INFO] ms-clip: auto-picked GPU 7 (free 17416 MiB)
2026-05-12 10:54:57,665 [INFO] ms-clip: using CUDA_VISIBLE_DEVICES=7
2026-05-12 10:54:57,665 [INFO] ms-clip: launching predict_smi (n_candidates=187)
2026-05-12 10:55:09,007 [INFO] ms-clip: auto-picked GPU 7 (free 17482 MiB)
2026-05-12 10:55:09,007 [INFO] ms-clip: using CUDA_VISIBLE_DEVICES=7
2026-05-12 10:55:09,007 [INFO] ms-clip: launching predict_smi (n_candidates=18)
2026-05-12 10:55:20,549 [INFO] ms-clip: auto-picked GPU 7 (free 20364 MiB)
2026-05-12 10:55:20,550 [INFO] ms-clip: using CUDA_VISIBLE_DEVICES=7
2026-05-12 10:55:20,550 [INFO] ms-clip: launching predict_smi (n_candidates=17)
2026-05-12 10:55:32,151 [INFO] ms-clip: auto-picked GPU 7 (free 20364 MiB)
2026-05-12 10:55:32,151 [INFO] ms-clip: using CUDA_VISIBLE_DEVICES=7
2026-05-12 10:55:32,151 [INFO] ms-clip: launching predict_smi (n_candidates=256)
2026-05-12 10:55:43,874 [INFO] ms-clip: auto-picked GPU 7 (free 24092 MiB)
2026-05-12 10:55:43,875 [INFO] ms-clip: using CUDA_VISIBLE_DEVICES=7
2026-05-12 10:55:43,875 [INFO] ms-clip: launching predict_smi (n_candidates=56)
2026-05-12 10:55:55,904 [INFO] ms-clip: auto-picked GPU 7 (free 24092 MiB)
2026-05-12 10:55:55,904 [INFO] ms-clip: using CUDA_VISIBLE_DEVICES=7
2026-05-12 10:55:55,904 [INFO] ms-clip: launching predict_smi (n_candidates=67)
2026-05-12 10:56:07,622 [INFO] spec 10/500  MassSpecGymID0034879  pool=67  pred=MFFMDFFZMYYVKS  correct=True  t=11.8s
2026-05-12 10:56:07,727 [INFO] ms-clip: auto-picked GPU 7 (free 24092 MiB)
2026-05-12 10:56:07,727 [INFO] ms-clip: using CUDA_VISIBLE_DEVICES=7
2026-05-12 10:56:07,727 [INFO] ms-clip: launching predict_smi (n_candidates=256)
2026-05-12 10:56:20,676 [INFO] ms-clip: auto-picked GPU 7 (free 23460 MiB)
2026-05-12 10:56:20,676 [INFO] ms-clip: using CUDA_VISIBLE_DEVICES=7
2026-05-12 10:56:20,676 [INFO] ms-clip: launching predict_smi (n_candidates=256)
2026-05-12 10:56:32,659 [INFO] ms-clip: auto-picked GPU 7 (free 24092 MiB)
2026-05-12 10:56:32,659 [INFO] ms-clip: using CUDA_VISIBLE_DEVICES=7
2026-05-12 10:56:32,660 [INFO] ms-clip: launching predict_smi (n_candidates=256)
2026-05-12 10:56:45,074 [INFO] ms-clip: auto-picked GPU 7 (free 24060 MiB)
2026-05-12 10:56:45,075 [INFO] ms-clip: using CUDA_VISIBLE_DEVICES=7
2026-05-12 10:56:45,075 [INFO] ms-clip: launching predict_smi (n_candidates=225)
2026-05-12 10:56:57,104 [INFO] ms-clip: auto-picked GPU 7 (free 24092 MiB)
2026-05-12 10:56:57,104 [INFO] ms-clip: using CUDA_VISIBLE_DEVICES=7
2026-05-12 10:56:57,105 [INFO] ms-clip: launching predict_smi (n_candidates=79)
2026-05-12 10:57:08,973 [INFO] ms-clip: auto-picked GPU 7 (free 24092 MiB)
2026-05-12 10:57:08,974 [INFO] ms-clip: using CUDA_VISIBLE_DEVICES=7
2026-05-12 10:57:08,974 [INFO] ms-clip: launching predict_smi (n_candidates=256)
2026-05-12 10:57:21,147 [WARNING] ms-clip dropped SMILES O=C(NCCCNc1n[n+]([O-])c2ccccc2[n+]1[O-])c1cccc2cc3ccccc3nc12; emitting sentinel -1.0
2026-05-12 10:57:21,300 [INFO] ms-clip: auto-picked GPU 7 (free 23444 MiB)
2026-05-12 10:57:21,300 [INFO] ms-clip: using CUDA_VISIBLE_DEVICES=7
2026-05-12 10:57:21,300 [INFO] ms-clip: launching predict_smi (n_candidates=256)
2026-05-12 10:57:33,914 [INFO] ms-clip: auto-picked GPU 7 (free 22586 MiB)
2026-05-12 10:57:33,914 [INFO] ms-clip: using CUDA_VISIBLE_DEVICES=7
2026-05-12 10:57:33,914 [INFO] ms-clip: launching predict_smi (n_candidates=6)
2026-05-12 10:57:45,722 [INFO] ms-clip: auto-picked GPU 7 (free 22538 MiB)
2026-05-12 10:57:45,723 [INFO] ms-clip: using CUDA_VISIBLE_DEVICES=7
2026-05-12 10:57:45,723 [INFO] ms-clip: launching predict_smi (n_candidates=256)
2026-05-12 10:57:57,966 [INFO] ms-clip: auto-picked GPU 7 (free 22030 MiB)
2026-05-12 10:57:57,966 [INFO] ms-clip: using CUDA_VISIBLE_DEVICES=7
2026-05-12 10:57:57,966 [INFO] ms-clip: launching predict_smi (n_candidates=42)
2026-05-12 10:58:09,427 [INFO] spec 20/500  MassSpecGymID0345113  pool=42  pred=LACNBXNHOAZRKX  correct=False  t=11.6s
2026-05-12 10:58:09,541 [INFO] ms-clip: auto-picked GPU 7 (free 24092 MiB)
2026-05-12 10:58:09,541 [INFO] ms-clip: using CUDA_VISIBLE_DEVICES=7
2026-05-12 10:58:09,541 [INFO] ms-clip: launching predict_smi (n_candidates=256)
2026-05-12 10:58:21,818 [INFO] ms-clip: auto-picked GPU 7 (free 23556 MiB)
2026-05-12 10:58:21,819 [INFO] ms-clip: using CUDA_VISIBLE_DEVICES=7
2026-05-12 10:58:21,819 [INFO] ms-clip: launching predict_smi (n_candidates=30)
2026-05-12 10:58:33,763 [INFO] ms-clip: auto-picked GPU 7 (free 24092 MiB)
2026-05-12 10:58:33,763 [INFO] ms-clip: using CUDA_VISIBLE_DEVICES=7
2026-05-12 10:58:33,763 [INFO] ms-clip: launching predict_smi (n_candidates=66)
2026-05-12 10:58:45,050 [INFO] ms-clip: auto-picked GPU 7 (free 24092 MiB)
2026-05-12 10:58:45,050 [INFO] ms-clip: using CUDA_VISIBLE_DEVICES=7
2026-05-12 10:58:45,050 [INFO] ms-clip: launching predict_smi (n_candidates=11)
2026-05-12 10:58:56,604 [INFO] ms-clip: auto-picked GPU 7 (free 24092 MiB)
2026-05-12 10:58:56,605 [INFO] ms-clip: using CUDA_VISIBLE_DEVICES=7
2026-05-12 10:58:56,605 [INFO] ms-clip: launching predict_smi (n_candidates=2)
2026-05-12 10:59:08,352 [INFO] ms-clip: auto-picked GPU 7 (free 24092 MiB)
2026-05-12 10:59:08,352 [INFO] ms-clip: using CUDA_VISIBLE_DEVICES=7
2026-05-12 10:59:08,352 [INFO] ms-clip: launching predict_smi (n_candidates=28)
2026-05-12 10:59:19,747 [INFO] ms-clip: auto-picked GPU 7 (free 24092 MiB)
2026-05-12 10:59:19,748 [INFO] ms-clip: using CUDA_VISIBLE_DEVICES=7
2026-05-12 10:59:19,748 [INFO] ms-clip: launching predict_smi (n_candidates=24)
2026-05-12 10:59:31,319 [INFO] ms-clip: auto-picked GPU 7 (free 24092 MiB)
2026-05-12 10:59:31,319 [INFO] ms-clip: using CUDA_VISIBLE_DEVICES=7
2026-05-12 10:59:31,319 [INFO] ms-clip: launching predict_smi (n_candidates=256)
2026-05-12 10:59:42,889 [INFO] ms-clip: auto-picked GPU 7 (free 24092 MiB)
2026-05-12 10:59:42,890 [INFO] ms-clip: using CUDA_VISIBLE_DEVICES=7
2026-05-12 10:59:42,890 [INFO] ms-clip: launching predict_smi (n_candidates=256)
2026-05-12 10:59:54,612 [INFO] ms-clip: auto-picked GPU 7 (free 24092 MiB)
2026-05-12 10:59:54,612 [INFO] ms-clip: using CUDA_VISIBLE_DEVICES=7
2026-05-12 10:59:54,612 [INFO] ms-clip: launching predict_smi (n_candidates=256)
2026-05-12 11:00:06,245 [INFO] spec 30/500  MassSpecGymID0091919  pool=256  pred=ZPTDASSGGDGXDM  correct=False  t=11.8s
2026-05-12 11:00:06,381 [INFO] ms-clip: auto-picked GPU 7 (free 24092 MiB)
2026-05-12 11:00:06,382 [INFO] ms-clip: using CUDA_VISIBLE_DEVICES=7
2026-05-12 11:00:06,382 [INFO] ms-clip: launching predict_smi (n_candidates=256)
2026-05-12 11:00:18,692 [INFO] ms-clip: auto-picked GPU 7 (free 24092 MiB)
2026-05-12 11:00:18,692 [INFO] ms-clip: using CUDA_VISIBLE_DEVICES=7
2026-05-12 11:00:18,692 [INFO] ms-clip: launching predict_smi (n_candidates=256)
2026-05-12 11:00:30,754 [INFO] ms-clip: auto-picked GPU 7 (free 24092 MiB)
2026-05-12 11:00:30,754 [INFO] ms-clip: using CUDA_VISIBLE_DEVICES=7
2026-05-12 11:00:30,754 [INFO] ms-clip: launching predict_smi (n_candidates=256)
2026-05-12 11:00:42,917 [INFO] ms-clip: auto-picked GPU 7 (free 24092 MiB)
2026-05-12 11:00:42,918 [INFO] ms-clip: using CUDA_VISIBLE_DEVICES=7
2026-05-12 11:00:42,918 [INFO] ms-clip: launching predict_smi (n_candidates=47)
2026-05-12 11:00:54,577 [INFO] ms-clip: auto-picked GPU 7 (free 24092 MiB)
2026-05-12 11:00:54,577 [INFO] ms-clip: using CUDA_VISIBLE_DEVICES=7
2026-05-12 11:00:54,578 [INFO] ms-clip: launching predict_smi (n_candidates=6)
2026-05-12 11:01:06,183 [INFO] ms-clip: auto-picked GPU 7 (free 24092 MiB)
2026-05-12 11:01:06,183 [INFO] ms-clip: using CUDA_VISIBLE_DEVICES=7
2026-05-12 11:01:06,183 [INFO] ms-clip: launching predict_smi (n_candidates=256)
2026-05-12 11:01:18,275 [INFO] ms-clip: auto-picked GPU 7 (free 24092 MiB)
2026-05-12 11:01:18,275 [INFO] ms-clip: using CUDA_VISIBLE_DEVICES=7
2026-05-12 11:01:18,275 [INFO] ms-clip: launching predict_smi (n_candidates=10)
2026-05-12 11:01:29,983 [INFO] ms-clip: auto-picked GPU 7 (free 17392 MiB)
2026-05-12 11:01:29,983 [INFO] ms-clip: using CUDA_VISIBLE_DEVICES=7
2026-05-12 11:01:29,983 [INFO] ms-clip: launching predict_smi (n_candidates=61)
2026-05-12 11:01:41,798 [INFO] ms-clip: auto-picked GPU 7 (free 17392 MiB)
2026-05-12 11:01:41,799 [INFO] ms-clip: using CUDA_VISIBLE_DEVICES=7
2026-05-12 11:01:41,799 [INFO] ms-clip: launching predict_smi (n_candidates=90)
2026-05-12 11:01:53,720 [INFO] ms-clip: auto-picked GPU 7 (free 17392 MiB)
2026-05-12 11:01:53,720 [INFO] ms-clip: using CUDA_VISIBLE_DEVICES=7
2026-05-12 11:01:53,720 [INFO] ms-clip: launching predict_smi (n_candidates=256)
2026-05-12 11:02:05,889 [INFO] spec 40/500  MassSpecGymID0258453  pool=256  pred=QOVKKEKBURQILF  correct=True  t=12.3s
2026-05-12 11:02:06,025 [INFO] ms-clip: auto-picked GPU 7 (free 17416 MiB)
2026-05-12 11:02:06,026 [INFO] ms-clip: using CUDA_VISIBLE_DEVICES=7
2026-05-12 11:02:06,026 [INFO] ms-clip: launching predict_smi (n_candidates=107)
2026-05-12 11:02:17,824 [INFO] ms-clip: auto-picked GPU 7 (free 17392 MiB)
2026-05-12 11:02:17,824 [INFO] ms-clip: using CUDA_VISIBLE_DEVICES=7
2026-05-12 11:02:17,824 [INFO] ms-clip: launching predict_smi (n_candidates=256)
2026-05-12 11:02:29,722 [WARNING] ms-clip dropped SMILES CCn1c(CN2[C]N(Cc3cccc(C)n3)c3ccccc32)nc2ccccc21; emitting sentinel -1.0
2026-05-12 11:02:29,875 [INFO] ms-clip: auto-picked GPU 7 (free 17456 MiB)
2026-05-12 11:02:29,876 [INFO] ms-clip: using CUDA_VISIBLE_DEVICES=7
2026-05-12 11:02:29,876 [INFO] ms-clip: launching predict_smi (n_candidates=6)
2026-05-12 11:02:41,190 [INFO] ms-clip: auto-picked GPU 7 (free 17392 MiB)
2026-05-12 11:02:41,190 [INFO] ms-clip: using CUDA_VISIBLE_DEVICES=7
2026-05-12 11:02:41,190 [INFO] ms-clip: launching predict_smi (n_candidates=256)
2026-05-12 11:02:53,165 [INFO] ms-clip: auto-picked GPU 7 (free 17392 MiB)
2026-05-12 11:02:53,165 [INFO] ms-clip: using CUDA_VISIBLE_DEVICES=7
2026-05-12 11:02:53,165 [INFO] ms-clip: launching predict_smi (n_candidates=256)
2026-05-12 11:03:04,917 [INFO] ms-clip: auto-picked GPU 7 (free 20364 MiB)
2026-05-12 11:03:04,918 [INFO] ms-clip: using CUDA_VISIBLE_DEVICES=7
2026-05-12 11:03:04,918 [INFO] ms-clip: launching predict_smi (n_candidates=256)
2026-05-12 11:03:16,576 [INFO] ms-clip: auto-picked GPU 7 (free 20364 MiB)
2026-05-12 11:03:16,577 [INFO] ms-clip: using CUDA_VISIBLE_DEVICES=7
2026-05-12 11:03:16,577 [INFO] ms-clip: launching predict_smi (n_candidates=256)
2026-05-12 11:03:28,413 [INFO] ms-clip: auto-picked GPU 7 (free 20364 MiB)
2026-05-12 11:03:28,414 [INFO] ms-clip: using CUDA_VISIBLE_DEVICES=7
2026-05-12 11:03:28,414 [INFO] ms-clip: launching predict_smi (n_candidates=256)
2026-05-12 11:03:40,449 [INFO] ms-clip: auto-picked GPU 7 (free 20364 MiB)
2026-05-12 11:03:40,450 [INFO] ms-clip: using CUDA_VISIBLE_DEVICES=7
2026-05-12 11:03:40,450 [INFO] ms-clip: launching predict_smi (n_candidates=192)
2026-05-12 11:03:52,125 [INFO] ms-clip: auto-picked GPU 7 (free 20364 MiB)
2026-05-12 11:03:52,126 [INFO] ms-clip: using CUDA_VISIBLE_DEVICES=7
2026-05-12 11:03:52,126 [INFO] ms-clip: launching predict_smi (n_candidates=7)
2026-05-12 11:04:03,044 [INFO] spec 50/500  MassSpecGymID0210737  pool=7  pred=BURFVHLJIGXODD  correct=True  t=11.0s
2026-05-12 11:04:03,178 [INFO] ms-clip: auto-picked GPU 7 (free 20364 MiB)
2026-05-12 11:04:03,179 [INFO] ms-clip: using CUDA_VISIBLE_DEVICES=7
2026-05-12 11:04:03,179 [INFO] ms-clip: launching predict_smi (n_candidates=256)
2026-05-12 11:04:14,582 [INFO] ms-clip: auto-picked GPU 7 (free 20364 MiB)
2026-05-12 11:04:14,582 [INFO] ms-clip: using CUDA_VISIBLE_DEVICES=7
2026-05-12 11:04:14,582 [INFO] ms-clip: launching predict_smi (n_candidates=256)
2026-05-12 11:04:26,718 [INFO] ms-clip: auto-picked GPU 7 (free 20364 MiB)
2026-05-12 11:04:26,718 [INFO] ms-clip: using CUDA_VISIBLE_DEVICES=7
2026-05-12 11:04:26,718 [INFO] ms-clip: launching predict_smi (n_candidates=28)
2026-05-12 11:04:38,298 [INFO] ms-clip: auto-picked GPU 7 (free 20364 MiB)
2026-05-12 11:04:38,298 [INFO] ms-clip: using CUDA_VISIBLE_DEVICES=7
2026-05-12 11:04:38,298 [INFO] ms-clip: launching predict_smi (n_candidates=125)
2026-05-12 11:04:50,449 [INFO] ms-clip: auto-picked GPU 7 (free 20364 MiB)
2026-05-12 11:04:50,449 [INFO] ms-clip: using CUDA_VISIBLE_DEVICES=7
2026-05-12 11:04:50,449 [INFO] ms-clip: launching predict_smi (n_candidates=256)
2026-05-12 11:05:02,402 [INFO] ms-clip: auto-picked GPU 7 (free 20364 MiB)
2026-05-12 11:05:02,402 [INFO] ms-clip: using CUDA_VISIBLE_DEVICES=7
2026-05-12 11:05:02,403 [INFO] ms-clip: launching predict_smi (n_candidates=256)
2026-05-12 11:05:14,415 [INFO] ms-clip: auto-picked GPU 7 (free 20364 MiB)
2026-05-12 11:05:14,415 [INFO] ms-clip: using CUDA_VISIBLE_DEVICES=7
2026-05-12 11:05:14,415 [INFO] ms-clip: launching predict_smi (n_candidates=256)
2026-05-12 11:05:26,646 [INFO] ms-clip: auto-picked GPU 7 (free 20364 MiB)
2026-05-12 11:05:26,646 [INFO] ms-clip: using CUDA_VISIBLE_DEVICES=7
2026-05-12 11:05:26,646 [INFO] ms-clip: launching predict_smi (n_candidates=256)
2026-05-12 11:05:38,493 [INFO] ms-clip: auto-picked GPU 7 (free 20364 MiB)
2026-05-12 11:05:38,494 [INFO] ms-clip: using CUDA_VISIBLE_DEVICES=7
2026-05-12 11:05:38,494 [INFO] ms-clip: launching predict_smi (n_candidates=256)
2026-05-12 11:05:50,295 [INFO] ms-clip: auto-picked GPU 7 (free 20364 MiB)
2026-05-12 11:05:50,295 [INFO] ms-clip: using CUDA_VISIBLE_DEVICES=7
2026-05-12 11:05:50,295 [INFO] ms-clip: launching predict_smi (n_candidates=256)
2026-05-12 11:06:02,093 [INFO] spec 60/500  MassSpecGymID0217950  pool=256  pred=NHHWVRWJDHWKPQ  correct=False  t=11.9s
2026-05-12 11:06:02,226 [INFO] ms-clip: auto-picked GPU 7 (free 20364 MiB)
2026-05-12 11:06:02,227 [INFO] ms-clip: using CUDA_VISIBLE_DEVICES=7
2026-05-12 11:06:02,227 [INFO] ms-clip: launching predict_smi (n_candidates=48)
2026-05-12 11:06:14,143 [INFO] ms-clip: auto-picked GPU 7 (free 20364 MiB)
2026-05-12 11:06:14,143 [INFO] ms-clip: using CUDA_VISIBLE_DEVICES=7
2026-05-12 11:06:14,143 [INFO] ms-clip: launching predict_smi (n_candidates=139)
2026-05-12 11:06:26,657 [INFO] ms-clip: auto-picked GPU 7 (free 20364 MiB)
2026-05-12 11:06:26,657 [INFO] ms-clip: using CUDA_VISIBLE_DEVICES=7
2026-05-12 11:06:26,658 [INFO] ms-clip: launching predict_smi (n_candidates=256)
2026-05-12 11:06:38,621 [INFO] ms-clip: auto-picked GPU 7 (free 20364 MiB)
2026-05-12 11:06:38,621 [INFO] ms-clip: using CUDA_VISIBLE_DEVICES=7
2026-05-12 11:06:38,621 [INFO] ms-clip: launching predict_smi (n_candidates=256)
2026-05-12 11:06:50,711 [INFO] ms-clip: auto-picked GPU 7 (free 20364 MiB)
2026-05-12 11:06:50,711 [INFO] ms-clip: using CUDA_VISIBLE_DEVICES=7
2026-05-12 11:06:50,711 [INFO] ms-clip: launching predict_smi (n_candidates=256)
2026-05-12 11:07:02,298 [INFO] ms-clip: auto-picked GPU 7 (free 20364 MiB)
2026-05-12 11:07:02,299 [INFO] ms-clip: using CUDA_VISIBLE_DEVICES=7
2026-05-12 11:07:02,299 [INFO] ms-clip: launching predict_smi (n_candidates=87)
2026-05-12 11:07:13,845 [INFO] ms-clip: auto-picked GPU 7 (free 20364 MiB)
2026-05-12 11:07:13,845 [INFO] ms-clip: using CUDA_VISIBLE_DEVICES=7
2026-05-12 11:07:13,845 [INFO] ms-clip: launching predict_smi (n_candidates=256)
2026-05-12 11:07:25,696 [INFO] ms-clip: auto-picked GPU 7 (free 20364 MiB)
2026-05-12 11:07:25,696 [INFO] ms-clip: using CUDA_VISIBLE_DEVICES=7
2026-05-12 11:07:25,696 [INFO] ms-clip: launching predict_smi (n_candidates=128)
2026-05-12 11:07:37,205 [INFO] ms-clip: auto-picked GPU 7 (free 20808 MiB)
2026-05-12 11:07:37,205 [INFO] ms-clip: using CUDA_VISIBLE_DEVICES=7
2026-05-12 11:07:37,205 [INFO] ms-clip: launching predict_smi (n_candidates=256)
2026-05-12 11:07:48,554 [INFO] ms-clip: auto-picked GPU 7 (free 20808 MiB)
2026-05-12 11:07:48,555 [INFO] ms-clip: using CUDA_VISIBLE_DEVICES=7
2026-05-12 11:07:48,555 [INFO] ms-clip: launching predict_smi (n_candidates=256)
2026-05-12 11:08:00,353 [INFO] spec 70/500  MassSpecGymID0230073  pool=256  pred=NMBMPOIBUFRGRH  correct=False  t=11.9s
2026-05-12 11:08:00,483 [INFO] ms-clip: auto-picked GPU 7 (free 20888 MiB)
2026-05-12 11:08:00,484 [INFO] ms-clip: using CUDA_VISIBLE_DEVICES=7
2026-05-12 11:08:00,484 [INFO] ms-clip: launching predict_smi (n_candidates=21)
2026-05-12 11:08:12,319 [INFO] ms-clip: auto-picked GPU 7 (free 21128 MiB)
2026-05-12 11:08:12,319 [INFO] ms-clip: using CUDA_VISIBLE_DEVICES=7
2026-05-12 11:08:12,319 [INFO] ms-clip: launching predict_smi (n_candidates=256)
2026-05-12 11:08:24,724 [INFO] ms-clip: auto-picked GPU 7 (free 20808 MiB)
2026-05-12 11:08:24,724 [INFO] ms-clip: using CUDA_VISIBLE_DEVICES=7
2026-05-12 11:08:24,724 [INFO] ms-clip: launching predict_smi (n_candidates=256)
2026-05-12 11:08:36,640 [INFO] ms-clip: auto-picked GPU 7 (free 21160 MiB)
2026-05-12 11:08:36,640 [INFO] ms-clip: using CUDA_VISIBLE_DEVICES=7
2026-05-12 11:08:36,640 [INFO] ms-clip: launching predict_smi (n_candidates=136)
2026-05-12 11:08:48,899 [INFO] ms-clip: auto-picked GPU 7 (free 21144 MiB)
2026-05-12 11:08:48,900 [INFO] ms-clip: using CUDA_VISIBLE_DEVICES=7
2026-05-12 11:08:48,900 [INFO] ms-clip: launching predict_smi (n_candidates=222)
2026-05-12 11:09:01,957 [INFO] ms-clip: auto-picked GPU 7 (free 20808 MiB)
2026-05-12 11:09:01,957 [INFO] ms-clip: using CUDA_VISIBLE_DEVICES=7
2026-05-12 11:09:01,957 [INFO] ms-clip: launching predict_smi (n_candidates=256)
2026-05-12 11:09:13,809 [INFO] ms-clip: auto-picked GPU 7 (free 20808 MiB)
2026-05-12 11:09:13,810 [INFO] ms-clip: using CUDA_VISIBLE_DEVICES=7
2026-05-12 11:09:13,810 [INFO] ms-clip: launching predict_smi (n_candidates=256)
2026-05-12 11:09:26,901 [INFO] ms-clip: auto-picked GPU 7 (free 20808 MiB)
2026-05-12 11:09:26,901 [INFO] ms-clip: using CUDA_VISIBLE_DEVICES=7
2026-05-12 11:09:26,901 [INFO] ms-clip: launching predict_smi (n_candidates=256)
2026-05-12 11:09:38,813 [INFO] ms-clip: auto-picked GPU 7 (free 20364 MiB)
2026-05-12 11:09:38,813 [INFO] ms-clip: using CUDA_VISIBLE_DEVICES=7
2026-05-12 11:09:38,813 [INFO] ms-clip: launching predict_smi (n_candidates=256)
2026-05-12 11:09:50,541 [INFO] ms-clip: auto-picked GPU 7 (free 20808 MiB)
2026-05-12 11:09:50,541 [INFO] ms-clip: using CUDA_VISIBLE_DEVICES=7
2026-05-12 11:09:50,541 [INFO] ms-clip: launching predict_smi (n_candidates=256)
2026-05-12 11:10:03,189 [INFO] spec 80/500  MassSpecGymID0207631  pool=256  pred=JEJVVLKQKGDPOE  correct=True  t=12.8s
2026-05-12 11:10:03,331 [INFO] ms-clip: auto-picked GPU 7 (free 20364 MiB)
2026-05-12 11:10:03,332 [INFO] ms-clip: using CUDA_VISIBLE_DEVICES=7
2026-05-12 11:10:03,332 [INFO] ms-clip: launching predict_smi (n_candidates=256)
2026-05-12 11:10:15,333 [INFO] ms-clip: auto-picked GPU 7 (free 20364 MiB)
2026-05-12 11:10:15,333 [INFO] ms-clip: using CUDA_VISIBLE_DEVICES=7
2026-05-12 11:10:15,333 [INFO] ms-clip: launching predict_smi (n_candidates=243)
2026-05-12 11:10:27,266 [INFO] ms-clip: auto-picked GPU 7 (free 20364 MiB)
2026-05-12 11:10:27,266 [INFO] ms-clip: using CUDA_VISIBLE_DEVICES=7
2026-05-12 11:10:27,266 [INFO] ms-clip: launching predict_smi (n_candidates=256)
2026-05-12 11:10:39,674 [INFO] ms-clip: auto-picked GPU 7 (free 20364 MiB)
2026-05-12 11:10:39,674 [INFO] ms-clip: using CUDA_VISIBLE_DEVICES=7
2026-05-12 11:10:39,674 [INFO] ms-clip: launching predict_smi (n_candidates=116)
2026-05-12 11:10:51,915 [INFO] ms-clip: auto-picked GPU 7 (free 20364 MiB)
2026-05-12 11:10:51,916 [INFO] ms-clip: using CUDA_VISIBLE_DEVICES=7
2026-05-12 11:10:51,916 [INFO] ms-clip: launching predict_smi (n_candidates=256)
2026-05-12 11:11:03,875 [INFO] ms-clip: auto-picked GPU 7 (free 20364 MiB)
2026-05-12 11:11:03,876 [INFO] ms-clip: using CUDA_VISIBLE_DEVICES=7
2026-05-12 11:11:03,876 [INFO] ms-clip: launching predict_smi (n_candidates=256)
2026-05-12 11:11:16,149 [INFO] ms-clip: auto-picked GPU 7 (free 20364 MiB)
2026-05-12 11:11:16,149 [INFO] ms-clip: using CUDA_VISIBLE_DEVICES=7
2026-05-12 11:11:16,149 [INFO] ms-clip: launching predict_smi (n_candidates=171)
2026-05-12 11:11:28,159 [INFO] ms-clip: auto-picked GPU 7 (free 20364 MiB)
2026-05-12 11:11:28,159 [INFO] ms-clip: using CUDA_VISIBLE_DEVICES=7
2026-05-12 11:11:28,159 [INFO] ms-clip: launching predict_smi (n_candidates=256)
2026-05-12 11:11:40,044 [INFO] ms-clip: auto-picked GPU 7 (free 20364 MiB)
2026-05-12 11:11:40,045 [INFO] ms-clip: using CUDA_VISIBLE_DEVICES=7
2026-05-12 11:11:40,045 [INFO] ms-clip: launching predict_smi (n_candidates=108)
2026-05-12 11:11:52,388 [INFO] ms-clip: auto-picked GPU 7 (free 20364 MiB)
2026-05-12 11:11:52,388 [INFO] ms-clip: using CUDA_VISIBLE_DEVICES=7
2026-05-12 11:11:52,388 [INFO] ms-clip: launching predict_smi (n_candidates=256)
2026-05-12 11:12:04,755 [INFO] spec 90/500  MassSpecGymID0276007  pool=256  pred=SHTMQLNCDNFTHH  correct=False  t=12.5s
2026-05-12 11:12:04,863 [INFO] ms-clip: auto-picked GPU 7 (free 20364 MiB)
2026-05-12 11:12:04,863 [INFO] ms-clip: using CUDA_VISIBLE_DEVICES=7
2026-05-12 11:12:04,864 [INFO] ms-clip: launching predict_smi (n_candidates=229)
2026-05-12 11:12:16,990 [INFO] ms-clip: auto-picked GPU 7 (free 20364 MiB)
2026-05-12 11:12:16,990 [INFO] ms-clip: using CUDA_VISIBLE_DEVICES=7
2026-05-12 11:12:16,990 [INFO] ms-clip: launching predict_smi (n_candidates=256)
2026-05-12 11:12:29,233 [INFO] ms-clip: auto-picked GPU 7 (free 20364 MiB)
2026-05-12 11:12:29,233 [INFO] ms-clip: using CUDA_VISIBLE_DEVICES=7
2026-05-12 11:12:29,233 [INFO] ms-clip: launching predict_smi (n_candidates=256)
2026-05-12 11:12:41,226 [INFO] ms-clip: auto-picked GPU 7 (free 20364 MiB)
2026-05-12 11:12:41,227 [INFO] ms-clip: using CUDA_VISIBLE_DEVICES=7
2026-05-12 11:12:41,227 [INFO] ms-clip: launching predict_smi (n_candidates=137)
2026-05-12 11:12:53,152 [INFO] ms-clip: auto-picked GPU 7 (free 20364 MiB)
2026-05-12 11:12:53,152 [INFO] ms-clip: using CUDA_VISIBLE_DEVICES=7
2026-05-12 11:12:53,152 [INFO] ms-clip: launching predict_smi (n_candidates=256)
2026-05-12 11:13:05,127 [INFO] ms-clip: auto-picked GPU 7 (free 20364 MiB)
2026-05-12 11:13:05,127 [INFO] ms-clip: using CUDA_VISIBLE_DEVICES=7
2026-05-12 11:13:05,127 [INFO] ms-clip: launching predict_smi (n_candidates=256)
2026-05-12 11:13:17,355 [INFO] ms-clip: auto-picked GPU 7 (free 20364 MiB)
2026-05-12 11:13:17,355 [INFO] ms-clip: using CUDA_VISIBLE_DEVICES=7
2026-05-12 11:13:17,355 [INFO] ms-clip: launching predict_smi (n_candidates=256)
2026-05-12 11:13:29,556 [INFO] ms-clip: auto-picked GPU 7 (free 20364 MiB)
2026-05-12 11:13:29,556 [INFO] ms-clip: using CUDA_VISIBLE_DEVICES=7
2026-05-12 11:13:29,556 [INFO] ms-clip: launching predict_smi (n_candidates=190)
2026-05-12 11:13:41,479 [INFO] ms-clip: auto-picked GPU 7 (free 20364 MiB)
2026-05-12 11:13:41,479 [INFO] ms-clip: using CUDA_VISIBLE_DEVICES=7
2026-05-12 11:13:41,479 [INFO] ms-clip: launching predict_smi (n_candidates=20)
2026-05-12 11:13:52,960 [INFO] ms-clip: auto-picked GPU 7 (free 20364 MiB)
2026-05-12 11:13:52,960 [INFO] ms-clip: using CUDA_VISIBLE_DEVICES=7
2026-05-12 11:13:52,960 [INFO] ms-clip: launching predict_smi (n_candidates=127)
2026-05-12 11:14:05,224 [INFO] spec 100/500  MassSpecGymID0189208  pool=127  pred=VCDMHIARBYKHSB  correct=False  t=12.4s
2026-05-12 11:14:05,362 [INFO] ms-clip: auto-picked GPU 7 (free 20364 MiB)
2026-05-12 11:14:05,362 [INFO] ms-clip: using CUDA_VISIBLE_DEVICES=7
2026-05-12 11:14:05,362 [INFO] ms-clip: launching predict_smi (n_candidates=56)
2026-05-12 11:14:16,980 [INFO] ms-clip: auto-picked GPU 7 (free 20364 MiB)
2026-05-12 11:14:16,981 [INFO] ms-clip: using CUDA_VISIBLE_DEVICES=7
2026-05-12 11:14:16,981 [INFO] ms-clip: launching predict_smi (n_candidates=256)
2026-05-12 11:14:28,825 [INFO] ms-clip: auto-picked GPU 7 (free 20364 MiB)
2026-05-12 11:14:28,825 [INFO] ms-clip: using CUDA_VISIBLE_DEVICES=7
2026-05-12 11:14:28,825 [INFO] ms-clip: launching predict_smi (n_candidates=256)
2026-05-12 11:14:40,779 [INFO] ms-clip: auto-picked GPU 7 (free 20364 MiB)
2026-05-12 11:14:40,779 [INFO] ms-clip: using CUDA_VISIBLE_DEVICES=7
2026-05-12 11:14:40,779 [INFO] ms-clip: launching predict_smi (n_candidates=256)
2026-05-12 11:14:53,161 [INFO] ms-clip: auto-picked GPU 7 (free 20364 MiB)
2026-05-12 11:14:53,161 [INFO] ms-clip: using CUDA_VISIBLE_DEVICES=7
2026-05-12 11:14:53,161 [INFO] ms-clip: launching predict_smi (n_candidates=78)
2026-05-12 11:15:04,751 [INFO] ms-clip: auto-picked GPU 7 (free 20364 MiB)
2026-05-12 11:15:04,751 [INFO] ms-clip: using CUDA_VISIBLE_DEVICES=7
2026-05-12 11:15:04,751 [INFO] ms-clip: launching predict_smi (n_candidates=175)
2026-05-12 11:15:16,584 [INFO] ms-clip: auto-picked GPU 7 (free 20364 MiB)
2026-05-12 11:15:16,584 [INFO] ms-clip: using CUDA_VISIBLE_DEVICES=7
2026-05-12 11:15:16,584 [INFO] ms-clip: launching predict_smi (n_candidates=256)
2026-05-12 11:15:28,271 [INFO] ms-clip: auto-picked GPU 7 (free 20364 MiB)
2026-05-12 11:15:28,271 [INFO] ms-clip: using CUDA_VISIBLE_DEVICES=7
2026-05-12 11:15:28,271 [INFO] ms-clip: launching predict_smi (n_candidates=110)
2026-05-12 11:15:39,922 [INFO] ms-clip: auto-picked GPU 7 (free 20364 MiB)
2026-05-12 11:15:39,923 [INFO] ms-clip: using CUDA_VISIBLE_DEVICES=7
2026-05-12 11:15:39,923 [INFO] ms-clip: launching predict_smi (n_candidates=31)
2026-05-12 11:15:51,427 [INFO] ms-clip: auto-picked GPU 7 (free 20364 MiB)
2026-05-12 11:15:51,427 [INFO] ms-clip: using CUDA_VISIBLE_DEVICES=7
2026-05-12 11:15:51,427 [INFO] ms-clip: launching predict_smi (n_candidates=256)
2026-05-12 11:16:03,203 [INFO] spec 110/500  MassSpecGymID0217685  pool=256  pred=IPJLKPWXBCNKLW  correct=True  t=11.9s
2026-05-12 11:16:03,342 [INFO] ms-clip: auto-picked GPU 7 (free 20808 MiB)
2026-05-12 11:16:03,342 [INFO] ms-clip: using CUDA_VISIBLE_DEVICES=7
2026-05-12 11:16:03,343 [INFO] ms-clip: launching predict_smi (n_candidates=91)
2026-05-12 11:16:15,410 [INFO] ms-clip: auto-picked GPU 7 (free 20808 MiB)
2026-05-12 11:16:15,410 [INFO] ms-clip: using CUDA_VISIBLE_DEVICES=7
2026-05-12 11:16:15,410 [INFO] ms-clip: launching predict_smi (n_candidates=84)
2026-05-12 11:16:26,964 [INFO] ms-clip: auto-picked GPU 7 (free 20808 MiB)
2026-05-12 11:16:26,965 [INFO] ms-clip: using CUDA_VISIBLE_DEVICES=7
2026-05-12 11:16:26,965 [INFO] ms-clip: launching predict_smi (n_candidates=170)
2026-05-12 11:16:39,398 [INFO] ms-clip: auto-picked GPU 7 (free 20808 MiB)
2026-05-12 11:16:39,398 [INFO] ms-clip: using CUDA_VISIBLE_DEVICES=7
2026-05-12 11:16:39,398 [INFO] ms-clip: launching predict_smi (n_candidates=163)
2026-05-12 11:16:51,715 [INFO] ms-clip: auto-picked GPU 7 (free 20808 MiB)
2026-05-12 11:16:51,715 [INFO] ms-clip: using CUDA_VISIBLE_DEVICES=7
2026-05-12 11:16:51,716 [INFO] ms-clip: launching predict_smi (n_candidates=94)
2026-05-12 11:17:03,297 [INFO] ms-clip: auto-picked GPU 7 (free 20808 MiB)
2026-05-12 11:17:03,297 [INFO] ms-clip: using CUDA_VISIBLE_DEVICES=7
2026-05-12 11:17:03,297 [INFO] ms-clip: launching predict_smi (n_candidates=125)
2026-05-12 11:17:14,702 [INFO] ms-clip: auto-picked GPU 7 (free 20364 MiB)
2026-05-12 11:17:14,703 [INFO] ms-clip: using CUDA_VISIBLE_DEVICES=7
2026-05-12 11:17:14,703 [INFO] ms-clip: launching predict_smi (n_candidates=256)
2026-05-12 11:17:26,358 [INFO] ms-clip: auto-picked GPU 7 (free 20808 MiB)
2026-05-12 11:17:26,358 [INFO] ms-clip: using CUDA_VISIBLE_DEVICES=7
2026-05-12 11:17:26,359 [INFO] ms-clip: launching predict_smi (n_candidates=256)
2026-05-12 11:17:38,058 [INFO] ms-clip: auto-picked GPU 7 (free 21208 MiB)
2026-05-12 11:17:38,058 [INFO] ms-clip: using CUDA_VISIBLE_DEVICES=7
2026-05-12 11:17:38,059 [INFO] ms-clip: launching predict_smi (n_candidates=256)
2026-05-12 11:17:50,186 [INFO] ms-clip: auto-picked GPU 7 (free 21774 MiB)
2026-05-12 11:17:50,187 [INFO] ms-clip: using CUDA_VISIBLE_DEVICES=7
2026-05-12 11:17:50,187 [INFO] ms-clip: launching predict_smi (n_candidates=114)
2026-05-12 11:18:01,598 [INFO] spec 120/500  MassSpecGymID0202068  pool=114  pred=LGBAXIUOXKGKOU  correct=False  t=11.5s
2026-05-12 11:18:01,740 [INFO] ms-clip: auto-picked GPU 7 (free 23312 MiB)
2026-05-12 11:18:01,740 [INFO] ms-clip: using CUDA_VISIBLE_DEVICES=7
2026-05-12 11:18:01,740 [INFO] ms-clip: launching predict_smi (n_candidates=16)
2026-05-12 11:18:13,824 [INFO] ms-clip: auto-picked GPU 7 (free 24092 MiB)
2026-05-12 11:18:13,824 [INFO] ms-clip: using CUDA_VISIBLE_DEVICES=7
2026-05-12 11:18:13,824 [INFO] ms-clip: launching predict_smi (n_candidates=31)
2026-05-12 11:18:25,399 [INFO] ms-clip: auto-picked GPU 7 (free 24092 MiB)
2026-05-12 11:18:25,399 [INFO] ms-clip: using CUDA_VISIBLE_DEVICES=7
2026-05-12 11:18:25,400 [INFO] ms-clip: launching predict_smi (n_candidates=86)
2026-05-12 11:18:37,045 [INFO] ms-clip: auto-picked GPU 7 (free 24092 MiB)
2026-05-12 11:18:37,046 [INFO] ms-clip: using CUDA_VISIBLE_DEVICES=7
2026-05-12 11:18:37,046 [INFO] ms-clip: launching predict_smi (n_candidates=256)
2026-05-12 11:18:49,477 [INFO] ms-clip: auto-picked GPU 7 (free 24092 MiB)
2026-05-12 11:18:49,477 [INFO] ms-clip: using CUDA_VISIBLE_DEVICES=7
2026-05-12 11:18:49,477 [INFO] ms-clip: launching predict_smi (n_candidates=90)
2026-05-12 11:19:01,406 [INFO] ms-clip: auto-picked GPU 7 (free 24092 MiB)
2026-05-12 11:19:01,407 [INFO] ms-clip: using CUDA_VISIBLE_DEVICES=7
2026-05-12 11:19:01,407 [INFO] ms-clip: launching predict_smi (n_candidates=40)
2026-05-12 11:19:13,478 [INFO] ms-clip: auto-picked GPU 7 (free 24092 MiB)
2026-05-12 11:19:13,478 [INFO] ms-clip: using CUDA_VISIBLE_DEVICES=7
2026-05-12 11:19:13,478 [INFO] ms-clip: launching predict_smi (n_candidates=42)
2026-05-12 11:19:25,084 [INFO] ms-clip: auto-picked GPU 7 (free 24092 MiB)
2026-05-12 11:19:25,084 [INFO] ms-clip: using CUDA_VISIBLE_DEVICES=7
2026-05-12 11:19:25,084 [INFO] ms-clip: launching predict_smi (n_candidates=32)
2026-05-12 11:19:36,611 [INFO] ms-clip: auto-picked GPU 7 (free 24092 MiB)
2026-05-12 11:19:36,612 [INFO] ms-clip: using CUDA_VISIBLE_DEVICES=7
2026-05-12 11:19:36,612 [INFO] ms-clip: launching predict_smi (n_candidates=256)
2026-05-12 11:19:48,465 [INFO] ms-clip: auto-picked GPU 7 (free 24092 MiB)
2026-05-12 11:19:48,465 [INFO] ms-clip: using CUDA_VISIBLE_DEVICES=7
2026-05-12 11:19:48,465 [INFO] ms-clip: launching predict_smi (n_candidates=256)
2026-05-12 11:20:00,042 [INFO] spec 130/500  MassSpecGymID0376694  pool=256  pred=FIMFCNOCHSNMGO  correct=False  t=11.7s
2026-05-12 11:20:00,169 [INFO] ms-clip: auto-picked GPU 7 (free 24092 MiB)
2026-05-12 11:20:00,169 [INFO] ms-clip: using CUDA_VISIBLE_DEVICES=7
2026-05-12 11:20:00,169 [INFO] ms-clip: launching predict_smi (n_candidates=256)
2026-05-12 11:20:11,949 [INFO] ms-clip: auto-picked GPU 7 (free 24092 MiB)
2026-05-12 11:20:11,949 [INFO] ms-clip: using CUDA_VISIBLE_DEVICES=7
2026-05-12 11:20:11,949 [INFO] ms-clip: launching predict_smi (n_candidates=84)
2026-05-12 11:20:23,567 [INFO] ms-clip: auto-picked GPU 7 (free 24092 MiB)
2026-05-12 11:20:23,568 [INFO] ms-clip: using CUDA_VISIBLE_DEVICES=7
2026-05-12 11:20:23,568 [INFO] ms-clip: launching predict_smi (n_candidates=256)
2026-05-12 11:20:35,115 [INFO] ms-clip: auto-picked GPU 7 (free 24092 MiB)
2026-05-12 11:20:35,115 [INFO] ms-clip: using CUDA_VISIBLE_DEVICES=7
2026-05-12 11:20:35,115 [INFO] ms-clip: launching predict_smi (n_candidates=256)
2026-05-12 11:20:46,710 [INFO] ms-clip: auto-picked GPU 7 (free 24092 MiB)
2026-05-12 11:20:46,710 [INFO] ms-clip: using CUDA_VISIBLE_DEVICES=7
2026-05-12 11:20:46,710 [INFO] ms-clip: launching predict_smi (n_candidates=256)
2026-05-12 11:20:58,643 [INFO] ms-clip: auto-picked GPU 7 (free 24092 MiB)
2026-05-12 11:20:58,644 [INFO] ms-clip: using CUDA_VISIBLE_DEVICES=7
2026-05-12 11:20:58,644 [INFO] ms-clip: launching predict_smi (n_candidates=256)
2026-05-12 11:21:10,224 [INFO] ms-clip: auto-picked GPU 7 (free 24092 MiB)
2026-05-12 11:21:10,225 [INFO] ms-clip: using CUDA_VISIBLE_DEVICES=7
2026-05-12 11:21:10,225 [INFO] ms-clip: launching predict_smi (n_candidates=256)
2026-05-12 11:21:22,633 [INFO] ms-clip: auto-picked GPU 7 (free 24092 MiB)
2026-05-12 11:21:22,633 [INFO] ms-clip: using CUDA_VISIBLE_DEVICES=7
2026-05-12 11:21:22,633 [INFO] ms-clip: launching predict_smi (n_candidates=107)
2026-05-12 11:21:34,265 [INFO] ms-clip: auto-picked GPU 7 (free 24092 MiB)
2026-05-12 11:21:34,265 [INFO] ms-clip: using CUDA_VISIBLE_DEVICES=7
2026-05-12 11:21:34,265 [INFO] ms-clip: launching predict_smi (n_candidates=1)
2026-05-12 11:21:45,694 [INFO] ms-clip: auto-picked GPU 7 (free 24092 MiB)
2026-05-12 11:21:45,695 [INFO] ms-clip: using CUDA_VISIBLE_DEVICES=7
2026-05-12 11:21:45,695 [INFO] ms-clip: launching predict_smi (n_candidates=256)
2026-05-12 11:21:57,646 [INFO] spec 140/500  MassSpecGymID0376415  pool=256  pred=OVUBXQZYPLZIFE  correct=False  t=12.1s
2026-05-12 11:21:57,764 [INFO] ms-clip: auto-picked GPU 7 (free 24092 MiB)
2026-05-12 11:21:57,764 [INFO] ms-clip: using CUDA_VISIBLE_DEVICES=7
2026-05-12 11:21:57,764 [INFO] ms-clip: launching predict_smi (n_candidates=256)
2026-05-12 11:22:09,358 [INFO] ms-clip: auto-picked GPU 7 (free 24092 MiB)
2026-05-12 11:22:09,359 [INFO] ms-clip: using CUDA_VISIBLE_DEVICES=7
2026-05-12 11:22:09,359 [INFO] ms-clip: launching predict_smi (n_candidates=71)
2026-05-12 11:22:20,832 [INFO] ms-clip: auto-picked GPU 7 (free 24092 MiB)
2026-05-12 11:22:20,833 [INFO] ms-clip: using CUDA_VISIBLE_DEVICES=7
2026-05-12 11:22:20,833 [INFO] ms-clip: launching predict_smi (n_candidates=156)
2026-05-12 11:22:33,160 [INFO] ms-clip: auto-picked GPU 7 (free 24092 MiB)
2026-05-12 11:22:33,161 [INFO] ms-clip: using CUDA_VISIBLE_DEVICES=7
2026-05-12 11:22:33,161 [INFO] ms-clip: launching predict_smi (n_candidates=111)
2026-05-12 11:22:45,073 [INFO] ms-clip: auto-picked GPU 7 (free 24092 MiB)
2026-05-12 11:22:45,073 [INFO] ms-clip: using CUDA_VISIBLE_DEVICES=7
2026-05-12 11:22:45,073 [INFO] ms-clip: launching predict_smi (n_candidates=256)
2026-05-12 11:22:56,748 [INFO] ms-clip: auto-picked GPU 7 (free 24092 MiB)
2026-05-12 11:22:56,748 [INFO] ms-clip: using CUDA_VISIBLE_DEVICES=7
2026-05-12 11:22:56,748 [INFO] ms-clip: launching predict_smi (n_candidates=256)
2026-05-12 11:23:08,911 [INFO] ms-clip: auto-picked GPU 7 (free 24092 MiB)
2026-05-12 11:23:08,912 [INFO] ms-clip: using CUDA_VISIBLE_DEVICES=7
2026-05-12 11:23:08,912 [INFO] ms-clip: launching predict_smi (n_candidates=256)
2026-05-12 11:23:21,339 [INFO] ms-clip: auto-picked GPU 7 (free 24092 MiB)
2026-05-12 11:23:21,339 [INFO] ms-clip: using CUDA_VISIBLE_DEVICES=7
2026-05-12 11:23:21,340 [INFO] ms-clip: launching predict_smi (n_candidates=21)
2026-05-12 11:23:33,217 [INFO] ms-clip: auto-picked GPU 7 (free 15536 MiB)
2026-05-12 11:23:33,217 [INFO] ms-clip: using CUDA_VISIBLE_DEVICES=7
2026-05-12 11:23:33,217 [INFO] ms-clip: launching predict_smi (n_candidates=12)
2026-05-12 11:23:44,805 [INFO] ms-clip: auto-picked GPU 7 (free 15456 MiB)
2026-05-12 11:23:44,805 [INFO] ms-clip: using CUDA_VISIBLE_DEVICES=7
2026-05-12 11:23:44,806 [INFO] ms-clip: launching predict_smi (n_candidates=256)
2026-05-12 11:23:56,234 [INFO] spec 150/500  MassSpecGymID0207521  pool=256  pred=YGWUEIKJBWTKOE  correct=True  t=11.6s
2026-05-12 11:23:56,374 [INFO] ms-clip: auto-picked GPU 7 (free 17392 MiB)
2026-05-12 11:23:56,374 [INFO] ms-clip: using CUDA_VISIBLE_DEVICES=7
2026-05-12 11:23:56,374 [INFO] ms-clip: launching predict_smi (n_candidates=256)
2026-05-12 11:24:08,066 [INFO] ms-clip: auto-picked GPU 7 (free 17392 MiB)
2026-05-12 11:24:08,066 [INFO] ms-clip: using CUDA_VISIBLE_DEVICES=7
2026-05-12 11:24:08,067 [INFO] ms-clip: launching predict_smi (n_candidates=238)
2026-05-12 11:24:20,403 [INFO] ms-clip: auto-picked GPU 7 (free 17416 MiB)
2026-05-12 11:24:20,404 [INFO] ms-clip: using CUDA_VISIBLE_DEVICES=7
2026-05-12 11:24:20,404 [INFO] ms-clip: launching predict_smi (n_candidates=256)
2026-05-12 11:24:32,294 [INFO] ms-clip: auto-picked GPU 7 (free 20292 MiB)
2026-05-12 11:24:32,295 [INFO] ms-clip: using CUDA_VISIBLE_DEVICES=7
2026-05-12 11:24:32,295 [INFO] ms-clip: launching predict_smi (n_candidates=4)
2026-05-12 11:24:44,519 [INFO] ms-clip: auto-picked GPU 7 (free 17392 MiB)
2026-05-12 11:24:44,519 [INFO] ms-clip: using CUDA_VISIBLE_DEVICES=7
2026-05-12 11:24:44,519 [INFO] ms-clip: launching predict_smi (n_candidates=5)
2026-05-12 11:24:55,661 [INFO] ms-clip: auto-picked GPU 7 (free 17392 MiB)
2026-05-12 11:24:55,661 [INFO] ms-clip: using CUDA_VISIBLE_DEVICES=7
2026-05-12 11:24:55,661 [INFO] ms-clip: launching predict_smi (n_candidates=167)
2026-05-12 11:25:07,807 [INFO] ms-clip: auto-picked GPU 7 (free 17434 MiB)
2026-05-12 11:25:07,808 [INFO] ms-clip: using CUDA_VISIBLE_DEVICES=7
2026-05-12 11:25:07,808 [INFO] ms-clip: launching predict_smi (n_candidates=125)
2026-05-12 11:25:19,849 [INFO] ms-clip: auto-picked GPU 7 (free 20364 MiB)
2026-05-12 11:25:19,849 [INFO] ms-clip: using CUDA_VISIBLE_DEVICES=7
2026-05-12 11:25:19,850 [INFO] ms-clip: launching predict_smi (n_candidates=73)
2026-05-12 11:25:31,581 [INFO] ms-clip: auto-picked GPU 7 (free 20364 MiB)
2026-05-12 11:25:31,582 [INFO] ms-clip: using CUDA_VISIBLE_DEVICES=7
2026-05-12 11:25:31,582 [INFO] ms-clip: launching predict_smi (n_candidates=256)
2026-05-12 11:25:43,550 [INFO] ms-clip: auto-picked GPU 7 (free 20364 MiB)
2026-05-12 11:25:43,550 [INFO] ms-clip: using CUDA_VISIBLE_DEVICES=7
2026-05-12 11:25:43,550 [INFO] ms-clip: launching predict_smi (n_candidates=32)
2026-05-12 11:25:54,800 [INFO] spec 160/500  MassSpecGymID0209396  pool=32  pred=BKPPHNVPJAFZCW  correct=True  t=11.4s
2026-05-12 11:25:54,946 [INFO] ms-clip: auto-picked GPU 7 (free 20364 MiB)
2026-05-12 11:25:54,947 [INFO] ms-clip: using CUDA_VISIBLE_DEVICES=7
2026-05-12 11:25:54,947 [INFO] ms-clip: launching predict_smi (n_candidates=256)
2026-05-12 11:26:06,551 [INFO] ms-clip: auto-picked GPU 7 (free 20364 MiB)
2026-05-12 11:26:06,551 [INFO] ms-clip: using CUDA_VISIBLE_DEVICES=7
2026-05-12 11:26:06,551 [INFO] ms-clip: launching predict_smi (n_candidates=125)
2026-05-12 11:26:18,630 [INFO] ms-clip: auto-picked GPU 7 (free 20302 MiB)
2026-05-12 11:26:18,630 [INFO] ms-clip: using CUDA_VISIBLE_DEVICES=7
2026-05-12 11:26:18,630 [INFO] ms-clip: launching predict_smi (n_candidates=256)
2026-05-12 11:26:30,410 [INFO] ms-clip: auto-picked GPU 7 (free 20364 MiB)
2026-05-12 11:26:30,411 [INFO] ms-clip: using CUDA_VISIBLE_DEVICES=7
2026-05-12 11:26:30,411 [INFO] ms-clip: launching predict_smi (n_candidates=256)
2026-05-12 11:26:42,397 [INFO] ms-clip: auto-picked GPU 7 (free 20364 MiB)
2026-05-12 11:26:42,397 [INFO] ms-clip: using CUDA_VISIBLE_DEVICES=7
2026-05-12 11:26:42,397 [INFO] ms-clip: launching predict_smi (n_candidates=256)
2026-05-12 11:26:54,643 [INFO] ms-clip: auto-picked GPU 7 (free 17434 MiB)
2026-05-12 11:26:54,643 [INFO] ms-clip: using CUDA_VISIBLE_DEVICES=7
2026-05-12 11:26:54,644 [INFO] ms-clip: launching predict_smi (n_candidates=30)
2026-05-12 11:27:06,756 [INFO] ms-clip: auto-picked GPU 7 (free 20302 MiB)
2026-05-12 11:27:06,756 [INFO] ms-clip: using CUDA_VISIBLE_DEVICES=7
2026-05-12 11:27:06,756 [INFO] ms-clip: launching predict_smi (n_candidates=7)
2026-05-12 11:27:18,400 [INFO] ms-clip: auto-picked GPU 7 (free 20364 MiB)
2026-05-12 11:27:18,400 [INFO] ms-clip: using CUDA_VISIBLE_DEVICES=7
2026-05-12 11:27:18,400 [INFO] ms-clip: launching predict_smi (n_candidates=39)
2026-05-12 11:27:30,351 [INFO] ms-clip: auto-picked GPU 7 (free 20364 MiB)
2026-05-12 11:27:30,351 [INFO] ms-clip: using CUDA_VISIBLE_DEVICES=7
2026-05-12 11:27:30,351 [INFO] ms-clip: launching predict_smi (n_candidates=256)
2026-05-12 11:27:42,907 [INFO] ms-clip: auto-picked GPU 7 (free 17392 MiB)
2026-05-12 11:27:42,907 [INFO] ms-clip: using CUDA_VISIBLE_DEVICES=7
2026-05-12 11:27:42,908 [INFO] ms-clip: launching predict_smi (n_candidates=67)
2026-05-12 11:27:54,207 [INFO] spec 170/500  MassSpecGymID0064717  pool=67  pred=WMBWREPUVVBILR  correct=True  t=11.4s
2026-05-12 11:27:54,344 [INFO] ms-clip: auto-picked GPU 7 (free 20364 MiB)
2026-05-12 11:27:54,344 [INFO] ms-clip: using CUDA_VISIBLE_DEVICES=7
2026-05-12 11:27:54,344 [INFO] ms-clip: launching predict_smi (n_candidates=67)
2026-05-12 11:28:05,764 [INFO] ms-clip: auto-picked GPU 7 (free 20364 MiB)
2026-05-12 11:28:05,765 [INFO] ms-clip: using CUDA_VISIBLE_DEVICES=7
2026-05-12 11:28:05,765 [INFO] ms-clip: launching predict_smi (n_candidates=256)
2026-05-12 11:28:17,610 [INFO] ms-clip: auto-picked GPU 7 (free 20364 MiB)
2026-05-12 11:28:17,610 [INFO] ms-clip: using CUDA_VISIBLE_DEVICES=7
2026-05-12 11:28:17,610 [INFO] ms-clip: launching predict_smi (n_candidates=256)
2026-05-12 11:28:29,417 [INFO] ms-clip: auto-picked GPU 7 (free 20364 MiB)
2026-05-12 11:28:29,417 [INFO] ms-clip: using CUDA_VISIBLE_DEVICES=7
2026-05-12 11:28:29,417 [INFO] ms-clip: launching predict_smi (n_candidates=113)
2026-05-12 11:28:41,227 [INFO] ms-clip: auto-picked GPU 7 (free 20364 MiB)
2026-05-12 11:28:41,227 [INFO] ms-clip: using CUDA_VISIBLE_DEVICES=7
2026-05-12 11:28:41,227 [INFO] ms-clip: launching predict_smi (n_candidates=84)
2026-05-12 11:28:52,733 [INFO] ms-clip: auto-picked GPU 7 (free 20364 MiB)
2026-05-12 11:28:52,733 [INFO] ms-clip: using CUDA_VISIBLE_DEVICES=7
2026-05-12 11:28:52,733 [INFO] ms-clip: launching predict_smi (n_candidates=179)
2026-05-12 11:29:04,797 [INFO] ms-clip: auto-picked GPU 7 (free 20364 MiB)
2026-05-12 11:29:04,797 [INFO] ms-clip: using CUDA_VISIBLE_DEVICES=7
2026-05-12 11:29:04,797 [INFO] ms-clip: launching predict_smi (n_candidates=256)
2026-05-12 11:29:16,689 [INFO] ms-clip: auto-picked GPU 7 (free 20364 MiB)
2026-05-12 11:29:16,690 [INFO] ms-clip: using CUDA_VISIBLE_DEVICES=7
2026-05-12 11:29:16,690 [INFO] ms-clip: launching predict_smi (n_candidates=256)
2026-05-12 11:29:28,764 [INFO] ms-clip: auto-picked GPU 7 (free 20364 MiB)
2026-05-12 11:29:28,764 [INFO] ms-clip: using CUDA_VISIBLE_DEVICES=7
2026-05-12 11:29:28,765 [INFO] ms-clip: launching predict_smi (n_candidates=256)
2026-05-12 11:29:41,385 [INFO] ms-clip: auto-picked GPU 7 (free 20364 MiB)
2026-05-12 11:29:41,385 [INFO] ms-clip: using CUDA_VISIBLE_DEVICES=7
2026-05-12 11:29:41,385 [INFO] ms-clip: launching predict_smi (n_candidates=199)
2026-05-12 11:29:52,966 [INFO] spec 180/500  MassSpecGymID0370922  pool=199  pred=AYNMYQSRRVGZDT  correct=True  t=11.7s
2026-05-12 11:29:53,113 [INFO] ms-clip: auto-picked GPU 7 (free 20364 MiB)
2026-05-12 11:29:53,113 [INFO] ms-clip: using CUDA_VISIBLE_DEVICES=7
2026-05-12 11:29:53,113 [INFO] ms-clip: launching predict_smi (n_candidates=256)
2026-05-12 11:30:04,688 [INFO] ms-clip: auto-picked GPU 7 (free 20364 MiB)
2026-05-12 11:30:04,688 [INFO] ms-clip: using CUDA_VISIBLE_DEVICES=7
2026-05-12 11:30:04,688 [INFO] ms-clip: launching predict_smi (n_candidates=199)
2026-05-12 11:30:16,541 [INFO] ms-clip: auto-picked GPU 7 (free 20364 MiB)
2026-05-12 11:30:16,542 [INFO] ms-clip: using CUDA_VISIBLE_DEVICES=7
2026-05-12 11:30:16,542 [INFO] ms-clip: launching predict_smi (n_candidates=256)
2026-05-12 11:30:29,115 [INFO] ms-clip: auto-picked GPU 7 (free 15552 MiB)
2026-05-12 11:30:29,116 [INFO] ms-clip: using CUDA_VISIBLE_DEVICES=7
2026-05-12 11:30:29,116 [INFO] ms-clip: launching predict_smi (n_candidates=256)
2026-05-12 11:30:40,836 [INFO] ms-clip: auto-picked GPU 7 (free 17416 MiB)
2026-05-12 11:30:40,837 [INFO] ms-clip: using CUDA_VISIBLE_DEVICES=7
2026-05-12 11:30:40,837 [INFO] ms-clip: launching predict_smi (n_candidates=256)
2026-05-12 11:30:52,886 [INFO] ms-clip: auto-picked GPU 7 (free 20292 MiB)
2026-05-12 11:30:52,886 [INFO] ms-clip: using CUDA_VISIBLE_DEVICES=7
2026-05-12 11:30:52,886 [INFO] ms-clip: launching predict_smi (n_candidates=256)
2026-05-12 11:31:05,128 [INFO] ms-clip: auto-picked GPU 7 (free 17392 MiB)
2026-05-12 11:31:05,128 [INFO] ms-clip: using CUDA_VISIBLE_DEVICES=7
2026-05-12 11:31:05,129 [INFO] ms-clip: launching predict_smi (n_candidates=79)
2026-05-12 11:31:16,746 [INFO] ms-clip: auto-picked GPU 7 (free 17434 MiB)
2026-05-12 11:31:16,746 [INFO] ms-clip: using CUDA_VISIBLE_DEVICES=7
2026-05-12 11:31:16,746 [INFO] ms-clip: launching predict_smi (n_candidates=27)
2026-05-12 11:31:27,913 [INFO] ms-clip: auto-picked GPU 7 (free 17392 MiB)
2026-05-12 11:31:27,913 [INFO] ms-clip: using CUDA_VISIBLE_DEVICES=7
2026-05-12 11:31:27,913 [INFO] ms-clip: launching predict_smi (n_candidates=12)
2026-05-12 11:31:39,614 [INFO] ms-clip: auto-picked GPU 7 (free 20364 MiB)
2026-05-12 11:31:39,614 [INFO] ms-clip: using CUDA_VISIBLE_DEVICES=7
2026-05-12 11:31:39,614 [INFO] ms-clip: launching predict_smi (n_candidates=135)
2026-05-12 11:31:51,088 [INFO] spec 190/500  MassSpecGymID0300331  pool=135  pred=YQYVCCPRXKJSEE  correct=False  t=11.6s
2026-05-12 11:31:51,229 [INFO] ms-clip: auto-picked GPU 7 (free 20292 MiB)
2026-05-12 11:31:51,229 [INFO] ms-clip: using CUDA_VISIBLE_DEVICES=7
2026-05-12 11:31:51,229 [INFO] ms-clip: launching predict_smi (n_candidates=16)
2026-05-12 11:32:02,438 [INFO] ms-clip: auto-picked GPU 7 (free 20364 MiB)
2026-05-12 11:32:02,438 [INFO] ms-clip: using CUDA_VISIBLE_DEVICES=7
2026-05-12 11:32:02,438 [INFO] ms-clip: launching predict_smi (n_candidates=86)
2026-05-12 11:32:14,067 [INFO] ms-clip: auto-picked GPU 7 (free 20364 MiB)
2026-05-12 11:32:14,067 [INFO] ms-clip: using CUDA_VISIBLE_DEVICES=7
2026-05-12 11:32:14,067 [INFO] ms-clip: launching predict_smi (n_candidates=256)
2026-05-12 11:32:25,845 [INFO] ms-clip: auto-picked GPU 7 (free 20364 MiB)
2026-05-12 11:32:25,845 [INFO] ms-clip: using CUDA_VISIBLE_DEVICES=7
2026-05-12 11:32:25,845 [INFO] ms-clip: launching predict_smi (n_candidates=16)
2026-05-12 11:32:37,530 [INFO] ms-clip: auto-picked GPU 7 (free 20364 MiB)
2026-05-12 11:32:37,530 [INFO] ms-clip: using CUDA_VISIBLE_DEVICES=7
2026-05-12 11:32:37,530 [INFO] ms-clip: launching predict_smi (n_candidates=222)
2026-05-12 11:32:49,755 [INFO] ms-clip: auto-picked GPU 7 (free 20364 MiB)
2026-05-12 11:32:49,756 [INFO] ms-clip: using CUDA_VISIBLE_DEVICES=7
2026-05-12 11:32:49,756 [INFO] ms-clip: launching predict_smi (n_candidates=256)
2026-05-12 11:33:01,327 [INFO] ms-clip: auto-picked GPU 7 (free 20364 MiB)
2026-05-12 11:33:01,327 [INFO] ms-clip: using CUDA_VISIBLE_DEVICES=7
2026-05-12 11:33:01,327 [INFO] ms-clip: launching predict_smi (n_candidates=88)
2026-05-12 11:33:12,605 [INFO] ms-clip: auto-picked GPU 7 (free 20364 MiB)
2026-05-12 11:33:12,605 [INFO] ms-clip: using CUDA_VISIBLE_DEVICES=7
2026-05-12 11:33:12,605 [INFO] ms-clip: launching predict_smi (n_candidates=256)
2026-05-12 11:33:24,446 [INFO] ms-clip: auto-picked GPU 7 (free 20364 MiB)
2026-05-12 11:33:24,446 [INFO] ms-clip: using CUDA_VISIBLE_DEVICES=7
2026-05-12 11:33:24,446 [INFO] ms-clip: launching predict_smi (n_candidates=256)
2026-05-12 11:33:36,774 [INFO] ms-clip: auto-picked GPU 7 (free 20364 MiB)
2026-05-12 11:33:36,774 [INFO] ms-clip: using CUDA_VISIBLE_DEVICES=7
2026-05-12 11:33:36,775 [INFO] ms-clip: launching predict_smi (n_candidates=256)
2026-05-12 11:33:48,335 [INFO] spec 200/500  MassSpecGymID0204386  pool=256  pred=SENIDMFOGMNMOE  correct=True  t=11.7s
2026-05-12 11:33:48,474 [INFO] ms-clip: auto-picked GPU 7 (free 20364 MiB)
2026-05-12 11:33:48,474 [INFO] ms-clip: using CUDA_VISIBLE_DEVICES=7
2026-05-12 11:33:48,474 [INFO] ms-clip: launching predict_smi (n_candidates=42)
2026-05-12 11:33:59,730 [INFO] ms-clip: auto-picked GPU 7 (free 20364 MiB)
2026-05-12 11:33:59,730 [INFO] ms-clip: using CUDA_VISIBLE_DEVICES=7
2026-05-12 11:33:59,730 [INFO] ms-clip: launching predict_smi (n_candidates=2)
2026-05-12 11:34:11,178 [INFO] ms-clip: auto-picked GPU 7 (free 20364 MiB)
2026-05-12 11:34:11,178 [INFO] ms-clip: using CUDA_VISIBLE_DEVICES=7
2026-05-12 11:34:11,179 [INFO] ms-clip: launching predict_smi (n_candidates=56)
2026-05-12 11:34:23,097 [INFO] ms-clip: auto-picked GPU 7 (free 20364 MiB)
2026-05-12 11:34:23,097 [INFO] ms-clip: using CUDA_VISIBLE_DEVICES=7
2026-05-12 11:34:23,098 [INFO] ms-clip: launching predict_smi (n_candidates=256)
2026-05-12 11:34:34,805 [INFO] ms-clip: auto-picked GPU 7 (free 20364 MiB)
2026-05-12 11:34:34,805 [INFO] ms-clip: using CUDA_VISIBLE_DEVICES=7
2026-05-12 11:34:34,805 [INFO] ms-clip: launching predict_smi (n_candidates=179)
2026-05-12 11:34:46,500 [INFO] ms-clip: auto-picked GPU 7 (free 20364 MiB)
2026-05-12 11:34:46,500 [INFO] ms-clip: using CUDA_VISIBLE_DEVICES=7
2026-05-12 11:34:46,500 [INFO] ms-clip: launching predict_smi (n_candidates=1)
2026-05-12 11:34:57,904 [INFO] ms-clip: auto-picked GPU 7 (free 20364 MiB)
2026-05-12 11:34:57,904 [INFO] ms-clip: using CUDA_VISIBLE_DEVICES=7
2026-05-12 11:34:57,904 [INFO] ms-clip: launching predict_smi (n_candidates=256)
2026-05-12 11:35:09,450 [INFO] ms-clip: auto-picked GPU 7 (free 20364 MiB)
2026-05-12 11:35:09,451 [INFO] ms-clip: using CUDA_VISIBLE_DEVICES=7
2026-05-12 11:35:09,451 [INFO] ms-clip: launching predict_smi (n_candidates=23)
2026-05-12 11:35:20,753 [INFO] ms-clip: auto-picked GPU 7 (free 20364 MiB)
2026-05-12 11:35:20,754 [INFO] ms-clip: using CUDA_VISIBLE_DEVICES=7
2026-05-12 11:35:20,754 [INFO] ms-clip: launching predict_smi (n_candidates=191)
2026-05-12 11:35:32,401 [INFO] ms-clip: auto-picked GPU 7 (free 20364 MiB)
2026-05-12 11:35:32,402 [INFO] ms-clip: using CUDA_VISIBLE_DEVICES=7
2026-05-12 11:35:32,402 [INFO] ms-clip: launching predict_smi (n_candidates=256)
2026-05-12 11:35:44,900 [INFO] spec 210/500  MassSpecGymID0088831  pool=256  pred=NCEXYHBECQHGNR  correct=True  t=12.6s
2026-05-12 11:35:45,031 [INFO] ms-clip: auto-picked GPU 7 (free 20364 MiB)
2026-05-12 11:35:45,031 [INFO] ms-clip: using CUDA_VISIBLE_DEVICES=7
2026-05-12 11:35:45,031 [INFO] ms-clip: launching predict_smi (n_candidates=256)
2026-05-12 11:35:56,711 [INFO] ms-clip: auto-picked GPU 7 (free 20364 MiB)
2026-05-12 11:35:56,711 [INFO] ms-clip: using CUDA_VISIBLE_DEVICES=7
2026-05-12 11:35:56,711 [INFO] ms-clip: launching predict_smi (n_candidates=256)
2026-05-12 11:36:08,630 [WARNING] ms-clip dropped SMILES COCCOc1cccc(OCCOC)c1N1[C]N(c2c(C(C)C)cccc2C(C)C)CC1; emitting sentinel -1.0
2026-05-12 11:36:08,773 [INFO] ms-clip: auto-picked GPU 7 (free 20364 MiB)
2026-05-12 11:36:08,773 [INFO] ms-clip: using CUDA_VISIBLE_DEVICES=7
2026-05-12 11:36:08,773 [INFO] ms-clip: launching predict_smi (n_candidates=256)
2026-05-12 11:36:20,824 [INFO] ms-clip: auto-picked GPU 7 (free 20808 MiB)
2026-05-12 11:36:20,825 [INFO] ms-clip: using CUDA_VISIBLE_DEVICES=7
2026-05-12 11:36:20,825 [INFO] ms-clip: launching predict_smi (n_candidates=256)
2026-05-12 11:36:32,350 [INFO] ms-clip: auto-picked GPU 7 (free 21918 MiB)
2026-05-12 11:36:32,351 [INFO] ms-clip: using CUDA_VISIBLE_DEVICES=7
2026-05-12 11:36:32,351 [INFO] ms-clip: launching predict_smi (n_candidates=25)
2026-05-12 11:36:44,064 [INFO] ms-clip: auto-picked GPU 7 (free 22138 MiB)
2026-05-12 11:36:44,064 [INFO] ms-clip: using CUDA_VISIBLE_DEVICES=7
2026-05-12 11:36:44,064 [INFO] ms-clip: launching predict_smi (n_candidates=256)
2026-05-12 11:36:56,971 [INFO] ms-clip: auto-picked GPU 7 (free 20808 MiB)
2026-05-12 11:36:56,971 [INFO] ms-clip: using CUDA_VISIBLE_DEVICES=7
2026-05-12 11:36:56,971 [INFO] ms-clip: launching predict_smi (n_candidates=256)
2026-05-12 11:37:08,727 [INFO] ms-clip: auto-picked GPU 7 (free 20808 MiB)
2026-05-12 11:37:08,727 [INFO] ms-clip: using CUDA_VISIBLE_DEVICES=7
2026-05-12 11:37:08,727 [INFO] ms-clip: launching predict_smi (n_candidates=26)
2026-05-12 11:37:20,219 [INFO] ms-clip: auto-picked GPU 7 (free 21774 MiB)
2026-05-12 11:37:20,220 [INFO] ms-clip: using CUDA_VISIBLE_DEVICES=7
2026-05-12 11:37:20,220 [INFO] ms-clip: launching predict_smi (n_candidates=256)
2026-05-12 11:37:32,139 [INFO] ms-clip: auto-picked GPU 7 (free 22426 MiB)
2026-05-12 11:37:32,139 [INFO] ms-clip: using CUDA_VISIBLE_DEVICES=7
2026-05-12 11:37:32,139 [INFO] ms-clip: launching predict_smi (n_candidates=222)
2026-05-12 11:37:43,719 [INFO] spec 220/500  MassSpecGymID0277361  pool=222  pred=APSFXRUTRLTKQA  correct=False  t=11.7s
2026-05-12 11:37:43,863 [INFO] ms-clip: auto-picked GPU 7 (free 22904 MiB)
2026-05-12 11:37:43,864 [INFO] ms-clip: using CUDA_VISIBLE_DEVICES=7
2026-05-12 11:37:43,864 [INFO] ms-clip: launching predict_smi (n_candidates=256)
2026-05-12 11:37:56,552 [INFO] ms-clip: auto-picked GPU 7 (free 22730 MiB)
2026-05-12 11:37:56,552 [INFO] ms-clip: using CUDA_VISIBLE_DEVICES=7
2026-05-12 11:37:56,552 [INFO] ms-clip: launching predict_smi (n_candidates=10)
2026-05-12 11:38:08,299 [INFO] ms-clip: auto-picked GPU 7 (free 24073 MiB)
2026-05-12 11:38:08,299 [INFO] ms-clip: using CUDA_VISIBLE_DEVICES=7
2026-05-12 11:38:08,299 [INFO] ms-clip: launching predict_smi (n_candidates=256)
2026-05-12 11:38:21,165 [INFO] ms-clip: auto-picked GPU 7 (free 22586 MiB)
2026-05-12 11:38:21,165 [INFO] ms-clip: using CUDA_VISIBLE_DEVICES=7
2026-05-12 11:38:21,165 [INFO] ms-clip: launching predict_smi (n_candidates=105)
2026-05-12 11:38:32,960 [INFO] ms-clip: auto-picked GPU 7 (free 22682 MiB)
2026-05-12 11:38:32,960 [INFO] ms-clip: using CUDA_VISIBLE_DEVICES=7
2026-05-12 11:38:32,960 [INFO] ms-clip: launching predict_smi (n_candidates=243)
2026-05-12 11:38:45,216 [INFO] ms-clip: auto-picked GPU 7 (free 23088 MiB)
2026-05-12 11:38:45,216 [INFO] ms-clip: using CUDA_VISIBLE_DEVICES=7
2026-05-12 11:38:45,216 [INFO] ms-clip: launching predict_smi (n_candidates=256)
2026-05-12 11:38:57,815 [INFO] ms-clip: auto-picked GPU 7 (free 23332 MiB)
2026-05-12 11:38:57,816 [INFO] ms-clip: using CUDA_VISIBLE_DEVICES=7
2026-05-12 11:38:57,816 [INFO] ms-clip: launching predict_smi (n_candidates=111)
2026-05-12 11:39:09,711 [INFO] ms-clip: auto-picked GPU 7 (free 24092 MiB)
2026-05-12 11:39:09,711 [INFO] ms-clip: using CUDA_VISIBLE_DEVICES=7
2026-05-12 11:39:09,711 [INFO] ms-clip: launching predict_smi (n_candidates=72)
2026-05-12 11:39:21,737 [INFO] ms-clip: auto-picked GPU 7 (free 24092 MiB)
2026-05-12 11:39:21,737 [INFO] ms-clip: using CUDA_VISIBLE_DEVICES=7
2026-05-12 11:39:21,737 [INFO] ms-clip: launching predict_smi (n_candidates=12)
2026-05-12 11:39:32,973 [INFO] ms-clip: auto-picked GPU 7 (free 24092 MiB)
2026-05-12 11:39:32,974 [INFO] ms-clip: using CUDA_VISIBLE_DEVICES=7
2026-05-12 11:39:32,974 [INFO] ms-clip: launching predict_smi (n_candidates=256)
2026-05-12 11:39:44,694 [INFO] spec 230/500  MassSpecGymID0376453  pool=256  pred=OVUBXQZYPLZIFE  correct=False  t=11.8s
2026-05-12 11:39:44,818 [INFO] ms-clip: auto-picked GPU 7 (free 24092 MiB)
2026-05-12 11:39:44,819 [INFO] ms-clip: using CUDA_VISIBLE_DEVICES=7
2026-05-12 11:39:44,819 [INFO] ms-clip: launching predict_smi (n_candidates=58)
2026-05-12 11:39:56,529 [INFO] ms-clip: auto-picked GPU 7 (free 24092 MiB)
2026-05-12 11:39:56,529 [INFO] ms-clip: using CUDA_VISIBLE_DEVICES=7
2026-05-12 11:39:56,529 [INFO] ms-clip: launching predict_smi (n_candidates=256)
2026-05-12 11:40:08,612 [INFO] ms-clip: auto-picked GPU 7 (free 24092 MiB)
2026-05-12 11:40:08,612 [INFO] ms-clip: using CUDA_VISIBLE_DEVICES=7
2026-05-12 11:40:08,612 [INFO] ms-clip: launching predict_smi (n_candidates=256)
2026-05-12 11:40:20,488 [INFO] ms-clip: auto-picked GPU 7 (free 24092 MiB)
2026-05-12 11:40:20,489 [INFO] ms-clip: using CUDA_VISIBLE_DEVICES=7
2026-05-12 11:40:20,489 [INFO] ms-clip: launching predict_smi (n_candidates=256)
2026-05-12 11:40:32,273 [INFO] ms-clip: auto-picked GPU 7 (free 24092 MiB)
2026-05-12 11:40:32,273 [INFO] ms-clip: using CUDA_VISIBLE_DEVICES=7
2026-05-12 11:40:32,273 [INFO] ms-clip: launching predict_smi (n_candidates=256)
2026-05-12 11:40:44,063 [INFO] ms-clip: auto-picked GPU 7 (free 24092 MiB)
2026-05-12 11:40:44,064 [INFO] ms-clip: using CUDA_VISIBLE_DEVICES=7
2026-05-12 11:40:44,064 [INFO] ms-clip: launching predict_smi (n_candidates=256)
2026-05-12 11:40:55,935 [INFO] ms-clip: auto-picked GPU 7 (free 24092 MiB)
2026-05-12 11:40:55,935 [INFO] ms-clip: using CUDA_VISIBLE_DEVICES=7
2026-05-12 11:40:55,935 [INFO] ms-clip: launching predict_smi (n_candidates=192)
2026-05-12 11:41:07,901 [INFO] ms-clip: auto-picked GPU 7 (free 24092 MiB)
2026-05-12 11:41:07,902 [INFO] ms-clip: using CUDA_VISIBLE_DEVICES=7
2026-05-12 11:41:07,902 [INFO] ms-clip: launching predict_smi (n_candidates=256)
2026-05-12 11:41:19,911 [INFO] ms-clip: auto-picked GPU 7 (free 24092 MiB)
2026-05-12 11:41:19,911 [INFO] ms-clip: using CUDA_VISIBLE_DEVICES=7
2026-05-12 11:41:19,911 [INFO] ms-clip: launching predict_smi (n_candidates=256)
2026-05-12 11:41:31,979 [INFO] ms-clip: auto-picked GPU 7 (free 24092 MiB)
2026-05-12 11:41:31,980 [INFO] ms-clip: using CUDA_VISIBLE_DEVICES=7
2026-05-12 11:41:31,980 [INFO] ms-clip: launching predict_smi (n_candidates=96)
2026-05-12 11:41:43,537 [INFO] spec 240/500  MassSpecGymID0372011  pool=96  pred=WLFKFFMDFMCZQR  correct=False  t=11.7s
2026-05-12 11:41:43,652 [INFO] ms-clip: auto-picked GPU 7 (free 24092 MiB)
2026-05-12 11:41:43,652 [INFO] ms-clip: using CUDA_VISIBLE_DEVICES=7
2026-05-12 11:41:43,652 [INFO] ms-clip: launching predict_smi (n_candidates=24)
2026-05-12 11:41:54,921 [INFO] ms-clip: auto-picked GPU 7 (free 24092 MiB)
2026-05-12 11:41:54,922 [INFO] ms-clip: using CUDA_VISIBLE_DEVICES=7
2026-05-12 11:41:54,922 [INFO] ms-clip: launching predict_smi (n_candidates=47)
2026-05-12 11:42:07,400 [INFO] ms-clip: auto-picked GPU 7 (free 17392 MiB)
2026-05-12 11:42:07,416 [INFO] ms-clip: using CUDA_VISIBLE_DEVICES=7
2026-05-12 11:42:07,416 [INFO] ms-clip: launching predict_smi (n_candidates=256)
2026-05-12 11:42:20,155 [INFO] ms-clip: auto-picked GPU 7 (free 24092 MiB)
2026-05-12 11:42:20,156 [INFO] ms-clip: using CUDA_VISIBLE_DEVICES=7
2026-05-12 11:42:20,156 [INFO] ms-clip: launching predict_smi (n_candidates=256)
2026-05-12 11:42:32,699 [INFO] ms-clip: auto-picked GPU 7 (free 24092 MiB)
2026-05-12 11:42:32,700 [INFO] ms-clip: using CUDA_VISIBLE_DEVICES=7
2026-05-12 11:42:32,700 [INFO] ms-clip: launching predict_smi (n_candidates=16)
2026-05-12 11:42:44,349 [INFO] ms-clip: auto-picked GPU 7 (free 15474 MiB)
2026-05-12 11:42:44,350 [INFO] ms-clip: using CUDA_VISIBLE_DEVICES=7
2026-05-12 11:42:44,350 [INFO] ms-clip: launching predict_smi (n_candidates=256)
2026-05-12 11:42:56,689 [INFO] ms-clip: auto-picked GPU 7 (free 24092 MiB)
2026-05-12 11:42:56,689 [INFO] ms-clip: using CUDA_VISIBLE_DEVICES=7
2026-05-12 11:42:56,689 [INFO] ms-clip: launching predict_smi (n_candidates=256)
2026-05-12 11:43:09,321 [INFO] ms-clip: auto-picked GPU 7 (free 24092 MiB)
2026-05-12 11:43:09,322 [INFO] ms-clip: using CUDA_VISIBLE_DEVICES=7
2026-05-12 11:43:09,322 [INFO] ms-clip: launching predict_smi (n_candidates=256)
2026-05-12 11:43:21,329 [INFO] ms-clip: auto-picked GPU 7 (free 17416 MiB)
2026-05-12 11:43:21,329 [INFO] ms-clip: using CUDA_VISIBLE_DEVICES=7
2026-05-12 11:43:21,330 [INFO] ms-clip: launching predict_smi (n_candidates=67)
2026-05-12 11:43:33,081 [INFO] ms-clip: auto-picked GPU 7 (free 17392 MiB)
2026-05-12 11:43:33,081 [INFO] ms-clip: using CUDA_VISIBLE_DEVICES=7
2026-05-12 11:43:33,081 [INFO] ms-clip: launching predict_smi (n_candidates=256)
2026-05-12 11:43:45,852 [INFO] spec 250/500  MassSpecGymID0211202  pool=256  pred=OYFCDWLVIVPEDW  correct=True  t=12.9s
2026-05-12 11:43:46,017 [INFO] ms-clip: auto-picked GPU 7 (free 24092 MiB)
2026-05-12 11:43:46,017 [INFO] ms-clip: using CUDA_VISIBLE_DEVICES=7
2026-05-12 11:43:46,018 [INFO] ms-clip: launching predict_smi (n_candidates=49)
2026-05-12 11:43:58,045 [INFO] ms-clip: auto-picked GPU 7 (free 15474 MiB)
2026-05-12 11:43:58,045 [INFO] ms-clip: using CUDA_VISIBLE_DEVICES=7
2026-05-12 11:43:58,045 [INFO] ms-clip: launching predict_smi (n_candidates=256)
2026-05-12 11:44:10,911 [INFO] ms-clip: auto-picked GPU 7 (free 24092 MiB)
2026-05-12 11:44:10,911 [INFO] ms-clip: using CUDA_VISIBLE_DEVICES=7
2026-05-12 11:44:10,911 [INFO] ms-clip: launching predict_smi (n_candidates=256)
2026-05-12 11:44:22,349 [INFO] ms-clip: auto-picked GPU 7 (free 17392 MiB)
2026-05-12 11:44:22,350 [INFO] ms-clip: using CUDA_VISIBLE_DEVICES=7
2026-05-12 11:44:22,350 [INFO] ms-clip: launching predict_smi (n_candidates=56)
2026-05-12 11:44:33,602 [INFO] ms-clip: auto-picked GPU 7 (free 17392 MiB)
2026-05-12 11:44:33,602 [INFO] ms-clip: using CUDA_VISIBLE_DEVICES=7
2026-05-12 11:44:33,602 [INFO] ms-clip: launching predict_smi (n_candidates=256)
2026-05-12 11:44:45,555 [INFO] ms-clip: auto-picked GPU 7 (free 20364 MiB)
2026-05-12 11:44:45,555 [INFO] ms-clip: using CUDA_VISIBLE_DEVICES=7
2026-05-12 11:44:45,555 [INFO] ms-clip: launching predict_smi (n_candidates=9)
2026-05-12 11:44:56,776 [INFO] ms-clip: auto-picked GPU 7 (free 20364 MiB)
2026-05-12 11:44:56,776 [INFO] ms-clip: using CUDA_VISIBLE_DEVICES=7
2026-05-12 11:44:56,776 [INFO] ms-clip: launching predict_smi (n_candidates=48)
2026-05-12 11:45:08,346 [INFO] ms-clip: auto-picked GPU 7 (free 20364 MiB)
2026-05-12 11:45:08,346 [INFO] ms-clip: using CUDA_VISIBLE_DEVICES=7
2026-05-12 11:45:08,346 [INFO] ms-clip: launching predict_smi (n_candidates=256)
2026-05-12 11:45:20,448 [INFO] ms-clip: auto-picked GPU 7 (free 20364 MiB)
2026-05-12 11:45:20,448 [INFO] ms-clip: using CUDA_VISIBLE_DEVICES=7
2026-05-12 11:45:20,448 [INFO] ms-clip: launching predict_smi (n_candidates=256)
2026-05-12 11:45:31,695 [INFO] ms-clip: auto-picked GPU 7 (free 20364 MiB)
2026-05-12 11:45:31,695 [INFO] ms-clip: using CUDA_VISIBLE_DEVICES=7
2026-05-12 11:45:31,695 [INFO] ms-clip: launching predict_smi (n_candidates=256)
2026-05-12 11:45:43,561 [INFO] spec 260/500  MassSpecGymID0206353  pool=256  pred=WEVPQQOUSUESHR  correct=False  t=12.0s
2026-05-12 11:45:43,671 [INFO] ms-clip: auto-picked GPU 7 (free 20364 MiB)
2026-05-12 11:45:43,671 [INFO] ms-clip: using CUDA_VISIBLE_DEVICES=7
2026-05-12 11:45:43,671 [INFO] ms-clip: launching predict_smi (n_candidates=174)
2026-05-12 11:45:55,452 [INFO] ms-clip: auto-picked GPU 7 (free 20364 MiB)
2026-05-12 11:45:55,453 [INFO] ms-clip: using CUDA_VISIBLE_DEVICES=7
2026-05-12 11:45:55,453 [INFO] ms-clip: launching predict_smi (n_candidates=256)
2026-05-12 11:46:08,049 [INFO] ms-clip: auto-picked GPU 7 (free 20364 MiB)
2026-05-12 11:46:08,050 [INFO] ms-clip: using CUDA_VISIBLE_DEVICES=7
2026-05-12 11:46:08,050 [INFO] ms-clip: launching predict_smi (n_candidates=163)
2026-05-12 11:46:19,395 [INFO] ms-clip: auto-picked GPU 7 (free 20364 MiB)
2026-05-12 11:46:19,395 [INFO] ms-clip: using CUDA_VISIBLE_DEVICES=7
2026-05-12 11:46:19,396 [INFO] ms-clip: launching predict_smi (n_candidates=243)
2026-05-12 11:46:31,458 [INFO] ms-clip: auto-picked GPU 7 (free 20364 MiB)
2026-05-12 11:46:31,458 [INFO] ms-clip: using CUDA_VISIBLE_DEVICES=7
2026-05-12 11:46:31,459 [INFO] ms-clip: launching predict_smi (n_candidates=211)
2026-05-12 11:46:43,930 [INFO] ms-clip: auto-picked GPU 7 (free 20364 MiB)
2026-05-12 11:46:43,931 [INFO] ms-clip: using CUDA_VISIBLE_DEVICES=7
2026-05-12 11:46:43,931 [INFO] ms-clip: launching predict_smi (n_candidates=256)
2026-05-12 11:46:56,162 [INFO] ms-clip: auto-picked GPU 7 (free 20364 MiB)
2026-05-12 11:46:56,162 [INFO] ms-clip: using CUDA_VISIBLE_DEVICES=7
2026-05-12 11:46:56,163 [INFO] ms-clip: launching predict_smi (n_candidates=160)
2026-05-12 11:47:07,922 [INFO] ms-clip: auto-picked GPU 7 (free 20364 MiB)
2026-05-12 11:47:07,923 [INFO] ms-clip: using CUDA_VISIBLE_DEVICES=7
2026-05-12 11:47:07,923 [INFO] ms-clip: launching predict_smi (n_candidates=256)
2026-05-12 11:47:19,765 [INFO] ms-clip: auto-picked GPU 7 (free 20364 MiB)
2026-05-12 11:47:19,765 [INFO] ms-clip: using CUDA_VISIBLE_DEVICES=7
2026-05-12 11:47:19,766 [INFO] ms-clip: launching predict_smi (n_candidates=70)
2026-05-12 11:47:31,450 [INFO] ms-clip: auto-picked GPU 7 (free 20364 MiB)
2026-05-12 11:47:31,451 [INFO] ms-clip: using CUDA_VISIBLE_DEVICES=7
2026-05-12 11:47:31,451 [INFO] ms-clip: launching predict_smi (n_candidates=110)
2026-05-12 11:47:43,088 [INFO] spec 270/500  MassSpecGymID0012652  pool=110  pred=ULGZDMOVFRHVEP  correct=True  t=11.8s
2026-05-12 11:47:43,228 [INFO] ms-clip: auto-picked GPU 7 (free 20364 MiB)
2026-05-12 11:47:43,228 [INFO] ms-clip: using CUDA_VISIBLE_DEVICES=7
2026-05-12 11:47:43,229 [INFO] ms-clip: launching predict_smi (n_candidates=256)
2026-05-12 11:47:55,507 [INFO] ms-clip: auto-picked GPU 7 (free 20364 MiB)
2026-05-12 11:47:55,507 [INFO] ms-clip: using CUDA_VISIBLE_DEVICES=7
2026-05-12 11:47:55,507 [INFO] ms-clip: launching predict_smi (n_candidates=256)
2026-05-12 11:48:07,817 [INFO] ms-clip: auto-picked GPU 7 (free 20364 MiB)
2026-05-12 11:48:07,818 [INFO] ms-clip: using CUDA_VISIBLE_DEVICES=7
2026-05-12 11:48:07,818 [INFO] ms-clip: launching predict_smi (n_candidates=32)
2026-05-12 11:48:18,746 [INFO] ms-clip: auto-picked GPU 7 (free 20364 MiB)
2026-05-12 11:48:18,746 [INFO] ms-clip: using CUDA_VISIBLE_DEVICES=7
2026-05-12 11:48:18,746 [INFO] ms-clip: launching predict_smi (n_candidates=36)
2026-05-12 11:48:29,961 [INFO] ms-clip: auto-picked GPU 7 (free 20364 MiB)
2026-05-12 11:48:29,961 [INFO] ms-clip: using CUDA_VISIBLE_DEVICES=7
2026-05-12 11:48:29,961 [INFO] ms-clip: launching predict_smi (n_candidates=12)
2026-05-12 11:48:41,721 [INFO] ms-clip: auto-picked GPU 7 (free 20364 MiB)
2026-05-12 11:48:41,721 [INFO] ms-clip: using CUDA_VISIBLE_DEVICES=7
2026-05-12 11:48:41,721 [INFO] ms-clip: launching predict_smi (n_candidates=228)
2026-05-12 11:48:53,420 [INFO] ms-clip: auto-picked GPU 7 (free 20364 MiB)
2026-05-12 11:48:53,421 [INFO] ms-clip: using CUDA_VISIBLE_DEVICES=7
2026-05-12 11:48:53,421 [INFO] ms-clip: launching predict_smi (n_candidates=256)
2026-05-12 11:49:05,936 [INFO] ms-clip: auto-picked GPU 7 (free 20364 MiB)
2026-05-12 11:49:05,936 [INFO] ms-clip: using CUDA_VISIBLE_DEVICES=7
2026-05-12 11:49:05,936 [INFO] ms-clip: launching predict_smi (n_candidates=256)
2026-05-12 11:49:17,654 [INFO] ms-clip: auto-picked GPU 7 (free 20364 MiB)
2026-05-12 11:49:17,655 [INFO] ms-clip: using CUDA_VISIBLE_DEVICES=7
2026-05-12 11:49:17,655 [INFO] ms-clip: launching predict_smi (n_candidates=256)
2026-05-12 11:49:29,839 [INFO] ms-clip: auto-picked GPU 7 (free 20364 MiB)
2026-05-12 11:49:29,839 [INFO] ms-clip: using CUDA_VISIBLE_DEVICES=7
2026-05-12 11:49:29,840 [INFO] ms-clip: launching predict_smi (n_candidates=256)
2026-05-12 11:49:41,527 [INFO] spec 280/500  MassSpecGymID0247776  pool=256  pred=KQIXOBKAGZBVGB  correct=True  t=11.8s
2026-05-12 11:49:41,664 [INFO] ms-clip: auto-picked GPU 7 (free 20364 MiB)
2026-05-12 11:49:41,664 [INFO] ms-clip: using CUDA_VISIBLE_DEVICES=7
2026-05-12 11:49:41,664 [INFO] ms-clip: launching predict_smi (n_candidates=66)
2026-05-12 11:49:53,908 [INFO] ms-clip: auto-picked GPU 7 (free 20364 MiB)
2026-05-12 11:49:53,909 [INFO] ms-clip: using CUDA_VISIBLE_DEVICES=7
2026-05-12 11:49:53,909 [INFO] ms-clip: launching predict_smi (n_candidates=231)
2026-05-12 11:50:05,934 [INFO] ms-clip: auto-picked GPU 7 (free 20364 MiB)
2026-05-12 11:50:05,934 [INFO] ms-clip: using CUDA_VISIBLE_DEVICES=7
2026-05-12 11:50:05,934 [INFO] ms-clip: launching predict_smi (n_candidates=5)
2026-05-12 11:50:17,177 [INFO] ms-clip: auto-picked GPU 7 (free 20364 MiB)
2026-05-12 11:50:17,177 [INFO] ms-clip: using CUDA_VISIBLE_DEVICES=7
2026-05-12 11:50:17,177 [INFO] ms-clip: launching predict_smi (n_candidates=256)
2026-05-12 11:50:29,895 [INFO] ms-clip: auto-picked GPU 7 (free 20364 MiB)
2026-05-12 11:50:29,896 [INFO] ms-clip: using CUDA_VISIBLE_DEVICES=7
2026-05-12 11:50:29,896 [INFO] ms-clip: launching predict_smi (n_candidates=256)
2026-05-12 11:50:41,957 [INFO] ms-clip: auto-picked GPU 7 (free 20364 MiB)
2026-05-12 11:50:41,958 [INFO] ms-clip: using CUDA_VISIBLE_DEVICES=7
2026-05-12 11:50:41,958 [INFO] ms-clip: launching predict_smi (n_candidates=30)
2026-05-12 11:50:53,173 [INFO] ms-clip: auto-picked GPU 7 (free 20364 MiB)
2026-05-12 11:50:53,173 [INFO] ms-clip: using CUDA_VISIBLE_DEVICES=7
2026-05-12 11:50:53,173 [INFO] ms-clip: launching predict_smi (n_candidates=256)
2026-05-12 11:51:05,204 [INFO] ms-clip: auto-picked GPU 7 (free 20364 MiB)
2026-05-12 11:51:05,204 [INFO] ms-clip: using CUDA_VISIBLE_DEVICES=7
2026-05-12 11:51:05,204 [INFO] ms-clip: launching predict_smi (n_candidates=80)
2026-05-12 11:51:16,492 [INFO] ms-clip: auto-picked GPU 7 (free 20364 MiB)
2026-05-12 11:51:16,492 [INFO] ms-clip: using CUDA_VISIBLE_DEVICES=7
2026-05-12 11:51:16,492 [INFO] ms-clip: launching predict_smi (n_candidates=21)
2026-05-12 11:51:28,167 [INFO] ms-clip: auto-picked GPU 7 (free 20364 MiB)
2026-05-12 11:51:28,168 [INFO] ms-clip: using CUDA_VISIBLE_DEVICES=7
2026-05-12 11:51:28,168 [INFO] ms-clip: launching predict_smi (n_candidates=256)
2026-05-12 11:51:40,474 [INFO] spec 290/500  MassSpecGymID0215817  pool=256  pred=ATZKNJQPPLSNBB  correct=True  t=12.4s
2026-05-12 11:51:40,580 [INFO] ms-clip: auto-picked GPU 7 (free 20364 MiB)
2026-05-12 11:51:40,580 [INFO] ms-clip: using CUDA_VISIBLE_DEVICES=7
2026-05-12 11:51:40,581 [INFO] ms-clip: launching predict_smi (n_candidates=31)
2026-05-12 11:51:51,571 [INFO] ms-clip: auto-picked GPU 7 (free 20808 MiB)
2026-05-12 11:51:51,571 [INFO] ms-clip: using CUDA_VISIBLE_DEVICES=7
2026-05-12 11:51:51,572 [INFO] ms-clip: launching predict_smi (n_candidates=148)
2026-05-12 11:52:03,290 [INFO] ms-clip: auto-picked GPU 7 (free 20808 MiB)
2026-05-12 11:52:03,290 [INFO] ms-clip: using CUDA_VISIBLE_DEVICES=7
2026-05-12 11:52:03,290 [INFO] ms-clip: launching predict_smi (n_candidates=66)
2026-05-12 11:52:15,270 [INFO] ms-clip: auto-picked GPU 7 (free 21464 MiB)
2026-05-12 11:52:15,271 [INFO] ms-clip: using CUDA_VISIBLE_DEVICES=7
2026-05-12 11:52:15,271 [INFO] ms-clip: launching predict_smi (n_candidates=256)
2026-05-12 11:52:27,128 [INFO] ms-clip: auto-picked GPU 7 (free 21838 MiB)
2026-05-12 11:52:27,128 [INFO] ms-clip: using CUDA_VISIBLE_DEVICES=7
2026-05-12 11:52:27,129 [INFO] ms-clip: launching predict_smi (n_candidates=74)
2026-05-12 11:52:38,525 [INFO] ms-clip: auto-picked GPU 7 (free 22960 MiB)
2026-05-12 11:52:38,526 [INFO] ms-clip: using CUDA_VISIBLE_DEVICES=7
2026-05-12 11:52:38,526 [INFO] ms-clip: launching predict_smi (n_candidates=24)
2026-05-12 11:52:50,428 [INFO] ms-clip: auto-picked GPU 7 (free 22634 MiB)
2026-05-12 11:52:50,428 [INFO] ms-clip: using CUDA_VISIBLE_DEVICES=7
2026-05-12 11:52:50,428 [INFO] ms-clip: launching predict_smi (n_candidates=256)
2026-05-12 11:53:02,380 [INFO] ms-clip: auto-picked GPU 7 (free 21934 MiB)
2026-05-12 11:53:02,381 [INFO] ms-clip: using CUDA_VISIBLE_DEVICES=7
2026-05-12 11:53:02,381 [INFO] ms-clip: launching predict_smi (n_candidates=118)
2026-05-12 11:53:14,521 [INFO] ms-clip: auto-picked GPU 7 (free 21144 MiB)
2026-05-12 11:53:14,521 [INFO] ms-clip: using CUDA_VISIBLE_DEVICES=7
2026-05-12 11:53:14,521 [INFO] ms-clip: launching predict_smi (n_candidates=256)
2026-05-12 11:53:26,751 [INFO] ms-clip: auto-picked GPU 7 (free 20808 MiB)
2026-05-12 11:53:26,751 [INFO] ms-clip: using CUDA_VISIBLE_DEVICES=7
2026-05-12 11:53:26,751 [INFO] ms-clip: launching predict_smi (n_candidates=79)
2026-05-12 11:53:38,742 [INFO] spec 300/500  MassSpecGymID0381365  pool=79  pred=YTWLZXBVJMNCIR  correct=True  t=12.1s
2026-05-12 11:53:38,870 [INFO] ms-clip: auto-picked GPU 7 (free 20808 MiB)
2026-05-12 11:53:38,870 [INFO] ms-clip: using CUDA_VISIBLE_DEVICES=7
2026-05-12 11:53:38,870 [INFO] ms-clip: launching predict_smi (n_candidates=256)
2026-05-12 11:53:50,904 [INFO] ms-clip: auto-picked GPU 7 (free 20572 MiB)
2026-05-12 11:53:50,905 [INFO] ms-clip: using CUDA_VISIBLE_DEVICES=7
2026-05-12 11:53:50,905 [INFO] ms-clip: launching predict_smi (n_candidates=256)
2026-05-12 11:54:02,725 [INFO] ms-clip: auto-picked GPU 7 (free 20808 MiB)
2026-05-12 11:54:02,725 [INFO] ms-clip: using CUDA_VISIBLE_DEVICES=7
2026-05-12 11:54:02,725 [INFO] ms-clip: launching predict_smi (n_candidates=256)
2026-05-12 11:54:14,700 [INFO] ms-clip: auto-picked GPU 7 (free 20808 MiB)
2026-05-12 11:54:14,700 [INFO] ms-clip: using CUDA_VISIBLE_DEVICES=7
2026-05-12 11:54:14,700 [INFO] ms-clip: launching predict_smi (n_candidates=256)
2026-05-12 11:54:26,946 [INFO] ms-clip: auto-picked GPU 7 (free 20808 MiB)
2026-05-12 11:54:26,946 [INFO] ms-clip: using CUDA_VISIBLE_DEVICES=7
2026-05-12 11:54:26,947 [INFO] ms-clip: launching predict_smi (n_candidates=256)
2026-05-12 11:54:38,992 [INFO] ms-clip: auto-picked GPU 7 (free 20808 MiB)
2026-05-12 11:54:38,992 [INFO] ms-clip: using CUDA_VISIBLE_DEVICES=7
2026-05-12 11:54:38,992 [INFO] ms-clip: launching predict_smi (n_candidates=191)
2026-05-12 11:54:51,154 [INFO] ms-clip: auto-picked GPU 7 (free 20808 MiB)
2026-05-12 11:54:51,154 [INFO] ms-clip: using CUDA_VISIBLE_DEVICES=7
2026-05-12 11:54:51,154 [INFO] ms-clip: launching predict_smi (n_candidates=12)
2026-05-12 11:55:02,761 [INFO] ms-clip: auto-picked GPU 7 (free 20808 MiB)
2026-05-12 11:55:02,761 [INFO] ms-clip: using CUDA_VISIBLE_DEVICES=7
2026-05-12 11:55:02,761 [INFO] ms-clip: launching predict_smi (n_candidates=256)
2026-05-12 11:55:14,614 [INFO] ms-clip: auto-picked GPU 7 (free 20808 MiB)
2026-05-12 11:55:14,614 [INFO] ms-clip: using CUDA_VISIBLE_DEVICES=7
2026-05-12 11:55:14,614 [INFO] ms-clip: launching predict_smi (n_candidates=130)
2026-05-12 11:55:26,831 [INFO] ms-clip: auto-picked GPU 7 (free 20364 MiB)
2026-05-12 11:55:26,831 [INFO] ms-clip: using CUDA_VISIBLE_DEVICES=7
2026-05-12 11:55:26,831 [INFO] ms-clip: launching predict_smi (n_candidates=256)
2026-05-12 11:55:38,735 [INFO] spec 310/500  MassSpecGymID0215427  pool=256  pred=RGZNJUVMQCOEOI  correct=True  t=12.0s
2026-05-12 11:55:38,874 [INFO] ms-clip: auto-picked GPU 7 (free 20364 MiB)
2026-05-12 11:55:38,874 [INFO] ms-clip: using CUDA_VISIBLE_DEVICES=7
2026-05-12 11:55:38,874 [INFO] ms-clip: launching predict_smi (n_candidates=256)
2026-05-12 11:55:50,750 [INFO] ms-clip: auto-picked GPU 7 (free 20808 MiB)
2026-05-12 11:55:50,750 [INFO] ms-clip: using CUDA_VISIBLE_DEVICES=7
2026-05-12 11:55:50,750 [INFO] ms-clip: launching predict_smi (n_candidates=49)
2026-05-12 11:56:02,624 [INFO] ms-clip: auto-picked GPU 7 (free 20808 MiB)
2026-05-12 11:56:02,625 [INFO] ms-clip: using CUDA_VISIBLE_DEVICES=7
2026-05-12 11:56:02,625 [INFO] ms-clip: launching predict_smi (n_candidates=114)
2026-05-12 11:56:14,520 [INFO] ms-clip: auto-picked GPU 7 (free 21064 MiB)
2026-05-12 11:56:14,520 [INFO] ms-clip: using CUDA_VISIBLE_DEVICES=7
2026-05-12 11:56:14,520 [INFO] ms-clip: launching predict_smi (n_candidates=110)
2026-05-12 11:56:26,582 [INFO] ms-clip: auto-picked GPU 7 (free 20808 MiB)
2026-05-12 11:56:26,582 [INFO] ms-clip: using CUDA_VISIBLE_DEVICES=7
2026-05-12 11:56:26,582 [INFO] ms-clip: launching predict_smi (n_candidates=23)
2026-05-12 11:56:38,462 [INFO] ms-clip: auto-picked GPU 7 (free 20808 MiB)
2026-05-12 11:56:38,463 [INFO] ms-clip: using CUDA_VISIBLE_DEVICES=7
2026-05-12 11:56:38,463 [INFO] ms-clip: launching predict_smi (n_candidates=256)
2026-05-12 11:56:50,479 [INFO] ms-clip: auto-picked GPU 7 (free 20808 MiB)
2026-05-12 11:56:50,480 [INFO] ms-clip: using CUDA_VISIBLE_DEVICES=7
2026-05-12 11:56:50,480 [INFO] ms-clip: launching predict_smi (n_candidates=256)
2026-05-12 11:57:02,770 [INFO] ms-clip: auto-picked GPU 7 (free 20808 MiB)
2026-05-12 11:57:02,771 [INFO] ms-clip: using CUDA_VISIBLE_DEVICES=7
2026-05-12 11:57:02,771 [INFO] ms-clip: launching predict_smi (n_candidates=5)
2026-05-12 11:57:14,501 [INFO] ms-clip: auto-picked GPU 7 (free 20968 MiB)
2026-05-12 11:57:14,501 [INFO] ms-clip: using CUDA_VISIBLE_DEVICES=7
2026-05-12 11:57:14,502 [INFO] ms-clip: launching predict_smi (n_candidates=240)
2026-05-12 11:57:27,107 [INFO] ms-clip: auto-picked GPU 7 (free 20808 MiB)
2026-05-12 11:57:27,108 [INFO] ms-clip: using CUDA_VISIBLE_DEVICES=7
2026-05-12 11:57:27,108 [INFO] ms-clip: launching predict_smi (n_candidates=79)
2026-05-12 11:57:38,378 [INFO] spec 320/500  MassSpecGymID0336431  pool=79  pred=HWRPGOHFIWLZBL  correct=False  t=11.4s
2026-05-12 11:57:38,519 [INFO] ms-clip: auto-picked GPU 7 (free 21224 MiB)
2026-05-12 11:57:38,519 [INFO] ms-clip: using CUDA_VISIBLE_DEVICES=7
2026-05-12 11:57:38,519 [INFO] ms-clip: launching predict_smi (n_candidates=256)
2026-05-12 11:57:51,526 [INFO] ms-clip: auto-picked GPU 7 (free 20968 MiB)
2026-05-12 11:57:51,527 [INFO] ms-clip: using CUDA_VISIBLE_DEVICES=7
2026-05-12 11:57:51,527 [INFO] ms-clip: launching predict_smi (n_candidates=84)
2026-05-12 11:58:05,015 [INFO] ms-clip: auto-picked GPU 7 (free 20808 MiB)
2026-05-12 11:58:05,015 [INFO] ms-clip: using CUDA_VISIBLE_DEVICES=7
2026-05-12 11:58:05,015 [INFO] ms-clip: launching predict_smi (n_candidates=234)
2026-05-12 11:58:17,451 [INFO] ms-clip: auto-picked GPU 7 (free 20808 MiB)
2026-05-12 11:58:17,451 [INFO] ms-clip: using CUDA_VISIBLE_DEVICES=7
2026-05-12 11:58:17,451 [INFO] ms-clip: launching predict_smi (n_candidates=5)
2026-05-12 11:58:28,899 [INFO] ms-clip: auto-picked GPU 7 (free 20984 MiB)
2026-05-12 11:58:28,900 [INFO] ms-clip: using CUDA_VISIBLE_DEVICES=7
2026-05-12 11:58:28,900 [INFO] ms-clip: launching predict_smi (n_candidates=56)
2026-05-12 11:58:40,622 [INFO] ms-clip: auto-picked GPU 7 (free 20808 MiB)
2026-05-12 11:58:40,622 [INFO] ms-clip: using CUDA_VISIBLE_DEVICES=7
2026-05-12 11:58:40,622 [INFO] ms-clip: launching predict_smi (n_candidates=47)
2026-05-12 11:58:52,323 [INFO] ms-clip: auto-picked GPU 7 (free 20808 MiB)
2026-05-12 11:58:52,324 [INFO] ms-clip: using CUDA_VISIBLE_DEVICES=7
2026-05-12 11:58:52,324 [INFO] ms-clip: launching predict_smi (n_candidates=256)
2026-05-12 11:59:04,249 [INFO] ms-clip: auto-picked GPU 7 (free 22250 MiB)
2026-05-12 11:59:04,249 [INFO] ms-clip: using CUDA_VISIBLE_DEVICES=7
2026-05-12 11:59:04,249 [INFO] ms-clip: launching predict_smi (n_candidates=256)
2026-05-12 11:59:15,651 [WARNING] ms-clip dropped SMILES Cc1cc(-c2nccc(Cc3cccc(-n4[c-][n+](C)cc4)c3)n2)n[nH]1; emitting sentinel -1.0
2026-05-12 11:59:15,785 [INFO] ms-clip: auto-picked GPU 7 (free 24092 MiB)
2026-05-12 11:59:15,785 [INFO] ms-clip: using CUDA_VISIBLE_DEVICES=7
2026-05-12 11:59:15,785 [INFO] ms-clip: launching predict_smi (n_candidates=17)
2026-05-12 11:59:27,225 [INFO] ms-clip: auto-picked GPU 7 (free 24092 MiB)
2026-05-12 11:59:27,225 [INFO] ms-clip: using CUDA_VISIBLE_DEVICES=7
2026-05-12 11:59:27,225 [INFO] ms-clip: launching predict_smi (n_candidates=256)
2026-05-12 11:59:39,462 [INFO] spec 330/500  MassSpecGymID0236749  pool=256  pred=ZNLVYSJQUMALEO  correct=True  t=12.3s
2026-05-12 11:59:39,566 [INFO] ms-clip: auto-picked GPU 7 (free 24092 MiB)
2026-05-12 11:59:39,566 [INFO] ms-clip: using CUDA_VISIBLE_DEVICES=7
2026-05-12 11:59:39,566 [INFO] ms-clip: launching predict_smi (n_candidates=256)
2026-05-12 11:59:51,839 [INFO] ms-clip: auto-picked GPU 7 (free 24092 MiB)
2026-05-12 11:59:51,839 [INFO] ms-clip: using CUDA_VISIBLE_DEVICES=7
2026-05-12 11:59:51,839 [INFO] ms-clip: launching predict_smi (n_candidates=23)
2026-05-12 12:00:03,171 [INFO] ms-clip: auto-picked GPU 7 (free 24092 MiB)
2026-05-12 12:00:03,171 [INFO] ms-clip: using CUDA_VISIBLE_DEVICES=7
2026-05-12 12:00:03,171 [INFO] ms-clip: launching predict_smi (n_candidates=256)
2026-05-12 12:00:14,979 [INFO] ms-clip: auto-picked GPU 7 (free 24092 MiB)
2026-05-12 12:00:14,979 [INFO] ms-clip: using CUDA_VISIBLE_DEVICES=7
2026-05-12 12:00:14,979 [INFO] ms-clip: launching predict_smi (n_candidates=256)
2026-05-12 12:00:26,793 [INFO] ms-clip: auto-picked GPU 7 (free 24092 MiB)
2026-05-12 12:00:26,793 [INFO] ms-clip: using CUDA_VISIBLE_DEVICES=7
2026-05-12 12:00:26,793 [INFO] ms-clip: launching predict_smi (n_candidates=256)
2026-05-12 12:00:38,773 [INFO] ms-clip: auto-picked GPU 7 (free 24092 MiB)
2026-05-12 12:00:38,773 [INFO] ms-clip: using CUDA_VISIBLE_DEVICES=7
2026-05-12 12:00:38,773 [INFO] ms-clip: launching predict_smi (n_candidates=135)
2026-05-12 12:00:50,618 [INFO] ms-clip: auto-picked GPU 7 (free 24092 MiB)
2026-05-12 12:00:50,618 [INFO] ms-clip: using CUDA_VISIBLE_DEVICES=7
2026-05-12 12:00:50,618 [INFO] ms-clip: launching predict_smi (n_candidates=256)
2026-05-12 12:01:02,479 [WARNING] ms-clip dropped SMILES O=C(NCCCNc1n[n+]([O-])c2ccccc2[n+]1[O-])c1cccc2cc3ccccc3nc12; emitting sentinel -1.0
2026-05-12 12:01:02,610 [INFO] ms-clip: auto-picked GPU 7 (free 24092 MiB)
2026-05-12 12:01:02,610 [INFO] ms-clip: using CUDA_VISIBLE_DEVICES=7
2026-05-12 12:01:02,610 [INFO] ms-clip: launching predict_smi (n_candidates=110)
2026-05-12 12:01:14,622 [INFO] ms-clip: auto-picked GPU 7 (free 24092 MiB)
2026-05-12 12:01:14,622 [INFO] ms-clip: using CUDA_VISIBLE_DEVICES=7
2026-05-12 12:01:14,623 [INFO] ms-clip: launching predict_smi (n_candidates=256)
2026-05-12 12:01:26,318 [INFO] ms-clip: auto-picked GPU 7 (free 24092 MiB)
2026-05-12 12:01:26,318 [INFO] ms-clip: using CUDA_VISIBLE_DEVICES=7
2026-05-12 12:01:26,318 [INFO] ms-clip: launching predict_smi (n_candidates=135)
2026-05-12 12:01:37,737 [INFO] spec 340/500  MassSpecGymID0300352  pool=135  pred=OUGNWRCWQLUXHX  correct=True  t=11.5s
2026-05-12 12:01:37,846 [INFO] ms-clip: auto-picked GPU 7 (free 24092 MiB)
2026-05-12 12:01:37,846 [INFO] ms-clip: using CUDA_VISIBLE_DEVICES=7
2026-05-12 12:01:37,846 [INFO] ms-clip: launching predict_smi (n_candidates=77)
2026-05-12 12:01:49,641 [INFO] ms-clip: auto-picked GPU 7 (free 24092 MiB)
2026-05-12 12:01:49,641 [INFO] ms-clip: using CUDA_VISIBLE_DEVICES=7
2026-05-12 12:01:49,641 [INFO] ms-clip: launching predict_smi (n_candidates=256)
2026-05-12 12:02:01,548 [INFO] ms-clip: auto-picked GPU 7 (free 24092 MiB)
2026-05-12 12:02:01,549 [INFO] ms-clip: using CUDA_VISIBLE_DEVICES=7
2026-05-12 12:02:01,549 [INFO] ms-clip: launching predict_smi (n_candidates=71)
2026-05-12 12:02:12,971 [INFO] ms-clip: auto-picked GPU 7 (free 24092 MiB)
2026-05-12 12:02:12,971 [INFO] ms-clip: using CUDA_VISIBLE_DEVICES=7
2026-05-12 12:02:12,972 [INFO] ms-clip: launching predict_smi (n_candidates=256)
2026-05-12 12:02:24,777 [INFO] ms-clip: auto-picked GPU 7 (free 24092 MiB)
2026-05-12 12:02:24,777 [INFO] ms-clip: using CUDA_VISIBLE_DEVICES=7
2026-05-12 12:02:24,777 [INFO] ms-clip: launching predict_smi (n_candidates=256)
2026-05-12 12:02:36,626 [INFO] ms-clip: auto-picked GPU 7 (free 24092 MiB)
2026-05-12 12:02:36,626 [INFO] ms-clip: using CUDA_VISIBLE_DEVICES=7
2026-05-12 12:02:36,626 [INFO] ms-clip: launching predict_smi (n_candidates=16)
2026-05-12 12:02:48,587 [INFO] ms-clip: auto-picked GPU 7 (free 24092 MiB)
2026-05-12 12:02:48,587 [INFO] ms-clip: using CUDA_VISIBLE_DEVICES=7
2026-05-12 12:02:48,587 [INFO] ms-clip: launching predict_smi (n_candidates=86)
2026-05-12 12:03:00,829 [WARNING] ms-clip dropped SMILES CC(=O)OC[C@H]1O[C@@H]([n+]2[c-]ccc(C(=O)OC3CC(C)CCC3C(C)C)c2)[C@H](OC(C)=O)[C@@H]1OC(C)=O; emitting sentinel -1.0
2026-05-12 12:03:00,958 [INFO] ms-clip: auto-picked GPU 7 (free 24092 MiB)
2026-05-12 12:03:00,958 [INFO] ms-clip: using CUDA_VISIBLE_DEVICES=7
2026-05-12 12:03:00,958 [INFO] ms-clip: launching predict_smi (n_candidates=7)
2026-05-12 12:03:12,873 [INFO] ms-clip: auto-picked GPU 7 (free 24092 MiB)
2026-05-12 12:03:12,873 [INFO] ms-clip: using CUDA_VISIBLE_DEVICES=7
2026-05-12 12:03:12,873 [INFO] ms-clip: launching predict_smi (n_candidates=256)
2026-05-12 12:03:25,405 [INFO] ms-clip: auto-picked GPU 7 (free 24092 MiB)
2026-05-12 12:03:25,406 [INFO] ms-clip: using CUDA_VISIBLE_DEVICES=7
2026-05-12 12:03:25,406 [INFO] ms-clip: launching predict_smi (n_candidates=43)
2026-05-12 12:03:36,790 [INFO] spec 350/500  MassSpecGymID0356723  pool=43  pred=HHYPJHIDSAPPCM  correct=False  t=11.5s
2026-05-12 12:03:36,997 [INFO] ms-clip: auto-picked GPU 7 (free 24092 MiB)
2026-05-12 12:03:36,997 [INFO] ms-clip: using CUDA_VISIBLE_DEVICES=7
2026-05-12 12:03:36,997 [INFO] ms-clip: launching predict_smi (n_candidates=63)
2026-05-12 12:03:50,105 [INFO] ms-clip: auto-picked GPU 7 (free 24092 MiB)
2026-05-12 12:03:50,105 [INFO] ms-clip: using CUDA_VISIBLE_DEVICES=7
2026-05-12 12:03:50,105 [INFO] ms-clip: launching predict_smi (n_candidates=256)
2026-05-12 12:04:02,936 [INFO] ms-clip: auto-picked GPU 7 (free 24092 MiB)
2026-05-12 12:04:02,936 [INFO] ms-clip: using CUDA_VISIBLE_DEVICES=7
2026-05-12 12:04:02,936 [INFO] ms-clip: launching predict_smi (n_candidates=256)
2026-05-12 12:04:14,748 [INFO] ms-clip: auto-picked GPU 7 (free 17392 MiB)
2026-05-12 12:04:14,748 [INFO] ms-clip: using CUDA_VISIBLE_DEVICES=7
2026-05-12 12:04:14,748 [INFO] ms-clip: launching predict_smi (n_candidates=256)
2026-05-12 12:04:26,946 [INFO] ms-clip: auto-picked GPU 7 (free 15608 MiB)
2026-05-12 12:04:26,946 [INFO] ms-clip: using CUDA_VISIBLE_DEVICES=7
2026-05-12 12:04:26,946 [INFO] ms-clip: launching predict_smi (n_candidates=256)
2026-05-12 12:04:39,317 [INFO] ms-clip: auto-picked GPU 7 (free 17434 MiB)
2026-05-12 12:04:39,318 [INFO] ms-clip: using CUDA_VISIBLE_DEVICES=7
2026-05-12 12:04:39,318 [INFO] ms-clip: launching predict_smi (n_candidates=247)
2026-05-12 12:04:51,823 [INFO] ms-clip: auto-picked GPU 7 (free 17416 MiB)
2026-05-12 12:04:51,824 [INFO] ms-clip: using CUDA_VISIBLE_DEVICES=7
2026-05-12 12:04:51,824 [INFO] ms-clip: launching predict_smi (n_candidates=41)
2026-05-12 12:05:04,023 [INFO] ms-clip: auto-picked GPU 7 (free 17416 MiB)
2026-05-12 12:05:04,024 [INFO] ms-clip: using CUDA_VISIBLE_DEVICES=7
2026-05-12 12:05:04,024 [INFO] ms-clip: launching predict_smi (n_candidates=256)
2026-05-12 12:05:16,863 [INFO] ms-clip: auto-picked GPU 7 (free 24092 MiB)
2026-05-12 12:05:16,864 [INFO] ms-clip: using CUDA_VISIBLE_DEVICES=7
2026-05-12 12:05:16,864 [INFO] ms-clip: launching predict_smi (n_candidates=15)
2026-05-12 12:05:28,785 [INFO] ms-clip: auto-picked GPU 7 (free 17393 MiB)
2026-05-12 12:05:28,785 [INFO] ms-clip: using CUDA_VISIBLE_DEVICES=7
2026-05-12 12:05:28,785 [INFO] ms-clip: launching predict_smi (n_candidates=256)
2026-05-12 12:05:41,584 [INFO] spec 360/500  MassSpecGymID0070651  pool=256  pred=CRFYLQMIDWBKRT  correct=True  t=13.0s
2026-05-12 12:05:41,701 [INFO] ms-clip: auto-picked GPU 7 (free 24092 MiB)
2026-05-12 12:05:41,701 [INFO] ms-clip: using CUDA_VISIBLE_DEVICES=7
2026-05-12 12:05:41,702 [INFO] ms-clip: launching predict_smi (n_candidates=256)
2026-05-12 12:05:53,923 [INFO] ms-clip: auto-picked GPU 7 (free 17434 MiB)
2026-05-12 12:05:53,923 [INFO] ms-clip: using CUDA_VISIBLE_DEVICES=7
2026-05-12 12:05:53,923 [INFO] ms-clip: launching predict_smi (n_candidates=12)
2026-05-12 12:06:05,587 [INFO] ms-clip: auto-picked GPU 7 (free 17416 MiB)
2026-05-12 12:06:05,588 [INFO] ms-clip: using CUDA_VISIBLE_DEVICES=7
2026-05-12 12:06:05,588 [INFO] ms-clip: launching predict_smi (n_candidates=137)
2026-05-12 12:06:17,648 [INFO] ms-clip: auto-picked GPU 7 (free 17392 MiB)
2026-05-12 12:06:17,649 [INFO] ms-clip: using CUDA_VISIBLE_DEVICES=7
2026-05-12 12:06:17,649 [INFO] ms-clip: launching predict_smi (n_candidates=256)
2026-05-12 12:06:30,092 [INFO] ms-clip: auto-picked GPU 7 (free 24092 MiB)
2026-05-12 12:06:30,093 [INFO] ms-clip: using CUDA_VISIBLE_DEVICES=7
2026-05-12 12:06:30,093 [INFO] ms-clip: launching predict_smi (n_candidates=6)
2026-05-12 12:06:41,504 [INFO] ms-clip: auto-picked GPU 7 (free 17392 MiB)
2026-05-12 12:06:41,505 [INFO] ms-clip: using CUDA_VISIBLE_DEVICES=7
2026-05-12 12:06:41,505 [INFO] ms-clip: launching predict_smi (n_candidates=250)
2026-05-12 12:06:53,099 [INFO] ms-clip: auto-picked GPU 7 (free 17392 MiB)
2026-05-12 12:06:53,099 [INFO] ms-clip: using CUDA_VISIBLE_DEVICES=7
2026-05-12 12:06:53,100 [INFO] ms-clip: launching predict_smi (n_candidates=31)
2026-05-12 12:07:04,583 [INFO] ms-clip: auto-picked GPU 7 (free 17434 MiB)
2026-05-12 12:07:04,584 [INFO] ms-clip: using CUDA_VISIBLE_DEVICES=7
2026-05-12 12:07:04,584 [INFO] ms-clip: launching predict_smi (n_candidates=256)
2026-05-12 12:07:16,754 [INFO] ms-clip: auto-picked GPU 7 (free 15488 MiB)
2026-05-12 12:07:16,754 [INFO] ms-clip: using CUDA_VISIBLE_DEVICES=7
2026-05-12 12:07:16,754 [INFO] ms-clip: launching predict_smi (n_candidates=79)
2026-05-12 12:07:28,396 [INFO] ms-clip: auto-picked GPU 7 (free 17392 MiB)
2026-05-12 12:07:28,396 [INFO] ms-clip: using CUDA_VISIBLE_DEVICES=7
2026-05-12 12:07:28,396 [INFO] ms-clip: launching predict_smi (n_candidates=256)
2026-05-12 12:07:40,596 [INFO] spec 370/500  MassSpecGymID0216416  pool=256  pred=JMXVCIRSULFZLE  correct=True  t=12.3s
2026-05-12 12:07:40,701 [INFO] ms-clip: auto-picked GPU 7 (free 17416 MiB)
2026-05-12 12:07:40,701 [INFO] ms-clip: using CUDA_VISIBLE_DEVICES=7
2026-05-12 12:07:40,701 [INFO] ms-clip: launching predict_smi (n_candidates=16)
2026-05-12 12:07:52,125 [INFO] ms-clip: auto-picked GPU 7 (free 20364 MiB)
2026-05-12 12:07:52,126 [INFO] ms-clip: using CUDA_VISIBLE_DEVICES=7
2026-05-12 12:07:52,126 [INFO] ms-clip: launching predict_smi (n_candidates=256)
2026-05-12 12:08:04,376 [INFO] ms-clip: auto-picked GPU 7 (free 17416 MiB)
2026-05-12 12:08:04,376 [INFO] ms-clip: using CUDA_VISIBLE_DEVICES=7
2026-05-12 12:08:04,376 [INFO] ms-clip: launching predict_smi (n_candidates=163)
2026-05-12 12:08:16,443 [INFO] ms-clip: auto-picked GPU 7 (free 20364 MiB)
2026-05-12 12:08:16,444 [INFO] ms-clip: using CUDA_VISIBLE_DEVICES=7
2026-05-12 12:08:16,444 [INFO] ms-clip: launching predict_smi (n_candidates=154)
2026-05-12 12:08:28,238 [INFO] ms-clip: auto-picked GPU 7 (free 20364 MiB)
2026-05-12 12:08:28,239 [INFO] ms-clip: using CUDA_VISIBLE_DEVICES=7
2026-05-12 12:08:28,239 [INFO] ms-clip: launching predict_smi (n_candidates=122)
2026-05-12 12:08:40,167 [INFO] ms-clip: auto-picked GPU 7 (free 20364 MiB)
2026-05-12 12:08:40,167 [INFO] ms-clip: using CUDA_VISIBLE_DEVICES=7
2026-05-12 12:08:40,168 [INFO] ms-clip: launching predict_smi (n_candidates=163)
2026-05-12 12:08:52,942 [INFO] ms-clip: auto-picked GPU 7 (free 20364 MiB)
2026-05-12 12:08:52,942 [INFO] ms-clip: using CUDA_VISIBLE_DEVICES=7
2026-05-12 12:08:52,942 [INFO] ms-clip: launching predict_smi (n_candidates=1)
2026-05-12 12:09:04,339 [INFO] ms-clip: auto-picked GPU 7 (free 20364 MiB)
2026-05-12 12:09:04,339 [INFO] ms-clip: using CUDA_VISIBLE_DEVICES=7
2026-05-12 12:09:04,339 [INFO] ms-clip: launching predict_smi (n_candidates=31)
2026-05-12 12:09:16,259 [INFO] ms-clip: auto-picked GPU 7 (free 20364 MiB)
2026-05-12 12:09:16,259 [INFO] ms-clip: using CUDA_VISIBLE_DEVICES=7
2026-05-12 12:09:16,260 [INFO] ms-clip: launching predict_smi (n_candidates=256)
2026-05-12 12:09:28,281 [INFO] ms-clip: auto-picked GPU 7 (free 20364 MiB)
2026-05-12 12:09:28,281 [INFO] ms-clip: using CUDA_VISIBLE_DEVICES=7
2026-05-12 12:09:28,281 [INFO] ms-clip: launching predict_smi (n_candidates=256)
2026-05-12 12:09:40,053 [INFO] spec 380/500  MassSpecGymID0204379  pool=256  pred=JRASSONTPQQYOK  correct=True  t=11.9s
2026-05-12 12:09:40,183 [INFO] ms-clip: auto-picked GPU 7 (free 20364 MiB)
2026-05-12 12:09:40,183 [INFO] ms-clip: using CUDA_VISIBLE_DEVICES=7
2026-05-12 12:09:40,183 [INFO] ms-clip: launching predict_smi (n_candidates=256)
2026-05-12 12:09:52,596 [INFO] ms-clip: auto-picked GPU 7 (free 20364 MiB)
2026-05-12 12:09:52,596 [INFO] ms-clip: using CUDA_VISIBLE_DEVICES=7
2026-05-12 12:09:52,596 [INFO] ms-clip: launching predict_smi (n_candidates=256)
2026-05-12 12:10:04,885 [INFO] ms-clip: auto-picked GPU 7 (free 20364 MiB)
2026-05-12 12:10:04,885 [INFO] ms-clip: using CUDA_VISIBLE_DEVICES=7
2026-05-12 12:10:04,885 [INFO] ms-clip: launching predict_smi (n_candidates=163)
2026-05-12 12:10:17,346 [INFO] ms-clip: auto-picked GPU 7 (free 20364 MiB)
2026-05-12 12:10:17,346 [INFO] ms-clip: using CUDA_VISIBLE_DEVICES=7
2026-05-12 12:10:17,346 [INFO] ms-clip: launching predict_smi (n_candidates=14)
2026-05-12 12:10:28,918 [INFO] ms-clip: auto-picked GPU 7 (free 20364 MiB)
2026-05-12 12:10:28,918 [INFO] ms-clip: using CUDA_VISIBLE_DEVICES=7
2026-05-12 12:10:28,918 [INFO] ms-clip: launching predict_smi (n_candidates=104)
2026-05-12 12:10:40,948 [INFO] ms-clip: auto-picked GPU 7 (free 20364 MiB)
2026-05-12 12:10:40,948 [INFO] ms-clip: using CUDA_VISIBLE_DEVICES=7
2026-05-12 12:10:40,948 [INFO] ms-clip: launching predict_smi (n_candidates=256)
2026-05-12 12:10:52,512 [INFO] ms-clip: auto-picked GPU 7 (free 20364 MiB)
2026-05-12 12:10:52,512 [INFO] ms-clip: using CUDA_VISIBLE_DEVICES=7
2026-05-12 12:10:52,512 [INFO] ms-clip: launching predict_smi (n_candidates=256)
2026-05-12 12:11:04,242 [INFO] ms-clip: auto-picked GPU 7 (free 20364 MiB)
2026-05-12 12:11:04,242 [INFO] ms-clip: using CUDA_VISIBLE_DEVICES=7
2026-05-12 12:11:04,242 [INFO] ms-clip: launching predict_smi (n_candidates=79)
2026-05-12 12:11:15,571 [INFO] ms-clip: auto-picked GPU 7 (free 20364 MiB)
2026-05-12 12:11:15,572 [INFO] ms-clip: using CUDA_VISIBLE_DEVICES=7
2026-05-12 12:11:15,572 [INFO] ms-clip: launching predict_smi (n_candidates=256)
2026-05-12 12:11:28,006 [INFO] ms-clip: auto-picked GPU 7 (free 20364 MiB)
2026-05-12 12:11:28,006 [INFO] ms-clip: using CUDA_VISIBLE_DEVICES=7
2026-05-12 12:11:28,006 [INFO] ms-clip: launching predict_smi (n_candidates=256)
2026-05-12 12:11:39,981 [INFO] spec 390/500  MassSpecGymID0231398  pool=256  pred=KQQLBXFPTDVFAJ  correct=True  t=12.1s
2026-05-12 12:11:40,134 [INFO] ms-clip: auto-picked GPU 7 (free 20364 MiB)
2026-05-12 12:11:40,135 [INFO] ms-clip: using CUDA_VISIBLE_DEVICES=7
2026-05-12 12:11:40,135 [INFO] ms-clip: launching predict_smi (n_candidates=256)
2026-05-12 12:11:52,468 [INFO] ms-clip: auto-picked GPU 7 (free 20364 MiB)
2026-05-12 12:11:52,469 [INFO] ms-clip: using CUDA_VISIBLE_DEVICES=7
2026-05-12 12:11:52,469 [INFO] ms-clip: launching predict_smi (n_candidates=22)
2026-05-12 12:12:04,205 [INFO] ms-clip: auto-picked GPU 7 (free 20364 MiB)
2026-05-12 12:12:04,205 [INFO] ms-clip: using CUDA_VISIBLE_DEVICES=7
2026-05-12 12:12:04,205 [INFO] ms-clip: launching predict_smi (n_candidates=50)
2026-05-12 12:12:15,976 [INFO] ms-clip: auto-picked GPU 7 (free 20364 MiB)
2026-05-12 12:12:15,976 [INFO] ms-clip: using CUDA_VISIBLE_DEVICES=7
2026-05-12 12:12:15,976 [INFO] ms-clip: launching predict_smi (n_candidates=16)
2026-05-12 12:12:28,033 [INFO] ms-clip: auto-picked GPU 7 (free 20364 MiB)
2026-05-12 12:12:28,034 [INFO] ms-clip: using CUDA_VISIBLE_DEVICES=7
2026-05-12 12:12:28,034 [INFO] ms-clip: launching predict_smi (n_candidates=107)
2026-05-12 12:12:39,576 [INFO] ms-clip: auto-picked GPU 7 (free 20364 MiB)
2026-05-12 12:12:39,576 [INFO] ms-clip: using CUDA_VISIBLE_DEVICES=7
2026-05-12 12:12:39,576 [INFO] ms-clip: launching predict_smi (n_candidates=256)
2026-05-12 12:12:51,482 [INFO] ms-clip: auto-picked GPU 7 (free 20588 MiB)
2026-05-12 12:12:51,483 [INFO] ms-clip: using CUDA_VISIBLE_DEVICES=7
2026-05-12 12:12:51,483 [INFO] ms-clip: launching predict_smi (n_candidates=181)
2026-05-12 12:13:03,364 [INFO] ms-clip: auto-picked GPU 7 (free 20808 MiB)
2026-05-12 12:13:03,364 [INFO] ms-clip: using CUDA_VISIBLE_DEVICES=7
2026-05-12 12:13:03,364 [INFO] ms-clip: launching predict_smi (n_candidates=222)
2026-05-12 12:13:15,047 [INFO] ms-clip: auto-picked GPU 7 (free 21000 MiB)
2026-05-12 12:13:15,047 [INFO] ms-clip: using CUDA_VISIBLE_DEVICES=7
2026-05-12 12:13:15,047 [INFO] ms-clip: launching predict_smi (n_candidates=131)
2026-05-12 12:13:26,772 [INFO] ms-clip: auto-picked GPU 7 (free 20808 MiB)
2026-05-12 12:13:26,772 [INFO] ms-clip: using CUDA_VISIBLE_DEVICES=7
2026-05-12 12:13:26,772 [INFO] ms-clip: launching predict_smi (n_candidates=256)
2026-05-12 12:13:38,357 [INFO] spec 400/500  MassSpecGymID0153813  pool=256  pred=YULCIZBQCMGWTG  correct=False  t=11.7s
2026-05-12 12:13:38,502 [INFO] ms-clip: auto-picked GPU 7 (free 21400 MiB)
2026-05-12 12:13:38,502 [INFO] ms-clip: using CUDA_VISIBLE_DEVICES=7
2026-05-12 12:13:38,502 [INFO] ms-clip: launching predict_smi (n_candidates=256)
2026-05-12 12:13:50,651 [INFO] ms-clip: auto-picked GPU 7 (free 21544 MiB)
2026-05-12 12:13:50,651 [INFO] ms-clip: using CUDA_VISIBLE_DEVICES=7
2026-05-12 12:13:50,652 [INFO] ms-clip: launching predict_smi (n_candidates=6)
2026-05-12 12:14:02,148 [INFO] ms-clip: auto-picked GPU 7 (free 22960 MiB)
2026-05-12 12:14:02,148 [INFO] ms-clip: using CUDA_VISIBLE_DEVICES=7
2026-05-12 12:14:02,149 [INFO] ms-clip: launching predict_smi (n_candidates=256)
2026-05-12 12:14:14,246 [INFO] ms-clip: auto-picked GPU 7 (free 23364 MiB)
2026-05-12 12:14:14,247 [INFO] ms-clip: using CUDA_VISIBLE_DEVICES=7
2026-05-12 12:14:14,247 [INFO] ms-clip: launching predict_smi (n_candidates=92)
2026-05-12 12:14:25,737 [INFO] ms-clip: auto-picked GPU 7 (free 24092 MiB)
2026-05-12 12:14:25,737 [INFO] ms-clip: using CUDA_VISIBLE_DEVICES=7
2026-05-12 12:14:25,737 [INFO] ms-clip: launching predict_smi (n_candidates=53)
2026-05-12 12:14:37,226 [INFO] ms-clip: auto-picked GPU 7 (free 24092 MiB)
2026-05-12 12:14:37,227 [INFO] ms-clip: using CUDA_VISIBLE_DEVICES=7
2026-05-12 12:14:37,227 [INFO] ms-clip: launching predict_smi (n_candidates=256)
2026-05-12 12:14:49,335 [INFO] ms-clip: auto-picked GPU 7 (free 24092 MiB)
2026-05-12 12:14:49,335 [INFO] ms-clip: using CUDA_VISIBLE_DEVICES=7
2026-05-12 12:14:49,335 [INFO] ms-clip: launching predict_smi (n_candidates=32)
2026-05-12 12:15:01,064 [INFO] ms-clip: auto-picked GPU 7 (free 24092 MiB)
2026-05-12 12:15:01,064 [INFO] ms-clip: using CUDA_VISIBLE_DEVICES=7
2026-05-12 12:15:01,064 [INFO] ms-clip: launching predict_smi (n_candidates=256)
2026-05-12 12:15:13,263 [INFO] ms-clip: auto-picked GPU 7 (free 24092 MiB)
2026-05-12 12:15:13,263 [INFO] ms-clip: using CUDA_VISIBLE_DEVICES=7
2026-05-12 12:15:13,263 [INFO] ms-clip: launching predict_smi (n_candidates=256)
2026-05-12 12:15:24,841 [INFO] ms-clip: auto-picked GPU 7 (free 24092 MiB)
2026-05-12 12:15:24,842 [INFO] ms-clip: using CUDA_VISIBLE_DEVICES=7
2026-05-12 12:15:24,842 [INFO] ms-clip: launching predict_smi (n_candidates=256)
2026-05-12 12:15:36,716 [INFO] spec 410/500  MassSpecGymID0207318  pool=256  pred=VICZYZVNJKFTNP  correct=True  t=12.0s
2026-05-12 12:15:36,826 [INFO] ms-clip: auto-picked GPU 7 (free 24092 MiB)
2026-05-12 12:15:36,827 [INFO] ms-clip: using CUDA_VISIBLE_DEVICES=7
2026-05-12 12:15:36,827 [INFO] ms-clip: launching predict_smi (n_candidates=79)
2026-05-12 12:15:48,865 [INFO] ms-clip: auto-picked GPU 7 (free 24092 MiB)
2026-05-12 12:15:48,865 [INFO] ms-clip: using CUDA_VISIBLE_DEVICES=7
2026-05-12 12:15:48,866 [INFO] ms-clip: launching predict_smi (n_candidates=256)
2026-05-12 12:16:00,809 [INFO] ms-clip: auto-picked GPU 7 (free 24092 MiB)
2026-05-12 12:16:00,809 [INFO] ms-clip: using CUDA_VISIBLE_DEVICES=7
2026-05-12 12:16:00,809 [INFO] ms-clip: launching predict_smi (n_candidates=9)
2026-05-12 12:16:12,142 [INFO] ms-clip: auto-picked GPU 7 (free 24092 MiB)
2026-05-12 12:16:12,142 [INFO] ms-clip: using CUDA_VISIBLE_DEVICES=7
2026-05-12 12:16:12,142 [INFO] ms-clip: launching predict_smi (n_candidates=49)
2026-05-12 12:16:23,642 [INFO] ms-clip: auto-picked GPU 7 (free 24092 MiB)
2026-05-12 12:16:23,642 [INFO] ms-clip: using CUDA_VISIBLE_DEVICES=7
2026-05-12 12:16:23,642 [INFO] ms-clip: launching predict_smi (n_candidates=49)
2026-05-12 12:16:35,301 [INFO] ms-clip: auto-picked GPU 7 (free 17416 MiB)
2026-05-12 12:16:35,301 [INFO] ms-clip: using CUDA_VISIBLE_DEVICES=7
2026-05-12 12:16:35,301 [INFO] ms-clip: launching predict_smi (n_candidates=256)
2026-05-12 12:16:47,980 [INFO] ms-clip: auto-picked GPU 7 (free 24092 MiB)
2026-05-12 12:16:47,981 [INFO] ms-clip: using CUDA_VISIBLE_DEVICES=7
2026-05-12 12:16:47,981 [INFO] ms-clip: launching predict_smi (n_candidates=1)
2026-05-12 12:17:00,131 [INFO] ms-clip: auto-picked GPU 7 (free 17416 MiB)
2026-05-12 12:17:00,132 [INFO] ms-clip: using CUDA_VISIBLE_DEVICES=7
2026-05-12 12:17:00,132 [INFO] ms-clip: launching predict_smi (n_candidates=57)
2026-05-12 12:17:11,847 [INFO] ms-clip: auto-picked GPU 7 (free 17392 MiB)
2026-05-12 12:17:11,847 [INFO] ms-clip: using CUDA_VISIBLE_DEVICES=7
2026-05-12 12:17:11,847 [INFO] ms-clip: launching predict_smi (n_candidates=234)
2026-05-12 12:17:24,248 [INFO] ms-clip: auto-picked GPU 7 (free 24092 MiB)
2026-05-12 12:17:24,249 [INFO] ms-clip: using CUDA_VISIBLE_DEVICES=7
2026-05-12 12:17:24,249 [INFO] ms-clip: launching predict_smi (n_candidates=1)
2026-05-12 12:17:35,547 [INFO] spec 420/500  MassSpecGymID0078302  pool=1  pred=CQVYQYUSHAXATN  correct=True  t=11.5s
2026-05-12 12:17:35,680 [INFO] ms-clip: auto-picked GPU 7 (free 17392 MiB)
2026-05-12 12:17:35,680 [INFO] ms-clip: using CUDA_VISIBLE_DEVICES=7
2026-05-12 12:17:35,680 [INFO] ms-clip: launching predict_smi (n_candidates=256)
2026-05-12 12:17:47,285 [INFO] ms-clip: auto-picked GPU 7 (free 17392 MiB)
2026-05-12 12:17:47,286 [INFO] ms-clip: using CUDA_VISIBLE_DEVICES=7
2026-05-12 12:17:47,286 [INFO] ms-clip: launching predict_smi (n_candidates=256)
2026-05-12 12:17:59,404 [INFO] ms-clip: auto-picked GPU 7 (free 15456 MiB)
2026-05-12 12:17:59,405 [INFO] ms-clip: using CUDA_VISIBLE_DEVICES=7
2026-05-12 12:17:59,405 [INFO] ms-clip: launching predict_smi (n_candidates=72)
2026-05-12 12:18:11,118 [INFO] ms-clip: auto-picked GPU 7 (free 17392 MiB)
2026-05-12 12:18:11,118 [INFO] ms-clip: using CUDA_VISIBLE_DEVICES=7
2026-05-12 12:18:11,118 [INFO] ms-clip: launching predict_smi (n_candidates=256)
2026-05-12 12:18:22,935 [INFO] ms-clip: auto-picked GPU 7 (free 17392 MiB)
2026-05-12 12:18:22,936 [INFO] ms-clip: using CUDA_VISIBLE_DEVICES=7
2026-05-12 12:18:22,936 [INFO] ms-clip: launching predict_smi (n_candidates=256)
2026-05-12 12:18:34,661 [INFO] ms-clip: auto-picked GPU 7 (free 20364 MiB)
2026-05-12 12:18:34,661 [INFO] ms-clip: using CUDA_VISIBLE_DEVICES=7
2026-05-12 12:18:34,661 [INFO] ms-clip: launching predict_smi (n_candidates=127)
2026-05-12 12:18:46,916 [INFO] ms-clip: auto-picked GPU 7 (free 20364 MiB)
2026-05-12 12:18:46,916 [INFO] ms-clip: using CUDA_VISIBLE_DEVICES=7
2026-05-12 12:18:46,916 [INFO] ms-clip: launching predict_smi (n_candidates=32)
2026-05-12 12:18:58,732 [INFO] ms-clip: auto-picked GPU 7 (free 20364 MiB)
2026-05-12 12:18:58,732 [INFO] ms-clip: using CUDA_VISIBLE_DEVICES=7
2026-05-12 12:18:58,732 [INFO] ms-clip: launching predict_smi (n_candidates=256)
2026-05-12 12:19:10,660 [INFO] ms-clip: auto-picked GPU 7 (free 20364 MiB)
2026-05-12 12:19:10,661 [INFO] ms-clip: using CUDA_VISIBLE_DEVICES=7
2026-05-12 12:19:10,661 [INFO] ms-clip: launching predict_smi (n_candidates=256)
2026-05-12 12:19:22,778 [INFO] ms-clip: auto-picked GPU 7 (free 20364 MiB)
2026-05-12 12:19:22,778 [INFO] ms-clip: using CUDA_VISIBLE_DEVICES=7
2026-05-12 12:19:22,778 [INFO] ms-clip: launching predict_smi (n_candidates=256)
2026-05-12 12:19:35,058 [WARNING] ms-clip dropped SMILES O=C(NCCCNc1n[n+]([O-])c2ccccc2[n+]1[O-])c1cccc2cc3ccccc3nc12; emitting sentinel -1.0
2026-05-12 12:19:35,077 [INFO] spec 430/500  MassSpecGymID0028423  pool=256  pred=HTQMVQVXFRQIKW  correct=True  t=12.4s
2026-05-12 12:19:35,190 [INFO] ms-clip: auto-picked GPU 7 (free 20364 MiB)
2026-05-12 12:19:35,190 [INFO] ms-clip: using CUDA_VISIBLE_DEVICES=7
2026-05-12 12:19:35,190 [INFO] ms-clip: launching predict_smi (n_candidates=256)
2026-05-12 12:19:47,391 [INFO] ms-clip: auto-picked GPU 7 (free 20364 MiB)
2026-05-12 12:19:47,391 [INFO] ms-clip: using CUDA_VISIBLE_DEVICES=7
2026-05-12 12:19:47,391 [INFO] ms-clip: launching predict_smi (n_candidates=256)
2026-05-12 12:19:59,838 [INFO] ms-clip: auto-picked GPU 7 (free 17456 MiB)
2026-05-12 12:19:59,838 [INFO] ms-clip: using CUDA_VISIBLE_DEVICES=7
2026-05-12 12:19:59,838 [INFO] ms-clip: launching predict_smi (n_candidates=256)
2026-05-12 12:20:11,918 [INFO] ms-clip: auto-picked GPU 7 (free 20292 MiB)
2026-05-12 12:20:11,918 [INFO] ms-clip: using CUDA_VISIBLE_DEVICES=7
2026-05-12 12:20:11,918 [INFO] ms-clip: launching predict_smi (n_candidates=29)
2026-05-12 12:20:23,320 [INFO] ms-clip: auto-picked GPU 7 (free 20364 MiB)
2026-05-12 12:20:23,321 [INFO] ms-clip: using CUDA_VISIBLE_DEVICES=7
2026-05-12 12:20:23,321 [INFO] ms-clip: launching predict_smi (n_candidates=111)
2026-05-12 12:20:34,956 [INFO] ms-clip: auto-picked GPU 7 (free 20364 MiB)
2026-05-12 12:20:34,956 [INFO] ms-clip: using CUDA_VISIBLE_DEVICES=7
2026-05-12 12:20:34,956 [INFO] ms-clip: launching predict_smi (n_candidates=79)
2026-05-12 12:20:47,037 [INFO] ms-clip: auto-picked GPU 7 (free 20364 MiB)
2026-05-12 12:20:47,037 [INFO] ms-clip: using CUDA_VISIBLE_DEVICES=7
2026-05-12 12:20:47,037 [INFO] ms-clip: launching predict_smi (n_candidates=256)
2026-05-12 12:20:58,911 [INFO] ms-clip: auto-picked GPU 7 (free 20364 MiB)
2026-05-12 12:20:58,911 [INFO] ms-clip: using CUDA_VISIBLE_DEVICES=7
2026-05-12 12:20:58,912 [INFO] ms-clip: launching predict_smi (n_candidates=256)
2026-05-12 12:21:10,743 [INFO] ms-clip: auto-picked GPU 7 (free 20364 MiB)
2026-05-12 12:21:10,744 [INFO] ms-clip: using CUDA_VISIBLE_DEVICES=7
2026-05-12 12:21:10,744 [INFO] ms-clip: launching predict_smi (n_candidates=256)
2026-05-12 12:21:23,102 [INFO] ms-clip: auto-picked GPU 7 (free 20364 MiB)
2026-05-12 12:21:23,102 [INFO] ms-clip: using CUDA_VISIBLE_DEVICES=7
2026-05-12 12:21:23,102 [INFO] ms-clip: launching predict_smi (n_candidates=256)
2026-05-12 12:21:35,074 [INFO] spec 440/500  MassSpecGymID0276021  pool=256  pred=CDJAEKWAWWXNAX  correct=False  t=12.1s
2026-05-12 12:21:35,183 [INFO] ms-clip: auto-picked GPU 7 (free 20364 MiB)
2026-05-12 12:21:35,184 [INFO] ms-clip: using CUDA_VISIBLE_DEVICES=7
2026-05-12 12:21:35,184 [INFO] ms-clip: launching predict_smi (n_candidates=256)
2026-05-12 12:21:47,054 [INFO] ms-clip: auto-picked GPU 7 (free 20364 MiB)
2026-05-12 12:21:47,054 [INFO] ms-clip: using CUDA_VISIBLE_DEVICES=7
2026-05-12 12:21:47,055 [INFO] ms-clip: launching predict_smi (n_candidates=240)
2026-05-12 12:21:58,893 [INFO] ms-clip: auto-picked GPU 7 (free 20364 MiB)
2026-05-12 12:21:58,893 [INFO] ms-clip: using CUDA_VISIBLE_DEVICES=7
2026-05-12 12:21:58,893 [INFO] ms-clip: launching predict_smi (n_candidates=5)
2026-05-12 12:22:10,148 [INFO] ms-clip: auto-picked GPU 7 (free 20364 MiB)
2026-05-12 12:22:10,148 [INFO] ms-clip: using CUDA_VISIBLE_DEVICES=7
2026-05-12 12:22:10,148 [INFO] ms-clip: launching predict_smi (n_candidates=31)
2026-05-12 12:22:22,088 [INFO] ms-clip: auto-picked GPU 7 (free 20364 MiB)
2026-05-12 12:22:22,088 [INFO] ms-clip: using CUDA_VISIBLE_DEVICES=7
2026-05-12 12:22:22,088 [INFO] ms-clip: launching predict_smi (n_candidates=256)
2026-05-12 12:22:34,160 [INFO] ms-clip: auto-picked GPU 7 (free 20364 MiB)
2026-05-12 12:22:34,160 [INFO] ms-clip: using CUDA_VISIBLE_DEVICES=7
2026-05-12 12:22:34,160 [INFO] ms-clip: launching predict_smi (n_candidates=256)
2026-05-12 12:22:46,031 [INFO] ms-clip: auto-picked GPU 7 (free 20364 MiB)
2026-05-12 12:22:46,031 [INFO] ms-clip: using CUDA_VISIBLE_DEVICES=7
2026-05-12 12:22:46,031 [INFO] ms-clip: launching predict_smi (n_candidates=256)
2026-05-12 12:22:58,066 [INFO] ms-clip: auto-picked GPU 7 (free 20364 MiB)
2026-05-12 12:22:58,066 [INFO] ms-clip: using CUDA_VISIBLE_DEVICES=7
2026-05-12 12:22:58,066 [INFO] ms-clip: launching predict_smi (n_candidates=27)
2026-05-12 12:23:09,960 [INFO] ms-clip: auto-picked GPU 7 (free 20364 MiB)
2026-05-12 12:23:09,960 [INFO] ms-clip: using CUDA_VISIBLE_DEVICES=7
2026-05-12 12:23:09,960 [INFO] ms-clip: launching predict_smi (n_candidates=37)
2026-05-12 12:23:21,988 [INFO] ms-clip: auto-picked GPU 7 (free 20364 MiB)
2026-05-12 12:23:21,988 [INFO] ms-clip: using CUDA_VISIBLE_DEVICES=7
2026-05-12 12:23:21,989 [INFO] ms-clip: launching predict_smi (n_candidates=256)
2026-05-12 12:23:33,860 [INFO] spec 450/500  MassSpecGymID0047463  pool=256  pred=FROBCXTULYFHEJ  correct=True  t=12.0s
2026-05-12 12:23:33,985 [INFO] ms-clip: auto-picked GPU 7 (free 20364 MiB)
2026-05-12 12:23:33,986 [INFO] ms-clip: using CUDA_VISIBLE_DEVICES=7
2026-05-12 12:23:33,986 [INFO] ms-clip: launching predict_smi (n_candidates=256)
2026-05-12 12:23:46,076 [INFO] ms-clip: auto-picked GPU 7 (free 20364 MiB)
2026-05-12 12:23:46,077 [INFO] ms-clip: using CUDA_VISIBLE_DEVICES=7
2026-05-12 12:23:46,077 [INFO] ms-clip: launching predict_smi (n_candidates=73)
2026-05-12 12:23:57,451 [INFO] ms-clip: auto-picked GPU 7 (free 20364 MiB)
2026-05-12 12:23:57,451 [INFO] ms-clip: using CUDA_VISIBLE_DEVICES=7
2026-05-12 12:23:57,451 [INFO] ms-clip: launching predict_smi (n_candidates=256)
2026-05-12 12:24:08,773 [INFO] ms-clip: auto-picked GPU 7 (free 20808 MiB)
2026-05-12 12:24:08,773 [INFO] ms-clip: using CUDA_VISIBLE_DEVICES=7
2026-05-12 12:24:08,773 [INFO] ms-clip: launching predict_smi (n_candidates=183)
2026-05-12 12:24:20,731 [INFO] ms-clip: auto-picked GPU 7 (free 20808 MiB)
2026-05-12 12:24:20,732 [INFO] ms-clip: using CUDA_VISIBLE_DEVICES=7
2026-05-12 12:24:20,732 [INFO] ms-clip: launching predict_smi (n_candidates=37)
2026-05-12 12:24:32,363 [INFO] ms-clip: auto-picked GPU 7 (free 20808 MiB)
2026-05-12 12:24:32,363 [INFO] ms-clip: using CUDA_VISIBLE_DEVICES=7
2026-05-12 12:24:32,363 [INFO] ms-clip: launching predict_smi (n_candidates=256)
2026-05-12 12:24:44,430 [INFO] ms-clip: auto-picked GPU 7 (free 20808 MiB)
2026-05-12 12:24:44,430 [INFO] ms-clip: using CUDA_VISIBLE_DEVICES=7
2026-05-12 12:24:44,430 [INFO] ms-clip: launching predict_smi (n_candidates=19)
2026-05-12 12:24:55,992 [INFO] ms-clip: auto-picked GPU 7 (free 21320 MiB)
2026-05-12 12:24:55,992 [INFO] ms-clip: using CUDA_VISIBLE_DEVICES=7
2026-05-12 12:24:55,992 [INFO] ms-clip: launching predict_smi (n_candidates=191)
2026-05-12 12:25:08,159 [INFO] ms-clip: auto-picked GPU 7 (free 21144 MiB)
2026-05-12 12:25:08,160 [INFO] ms-clip: using CUDA_VISIBLE_DEVICES=7
2026-05-12 12:25:08,160 [INFO] ms-clip: launching predict_smi (n_candidates=79)
2026-05-12 12:25:19,952 [INFO] ms-clip: auto-picked GPU 7 (free 20808 MiB)
2026-05-12 12:25:19,952 [INFO] ms-clip: using CUDA_VISIBLE_DEVICES=7
2026-05-12 12:25:19,952 [INFO] ms-clip: launching predict_smi (n_candidates=114)
2026-05-12 12:25:32,121 [INFO] spec 460/500  MassSpecGymID0335151  pool=114  pred=NFLYEVSGFRRYHO  correct=False  t=12.3s
2026-05-12 12:25:32,230 [INFO] ms-clip: auto-picked GPU 7 (free 20808 MiB)
2026-05-12 12:25:32,230 [INFO] ms-clip: using CUDA_VISIBLE_DEVICES=7
2026-05-12 12:25:32,230 [INFO] ms-clip: launching predict_smi (n_candidates=61)
2026-05-12 12:25:44,051 [INFO] ms-clip: auto-picked GPU 7 (free 20808 MiB)
2026-05-12 12:25:44,051 [INFO] ms-clip: using CUDA_VISIBLE_DEVICES=7
2026-05-12 12:25:44,051 [INFO] ms-clip: launching predict_smi (n_candidates=71)
2026-05-12 12:25:55,742 [INFO] ms-clip: auto-picked GPU 7 (free 20808 MiB)
2026-05-12 12:25:55,742 [INFO] ms-clip: using CUDA_VISIBLE_DEVICES=7
2026-05-12 12:25:55,742 [INFO] ms-clip: launching predict_smi (n_candidates=256)
2026-05-12 12:26:07,332 [INFO] ms-clip: auto-picked GPU 7 (free 20808 MiB)
2026-05-12 12:26:07,332 [INFO] ms-clip: using CUDA_VISIBLE_DEVICES=7
2026-05-12 12:26:07,332 [INFO] ms-clip: launching predict_smi (n_candidates=42)
2026-05-12 12:26:19,161 [INFO] ms-clip: auto-picked GPU 7 (free 20808 MiB)
2026-05-12 12:26:19,162 [INFO] ms-clip: using CUDA_VISIBLE_DEVICES=7
2026-05-12 12:26:19,162 [INFO] ms-clip: launching predict_smi (n_candidates=256)
2026-05-12 12:26:31,086 [INFO] ms-clip: auto-picked GPU 7 (free 20808 MiB)
2026-05-12 12:26:31,087 [INFO] ms-clip: using CUDA_VISIBLE_DEVICES=7
2026-05-12 12:26:31,087 [INFO] ms-clip: launching predict_smi (n_candidates=256)
2026-05-12 12:26:42,838 [INFO] ms-clip: auto-picked GPU 7 (free 20808 MiB)
2026-05-12 12:26:42,839 [INFO] ms-clip: using CUDA_VISIBLE_DEVICES=7
2026-05-12 12:26:42,839 [INFO] ms-clip: launching predict_smi (n_candidates=256)
2026-05-12 12:26:54,559 [INFO] ms-clip: auto-picked GPU 7 (free 20808 MiB)
2026-05-12 12:26:54,560 [INFO] ms-clip: using CUDA_VISIBLE_DEVICES=7
2026-05-12 12:26:54,560 [INFO] ms-clip: launching predict_smi (n_candidates=65)
2026-05-12 12:27:06,749 [INFO] ms-clip: auto-picked GPU 7 (free 20808 MiB)
2026-05-12 12:27:06,749 [INFO] ms-clip: using CUDA_VISIBLE_DEVICES=7
2026-05-12 12:27:06,749 [INFO] ms-clip: launching predict_smi (n_candidates=256)
2026-05-12 12:27:19,277 [INFO] ms-clip: auto-picked GPU 7 (free 20808 MiB)
2026-05-12 12:27:19,277 [INFO] ms-clip: using CUDA_VISIBLE_DEVICES=7
2026-05-12 12:27:19,277 [INFO] ms-clip: launching predict_smi (n_candidates=256)
2026-05-12 12:27:31,117 [INFO] spec 470/500  MassSpecGymID0211895  pool=256  pred=ITJFWCNMAYVBLI  correct=False  t=12.0s
2026-05-12 12:27:31,244 [INFO] ms-clip: auto-picked GPU 7 (free 20808 MiB)
2026-05-12 12:27:31,245 [INFO] ms-clip: using CUDA_VISIBLE_DEVICES=7
2026-05-12 12:27:31,245 [INFO] ms-clip: launching predict_smi (n_candidates=256)
2026-05-12 12:27:42,918 [INFO] ms-clip: auto-picked GPU 7 (free 20808 MiB)
2026-05-12 12:27:42,918 [INFO] ms-clip: using CUDA_VISIBLE_DEVICES=7
2026-05-12 12:27:42,919 [INFO] ms-clip: launching predict_smi (n_candidates=87)
2026-05-12 12:27:55,072 [INFO] ms-clip: auto-picked GPU 7 (free 20808 MiB)
2026-05-12 12:27:55,073 [INFO] ms-clip: using CUDA_VISIBLE_DEVICES=7
2026-05-12 12:27:55,073 [INFO] ms-clip: launching predict_smi (n_candidates=256)
2026-05-12 12:28:07,422 [INFO] ms-clip: auto-picked GPU 7 (free 20808 MiB)
2026-05-12 12:28:07,422 [INFO] ms-clip: using CUDA_VISIBLE_DEVICES=7
2026-05-12 12:28:07,422 [INFO] ms-clip: launching predict_smi (n_candidates=154)
2026-05-12 12:28:19,737 [INFO] ms-clip: auto-picked GPU 7 (free 21032 MiB)
2026-05-12 12:28:19,738 [INFO] ms-clip: using CUDA_VISIBLE_DEVICES=7
2026-05-12 12:28:19,738 [INFO] ms-clip: launching predict_smi (n_candidates=256)
2026-05-12 12:28:32,382 [INFO] ms-clip: auto-picked GPU 7 (free 20808 MiB)
2026-05-12 12:28:32,382 [INFO] ms-clip: using CUDA_VISIBLE_DEVICES=7
2026-05-12 12:28:32,382 [INFO] ms-clip: launching predict_smi (n_candidates=256)
2026-05-12 12:28:44,363 [INFO] ms-clip: auto-picked GPU 7 (free 20808 MiB)
2026-05-12 12:28:44,364 [INFO] ms-clip: using CUDA_VISIBLE_DEVICES=7
2026-05-12 12:28:44,364 [INFO] ms-clip: launching predict_smi (n_candidates=87)
2026-05-12 12:28:56,086 [INFO] ms-clip: auto-picked GPU 7 (free 20808 MiB)
2026-05-12 12:28:56,087 [INFO] ms-clip: using CUDA_VISIBLE_DEVICES=7
2026-05-12 12:28:56,087 [INFO] ms-clip: launching predict_smi (n_candidates=145)
2026-05-12 12:29:08,143 [INFO] ms-clip: auto-picked GPU 7 (free 20364 MiB)
2026-05-12 12:29:08,144 [INFO] ms-clip: using CUDA_VISIBLE_DEVICES=7
2026-05-12 12:29:08,144 [INFO] ms-clip: launching predict_smi (n_candidates=27)
2026-05-12 12:29:19,649 [INFO] ms-clip: auto-picked GPU 7 (free 20808 MiB)
2026-05-12 12:29:19,649 [INFO] ms-clip: using CUDA_VISIBLE_DEVICES=7
2026-05-12 12:29:19,650 [INFO] ms-clip: launching predict_smi (n_candidates=256)
2026-05-12 12:29:31,855 [INFO] spec 480/500  MassSpecGymID0163129  pool=256  pred=ZHKCPWIMFGFTGL  correct=False  t=12.3s
2026-05-12 12:29:31,984 [INFO] ms-clip: auto-picked GPU 7 (free 20808 MiB)
2026-05-12 12:29:31,984 [INFO] ms-clip: using CUDA_VISIBLE_DEVICES=7
2026-05-12 12:29:31,984 [INFO] ms-clip: launching predict_smi (n_candidates=3)
2026-05-12 12:29:43,178 [INFO] ms-clip: auto-picked GPU 7 (free 20808 MiB)
2026-05-12 12:29:43,178 [INFO] ms-clip: using CUDA_VISIBLE_DEVICES=7
2026-05-12 12:29:43,178 [INFO] ms-clip: launching predict_smi (n_candidates=256)
2026-05-12 12:29:55,199 [INFO] ms-clip: auto-picked GPU 7 (free 20808 MiB)
2026-05-12 12:29:55,200 [INFO] ms-clip: using CUDA_VISIBLE_DEVICES=7
2026-05-12 12:29:55,200 [INFO] ms-clip: launching predict_smi (n_candidates=256)
2026-05-12 12:30:07,682 [INFO] ms-clip: auto-picked GPU 7 (free 20808 MiB)
2026-05-12 12:30:07,682 [INFO] ms-clip: using CUDA_VISIBLE_DEVICES=7
2026-05-12 12:30:07,682 [INFO] ms-clip: launching predict_smi (n_candidates=20)
2026-05-12 12:30:19,186 [INFO] ms-clip: auto-picked GPU 7 (free 20808 MiB)
2026-05-12 12:30:19,186 [INFO] ms-clip: using CUDA_VISIBLE_DEVICES=7
2026-05-12 12:30:19,186 [INFO] ms-clip: launching predict_smi (n_candidates=256)
2026-05-12 12:30:31,272 [INFO] ms-clip: auto-picked GPU 7 (free 20808 MiB)
2026-05-12 12:30:31,272 [INFO] ms-clip: using CUDA_VISIBLE_DEVICES=7
2026-05-12 12:30:31,272 [INFO] ms-clip: launching predict_smi (n_candidates=256)
2026-05-12 12:30:43,666 [INFO] ms-clip: auto-picked GPU 7 (free 20808 MiB)
2026-05-12 12:30:43,666 [INFO] ms-clip: using CUDA_VISIBLE_DEVICES=7
2026-05-12 12:30:43,666 [INFO] ms-clip: launching predict_smi (n_candidates=61)
2026-05-12 12:30:55,001 [INFO] ms-clip: auto-picked GPU 7 (free 20808 MiB)
2026-05-12 12:30:55,001 [INFO] ms-clip: using CUDA_VISIBLE_DEVICES=7
2026-05-12 12:30:55,001 [INFO] ms-clip: launching predict_smi (n_candidates=256)
2026-05-12 12:31:07,041 [INFO] ms-clip: auto-picked GPU 7 (free 20808 MiB)
2026-05-12 12:31:07,042 [INFO] ms-clip: using CUDA_VISIBLE_DEVICES=7
2026-05-12 12:31:07,042 [INFO] ms-clip: launching predict_smi (n_candidates=256)
2026-05-12 12:31:19,241 [INFO] ms-clip: auto-picked GPU 7 (free 21032 MiB)
2026-05-12 12:31:19,241 [INFO] ms-clip: using CUDA_VISIBLE_DEVICES=7
2026-05-12 12:31:19,241 [INFO] ms-clip: launching predict_smi (n_candidates=256)
2026-05-12 12:31:31,224 [INFO] spec 490/500  MassSpecGymID0366974  pool=256  pred=MMJORIFPGDWBAA  correct=True  t=12.1s
2026-05-12 12:31:31,369 [INFO] ms-clip: auto-picked GPU 7 (free 21208 MiB)
2026-05-12 12:31:31,369 [INFO] ms-clip: using CUDA_VISIBLE_DEVICES=7
2026-05-12 12:31:31,369 [INFO] ms-clip: launching predict_smi (n_candidates=7)
2026-05-12 12:31:43,374 [INFO] ms-clip: auto-picked GPU 7 (free 20808 MiB)
2026-05-12 12:31:43,374 [INFO] ms-clip: using CUDA_VISIBLE_DEVICES=7
2026-05-12 12:31:43,375 [INFO] ms-clip: launching predict_smi (n_candidates=50)
2026-05-12 12:31:55,078 [INFO] ms-clip: auto-picked GPU 7 (free 20984 MiB)
2026-05-12 12:31:55,078 [INFO] ms-clip: using CUDA_VISIBLE_DEVICES=7
2026-05-12 12:31:55,078 [INFO] ms-clip: launching predict_smi (n_candidates=256)
2026-05-12 12:32:07,299 [INFO] ms-clip: auto-picked GPU 7 (free 20808 MiB)
2026-05-12 12:32:07,299 [INFO] ms-clip: using CUDA_VISIBLE_DEVICES=7
2026-05-12 12:32:07,299 [INFO] ms-clip: launching predict_smi (n_candidates=6)
2026-05-12 12:32:18,967 [INFO] ms-clip: auto-picked GPU 7 (free 21806 MiB)
2026-05-12 12:32:18,967 [INFO] ms-clip: using CUDA_VISIBLE_DEVICES=7
2026-05-12 12:32:18,967 [INFO] ms-clip: launching predict_smi (n_candidates=243)
2026-05-12 12:32:31,240 [INFO] ms-clip: auto-picked GPU 7 (free 21064 MiB)
2026-05-12 12:32:31,240 [INFO] ms-clip: using CUDA_VISIBLE_DEVICES=7
2026-05-12 12:32:31,240 [INFO] ms-clip: launching predict_smi (n_candidates=256)
2026-05-12 12:32:43,232 [INFO] ms-clip: auto-picked GPU 7 (free 21480 MiB)
2026-05-12 12:32:43,232 [INFO] ms-clip: using CUDA_VISIBLE_DEVICES=7
2026-05-12 12:32:43,232 [INFO] ms-clip: launching predict_smi (n_candidates=256)
2026-05-12 12:32:55,798 [INFO] ms-clip: auto-picked GPU 7 (free 20808 MiB)
2026-05-12 12:32:55,798 [INFO] ms-clip: using CUDA_VISIBLE_DEVICES=7
2026-05-12 12:32:55,798 [INFO] ms-clip: launching predict_smi (n_candidates=96)
2026-05-12 12:33:07,201 [INFO] ms-clip: auto-picked GPU 7 (free 20808 MiB)
2026-05-12 12:33:07,201 [INFO] ms-clip: using CUDA_VISIBLE_DEVICES=7
2026-05-12 12:33:07,201 [INFO] ms-clip: launching predict_smi (n_candidates=30)
2026-05-12 12:33:18,618 [INFO] ms-clip: auto-picked GPU 7 (free 21694 MiB)
2026-05-12 12:33:18,619 [INFO] ms-clip: using CUDA_VISIBLE_DEVICES=7
2026-05-12 12:33:18,619 [INFO] ms-clip: launching predict_smi (n_candidates=256)
2026-05-12 12:33:30,493 [INFO] spec 500/500  MassSpecGymID0236274  pool=256  pred=VIQCWEGEHRBLAC  correct=True  t=12.0s
2026-05-12 12:33:30,493 [INFO] ============================================================
2026-05-12 12:33:30,493 [INFO] MSG  pool=formula  reranker=conditional
2026-05-12 12:33:30,493 [INFO]   n=500  correct=277  id_acc=0.5540  elapsed=5961.3s
done conditional at 2026年 05月 12日 星期二 12:33:30 CST
=== formula / llm ===
2026-05-12 12:33:32,280 [INFO] METAGENT_MSCLIP_CKPT = /home/weiwentao/workspace/reconstruct/ms-pred/results/v4_msg_retrain_20260511_200835/version_0/best.ckpt
2026-05-12 12:33:32,280 [INFO] candidate pool = formula (/home/weiwentao/workspace/ms-pred/data/spec_datasets/msg/retrieval/MassSpecGym_retrieval_candidates_formula.json)
2026-05-12 12:33:32,280 [INFO] reranker = llm
2026-05-12 12:33:32,579 [INFO] MSG: 17556 total test spectra
2026-05-12 12:33:32,580 [INFO] MSG: sampled 500 spectra (seed=42)
2026-05-12 12:33:33,437 [INFO] MSG: loaded 500 spectra (of 500 sampled)
2026-05-12 12:33:33,438 [INFO] running 500 MSG spectra
2026-05-12 12:33:33,438 [INFO] loading MSG candidates from /home/weiwentao/workspace/ms-pred/data/spec_datasets/msg/retrieval/MassSpecGym_retrieval_candidates_formula.json
2026-05-12 12:33:34,878 [INFO] loaded 32010 compound entries
2026-05-12 12:33:34,881 [INFO] LLM reranker: opus47 (model=claude-opus-4-7)
2026-05-12 12:33:35,041 [INFO] ms-clip: auto-picked GPU 7 (free 20364 MiB)
2026-05-12 12:33:35,041 [INFO] ms-clip: using CUDA_VISIBLE_DEVICES=7
2026-05-12 12:33:35,041 [INFO] ms-clip: launching predict_smi (n_candidates=84)
2026-05-12 12:34:10,270 [INFO] ms-clip: auto-picked GPU 7 (free 20364 MiB)
2026-05-12 12:34:10,270 [INFO] ms-clip: using CUDA_VISIBLE_DEVICES=7
2026-05-12 12:34:10,270 [INFO] ms-clip: launching predict_smi (n_candidates=256)
2026-05-12 12:34:22,359 [WARNING] ms-clip dropped SMILES O=C(NCCCNc1n[n+]([O-])c2ccccc2[n+]1[O-])c1cccc2cc3ccccc3nc12; emitting sentinel -1.0
2026-05-12 12:34:40,083 [INFO] ms-clip: auto-picked GPU 7 (free 24092 MiB)
2026-05-12 12:34:40,083 [INFO] ms-clip: using CUDA_VISIBLE_DEVICES=7
2026-05-12 12:34:40,083 [INFO] ms-clip: launching predict_smi (n_candidates=256)
2026-05-12 12:35:12,719 [INFO] ms-clip: auto-picked GPU 7 (free 17416 MiB)
2026-05-12 12:35:12,719 [INFO] ms-clip: using CUDA_VISIBLE_DEVICES=7
2026-05-12 12:35:12,720 [INFO] ms-clip: launching predict_smi (n_candidates=256)
2026-05-12 12:35:41,952 [INFO] ms-clip: auto-picked GPU 7 (free 24092 MiB)
2026-05-12 12:35:41,953 [INFO] ms-clip: using CUDA_VISIBLE_DEVICES=7
2026-05-12 12:35:41,953 [INFO] ms-clip: launching predict_smi (n_candidates=187)
2026-05-12 12:37:24,270 [INFO] ms-clip: auto-picked GPU 7 (free 24092 MiB)
2026-05-12 12:37:24,270 [INFO] ms-clip: using CUDA_VISIBLE_DEVICES=7
2026-05-12 12:37:24,271 [INFO] ms-clip: launching predict_smi (n_candidates=18)
2026-05-12 12:38:05,464 [INFO] ms-clip: auto-picked GPU 7 (free 24092 MiB)
2026-05-12 12:38:05,465 [INFO] ms-clip: using CUDA_VISIBLE_DEVICES=7
2026-05-12 12:38:05,465 [INFO] ms-clip: launching predict_smi (n_candidates=17)
2026-05-12 12:40:22,409 [WARNING] chat retry attempt 1/3 after APIConnectionError: Error communicating with OpenAI: HTTPSConnectionPool(host='api.viviai.cc', port=443): Max retries exceeded with url: /v1 — sleeping 8.9s (caller=msg_llm_reranker, trace=None)
2026-05-12 12:40:56,269 [INFO] ms-clip: auto-picked GPU 7 (free 24092 MiB)
2026-05-12 12:40:56,269 [INFO] ms-clip: using CUDA_VISIBLE_DEVICES=7
2026-05-12 12:40:56,269 [INFO] ms-clip: launching predict_smi (n_candidates=256)
2026-05-12 12:43:11,855 [INFO] ms-clip: auto-picked GPU 7 (free 24092 MiB)
2026-05-12 12:43:11,855 [INFO] ms-clip: using CUDA_VISIBLE_DEVICES=7
2026-05-12 12:43:11,855 [INFO] ms-clip: launching predict_smi (n_candidates=56)
2026-05-12 12:43:32,373 [INFO] ms-clip: auto-picked GPU 7 (free 24092 MiB)
2026-05-12 12:43:32,374 [INFO] ms-clip: using CUDA_VISIBLE_DEVICES=7
2026-05-12 12:43:32,374 [INFO] ms-clip: launching predict_smi (n_candidates=67)
2026-05-12 12:44:58,056 [INFO] spec 10/500  MassSpecGymID0034879  pool=67  pred=MFFMDFFZMYYVKS  correct=True  t=85.8s
2026-05-12 12:44:58,189 [INFO] ms-clip: auto-picked GPU 7 (free 24092 MiB)
2026-05-12 12:44:58,189 [INFO] ms-clip: using CUDA_VISIBLE_DEVICES=7
2026-05-12 12:44:58,189 [INFO] ms-clip: launching predict_smi (n_candidates=256)
2026-05-12 12:45:32,934 [INFO] ms-clip: auto-picked GPU 7 (free 24092 MiB)
2026-05-12 12:45:32,935 [INFO] ms-clip: using CUDA_VISIBLE_DEVICES=7
2026-05-12 12:45:32,935 [INFO] ms-clip: launching predict_smi (n_candidates=256)
2026-05-12 12:46:05,876 [INFO] ms-clip: auto-picked GPU 7 (free 24092 MiB)
2026-05-12 12:46:05,877 [INFO] ms-clip: using CUDA_VISIBLE_DEVICES=7
2026-05-12 12:46:05,877 [INFO] ms-clip: launching predict_smi (n_candidates=256)
2026-05-12 12:46:41,343 [INFO] ms-clip: auto-picked GPU 7 (free 15456 MiB)
2026-05-12 12:46:41,343 [INFO] ms-clip: using CUDA_VISIBLE_DEVICES=7
2026-05-12 12:46:41,343 [INFO] ms-clip: launching predict_smi (n_candidates=225)
2026-05-12 12:47:27,740 [INFO] ms-clip: auto-picked GPU 7 (free 24092 MiB)
2026-05-12 12:47:27,740 [INFO] ms-clip: using CUDA_VISIBLE_DEVICES=7
2026-05-12 12:47:27,740 [INFO] ms-clip: launching predict_smi (n_candidates=79)
2026-05-12 12:47:54,660 [INFO] ms-clip: auto-picked GPU 7 (free 24092 MiB)
2026-05-12 12:47:54,660 [INFO] ms-clip: using CUDA_VISIBLE_DEVICES=7
2026-05-12 12:47:54,660 [INFO] ms-clip: launching predict_smi (n_candidates=256)
2026-05-12 12:48:06,132 [WARNING] ms-clip dropped SMILES O=C(NCCCNc1n[n+]([O-])c2ccccc2[n+]1[O-])c1cccc2cc3ccccc3nc12; emitting sentinel -1.0
2026-05-12 12:48:23,736 [INFO] ms-clip: auto-picked GPU 7 (free 24092 MiB)
2026-05-12 12:48:23,736 [INFO] ms-clip: using CUDA_VISIBLE_DEVICES=7
2026-05-12 12:48:23,736 [INFO] ms-clip: launching predict_smi (n_candidates=256)
2026-05-12 12:50:14,894 [WARNING] llm_rerank attempt 1 parse error: no JSON object found
2026-05-12 12:52:01,189 [INFO] ms-clip: auto-picked GPU 7 (free 24092 MiB)
2026-05-12 12:52:01,189 [INFO] ms-clip: using CUDA_VISIBLE_DEVICES=7
2026-05-12 12:52:01,189 [INFO] ms-clip: launching predict_smi (n_candidates=6)
2026-05-12 12:53:33,228 [WARNING] chat retry attempt 1/3 after APIConnectionError: Error communicating with OpenAI: HTTPSConnectionPool(host='api.viviai.cc', port=443): Max retries exceeded with url: /v1 — sleeping 9.3s (caller=msg_llm_reranker, trace=None)
2026-05-12 12:53:47,521 [WARNING] chat retry attempt 2/3 after APIConnectionError: Error communicating with OpenAI: HTTPSConnectionPool(host='api.viviai.cc', port=443): Max retries exceeded with url: /v1 — sleeping 31.3s (caller=msg_llm_reranker, trace=None)
2026-05-12 12:54:28,099 [INFO] ms-clip: auto-picked GPU 7 (free 24092 MiB)
2026-05-12 12:54:28,100 [INFO] ms-clip: using CUDA_VISIBLE_DEVICES=7
2026-05-12 12:54:28,100 [INFO] ms-clip: launching predict_smi (n_candidates=256)
2026-05-12 12:56:10,638 [INFO] ms-clip: auto-picked GPU 7 (free 24092 MiB)
2026-05-12 12:56:10,638 [INFO] ms-clip: using CUDA_VISIBLE_DEVICES=7
2026-05-12 12:56:10,638 [INFO] ms-clip: launching predict_smi (n_candidates=42)
2026-05-12 12:57:03,678 [INFO] spec 20/500  MassSpecGymID0345113  pool=42  pred=DLUIQNPSQORVTK  correct=False  t=53.2s
2026-05-12 12:57:03,813 [INFO] ms-clip: auto-picked GPU 7 (free 24092 MiB)
2026-05-12 12:57:03,814 [INFO] ms-clip: using CUDA_VISIBLE_DEVICES=7
2026-05-12 12:57:03,814 [INFO] ms-clip: launching predict_smi (n_candidates=256)
2026-05-12 12:57:31,213 [INFO] ms-clip: auto-picked GPU 7 (free 24092 MiB)
2026-05-12 12:57:31,214 [INFO] ms-clip: using CUDA_VISIBLE_DEVICES=7
2026-05-12 12:57:31,214 [INFO] ms-clip: launching predict_smi (n_candidates=30)
2026-05-12 12:58:03,692 [INFO] ms-clip: auto-picked GPU 7 (free 24092 MiB)
2026-05-12 12:58:03,692 [INFO] ms-clip: using CUDA_VISIBLE_DEVICES=7
2026-05-12 12:58:03,692 [INFO] ms-clip: launching predict_smi (n_candidates=66)
2026-05-12 12:58:38,483 [INFO] ms-clip: auto-picked GPU 7 (free 24092 MiB)
2026-05-12 12:58:38,484 [INFO] ms-clip: using CUDA_VISIBLE_DEVICES=7
2026-05-12 12:58:38,484 [INFO] ms-clip: launching predict_smi (n_candidates=11)
2026-05-12 12:59:22,882 [INFO] ms-clip: auto-picked GPU 7 (free 24092 MiB)
2026-05-12 12:59:22,883 [INFO] ms-clip: using CUDA_VISIBLE_DEVICES=7
2026-05-12 12:59:22,883 [INFO] ms-clip: launching predict_smi (n_candidates=2)
2026-05-12 12:59:43,918 [INFO] ms-clip: auto-picked GPU 7 (free 24092 MiB)
2026-05-12 12:59:43,919 [INFO] ms-clip: using CUDA_VISIBLE_DEVICES=7
2026-05-12 12:59:43,919 [INFO] ms-clip: launching predict_smi (n_candidates=28)
2026-05-12 13:00:12,292 [INFO] ms-clip: auto-picked GPU 7 (free 24092 MiB)
2026-05-12 13:00:12,293 [INFO] ms-clip: using CUDA_VISIBLE_DEVICES=7
2026-05-12 13:00:12,293 [INFO] ms-clip: launching predict_smi (n_candidates=24)
2026-05-12 13:00:37,648 [INFO] ms-clip: auto-picked GPU 7 (free 24092 MiB)
2026-05-12 13:00:37,648 [INFO] ms-clip: using CUDA_VISIBLE_DEVICES=7
2026-05-12 13:00:37,648 [INFO] ms-clip: launching predict_smi (n_candidates=256)
2026-05-12 13:00:59,219 [INFO] ms-clip: auto-picked GPU 7 (free 24092 MiB)
2026-05-12 13:00:59,219 [INFO] ms-clip: using CUDA_VISIBLE_DEVICES=7
2026-05-12 13:00:59,219 [INFO] ms-clip: launching predict_smi (n_candidates=256)
2026-05-12 13:03:23,895 [INFO] ms-clip: auto-picked GPU 7 (free 20364 MiB)
2026-05-12 13:03:23,895 [INFO] ms-clip: using CUDA_VISIBLE_DEVICES=7
2026-05-12 13:03:23,895 [INFO] ms-clip: launching predict_smi (n_candidates=256)
2026-05-12 13:03:45,009 [INFO] spec 30/500  MassSpecGymID0091919  pool=256  pred=IQAXVPFYGPUPKH  correct=False  t=21.2s
2026-05-12 13:03:45,132 [INFO] ms-clip: auto-picked GPU 7 (free 20364 MiB)
2026-05-12 13:03:45,132 [INFO] ms-clip: using CUDA_VISIBLE_DEVICES=7
2026-05-12 13:03:45,132 [INFO] ms-clip: launching predict_smi (n_candidates=256)
2026-05-12 13:04:29,931 [WARNING] llm_rerank attempt 1 parse error: no JSON object found
2026-05-12 13:05:43,401 [WARNING] llm_rerank attempt 2 parse error: no JSON object found
2026-05-12 13:05:43,540 [INFO] ms-clip: auto-picked GPU 7 (free 24092 MiB)
2026-05-12 13:05:43,540 [INFO] ms-clip: using CUDA_VISIBLE_DEVICES=7
2026-05-12 13:05:43,541 [INFO] ms-clip: launching predict_smi (n_candidates=256)
2026-05-12 13:06:04,960 [INFO] ms-clip: auto-picked GPU 7 (free 22904 MiB)
2026-05-12 13:06:04,960 [INFO] ms-clip: using CUDA_VISIBLE_DEVICES=7
2026-05-12 13:06:04,961 [INFO] ms-clip: launching predict_smi (n_candidates=256)
2026-05-12 13:06:40,132 [INFO] ms-clip: auto-picked GPU 7 (free 24092 MiB)
2026-05-12 13:06:40,132 [INFO] ms-clip: using CUDA_VISIBLE_DEVICES=7
2026-05-12 13:06:40,132 [INFO] ms-clip: launching predict_smi (n_candidates=47)
2026-05-12 13:08:37,261 [WARNING] chat retry attempt 1/3 after APIConnectionError: Error communicating with OpenAI: HTTPSConnectionPool(host='api.viviai.cc', port=443): Max retries exceeded with url: /v1 — sleeping 10.3s (caller=msg_llm_reranker, trace=None)
2026-05-12 13:08:59,555 [INFO] ms-clip: auto-picked GPU 7 (free 24092 MiB)
2026-05-12 13:08:59,555 [INFO] ms-clip: using CUDA_VISIBLE_DEVICES=7
2026-05-12 13:08:59,555 [INFO] ms-clip: launching predict_smi (n_candidates=6)
2026-05-12 13:10:47,530 [INFO] ms-clip: auto-picked GPU 7 (free 17416 MiB)
2026-05-12 13:10:47,530 [INFO] ms-clip: using CUDA_VISIBLE_DEVICES=7
2026-05-12 13:10:47,530 [INFO] ms-clip: launching predict_smi (n_candidates=256)
2026-05-12 13:12:34,920 [WARNING] llm_rerank attempt 1 parse error: no JSON object found
2026-05-12 13:13:45,891 [INFO] ms-clip: auto-picked GPU 7 (free 24092 MiB)
2026-05-12 13:13:45,891 [INFO] ms-clip: using CUDA_VISIBLE_DEVICES=7
2026-05-12 13:13:45,891 [INFO] ms-clip: launching predict_smi (n_candidates=10)
2026-05-12 13:14:01,547 [WARNING] chat retry attempt 1/3 after APIConnectionError: Error communicating with OpenAI: HTTPSConnectionPool(host='api.viviai.cc', port=443): Max retries exceeded with url: /v1 — sleeping 11.8s (caller=msg_llm_reranker, trace=None)
2026-05-12 13:14:18,327 [WARNING] chat retry attempt 2/3 after APIConnectionError: Error communicating with OpenAI: HTTPSConnectionPool(host='api.viviai.cc', port=443): Max retries exceeded with url: /v1 — sleeping 33.8s (caller=msg_llm_reranker, trace=None)
2026-05-12 13:15:29,594 [WARNING] llm_rerank attempt 1 parse error: no JSON object found
2026-05-12 13:16:05,310 [INFO] ms-clip: auto-picked GPU 7 (free 24092 MiB)
2026-05-12 13:16:05,310 [INFO] ms-clip: using CUDA_VISIBLE_DEVICES=7
2026-05-12 13:16:05,310 [INFO] ms-clip: launching predict_smi (n_candidates=61)
2026-05-12 13:16:29,326 [INFO] ms-clip: auto-picked GPU 7 (free 24092 MiB)
2026-05-12 13:16:29,326 [INFO] ms-clip: using CUDA_VISIBLE_DEVICES=7
2026-05-12 13:16:29,326 [INFO] ms-clip: launching predict_smi (n_candidates=90)
2026-05-12 13:17:07,931 [WARNING] llm_rerank attempt 1 parse error: no JSON object found
2026-05-12 13:19:13,259 [INFO] ms-clip: auto-picked GPU 7 (free 24092 MiB)
2026-05-12 13:19:13,259 [INFO] ms-clip: using CUDA_VISIBLE_DEVICES=7
2026-05-12 13:19:13,260 [INFO] ms-clip: launching predict_smi (n_candidates=256)
2026-05-12 13:20:05,606 [INFO] spec 40/500  MassSpecGymID0258453  pool=256  pred=QOVKKEKBURQILF  correct=True  t=52.5s
2026-05-12 13:20:05,737 [INFO] ms-clip: auto-picked GPU 7 (free 24092 MiB)
2026-05-12 13:20:05,737 [INFO] ms-clip: using CUDA_VISIBLE_DEVICES=7
2026-05-12 13:20:05,737 [INFO] ms-clip: launching predict_smi (n_candidates=107)
2026-05-12 13:20:57,350 [INFO] ms-clip: auto-picked GPU 7 (free 24092 MiB)
2026-05-12 13:20:57,351 [INFO] ms-clip: using CUDA_VISIBLE_DEVICES=7
2026-05-12 13:20:57,351 [INFO] ms-clip: launching predict_smi (n_candidates=256)
2026-05-12 13:21:08,668 [WARNING] ms-clip dropped SMILES CCn1c(CN2[C]N(Cc3cccc(C)n3)c3ccccc32)nc2ccccc21; emitting sentinel -1.0
2026-05-12 13:21:49,563 [INFO] ms-clip: auto-picked GPU 7 (free 24092 MiB)
2026-05-12 13:21:49,564 [INFO] ms-clip: using CUDA_VISIBLE_DEVICES=7
2026-05-12 13:21:49,564 [INFO] ms-clip: launching predict_smi (n_candidates=6)
2026-05-12 13:22:17,588 [INFO] ms-clip: auto-picked GPU 7 (free 24092 MiB)
2026-05-12 13:22:17,589 [INFO] ms-clip: using CUDA_VISIBLE_DEVICES=7
2026-05-12 13:22:17,589 [INFO] ms-clip: launching predict_smi (n_candidates=256)
2026-05-12 13:22:46,636 [INFO] ms-clip: auto-picked GPU 7 (free 24092 MiB)
2026-05-12 13:22:46,637 [INFO] ms-clip: using CUDA_VISIBLE_DEVICES=7
2026-05-12 13:22:46,637 [INFO] ms-clip: launching predict_smi (n_candidates=256)
2026-05-12 13:23:28,696 [INFO] ms-clip: auto-picked GPU 7 (free 24092 MiB)
2026-05-12 13:23:28,696 [INFO] ms-clip: using CUDA_VISIBLE_DEVICES=7
2026-05-12 13:23:28,696 [INFO] ms-clip: launching predict_smi (n_candidates=256)
2026-05-12 13:25:34,796 [WARNING] chat retry attempt 1/3 after APIConnectionError: Error communicating with OpenAI: HTTPSConnectionPool(host='api.viviai.cc', port=443): Max retries exceeded with url: /v1 — sleeping 11.4s (caller=msg_llm_reranker, trace=None)
2026-05-12 13:26:12,051 [INFO] ms-clip: auto-picked GPU 7 (free 17416 MiB)
2026-05-12 13:26:12,052 [INFO] ms-clip: using CUDA_VISIBLE_DEVICES=7
2026-05-12 13:26:12,052 [INFO] ms-clip: launching predict_smi (n_candidates=256)
2026-05-12 13:26:46,761 [INFO] ms-clip: auto-picked GPU 7 (free 24092 MiB)
2026-05-12 13:26:46,761 [INFO] ms-clip: using CUDA_VISIBLE_DEVICES=7
2026-05-12 13:26:46,761 [INFO] ms-clip: launching predict_smi (n_candidates=256)
2026-05-12 13:27:06,709 [INFO] ms-clip: auto-picked GPU 7 (free 24092 MiB)
2026-05-12 13:27:06,709 [INFO] ms-clip: using CUDA_VISIBLE_DEVICES=7
2026-05-12 13:27:06,709 [INFO] ms-clip: launching predict_smi (n_candidates=192)
2026-05-12 13:27:36,543 [INFO] ms-clip: auto-picked GPU 7 (free 24092 MiB)
2026-05-12 13:27:36,544 [INFO] ms-clip: using CUDA_VISIBLE_DEVICES=7
2026-05-12 13:27:36,544 [INFO] ms-clip: launching predict_smi (n_candidates=7)
2026-05-12 13:29:17,941 [INFO] spec 50/500  MassSpecGymID0210737  pool=7  pred=BURFVHLJIGXODD  correct=True  t=101.5s
2026-05-12 13:29:18,077 [INFO] ms-clip: auto-picked GPU 7 (free 24092 MiB)
2026-05-12 13:29:18,077 [INFO] ms-clip: using CUDA_VISIBLE_DEVICES=7
2026-05-12 13:29:18,077 [INFO] ms-clip: launching predict_smi (n_candidates=256)
2026-05-12 13:30:59,887 [WARNING] llm_rerank attempt 1 parse error: no JSON object found
2026-05-12 13:31:22,941 [INFO] ms-clip: auto-picked GPU 7 (free 24092 MiB)
2026-05-12 13:31:22,942 [INFO] ms-clip: using CUDA_VISIBLE_DEVICES=7
2026-05-12 13:31:22,942 [INFO] ms-clip: launching predict_smi (n_candidates=256)
2026-05-12 13:31:43,564 [INFO] ms-clip: auto-picked GPU 7 (free 24092 MiB)
2026-05-12 13:31:43,564 [INFO] ms-clip: using CUDA_VISIBLE_DEVICES=7
2026-05-12 13:31:43,564 [INFO] ms-clip: launching predict_smi (n_candidates=28)
2026-05-12 13:32:16,886 [INFO] ms-clip: auto-picked GPU 7 (free 24092 MiB)
2026-05-12 13:32:16,887 [INFO] ms-clip: using CUDA_VISIBLE_DEVICES=7
2026-05-12 13:32:16,887 [INFO] ms-clip: launching predict_smi (n_candidates=125)
2026-05-12 13:33:06,444 [INFO] ms-clip: auto-picked GPU 7 (free 24092 MiB)
2026-05-12 13:33:06,444 [INFO] ms-clip: using CUDA_VISIBLE_DEVICES=7
2026-05-12 13:33:06,445 [INFO] ms-clip: launching predict_smi (n_candidates=256)
2026-05-12 13:33:22,589 [WARNING] chat retry attempt 1/3 after APIConnectionError: Error communicating with OpenAI: HTTPSConnectionPool(host='api.viviai.cc', port=443): Max retries exceeded with url: /v1 — sleeping 10.4s (caller=msg_llm_reranker, trace=None)
2026-05-12 13:33:56,594 [INFO] ms-clip: auto-picked GPU 7 (free 24092 MiB)
2026-05-12 13:33:56,594 [INFO] ms-clip: using CUDA_VISIBLE_DEVICES=7
2026-05-12 13:33:56,594 [INFO] ms-clip: launching predict_smi (n_candidates=256)
2026-05-12 13:34:34,698 [INFO] ms-clip: auto-picked GPU 7 (free 24092 MiB)
2026-05-12 13:34:34,698 [INFO] ms-clip: using CUDA_VISIBLE_DEVICES=7
2026-05-12 13:34:34,698 [INFO] ms-clip: launching predict_smi (n_candidates=256)
2026-05-12 13:35:41,964 [INFO] ms-clip: auto-picked GPU 7 (free 24092 MiB)
2026-05-12 13:35:41,964 [INFO] ms-clip: using CUDA_VISIBLE_DEVICES=7
2026-05-12 13:35:41,965 [INFO] ms-clip: launching predict_smi (n_candidates=256)
2026-05-12 13:36:13,869 [INFO] ms-clip: auto-picked GPU 7 (free 24092 MiB)
2026-05-12 13:36:13,870 [INFO] ms-clip: using CUDA_VISIBLE_DEVICES=7
2026-05-12 13:36:13,870 [INFO] ms-clip: launching predict_smi (n_candidates=256)
2026-05-12 13:37:11,890 [INFO] ms-clip: auto-picked GPU 7 (free 24092 MiB)
2026-05-12 13:37:11,891 [INFO] ms-clip: using CUDA_VISIBLE_DEVICES=7
2026-05-12 13:37:11,891 [INFO] ms-clip: launching predict_smi (n_candidates=256)
2026-05-12 13:39:27,418 [WARNING] chat retry attempt 1/3 after APIConnectionError: Error communicating with OpenAI: HTTPSConnectionPool(host='api.viviai.cc', port=443): Max retries exceeded with url: /v1 — sleeping 8.1s (caller=msg_llm_reranker, trace=None)
2026-05-12 13:39:40,490 [WARNING] chat retry attempt 2/3 after APIConnectionError: Error communicating with OpenAI: HTTPSConnectionPool(host='api.viviai.cc', port=443): Max retries exceeded with url: /v1 — sleeping 30.3s (caller=msg_llm_reranker, trace=None)
2026-05-12 13:42:27,543 [WARNING] chat retry attempt 3/3 after APIConnectionError: Error communicating with OpenAI: HTTPSConnectionPool(host='api.viviai.cc', port=443): Max retries exceeded with url: /v1 — sleeping 50.5s (caller=msg_llm_reranker, trace=None)
2026-05-12 13:43:37,088 [INFO] spec 60/500  MassSpecGymID0217950  pool=256  pred=NHHWVRWJDHWKPQ  correct=False  t=385.3s
2026-05-12 13:43:37,222 [INFO] ms-clip: auto-picked GPU 7 (free 24092 MiB)
2026-05-12 13:43:37,223 [INFO] ms-clip: using CUDA_VISIBLE_DEVICES=7
2026-05-12 13:43:37,223 [INFO] ms-clip: launching predict_smi (n_candidates=48)
2026-05-12 13:44:55,764 [INFO] ms-clip: auto-picked GPU 7 (free 17434 MiB)
2026-05-12 13:44:55,764 [INFO] ms-clip: using CUDA_VISIBLE_DEVICES=7
2026-05-12 13:44:55,764 [INFO] ms-clip: launching predict_smi (n_candidates=139)
2026-05-12 13:45:36,431 [INFO] ms-clip: auto-picked GPU 7 (free 20364 MiB)
2026-05-12 13:45:36,432 [INFO] ms-clip: using CUDA_VISIBLE_DEVICES=7
2026-05-12 13:45:36,432 [INFO] ms-clip: launching predict_smi (n_candidates=256)
2026-05-12 13:46:13,061 [INFO] ms-clip: auto-picked GPU 7 (free 24092 MiB)
2026-05-12 13:46:13,062 [INFO] ms-clip: using CUDA_VISIBLE_DEVICES=7
2026-05-12 13:46:13,062 [INFO] ms-clip: launching predict_smi (n_candidates=256)
2026-05-12 13:48:07,893 [WARNING] chat retry attempt 1/3 after APIConnectionError: Error communicating with OpenAI: HTTPSConnectionPool(host='api.viviai.cc', port=443): Max retries exceeded with url: /v1 — sleeping 8.6s (caller=msg_llm_reranker, trace=None)
2026-05-12 13:48:37,990 [INFO] ms-clip: auto-picked GPU 7 (free 24092 MiB)
2026-05-12 13:48:37,990 [INFO] ms-clip: using CUDA_VISIBLE_DEVICES=7
2026-05-12 13:48:37,990 [INFO] ms-clip: launching predict_smi (n_candidates=256)
2026-05-12 13:49:13,167 [INFO] ms-clip: auto-picked GPU 7 (free 24092 MiB)
2026-05-12 13:49:13,167 [INFO] ms-clip: using CUDA_VISIBLE_DEVICES=7
2026-05-12 13:49:13,167 [INFO] ms-clip: launching predict_smi (n_candidates=87)
2026-05-12 13:49:46,583 [INFO] ms-clip: auto-picked GPU 7 (free 24092 MiB)
2026-05-12 13:49:46,583 [INFO] ms-clip: using CUDA_VISIBLE_DEVICES=7
2026-05-12 13:49:46,583 [INFO] ms-clip: launching predict_smi (n_candidates=256)
2026-05-12 13:50:59,673 [INFO] ms-clip: auto-picked GPU 7 (free 15474 MiB)
2026-05-12 13:50:59,673 [INFO] ms-clip: using CUDA_VISIBLE_DEVICES=7
2026-05-12 13:50:59,673 [INFO] ms-clip: launching predict_smi (n_candidates=128)
2026-05-12 13:52:53,794 [WARNING] llm_rerank attempt 1 parse error: no JSON object found
2026-05-12 13:53:22,964 [INFO] ms-clip: auto-picked GPU 7 (free 20364 MiB)
2026-05-12 13:53:22,964 [INFO] ms-clip: using CUDA_VISIBLE_DEVICES=7
2026-05-12 13:53:22,964 [INFO] ms-clip: launching predict_smi (n_candidates=256)
2026-05-12 13:54:35,809 [INFO] ms-clip: auto-picked GPU 7 (free 24092 MiB)
2026-05-12 13:54:35,809 [INFO] ms-clip: using CUDA_VISIBLE_DEVICES=7
2026-05-12 13:54:35,809 [INFO] ms-clip: launching predict_smi (n_candidates=256)
2026-05-12 13:54:54,734 [INFO] spec 70/500  MassSpecGymID0230073  pool=256  pred=NMBMPOIBUFRGRH  correct=False  t=19.1s
2026-05-12 13:54:54,865 [INFO] ms-clip: auto-picked GPU 7 (free 24092 MiB)
2026-05-12 13:54:54,865 [INFO] ms-clip: using CUDA_VISIBLE_DEVICES=7
2026-05-12 13:54:54,865 [INFO] ms-clip: launching predict_smi (n_candidates=21)
2026-05-12 13:56:13,467 [WARNING] llm_rerank attempt 1 parse error: json decode failed: Expecting ',' delimiter: line 1 column 1466 (char 1465)
2026-05-12 13:56:25,366 [INFO] ms-clip: auto-picked GPU 7 (free 24092 MiB)
2026-05-12 13:56:25,366 [INFO] ms-clip: using CUDA_VISIBLE_DEVICES=7
2026-05-12 13:56:25,366 [INFO] ms-clip: launching predict_smi (n_candidates=256)
2026-05-12 13:58:36,295 [WARNING] chat retry attempt 1/3 after APIConnectionError: Error communicating with OpenAI: HTTPSConnectionPool(host='api.viviai.cc', port=443): Max retries exceeded with url: /v1 — sleeping 11.5s (caller=msg_llm_reranker, trace=None)
2026-05-12 14:00:28,610 [WARNING] llm_rerank attempt 1 parse error: json decode failed: Expecting ',' delimiter: line 1 column 1787 (char 1786)
2026-05-12 14:02:24,322 [INFO] ms-clip: auto-picked GPU 7 (free 24092 MiB)
2026-05-12 14:02:24,322 [INFO] ms-clip: using CUDA_VISIBLE_DEVICES=7
2026-05-12 14:02:24,323 [INFO] ms-clip: launching predict_smi (n_candidates=256)
2026-05-12 14:03:04,981 [INFO] ms-clip: auto-picked GPU 7 (free 24092 MiB)
2026-05-12 14:03:04,981 [INFO] ms-clip: using CUDA_VISIBLE_DEVICES=7
2026-05-12 14:03:04,981 [INFO] ms-clip: launching predict_smi (n_candidates=136)
2026-05-12 14:03:40,452 [WARNING] llm_rerank attempt 1 parse error: json decode failed: Expecting ',' delimiter: line 1 column 1500 (char 1499)
2026-05-12 14:04:07,651 [INFO] ms-clip: auto-picked GPU 7 (free 24092 MiB)
2026-05-12 14:04:07,651 [INFO] ms-clip: using CUDA_VISIBLE_DEVICES=7
2026-05-12 14:04:07,652 [INFO] ms-clip: launching predict_smi (n_candidates=222)
2026-05-12 14:04:30,816 [INFO] ms-clip: auto-picked GPU 7 (free 24092 MiB)
2026-05-12 14:04:30,816 [INFO] ms-clip: using CUDA_VISIBLE_DEVICES=7
2026-05-12 14:04:30,816 [INFO] ms-clip: launching predict_smi (n_candidates=256)
2026-05-12 14:05:37,482 [INFO] ms-clip: auto-picked GPU 7 (free 21112 MiB)
2026-05-12 14:05:37,482 [INFO] ms-clip: using CUDA_VISIBLE_DEVICES=7
2026-05-12 14:05:37,482 [INFO] ms-clip: launching predict_smi (n_candidates=256)
2026-05-12 14:06:09,054 [INFO] ms-clip: auto-picked GPU 7 (free 24092 MiB)
2026-05-12 14:06:09,055 [INFO] ms-clip: using CUDA_VISIBLE_DEVICES=7
2026-05-12 14:06:09,055 [INFO] ms-clip: launching predict_smi (n_candidates=256)
2026-05-12 14:08:05,984 [WARNING] chat retry attempt 1/3 after APIConnectionError: Error communicating with OpenAI: HTTPSConnectionPool(host='api.viviai.cc', port=443): Max retries exceeded with url: /v1 — sleeping 9.3s (caller=msg_llm_reranker, trace=None)
2026-05-12 14:08:37,444 [INFO] ms-clip: auto-picked GPU 7 (free 24092 MiB)
2026-05-12 14:08:37,445 [INFO] ms-clip: using CUDA_VISIBLE_DEVICES=7
2026-05-12 14:08:37,445 [INFO] ms-clip: launching predict_smi (n_candidates=256)
2026-05-12 14:09:15,888 [INFO] ms-clip: auto-picked GPU 7 (free 24092 MiB)
2026-05-12 14:09:15,888 [INFO] ms-clip: using CUDA_VISIBLE_DEVICES=7
2026-05-12 14:09:15,889 [INFO] ms-clip: launching predict_smi (n_candidates=256)
2026-05-12 14:09:44,447 [INFO] spec 80/500  MassSpecGymID0207631  pool=256  pred=JEJVVLKQKGDPOE  correct=True  t=28.7s
2026-05-12 14:09:44,577 [INFO] ms-clip: auto-picked GPU 7 (free 24092 MiB)
2026-05-12 14:09:44,577 [INFO] ms-clip: using CUDA_VISIBLE_DEVICES=7
2026-05-12 14:09:44,577 [INFO] ms-clip: launching predict_smi (n_candidates=256)
2026-05-12 14:11:55,795 [WARNING] chat retry attempt 1/3 after APIConnectionError: Error communicating with OpenAI: HTTPSConnectionPool(host='api.viviai.cc', port=443): Max retries exceeded with url: /v1 — sleeping 8.6s (caller=msg_llm_reranker, trace=None)
2026-05-12 14:12:29,326 [INFO] ms-clip: auto-picked GPU 7 (free 24092 MiB)
2026-05-12 14:12:29,327 [INFO] ms-clip: using CUDA_VISIBLE_DEVICES=7
2026-05-12 14:12:29,327 [INFO] ms-clip: launching predict_smi (n_candidates=243)
2026-05-12 14:13:09,755 [INFO] ms-clip: auto-picked GPU 7 (free 24092 MiB)
2026-05-12 14:13:09,755 [INFO] ms-clip: using CUDA_VISIBLE_DEVICES=7
2026-05-12 14:13:09,756 [INFO] ms-clip: launching predict_smi (n_candidates=256)
2026-05-12 14:13:26,697 [WARNING] chat retry attempt 1/3 after APIConnectionError: Error communicating with OpenAI: HTTPSConnectionPool(host='api.viviai.cc', port=443): Max retries exceeded with url: /v1 — sleeping 9.9s (caller=msg_llm_reranker, trace=None)
2026-05-12 14:14:01,752 [INFO] ms-clip: auto-picked GPU 7 (free 24092 MiB)
2026-05-12 14:14:01,752 [INFO] ms-clip: using CUDA_VISIBLE_DEVICES=7
2026-05-12 14:14:01,752 [INFO] ms-clip: launching predict_smi (n_candidates=116)
2026-05-12 14:14:48,071 [INFO] ms-clip: auto-picked GPU 7 (free 24092 MiB)
2026-05-12 14:14:48,071 [INFO] ms-clip: using CUDA_VISIBLE_DEVICES=7
2026-05-12 14:14:48,072 [INFO] ms-clip: launching predict_smi (n_candidates=256)
2026-05-12 14:15:22,005 [INFO] ms-clip: auto-picked GPU 7 (free 24092 MiB)
2026-05-12 14:15:22,006 [INFO] ms-clip: using CUDA_VISIBLE_DEVICES=7
2026-05-12 14:15:22,006 [INFO] ms-clip: launching predict_smi (n_candidates=256)
2026-05-12 14:15:48,808 [INFO] ms-clip: auto-picked GPU 7 (free 24092 MiB)
2026-05-12 14:15:48,808 [INFO] ms-clip: using CUDA_VISIBLE_DEVICES=7
2026-05-12 14:15:48,808 [INFO] ms-clip: launching predict_smi (n_candidates=171)
2026-05-12 14:17:28,029 [INFO] ms-clip: auto-picked GPU 7 (free 17392 MiB)
2026-05-12 14:17:28,029 [INFO] ms-clip: using CUDA_VISIBLE_DEVICES=7
2026-05-12 14:17:28,029 [INFO] ms-clip: launching predict_smi (n_candidates=256)
2026-05-12 14:17:45,822 [INFO] ms-clip: auto-picked GPU 7 (free 24092 MiB)
2026-05-12 14:17:45,822 [INFO] ms-clip: using CUDA_VISIBLE_DEVICES=7
2026-05-12 14:17:45,822 [INFO] ms-clip: launching predict_smi (n_candidates=108)
2026-05-12 14:19:40,547 [INFO] ms-clip: auto-picked GPU 7 (free 24092 MiB)
2026-05-12 14:19:40,547 [INFO] ms-clip: using CUDA_VISIBLE_DEVICES=7
2026-05-12 14:19:40,547 [INFO] ms-clip: launching predict_smi (n_candidates=256)
2026-05-12 14:20:14,205 [INFO] spec 90/500  MassSpecGymID0276007  pool=256  pred=SHTMQLNCDNFTHH  correct=False  t=33.8s
2026-05-12 14:20:14,339 [INFO] ms-clip: auto-picked GPU 7 (free 24092 MiB)
2026-05-12 14:20:14,339 [INFO] ms-clip: using CUDA_VISIBLE_DEVICES=7
2026-05-12 14:20:14,339 [INFO] ms-clip: launching predict_smi (n_candidates=229)
2026-05-12 14:22:06,307 [INFO] ms-clip: auto-picked GPU 7 (free 24092 MiB)
2026-05-12 14:22:06,308 [INFO] ms-clip: using CUDA_VISIBLE_DEVICES=7
2026-05-12 14:22:06,308 [INFO] ms-clip: launching predict_smi (n_candidates=256)
2026-05-12 14:24:29,055 [WARNING] chat retry attempt 1/3 after APIConnectionError: Error communicating with OpenAI: HTTPSConnectionPool(host='api.viviai.cc', port=443): Max retries exceeded with url: /v1 — sleeping 8.9s (caller=msg_llm_reranker, trace=None)
2026-05-12 14:27:07,661 [WARNING] chat retry attempt 2/3 after APIConnectionError: Error communicating with OpenAI: HTTPSConnectionPool(host='api.viviai.cc', port=443): Max retries exceeded with url: /v1 — sleeping 25.9s (caller=msg_llm_reranker, trace=None)
2026-05-12 14:27:54,805 [INFO] ms-clip: auto-picked GPU 7 (free 24092 MiB)
2026-05-12 14:27:54,806 [INFO] ms-clip: using CUDA_VISIBLE_DEVICES=7
2026-05-12 14:27:54,806 [INFO] ms-clip: launching predict_smi (n_candidates=256)
2026-05-12 14:28:22,894 [INFO] ms-clip: auto-picked GPU 7 (free 24092 MiB)
2026-05-12 14:28:22,895 [INFO] ms-clip: using CUDA_VISIBLE_DEVICES=7
2026-05-12 14:28:22,895 [INFO] ms-clip: launching predict_smi (n_candidates=137)
2026-05-12 14:28:53,703 [INFO] ms-clip: auto-picked GPU 7 (free 24092 MiB)
2026-05-12 14:28:53,703 [INFO] ms-clip: using CUDA_VISIBLE_DEVICES=7
2026-05-12 14:28:53,704 [INFO] ms-clip: launching predict_smi (n_candidates=256)
2026-05-12 14:29:51,752 [INFO] ms-clip: auto-picked GPU 7 (free 24092 MiB)
2026-05-12 14:29:51,752 [INFO] ms-clip: using CUDA_VISIBLE_DEVICES=7
2026-05-12 14:29:51,753 [INFO] ms-clip: launching predict_smi (n_candidates=256)
2026-05-12 14:30:21,683 [INFO] ms-clip: auto-picked GPU 7 (free 24092 MiB)
2026-05-12 14:30:21,683 [INFO] ms-clip: using CUDA_VISIBLE_DEVICES=7
2026-05-12 14:30:21,683 [INFO] ms-clip: launching predict_smi (n_candidates=256)
2026-05-12 14:31:34,574 [WARNING] chat retry attempt 1/3 after APIConnectionError: Error communicating with OpenAI: HTTPSConnectionPool(host='api.viviai.cc', port=443): Max retries exceeded with url: /v1 — sleeping 8.6s (caller=msg_llm_reranker, trace=None)
2026-05-12 14:32:17,223 [INFO] ms-clip: auto-picked GPU 7 (free 24092 MiB)
2026-05-12 14:32:17,223 [INFO] ms-clip: using CUDA_VISIBLE_DEVICES=7
2026-05-12 14:32:17,223 [INFO] ms-clip: launching predict_smi (n_candidates=190)
2026-05-12 14:33:27,639 [INFO] ms-clip: auto-picked GPU 7 (free 17392 MiB)
2026-05-12 14:33:27,639 [INFO] ms-clip: using CUDA_VISIBLE_DEVICES=7
2026-05-12 14:33:27,639 [INFO] ms-clip: launching predict_smi (n_candidates=20)
2026-05-12 14:33:43,938 [WARNING] chat retry attempt 1/3 after APIConnectionError: Error communicating with OpenAI: HTTPSConnectionPool(host='api.viviai.cc', port=443): Max retries exceeded with url: /v1 — sleeping 11.1s (caller=msg_llm_reranker, trace=None)
2026-05-12 14:34:27,193 [WARNING] llm_rerank attempt 1 parse error: no JSON object found
2026-05-12 14:35:32,303 [INFO] ms-clip: auto-picked GPU 7 (free 24092 MiB)
2026-05-12 14:35:32,303 [INFO] ms-clip: using CUDA_VISIBLE_DEVICES=7
2026-05-12 14:35:32,304 [INFO] ms-clip: launching predict_smi (n_candidates=127)
2026-05-12 14:35:56,329 [INFO] spec 100/500  MassSpecGymID0189208  pool=127  pred=VCDMHIARBYKHSB  correct=False  t=24.2s
2026-05-12 14:35:56,463 [INFO] ms-clip: auto-picked GPU 7 (free 24092 MiB)
2026-05-12 14:35:56,464 [INFO] ms-clip: using CUDA_VISIBLE_DEVICES=7
2026-05-12 14:35:56,464 [INFO] ms-clip: launching predict_smi (n_candidates=56)
2026-05-12 14:36:24,773 [INFO] ms-clip: auto-picked GPU 7 (free 24092 MiB)
2026-05-12 14:36:24,773 [INFO] ms-clip: using CUDA_VISIBLE_DEVICES=7
2026-05-12 14:36:24,773 [INFO] ms-clip: launching predict_smi (n_candidates=256)
2026-05-12 14:37:07,917 [INFO] ms-clip: auto-picked GPU 7 (free 24092 MiB)
2026-05-12 14:37:07,917 [INFO] ms-clip: using CUDA_VISIBLE_DEVICES=7
2026-05-12 14:37:07,917 [INFO] ms-clip: launching predict_smi (n_candidates=256)
2026-05-12 14:37:28,649 [INFO] ms-clip: auto-picked GPU 7 (free 24092 MiB)
2026-05-12 14:37:28,650 [INFO] ms-clip: using CUDA_VISIBLE_DEVICES=7
2026-05-12 14:37:28,650 [INFO] ms-clip: launching predict_smi (n_candidates=256)
2026-05-12 14:40:05,737 [INFO] ms-clip: auto-picked GPU 7 (free 24092 MiB)
2026-05-12 14:40:05,737 [INFO] ms-clip: using CUDA_VISIBLE_DEVICES=7
2026-05-12 14:40:05,737 [INFO] ms-clip: launching predict_smi (n_candidates=78)
2026-05-12 14:41:22,488 [INFO] ms-clip: auto-picked GPU 7 (free 24092 MiB)
2026-05-12 14:41:22,488 [INFO] ms-clip: using CUDA_VISIBLE_DEVICES=7
2026-05-12 14:41:22,488 [INFO] ms-clip: launching predict_smi (n_candidates=175)
2026-05-12 14:41:45,161 [INFO] ms-clip: auto-picked GPU 7 (free 24092 MiB)
2026-05-12 14:41:45,162 [INFO] ms-clip: using CUDA_VISIBLE_DEVICES=7
2026-05-12 14:41:45,162 [INFO] ms-clip: launching predict_smi (n_candidates=256)
2026-05-12 14:42:39,310 [WARNING] llm_rerank attempt 1 parse error: no JSON object found
2026-05-12 14:43:06,348 [INFO] ms-clip: auto-picked GPU 7 (free 24092 MiB)
2026-05-12 14:43:06,348 [INFO] ms-clip: using CUDA_VISIBLE_DEVICES=7
2026-05-12 14:43:06,348 [INFO] ms-clip: launching predict_smi (n_candidates=110)
2026-05-12 14:43:32,292 [INFO] ms-clip: auto-picked GPU 7 (free 24092 MiB)
2026-05-12 14:43:32,292 [INFO] ms-clip: using CUDA_VISIBLE_DEVICES=7
2026-05-12 14:43:32,292 [INFO] ms-clip: launching predict_smi (n_candidates=31)
2026-05-12 14:44:25,419 [INFO] ms-clip: auto-picked GPU 7 (free 24092 MiB)
2026-05-12 14:44:25,420 [INFO] ms-clip: using CUDA_VISIBLE_DEVICES=7
2026-05-12 14:44:25,420 [INFO] ms-clip: launching predict_smi (n_candidates=256)
2026-05-12 14:45:02,572 [INFO] spec 110/500  MassSpecGymID0217685  pool=256  pred=IPJLKPWXBCNKLW  correct=True  t=37.3s
2026-05-12 14:45:02,705 [INFO] ms-clip: auto-picked GPU 7 (free 24092 MiB)
2026-05-12 14:45:02,705 [INFO] ms-clip: using CUDA_VISIBLE_DEVICES=7
2026-05-12 14:45:02,705 [INFO] ms-clip: launching predict_smi (n_candidates=91)
2026-05-12 14:45:37,518 [INFO] ms-clip: auto-picked GPU 7 (free 24092 MiB)
2026-05-12 14:45:37,518 [INFO] ms-clip: using CUDA_VISIBLE_DEVICES=7
2026-05-12 14:45:37,519 [INFO] ms-clip: launching predict_smi (n_candidates=84)
2026-05-12 14:47:36,408 [WARNING] chat retry attempt 1/3 after APIConnectionError: Error communicating with OpenAI: HTTPSConnectionPool(host='api.viviai.cc', port=443): Max retries exceeded with url: /v1 — sleeping 8.6s (caller=msg_llm_reranker, trace=None)
2026-05-12 14:47:50,026 [WARNING] chat retry attempt 2/3 after APIConnectionError: Error communicating with OpenAI: HTTPSConnectionPool(host='api.viviai.cc', port=443): Max retries exceeded with url: /v1 — sleeping 32.6s (caller=msg_llm_reranker, trace=None)
2026-05-12 14:48:27,677 [WARNING] chat retry attempt 3/3 after APIConnectionError: Error communicating with OpenAI: HTTPSConnectionPool(host='api.viviai.cc', port=443): Max retries exceeded with url: /v1 — sleeping 60.9s (caller=msg_llm_reranker, trace=None)
2026-05-12 14:49:53,294 [INFO] ms-clip: auto-picked GPU 7 (free 24092 MiB)
2026-05-12 14:49:53,294 [INFO] ms-clip: using CUDA_VISIBLE_DEVICES=7
2026-05-12 14:49:53,294 [INFO] ms-clip: launching predict_smi (n_candidates=170)
2026-05-12 14:51:37,635 [WARNING] chat retry attempt 1/3 after APIConnectionError: Error communicating with OpenAI: HTTPSConnectionPool(host='api.viviai.cc', port=443): Max retries exceeded with url: /v1 — sleeping 8.1s (caller=msg_llm_reranker, trace=None)
2026-05-12 14:53:36,521 [WARNING] llm_rerank attempt 1 parse error: no JSON object found
2026-05-12 14:54:45,006 [INFO] ms-clip: auto-picked GPU 7 (free 24092 MiB)
2026-05-12 14:54:45,006 [INFO] ms-clip: using CUDA_VISIBLE_DEVICES=7
2026-05-12 14:54:45,006 [INFO] ms-clip: launching predict_smi (n_candidates=163)
2026-05-12 14:55:33,202 [INFO] ms-clip: auto-picked GPU 7 (free 24092 MiB)
2026-05-12 14:55:33,202 [INFO] ms-clip: using CUDA_VISIBLE_DEVICES=7
2026-05-12 14:55:33,202 [INFO] ms-clip: launching predict_smi (n_candidates=94)
2026-05-12 14:56:05,589 [INFO] ms-clip: auto-picked GPU 7 (free 24092 MiB)
2026-05-12 14:56:05,590 [INFO] ms-clip: using CUDA_VISIBLE_DEVICES=7
2026-05-12 14:56:05,590 [INFO] ms-clip: launching predict_smi (n_candidates=125)
2026-05-12 14:56:40,598 [INFO] ms-clip: auto-picked GPU 7 (free 24092 MiB)
2026-05-12 14:56:40,598 [INFO] ms-clip: using CUDA_VISIBLE_DEVICES=7
2026-05-12 14:56:40,598 [INFO] ms-clip: launching predict_smi (n_candidates=256)
2026-05-12 14:57:58,269 [WARNING] llm_rerank attempt 1 parse error: no JSON object found
2026-05-12 14:58:03,276 [WARNING] chat retry attempt 1/3 after APIConnectionError: Error communicating with OpenAI: HTTPSConnectionPool(host='api.viviai.cc', port=443): Max retries exceeded with url: /v1 — sleeping 10.2s (caller=msg_llm_reranker, trace=None)
2026-05-12 14:58:42,099 [INFO] ms-clip: auto-picked GPU 7 (free 24092 MiB)
2026-05-12 14:58:42,099 [INFO] ms-clip: using CUDA_VISIBLE_DEVICES=7
2026-05-12 14:58:42,099 [INFO] ms-clip: launching predict_smi (n_candidates=256)
2026-05-12 14:58:58,219 [WARNING] chat retry attempt 1/3 after APIConnectionError: Error communicating with OpenAI: HTTPSConnectionPool(host='api.viviai.cc', port=443): Max retries exceeded with url: /v1 — sleeping 10.2s (caller=msg_llm_reranker, trace=None)
2026-05-12 14:59:35,312 [INFO] ms-clip: auto-picked GPU 7 (free 24092 MiB)
2026-05-12 14:59:35,312 [INFO] ms-clip: using CUDA_VISIBLE_DEVICES=7
2026-05-12 14:59:35,312 [INFO] ms-clip: launching predict_smi (n_candidates=256)
2026-05-12 15:00:43,377 [WARNING] llm_rerank attempt 1 parse error: json decode failed: Expecting ',' delimiter: line 1 column 1677 (char 1676)
2026-05-12 15:00:53,995 [INFO] ms-clip: auto-picked GPU 7 (free 24092 MiB)
2026-05-12 15:00:53,995 [INFO] ms-clip: using CUDA_VISIBLE_DEVICES=7
2026-05-12 15:00:53,995 [INFO] ms-clip: launching predict_smi (n_candidates=114)
2026-05-12 15:01:10,239 [WARNING] chat retry attempt 1/3 after APIConnectionError: Error communicating with OpenAI: HTTPSConnectionPool(host='api.viviai.cc', port=443): Max retries exceeded with url: /v1 — sleeping 10.2s (caller=msg_llm_reranker, trace=None)
2026-05-12 15:01:47,031 [INFO] spec 120/500  MassSpecGymID0202068  pool=114  pred=LGBAXIUOXKGKOU  correct=False  t=53.2s
2026-05-12 15:01:47,137 [INFO] ms-clip: auto-picked GPU 7 (free 24092 MiB)
2026-05-12 15:01:47,137 [INFO] ms-clip: using CUDA_VISIBLE_DEVICES=7
2026-05-12 15:01:47,137 [INFO] ms-clip: launching predict_smi (n_candidates=16)
2026-05-12 15:02:13,027 [INFO] ms-clip: auto-picked GPU 7 (free 24092 MiB)
2026-05-12 15:02:13,027 [INFO] ms-clip: using CUDA_VISIBLE_DEVICES=7
2026-05-12 15:02:13,027 [INFO] ms-clip: launching predict_smi (n_candidates=31)
2026-05-12 15:04:16,223 [WARNING] chat retry attempt 1/3 after APIConnectionError: Error communicating with OpenAI: HTTPSConnectionPool(host='api.viviai.cc', port=443): Max retries exceeded with url: /v1 — sleeping 8.4s (caller=msg_llm_reranker, trace=None)
2026-05-12 15:06:30,984 [WARNING] chat retry attempt 2/3 after APIConnectionError: Error communicating with OpenAI: HTTPSConnectionPool(host='api.viviai.cc', port=443): Max retries exceeded with url: /v1 — sleeping 29.0s (caller=msg_llm_reranker, trace=None)
2026-05-12 15:09:16,806 [WARNING] chat retry attempt 3/3 after APIConnectionError: Error communicating with OpenAI: HTTPSConnectionPool(host='api.viviai.cc', port=443): Max retries exceeded with url: /v1 — sleeping 53.3s (caller=msg_llm_reranker, trace=None)
2026-05-12 15:11:58,438 [WARNING] llm_rerank attempt 1 chat_fn failed: Error communicating with OpenAI: HTTPSConnectionPool(host='api.viviai.cc', port=443): Max retries exceeded with url: /v1/chat/completions (Caused by ProxyError('Unable to connect to proxy', RemoteDisconnected('Remote end closed connection without response')))
2026-05-12 15:12:03,444 [WARNING] chat retry attempt 1/3 after APIConnectionError: Error communicating with OpenAI: HTTPSConnectionPool(host='api.viviai.cc', port=443): Max retries exceeded with url: /v1 — sleeping 11.8s (caller=msg_llm_reranker, trace=None)
2026-05-12 15:14:04,309 [WARNING] chat retry attempt 2/3 after APIConnectionError: Error communicating with OpenAI: HTTPSConnectionPool(host='api.viviai.cc', port=443): Max retries exceeded with url: /v1 — sleeping 29.8s (caller=msg_llm_reranker, trace=None)
2026-05-12 15:16:28,593 [WARNING] chat retry attempt 3/3 after APIConnectionError: Error communicating with OpenAI: HTTPSConnectionPool(host='api.viviai.cc', port=443): Max retries exceeded with url: /v1 — sleeping 59.4s (caller=msg_llm_reranker, trace=None)
2026-05-12 15:17:49,643 [INFO] ms-clip: auto-picked GPU 7 (free 24092 MiB)
2026-05-12 15:17:49,643 [INFO] ms-clip: using CUDA_VISIBLE_DEVICES=7
2026-05-12 15:17:49,643 [INFO] ms-clip: launching predict_smi (n_candidates=86)
2026-05-12 15:18:05,895 [WARNING] chat retry attempt 1/3 after APIConnectionError: Error communicating with OpenAI: HTTPSConnectionPool(host='api.viviai.cc', port=443): Max retries exceeded with url: /v1 — sleeping 11.5s (caller=msg_llm_reranker, trace=None)
2026-05-12 15:18:56,634 [INFO] ms-clip: auto-picked GPU 7 (free 24092 MiB)
2026-05-12 15:18:56,635 [INFO] ms-clip: using CUDA_VISIBLE_DEVICES=7
2026-05-12 15:18:56,635 [INFO] ms-clip: launching predict_smi (n_candidates=256)
2026-05-12 15:19:30,555 [INFO] ms-clip: auto-picked GPU 7 (free 24092 MiB)
2026-05-12 15:19:30,555 [INFO] ms-clip: using CUDA_VISIBLE_DEVICES=7
2026-05-12 15:19:30,555 [INFO] ms-clip: launching predict_smi (n_candidates=90)
2026-05-12 15:20:12,355 [INFO] ms-clip: auto-picked GPU 7 (free 24092 MiB)
2026-05-12 15:20:12,356 [INFO] ms-clip: using CUDA_VISIBLE_DEVICES=7
2026-05-12 15:20:12,356 [INFO] ms-clip: launching predict_smi (n_candidates=40)
2026-05-12 15:20:56,075 [INFO] ms-clip: auto-picked GPU 7 (free 24092 MiB)
2026-05-12 15:20:56,076 [INFO] ms-clip: using CUDA_VISIBLE_DEVICES=7
2026-05-12 15:20:56,076 [INFO] ms-clip: launching predict_smi (n_candidates=42)
2026-05-12 15:22:14,941 [INFO] ms-clip: auto-picked GPU 7 (free 24092 MiB)
2026-05-12 15:22:14,942 [INFO] ms-clip: using CUDA_VISIBLE_DEVICES=7
2026-05-12 15:22:14,942 [INFO] ms-clip: launching predict_smi (n_candidates=32)
2026-05-12 15:22:59,413 [INFO] ms-clip: auto-picked GPU 7 (free 24092 MiB)
2026-05-12 15:22:59,413 [INFO] ms-clip: using CUDA_VISIBLE_DEVICES=7
2026-05-12 15:22:59,413 [INFO] ms-clip: launching predict_smi (n_candidates=256)
2026-05-12 15:24:06,041 [WARNING] llm_rerank attempt 1 parse error: json decode failed: Expecting ',' delimiter: line 1 column 133 (char 132)
2026-05-12 15:25:15,996 [INFO] ms-clip: auto-picked GPU 7 (free 24092 MiB)
2026-05-12 15:25:15,996 [INFO] ms-clip: using CUDA_VISIBLE_DEVICES=7
2026-05-12 15:25:15,997 [INFO] ms-clip: launching predict_smi (n_candidates=256)
2026-05-12 15:25:38,545 [INFO] spec 130/500  MassSpecGymID0376694  pool=256  pred=FIMFCNOCHSNMGO  correct=False  t=22.7s
2026-05-12 15:25:38,673 [INFO] ms-clip: auto-picked GPU 7 (free 24092 MiB)
2026-05-12 15:25:38,673 [INFO] ms-clip: using CUDA_VISIBLE_DEVICES=7
2026-05-12 15:25:38,673 [INFO] ms-clip: launching predict_smi (n_candidates=256)
2026-05-12 15:26:12,530 [INFO] ms-clip: auto-picked GPU 7 (free 24092 MiB)
2026-05-12 15:26:12,530 [INFO] ms-clip: using CUDA_VISIBLE_DEVICES=7
2026-05-12 15:26:12,530 [INFO] ms-clip: launching predict_smi (n_candidates=84)
2026-05-12 15:26:36,495 [INFO] ms-clip: auto-picked GPU 7 (free 24092 MiB)
2026-05-12 15:26:36,495 [INFO] ms-clip: using CUDA_VISIBLE_DEVICES=7
2026-05-12 15:26:36,495 [INFO] ms-clip: launching predict_smi (n_candidates=256)
2026-05-12 15:26:58,053 [INFO] ms-clip: auto-picked GPU 7 (free 24092 MiB)
2026-05-12 15:26:58,053 [INFO] ms-clip: using CUDA_VISIBLE_DEVICES=7
2026-05-12 15:26:58,053 [INFO] ms-clip: launching predict_smi (n_candidates=256)
2026-05-12 15:27:54,621 [INFO] ms-clip: auto-picked GPU 7 (free 24092 MiB)
2026-05-12 15:27:54,621 [INFO] ms-clip: using CUDA_VISIBLE_DEVICES=7
2026-05-12 15:27:54,621 [INFO] ms-clip: launching predict_smi (n_candidates=256)
2026-05-12 15:29:31,771 [WARNING] llm_rerank attempt 1 parse error: no JSON object found
2026-05-12 15:30:31,740 [INFO] ms-clip: auto-picked GPU 7 (free 24092 MiB)
2026-05-12 15:30:31,740 [INFO] ms-clip: using CUDA_VISIBLE_DEVICES=7
2026-05-12 15:30:31,740 [INFO] ms-clip: launching predict_smi (n_candidates=256)
2026-05-12 15:31:08,428 [INFO] ms-clip: auto-picked GPU 7 (free 24092 MiB)
2026-05-12 15:31:08,428 [INFO] ms-clip: using CUDA_VISIBLE_DEVICES=7
2026-05-12 15:31:08,428 [INFO] ms-clip: launching predict_smi (n_candidates=256)
2026-05-12 15:33:20,842 [WARNING] chat retry attempt 1/3 after APIConnectionError: Error communicating with OpenAI: HTTPSConnectionPool(host='api.viviai.cc', port=443): Max retries exceeded with url: /v1 — sleeping 10.7s (caller=msg_llm_reranker, trace=None)
2026-05-12 15:35:30,658 [INFO] ms-clip: auto-picked GPU 7 (free 24092 MiB)
2026-05-12 15:35:30,659 [INFO] ms-clip: using CUDA_VISIBLE_DEVICES=7
2026-05-12 15:35:30,659 [INFO] ms-clip: launching predict_smi (n_candidates=107)
2026-05-12 15:38:38,998 [WARNING] chat retry attempt 1/3 after APIConnectionError: Error communicating with OpenAI: HTTPSConnectionPool(host='api.viviai.cc', port=443): Max retries exceeded with url: /v1 — sleeping 9.6s (caller=msg_llm_reranker, trace=None)
2026-05-12 15:39:20,727 [INFO] ms-clip: auto-picked GPU 7 (free 24092 MiB)
2026-05-12 15:39:20,728 [INFO] ms-clip: using CUDA_VISIBLE_DEVICES=7
2026-05-12 15:39:20,728 [INFO] ms-clip: launching predict_smi (n_candidates=1)
2026-05-12 15:39:57,831 [INFO] ms-clip: auto-picked GPU 7 (free 24092 MiB)
2026-05-12 15:39:57,831 [INFO] ms-clip: using CUDA_VISIBLE_DEVICES=7
2026-05-12 15:39:57,832 [INFO] ms-clip: launching predict_smi (n_candidates=256)
2026-05-12 15:41:42,493 [WARNING] chat retry attempt 1/3 after APIConnectionError: Error communicating with OpenAI: HTTPSConnectionPool(host='api.viviai.cc', port=443): Max retries exceeded with url: /v1 — sleeping 8.3s (caller=msg_llm_reranker, trace=None)
2026-05-12 15:42:57,488 [WARNING] chat retry attempt 2/3 after APIConnectionError: Error communicating with OpenAI: HTTPSConnectionPool(host='api.viviai.cc', port=443): Max retries exceeded with url: /v1 — sleeping 30.3s (caller=msg_llm_reranker, trace=None)
2026-05-12 15:45:22,460 [WARNING] chat retry attempt 3/3 after APIConnectionError: Error communicating with OpenAI: HTTPSConnectionPool(host='api.viviai.cc', port=443): Max retries exceeded with url: /v1 — sleeping 63.5s (caller=msg_llm_reranker, trace=None)
2026-05-12 15:48:56,024 [INFO] spec 140/500  MassSpecGymID0376415  pool=256  pred=DDWGPISMJXHAPO  correct=False  t=538.3s
2026-05-12 15:48:56,160 [INFO] ms-clip: auto-picked GPU 7 (free 24092 MiB)
2026-05-12 15:48:56,160 [INFO] ms-clip: using CUDA_VISIBLE_DEVICES=7
2026-05-12 15:48:56,161 [INFO] ms-clip: launching predict_smi (n_candidates=256)
2026-05-12 15:51:12,104 [WARNING] chat retry attempt 1/3 after APIConnectionError: Error communicating with OpenAI: HTTPSConnectionPool(host='api.viviai.cc', port=443): Max retries exceeded with url: /v1 — sleeping 11.5s (caller=msg_llm_reranker, trace=None)
2026-05-12 15:53:43,614 [WARNING] chat retry attempt 2/3 after APIConnectionError: Error communicating with OpenAI: HTTPSConnectionPool(host='api.viviai.cc', port=443): Max retries exceeded with url: /v1 — sleeping 28.3s (caller=msg_llm_reranker, trace=None)
2026-05-12 15:56:08,311 [WARNING] chat retry attempt 3/3 after APIConnectionError: Error communicating with OpenAI: HTTPSConnectionPool(host='api.viviai.cc', port=443): Max retries exceeded with url: /v1 — sleeping 55.2s (caller=msg_llm_reranker, trace=None)
2026-05-12 15:59:58,333 [WARNING] llm_rerank attempt 1 chat_fn failed: Error communicating with OpenAI: HTTPSConnectionPool(host='api.viviai.cc', port=443): Max retries exceeded with url: /v1/chat/completions (Caused by ProxyError('Unable to connect to proxy', RemoteDisconnected('Remote end closed connection without response')))
2026-05-12 16:02:08,938 [WARNING] chat retry attempt 1/3 after APIConnectionError: Error communicating with OpenAI: HTTPSConnectionPool(host='api.viviai.cc', port=443): Max retries exceeded with url: /v1 — sleeping 8.5s (caller=msg_llm_reranker, trace=None)
2026-05-12 16:02:22,434 [WARNING] chat retry attempt 2/3 after APIConnectionError: Error communicating with OpenAI: HTTPSConnectionPool(host='api.viviai.cc', port=443): Max retries exceeded with url: /v1 — sleeping 27.8s (caller=msg_llm_reranker, trace=None)
2026-05-12 16:05:03,525 [WARNING] chat retry attempt 3/3 after APIConnectionError: Error communicating with OpenAI: HTTPSConnectionPool(host='api.viviai.cc', port=443): Max retries exceeded with url: /v1 — sleeping 60.0s (caller=msg_llm_reranker, trace=None)
2026-05-12 16:06:08,614 [WARNING] llm_rerank attempt 2 chat_fn failed: Error communicating with OpenAI: HTTPSConnectionPool(host='api.viviai.cc', port=443): Max retries exceeded with url: /v1/chat/completions (Caused by SSLError(SSLZeroReturnError(6, 'TLS/SSL connection has been closed (EOF) (_ssl.c:1147)')))
2026-05-12 16:06:08,742 [INFO] ms-clip: auto-picked GPU 7 (free 24092 MiB)
2026-05-12 16:06:08,742 [INFO] ms-clip: using CUDA_VISIBLE_DEVICES=7
2026-05-12 16:06:08,743 [INFO] ms-clip: launching predict_smi (n_candidates=71)
2026-05-12 16:06:24,865 [WARNING] chat retry attempt 1/3 after APIConnectionError: Error communicating with OpenAI: HTTPSConnectionPool(host='api.viviai.cc', port=443): Max retries exceeded with url: /v1 — sleeping 9.1s (caller=msg_llm_reranker, trace=None)
2026-05-12 16:06:38,994 [WARNING] chat retry attempt 2/3 after APIConnectionError: Error communicating with OpenAI: HTTPSConnectionPool(host='api.viviai.cc', port=443): Max retries exceeded with url: /v1 — sleeping 30.7s (caller=msg_llm_reranker, trace=None)
2026-05-12 16:08:45,113 [WARNING] chat retry attempt 3/3 after APIConnectionError: Error communicating with OpenAI: HTTPSConnectionPool(host='api.viviai.cc', port=443): Max retries exceeded with url: /v1 — sleeping 65.3s (caller=msg_llm_reranker, trace=None)
2026-05-12 16:09:52,440 [INFO] error_code=bad_response_status_code error_message=openai_error error_param= error_type=bad_response_status_code message='OpenAI API error received' stream_error=False
2026-05-12 16:09:52,440 [WARNING] llm_rerank attempt 1 chat_fn failed: openai_error {"error":{"message":"openai_error","type":"bad_response_status_code","param":"","code":"bad_response_status_code"}} 502 {'error': {'message': 'openai_error', 'type': 'bad_response_status_code', 'param': '', 'code': 'bad_response_status_code'}} {'Server': 'nginx', 'Date': 'Tue, 12 May 2026 08:09:52 GMT', 'Content-Type': 'application/json; charset=utf-8', 'Content-Length': '115', 'Connection': 'keep-alive', 'X-New-Api-Version': 'v0.13.0', 'X-Oneapi-Request-Id': '202605120809522698433968268d9d6XPT5ttau'}
2026-05-12 16:09:52,919 [INFO] error_code=bad_response_status_code error_message=openai_error error_param= error_type=bad_response_status_code message='OpenAI API error received' stream_error=False
2026-05-12 16:09:52,919 [WARNING] chat retry attempt 1/3 after APIError: openai_error {"error":{"message":"openai_error","type":"bad_response_status_code","param":"","code":"bad_response_status — sleeping 11.0s (caller=msg_llm_reranker, trace=None)
2026-05-12 16:10:04,245 [INFO] error_code=bad_response_status_code error_message=openai_error error_param= error_type=bad_response_status_code message='OpenAI API error received' stream_error=False
2026-05-12 16:10:04,246 [WARNING] chat retry attempt 2/3 after APIError: openai_error {"error":{"message":"openai_error","type":"bad_response_status_code","param":"","code":"bad_response_status — sleeping 25.9s (caller=msg_llm_reranker, trace=None)
2026-05-12 16:10:31,546 [INFO] error_code=bad_response_status_code error_message=openai_error error_param= error_type=bad_response_status_code message='OpenAI API error received' stream_error=False
2026-05-12 16:10:31,547 [WARNING] chat retry attempt 3/3 after APIError: openai_error {"error":{"message":"openai_error","type":"bad_response_status_code","param":"","code":"bad_response_status — sleeping 57.8s (caller=msg_llm_reranker, trace=None)
2026-05-12 16:11:30,383 [INFO] error_code=bad_response_status_code error_message=openai_error error_param= error_type=bad_response_status_code message='OpenAI API error received' stream_error=False
2026-05-12 16:11:30,384 [WARNING] llm_rerank attempt 2 chat_fn failed: openai_error {"error":{"message":"openai_error","type":"bad_response_status_code","param":"","code":"bad_response_status_code"}} 502 {'error': {'message': 'openai_error', 'type': 'bad_response_status_code', 'param': '', 'code': 'bad_response_status_code'}} {'Server': 'nginx', 'Date': 'Tue, 12 May 2026 08:11:30 GMT', 'Content-Type': 'application/json; charset=utf-8', 'Content-Length': '115', 'Connection': 'keep-alive', 'X-New-Api-Version': 'v0.13.0', 'X-Oneapi-Request-Id': '202605120811302099029888268d9d6W7rsUJj9'}
2026-05-12 16:11:30,513 [INFO] ms-clip: auto-picked GPU 7 (free 24092 MiB)
2026-05-12 16:11:30,514 [INFO] ms-clip: using CUDA_VISIBLE_DEVICES=7
2026-05-12 16:11:30,514 [INFO] ms-clip: launching predict_smi (n_candidates=156)
2026-05-12 16:11:42,682 [INFO] error_code=bad_response_status_code error_message=openai_error error_param= error_type=bad_response_status_code message='OpenAI API error received' stream_error=False
2026-05-12 16:11:42,682 [WARNING] chat retry attempt 1/3 after APIError: openai_error {"error":{"message":"openai_error","type":"bad_response_status_code","param":"","code":"bad_response_status — sleeping 9.8s (caller=msg_llm_reranker, trace=None)
2026-05-12 16:11:55,842 [INFO] error_code=bad_response_status_code error_message=openai_error error_param= error_type=bad_response_status_code message='OpenAI API error received' stream_error=False
2026-05-12 16:11:55,843 [WARNING] chat retry attempt 2/3 after APIError: openai_error {"error":{"message":"openai_error","type":"bad_response_status_code","param":"","code":"bad_response_status — sleeping 28.9s (caller=msg_llm_reranker, trace=None)
2026-05-12 16:12:26,118 [INFO] error_code=bad_response_status_code error_message=openai_error error_param= error_type=bad_response_status_code message='OpenAI API error received' stream_error=False
2026-05-12 16:12:26,118 [WARNING] chat retry attempt 3/3 after APIError: openai_error {"error":{"message":"openai_error","type":"bad_response_status_code","param":"","code":"bad_response_status — sleeping 64.0s (caller=msg_llm_reranker, trace=None)
2026-05-12 16:13:30,840 [INFO] error_code=bad_response_status_code error_message=openai_error error_param= error_type=bad_response_status_code message='OpenAI API error received' stream_error=False
2026-05-12 16:13:30,840 [WARNING] llm_rerank attempt 1 chat_fn failed: openai_error {"error":{"message":"openai_error","type":"bad_response_status_code","param":"","code":"bad_response_status_code"}} 502 {'error': {'message': 'openai_error', 'type': 'bad_response_status_code', 'param': '', 'code': 'bad_response_status_code'}} {'Server': 'nginx', 'Date': 'Tue, 12 May 2026 08:13:30 GMT', 'Content-Type': 'application/json; charset=utf-8', 'Content-Length': '115', 'Connection': 'keep-alive', 'X-New-Api-Version': 'v0.13.0', 'X-Oneapi-Request-Id': '202605120813306582398638268d9d6ACty4tTI'}
2026-05-12 16:13:31,039 [INFO] error_code=bad_response_status_code error_message=openai_error error_param= error_type=bad_response_status_code message='OpenAI API error received' stream_error=False
2026-05-12 16:13:31,040 [WARNING] chat retry attempt 1/3 after APIError: openai_error {"error":{"message":"openai_error","type":"bad_response_status_code","param":"","code":"bad_response_status — sleeping 8.1s (caller=msg_llm_reranker, trace=None)
2026-05-12 16:13:39,376 [INFO] error_code=bad_response_status_code error_message=openai_error error_param= error_type=bad_response_status_code message='OpenAI API error received' stream_error=False
2026-05-12 16:13:39,376 [WARNING] chat retry attempt 2/3 after APIError: openai_error {"error":{"message":"openai_error","type":"bad_response_status_code","param":"","code":"bad_response_status — sleeping 29.5s (caller=msg_llm_reranker, trace=None)
2026-05-12 16:14:09,112 [INFO] error_code=bad_response_status_code error_message=openai_error error_param= error_type=bad_response_status_code message='OpenAI API error received' stream_error=False
2026-05-12 16:14:09,113 [WARNING] chat retry attempt 3/3 after APIError: openai_error {"error":{"message":"openai_error","type":"bad_response_status_code","param":"","code":"bad_response_status — sleeping 65.3s (caller=msg_llm_reranker, trace=None)
2026-05-12 16:17:40,920 [WARNING] llm_rerank attempt 2 chat_fn failed: Error communicating with OpenAI: HTTPSConnectionPool(host='api.viviai.cc', port=443): Max retries exceeded with url: /v1/chat/completions (Caused by ProxyError('Unable to connect to proxy', RemoteDisconnected('Remote end closed connection without response')))
2026-05-12 16:17:41,049 [INFO] ms-clip: auto-picked GPU 7 (free 24092 MiB)
2026-05-12 16:17:41,049 [INFO] ms-clip: using CUDA_VISIBLE_DEVICES=7
2026-05-12 16:17:41,050 [INFO] ms-clip: launching predict_smi (n_candidates=111)
2026-05-12 16:19:30,801 [WARNING] chat retry attempt 1/3 after APIConnectionError: Error communicating with OpenAI: HTTPSConnectionPool(host='api.viviai.cc', port=443): Max retries exceeded with url: /v1 — sleeping 8.6s (caller=msg_llm_reranker, trace=None)
2026-05-12 16:21:11,076 [INFO] ms-clip: auto-picked GPU 7 (free 24092 MiB)
2026-05-12 16:21:11,076 [INFO] ms-clip: using CUDA_VISIBLE_DEVICES=7
2026-05-12 16:21:11,076 [INFO] ms-clip: launching predict_smi (n_candidates=256)
2026-05-12 16:23:10,824 [WARNING] chat retry attempt 1/3 after APIConnectionError: Error communicating with OpenAI: HTTPSConnectionPool(host='api.viviai.cc', port=443): Max retries exceeded with url: /v1 — sleeping 9.3s (caller=msg_llm_reranker, trace=None)
2026-05-12 16:23:25,132 [WARNING] chat retry attempt 2/3 after APIConnectionError: Error communicating with OpenAI: HTTPSConnectionPool(host='api.viviai.cc', port=443): Max retries exceeded with url: /v1 — sleeping 31.6s (caller=msg_llm_reranker, trace=None)
2026-05-12 16:24:12,598 [WARNING] chat retry attempt 3/3 after ServiceUnavailableError: The server is overloaded or not ready yet. — sleeping 59.2s (caller=msg_llm_reranker, trace=None)
2026-05-12 16:25:12,468 [WARNING] llm_rerank attempt 1 chat_fn failed: The server is overloaded or not ready yet.
2026-05-12 16:25:12,667 [WARNING] chat retry attempt 1/3 after ServiceUnavailableError: The server is overloaded or not ready yet. — sleeping 11.3s (caller=msg_llm_reranker, trace=None)
2026-05-12 16:25:24,140 [WARNING] chat retry attempt 2/3 after ServiceUnavailableError: The server is overloaded or not ready yet. — sleeping 28.8s (caller=msg_llm_reranker, trace=None)
2026-05-12 16:27:27,744 [WARNING] chat retry attempt 3/3 after APIConnectionError: Error communicating with OpenAI: HTTPSConnectionPool(host='api.viviai.cc', port=443): Max retries exceeded with url: /v1 — sleeping 63.9s (caller=msg_llm_reranker, trace=None)
2026-05-12 16:28:36,744 [WARNING] llm_rerank attempt 2 chat_fn failed: Error communicating with OpenAI: HTTPSConnectionPool(host='api.viviai.cc', port=443): Max retries exceeded with url: /v1/chat/completions (Caused by SSLError(SSLZeroReturnError(6, 'TLS/SSL connection has been closed (EOF) (_ssl.c:1147)')))
2026-05-12 16:28:36,869 [INFO] ms-clip: auto-picked GPU 7 (free 24092 MiB)
2026-05-12 16:28:36,869 [INFO] ms-clip: using CUDA_VISIBLE_DEVICES=7
2026-05-12 16:28:36,869 [INFO] ms-clip: launching predict_smi (n_candidates=256)
2026-05-12 16:28:49,357 [WARNING] chat retry attempt 1/3 after ServiceUnavailableError: The server is overloaded or not ready yet. — sleeping 9.0s (caller=msg_llm_reranker, trace=None)
2026-05-12 16:28:58,662 [WARNING] chat retry attempt 2/3 after ServiceUnavailableError: The server is overloaded or not ready yet. — sleeping 32.8s (caller=msg_llm_reranker, trace=None)
2026-05-12 16:31:11,611 [WARNING] chat retry attempt 3/3 after APIConnectionError: Error communicating with OpenAI: HTTPSConnectionPool(host='api.viviai.cc', port=443): Max retries exceeded with url: /v1 — sleeping 57.9s (caller=msg_llm_reranker, trace=None)
2026-05-12 16:32:14,618 [WARNING] llm_rerank attempt 1 chat_fn failed: Error communicating with OpenAI: HTTPSConnectionPool(host='api.viviai.cc', port=443): Max retries exceeded with url: /v1/chat/completions (Caused by SSLError(SSLZeroReturnError(6, 'TLS/SSL connection has been closed (EOF) (_ssl.c:1147)')))
2026-05-12 16:34:10,805 [INFO] ms-clip: auto-picked GPU 7 (free 24092 MiB)
2026-05-12 16:34:10,805 [INFO] ms-clip: using CUDA_VISIBLE_DEVICES=7
2026-05-12 16:34:10,805 [INFO] ms-clip: launching predict_smi (n_candidates=256)
2026-05-12 16:34:23,175 [WARNING] chat retry attempt 1/3 after ServiceUnavailableError: The server is overloaded or not ready yet. — sleeping 9.6s (caller=msg_llm_reranker, trace=None)
2026-05-12 16:34:32,984 [WARNING] chat retry attempt 2/3 after ServiceUnavailableError: The server is overloaded or not ready yet. — sleeping 33.5s (caller=msg_llm_reranker, trace=None)
2026-05-12 16:36:41,491 [WARNING] chat retry attempt 3/3 after APIConnectionError: Error communicating with OpenAI: HTTPSConnectionPool(host='api.viviai.cc', port=443): Max retries exceeded with url: /v1 — sleeping 59.7s (caller=msg_llm_reranker, trace=None)
2026-05-12 16:37:41,918 [INFO] error_code=bad_response_status_code error_message=openai_error error_param= error_type=bad_response_status_code message='OpenAI API error received' stream_error=False
2026-05-12 16:37:41,919 [WARNING] llm_rerank attempt 1 chat_fn failed: openai_error {"error":{"message":"openai_error","type":"bad_response_status_code","param":"","code":"bad_response_status_code"}} 502 {'error': {'message': 'openai_error', 'type': 'bad_response_status_code', 'param': '', 'code': 'bad_response_status_code'}} {'Server': 'nginx', 'Date': 'Tue, 12 May 2026 08:37:41 GMT', 'Content-Type': 'application/json; charset=utf-8', 'Content-Length': '115', 'Connection': 'keep-alive', 'X-New-Api-Version': 'v0.13.0', 'X-Oneapi-Request-Id': '202605120837417359511128268d9d6g8sI4eGU'}
2026-05-12 16:37:42,148 [INFO] error_code=bad_response_status_code error_message=openai_error error_param= error_type=bad_response_status_code message='OpenAI API error received' stream_error=False
2026-05-12 16:37:42,148 [WARNING] chat retry attempt 1/3 after APIError: openai_error {"error":{"message":"openai_error","type":"bad_response_status_code","param":"","code":"bad_response_status — sleeping 9.8s (caller=msg_llm_reranker, trace=None)
2026-05-12 16:37:52,162 [INFO] error_code=bad_response_status_code error_message=openai_error error_param= error_type=bad_response_status_code message='OpenAI API error received' stream_error=False
2026-05-12 16:37:52,163 [WARNING] chat retry attempt 2/3 after APIError: openai_error {"error":{"message":"openai_error","type":"bad_response_status_code","param":"","code":"bad_response_status — sleeping 34.5s (caller=msg_llm_reranker, trace=None)
2026-05-12 16:40:21,264 [INFO] ms-clip: auto-picked GPU 7 (free 24092 MiB)
2026-05-12 16:40:21,264 [INFO] ms-clip: using CUDA_VISIBLE_DEVICES=7
2026-05-12 16:40:21,264 [INFO] ms-clip: launching predict_smi (n_candidates=21)
2026-05-12 16:41:00,397 [INFO] ms-clip: auto-picked GPU 7 (free 24092 MiB)
2026-05-12 16:41:00,398 [INFO] ms-clip: using CUDA_VISIBLE_DEVICES=7
2026-05-12 16:41:00,398 [INFO] ms-clip: launching predict_smi (n_candidates=12)
2026-05-12 16:41:19,145 [INFO] ms-clip: auto-picked GPU 7 (free 24092 MiB)
2026-05-12 16:41:19,145 [INFO] ms-clip: using CUDA_VISIBLE_DEVICES=7
2026-05-12 16:41:19,145 [INFO] ms-clip: launching predict_smi (n_candidates=256)
2026-05-12 16:43:12,186 [WARNING] chat retry attempt 1/3 after APIConnectionError: Error communicating with OpenAI: HTTPSConnectionPool(host='api.viviai.cc', port=443): Max retries exceeded with url: /v1 — sleeping 8.7s (caller=msg_llm_reranker, trace=None)
2026-05-12 16:43:25,911 [WARNING] chat retry attempt 2/3 after APIConnectionError: Error communicating with OpenAI: HTTPSConnectionPool(host='api.viviai.cc', port=443): Max retries exceeded with url: /v1 — sleeping 32.3s (caller=msg_llm_reranker, trace=None)
2026-05-12 16:45:10,269 [INFO] spec 150/500  MassSpecGymID0207521  pool=256  pred=YGWUEIKJBWTKOE  correct=True  t=231.3s
2026-05-12 16:45:10,401 [INFO] ms-clip: auto-picked GPU 7 (free 24092 MiB)
2026-05-12 16:45:10,401 [INFO] ms-clip: using CUDA_VISIBLE_DEVICES=7
2026-05-12 16:45:10,401 [INFO] ms-clip: launching predict_smi (n_candidates=256)
2026-05-12 16:45:22,172 [INFO] error_code=bad_response_status_code error_message=openai_error error_param= error_type=bad_response_status_code message='OpenAI API error received' stream_error=False
2026-05-12 16:45:22,172 [WARNING] chat retry attempt 1/3 after APIError: openai_error {"error":{"message":"openai_error","type":"bad_response_status_code","param":"","code":"bad_response_status — sleeping 9.1s (caller=msg_llm_reranker, trace=None)
2026-05-12 16:45:31,474 [INFO] error_code=bad_response_status_code error_message=openai_error error_param= error_type=bad_response_status_code message='OpenAI API error received' stream_error=False
2026-05-12 16:45:31,475 [WARNING] chat retry attempt 2/3 after APIError: openai_error {"error":{"message":"openai_error","type":"bad_response_status_code","param":"","code":"bad_response_status — sleeping 27.6s (caller=msg_llm_reranker, trace=None)
2026-05-12 16:45:59,312 [INFO] error_code=bad_response_status_code error_message=openai_error error_param= error_type=bad_response_status_code message='OpenAI API error received' stream_error=False
2026-05-12 16:45:59,312 [WARNING] chat retry attempt 3/3 after APIError: openai_error {"error":{"message":"openai_error","type":"bad_response_status_code","param":"","code":"bad_response_status — sleeping 66.7s (caller=msg_llm_reranker, trace=None)
2026-05-12 16:47:06,816 [INFO] error_code=bad_response_status_code error_message=openai_error error_param= error_type=bad_response_status_code message='OpenAI API error received' stream_error=False
2026-05-12 16:47:06,817 [WARNING] llm_rerank attempt 1 chat_fn failed: openai_error {"error":{"message":"openai_error","type":"bad_response_status_code","param":"","code":"bad_response_status_code"}} 502 {'error': {'message': 'openai_error', 'type': 'bad_response_status_code', 'param': '', 'code': 'bad_response_status_code'}} {'Server': 'nginx', 'Date': 'Tue, 12 May 2026 08:47:06 GMT', 'Content-Type': 'application/json; charset=utf-8', 'Content-Length': '115', 'Connection': 'keep-alive', 'X-New-Api-Version': 'v0.13.0', 'X-Oneapi-Request-Id': '202605120847066559816288268d9d6ZrG88xiK'}
2026-05-12 16:47:07,019 [INFO] error_code=bad_response_status_code error_message=openai_error error_param= error_type=bad_response_status_code message='OpenAI API error received' stream_error=False
2026-05-12 16:47:07,019 [WARNING] chat retry attempt 1/3 after APIError: openai_error {"error":{"message":"openai_error","type":"bad_response_status_code","param":"","code":"bad_response_status — sleeping 11.2s (caller=msg_llm_reranker, trace=None)
2026-05-12 16:47:18,402 [INFO] error_code=bad_response_status_code error_message=openai_error error_param= error_type=bad_response_status_code message='OpenAI API error received' stream_error=False
2026-05-12 16:47:18,402 [WARNING] chat retry attempt 2/3 after APIError: openai_error {"error":{"message":"openai_error","type":"bad_response_status_code","param":"","code":"bad_response_status — sleeping 27.9s (caller=msg_llm_reranker, trace=None)
2026-05-12 16:47:46,495 [INFO] error_code=bad_response_status_code error_message=openai_error error_param= error_type=bad_response_status_code message='OpenAI API error received' stream_error=False
2026-05-12 16:47:46,496 [WARNING] chat retry attempt 3/3 after APIError: openai_error {"error":{"message":"openai_error","type":"bad_response_status_code","param":"","code":"bad_response_status — sleeping 59.8s (caller=msg_llm_reranker, trace=None)
2026-05-12 16:48:47,018 [INFO] error_code=bad_response_status_code error_message=openai_error error_param= error_type=bad_response_status_code message='OpenAI API error received' stream_error=False
2026-05-12 16:48:47,019 [WARNING] llm_rerank attempt 2 chat_fn failed: openai_error {"error":{"message":"openai_error","type":"bad_response_status_code","param":"","code":"bad_response_status_code"}} 502 {'error': {'message': 'openai_error', 'type': 'bad_response_status_code', 'param': '', 'code': 'bad_response_status_code'}} {'Server': 'nginx', 'Date': 'Tue, 12 May 2026 08:48:46 GMT', 'Content-Type': 'application/json; charset=utf-8', 'Content-Length': '115', 'Connection': 'keep-alive', 'X-New-Api-Version': 'v0.13.0', 'X-Oneapi-Request-Id': '202605120848468583961008268d9d6QgZwntCa'}
2026-05-12 16:48:47,170 [INFO] ms-clip: auto-picked GPU 7 (free 24092 MiB)
2026-05-12 16:48:47,170 [INFO] ms-clip: using CUDA_VISIBLE_DEVICES=7
2026-05-12 16:48:47,170 [INFO] ms-clip: launching predict_smi (n_candidates=238)
2026-05-12 16:48:59,275 [INFO] error_code=bad_response_status_code error_message=openai_error error_param= error_type=bad_response_status_code message='OpenAI API error received' stream_error=False
2026-05-12 16:48:59,275 [WARNING] chat retry attempt 1/3 after APIError: openai_error {"error":{"message":"openai_error","type":"bad_response_status_code","param":"","code":"bad_response_status — sleeping 8.4s (caller=msg_llm_reranker, trace=None)
2026-05-12 16:49:07,911 [INFO] error_code=bad_response_status_code error_message=openai_error error_param= error_type=bad_response_status_code message='OpenAI API error received' stream_error=False
2026-05-12 16:49:07,911 [WARNING] chat retry attempt 2/3 after APIError: openai_error {"error":{"message":"openai_error","type":"bad_response_status_code","param":"","code":"bad_response_status — sleeping 28.6s (caller=msg_llm_reranker, trace=None)
2026-05-12 16:49:36,694 [INFO] error_code=bad_response_status_code error_message=openai_error error_param= error_type=bad_response_status_code message='OpenAI API error received' stream_error=False
2026-05-12 16:49:36,694 [WARNING] chat retry attempt 3/3 after APIError: openai_error {"error":{"message":"openai_error","type":"bad_response_status_code","param":"","code":"bad_response_status — sleeping 67.4s (caller=msg_llm_reranker, trace=None)
2026-05-12 16:50:44,735 [INFO] error_code=bad_response_status_code error_message=openai_error error_param= error_type=bad_response_status_code message='OpenAI API error received' stream_error=False
2026-05-12 16:50:44,736 [WARNING] llm_rerank attempt 1 chat_fn failed: openai_error {"error":{"message":"openai_error","type":"bad_response_status_code","param":"","code":"bad_response_status_code"}} 502 {'error': {'message': 'openai_error', 'type': 'bad_response_status_code', 'param': '', 'code': 'bad_response_status_code'}} {'Server': 'nginx', 'Date': 'Tue, 12 May 2026 08:50:44 GMT', 'Content-Type': 'application/json; charset=utf-8', 'Content-Length': '115', 'Connection': 'keep-alive', 'X-New-Api-Version': 'v0.13.0', 'X-Oneapi-Request-Id': '202605120850445744216918268d9d6FGMlUg0G'}
2026-05-12 16:50:44,929 [INFO] error_code=bad_response_status_code error_message=openai_error error_param= error_type=bad_response_status_code message='OpenAI API error received' stream_error=False
2026-05-12 16:50:44,929 [WARNING] chat retry attempt 1/3 after APIError: openai_error {"error":{"message":"openai_error","type":"bad_response_status_code","param":"","code":"bad_response_status — sleeping 9.0s (caller=msg_llm_reranker, trace=None)
2026-05-12 16:50:54,119 [INFO] error_code=bad_response_status_code error_message=openai_error error_param= error_type=bad_response_status_code message='OpenAI API error received' stream_error=False
2026-05-12 16:50:54,119 [WARNING] chat retry attempt 2/3 after APIError: openai_error {"error":{"message":"openai_error","type":"bad_response_status_code","param":"","code":"bad_response_status — sleeping 34.8s (caller=msg_llm_reranker, trace=None)
2026-05-12 16:51:29,158 [INFO] error_code=bad_response_status_code error_message=openai_error error_param= error_type=bad_response_status_code message='OpenAI API error received' stream_error=False
2026-05-12 16:51:29,158 [WARNING] chat retry attempt 3/3 after APIError: openai_error {"error":{"message":"openai_error","type":"bad_response_status_code","param":"","code":"bad_response_status — sleeping 59.4s (caller=msg_llm_reranker, trace=None)
2026-05-12 16:52:29,240 [INFO] error_code=bad_response_status_code error_message=openai_error error_param= error_type=bad_response_status_code message='OpenAI API error received' stream_error=False
2026-05-12 16:52:29,241 [WARNING] llm_rerank attempt 2 chat_fn failed: openai_error {"error":{"message":"openai_error","type":"bad_response_status_code","param":"","code":"bad_response_status_code"}} 502 {'error': {'message': 'openai_error', 'type': 'bad_response_status_code', 'param': '', 'code': 'bad_response_status_code'}} {'Server': 'nginx', 'Date': 'Tue, 12 May 2026 08:52:29 GMT', 'Content-Type': 'application/json; charset=utf-8', 'Content-Length': '115', 'Connection': 'keep-alive', 'X-New-Api-Version': 'v0.13.0', 'X-Oneapi-Request-Id': '20260512085229790137508268d9d68E94OJMV'}
2026-05-12 16:52:29,350 [INFO] ms-clip: auto-picked GPU 7 (free 24092 MiB)
2026-05-12 16:52:29,351 [INFO] ms-clip: using CUDA_VISIBLE_DEVICES=7
2026-05-12 16:52:29,351 [INFO] ms-clip: launching predict_smi (n_candidates=256)
2026-05-12 16:52:41,091 [INFO] error_code=bad_response_status_code error_message=openai_error error_param= error_type=bad_response_status_code message='OpenAI API error received' stream_error=False
2026-05-12 16:52:41,092 [WARNING] chat retry attempt 1/3 after APIError: openai_error {"error":{"message":"openai_error","type":"bad_response_status_code","param":"","code":"bad_response_status — sleeping 9.5s (caller=msg_llm_reranker, trace=None)
2026-05-12 16:52:50,935 [INFO] error_code=bad_response_status_code error_message=openai_error error_param= error_type=bad_response_status_code message='OpenAI API error received' stream_error=False
2026-05-12 16:52:50,935 [WARNING] chat retry attempt 2/3 after APIError: openai_error {"error":{"message":"openai_error","type":"bad_response_status_code","param":"","code":"bad_response_status — sleeping 33.3s (caller=msg_llm_reranker, trace=None)
2026-05-12 16:53:29,275 [WARNING] chat retry attempt 3/3 after APIConnectionError: Error communicating with OpenAI: HTTPSConnectionPool(host='api.viviai.cc', port=443): Max retries exceeded with url: /v1 — sleeping 50.7s (caller=msg_llm_reranker, trace=None)
2026-05-12 16:54:20,669 [INFO] error_code=bad_response_status_code error_message=openai_error error_param= error_type=bad_response_status_code message='OpenAI API error received' stream_error=False
2026-05-12 16:54:20,670 [WARNING] llm_rerank attempt 1 chat_fn failed: openai_error {"error":{"message":"openai_error","type":"bad_response_status_code","param":"","code":"bad_response_status_code"}} 502 {'error': {'message': 'openai_error', 'type': 'bad_response_status_code', 'param': '', 'code': 'bad_response_status_code'}} {'Server': 'nginx', 'Date': 'Tue, 12 May 2026 08:54:20 GMT', 'Content-Type': 'application/json; charset=utf-8', 'Content-Length': '115', 'Connection': 'keep-alive', 'X-New-Api-Version': 'v0.13.0', 'X-Oneapi-Request-Id': '202605120854205051515188268d9d6DrKV5YHd'}
2026-05-12 16:54:20,874 [INFO] error_code=bad_response_status_code error_message=openai_error error_param= error_type=bad_response_status_code message='OpenAI API error received' stream_error=False
2026-05-12 16:54:20,875 [WARNING] chat retry attempt 1/3 after APIError: openai_error {"error":{"message":"openai_error","type":"bad_response_status_code","param":"","code":"bad_response_status — sleeping 8.3s (caller=msg_llm_reranker, trace=None)
2026-05-12 16:54:29,379 [INFO] error_code=bad_response_status_code error_message=openai_error error_param= error_type=bad_response_status_code message='OpenAI API error received' stream_error=False
2026-05-12 16:54:29,380 [WARNING] chat retry attempt 2/3 after APIError: openai_error {"error":{"message":"openai_error","type":"bad_response_status_code","param":"","code":"bad_response_status — sleeping 32.6s (caller=msg_llm_reranker, trace=None)
2026-05-12 16:55:02,207 [INFO] error_code=bad_response_status_code error_message=openai_error error_param= error_type=bad_response_status_code message='OpenAI API error received' stream_error=False
2026-05-12 16:55:02,207 [WARNING] chat retry attempt 3/3 after APIError: openai_error {"error":{"message":"openai_error","type":"bad_response_status_code","param":"","code":"bad_response_status — sleeping 58.1s (caller=msg_llm_reranker, trace=None)
2026-05-12 16:56:01,073 [INFO] error_code=bad_response_status_code error_message=openai_error error_param= error_type=bad_response_status_code message='OpenAI API error received' stream_error=False
2026-05-12 16:56:01,074 [WARNING] llm_rerank attempt 2 chat_fn failed: openai_error {"error":{"message":"openai_error","type":"bad_response_status_code","param":"","code":"bad_response_status_code"}} 502 {'error': {'message': 'openai_error', 'type': 'bad_response_status_code', 'param': '', 'code': 'bad_response_status_code'}} {'Server': 'nginx', 'Date': 'Tue, 12 May 2026 08:56:00 GMT', 'Content-Type': 'application/json; charset=utf-8', 'Content-Length': '115', 'Connection': 'keep-alive', 'X-New-Api-Version': 'v0.13.0', 'X-Oneapi-Request-Id': '202605120856009022354108268d9d6gJnLSCQp'}
2026-05-12 16:56:01,207 [INFO] ms-clip: auto-picked GPU 7 (free 24092 MiB)
2026-05-12 16:56:01,207 [INFO] ms-clip: using CUDA_VISIBLE_DEVICES=7
2026-05-12 16:56:01,207 [INFO] ms-clip: launching predict_smi (n_candidates=4)
2026-05-12 16:56:12,275 [INFO] error_code=bad_response_status_code error_message=openai_error error_param= error_type=bad_response_status_code message='OpenAI API error received' stream_error=False
2026-05-12 16:56:12,276 [WARNING] chat retry attempt 1/3 after APIError: openai_error {"error":{"message":"openai_error","type":"bad_response_status_code","param":"","code":"bad_response_status — sleeping 11.5s (caller=msg_llm_reranker, trace=None)
2026-05-12 16:56:23,973 [INFO] error_code=bad_response_status_code error_message=openai_error error_param= error_type=bad_response_status_code message='OpenAI API error received' stream_error=False
2026-05-12 16:56:23,974 [WARNING] chat retry attempt 2/3 after APIError: openai_error {"error":{"message":"openai_error","type":"bad_response_status_code","param":"","code":"bad_response_status — sleeping 25.1s (caller=msg_llm_reranker, trace=None)
2026-05-12 16:56:49,298 [INFO] error_code=bad_response_status_code error_message=openai_error error_param= error_type=bad_response_status_code message='OpenAI API error received' stream_error=False
2026-05-12 16:56:49,298 [WARNING] chat retry attempt 3/3 after APIError: openai_error {"error":{"message":"openai_error","type":"bad_response_status_code","param":"","code":"bad_response_status — sleeping 50.3s (caller=msg_llm_reranker, trace=None)
2026-05-12 16:57:39,825 [INFO] error_code=bad_response_status_code error_message=openai_error error_param= error_type=bad_response_status_code message='OpenAI API error received' stream_error=False
2026-05-12 16:57:39,825 [WARNING] llm_rerank attempt 1 chat_fn failed: openai_error {"error":{"message":"openai_error","type":"bad_response_status_code","param":"","code":"bad_response_status_code"}} 502 {'error': {'message': 'openai_error', 'type': 'bad_response_status_code', 'param': '', 'code': 'bad_response_status_code'}} {'Server': 'nginx', 'Date': 'Tue, 12 May 2026 08:57:39 GMT', 'Content-Type': 'application/json; charset=utf-8', 'Content-Length': '115', 'Connection': 'keep-alive', 'X-New-Api-Version': 'v0.13.0', 'X-Oneapi-Request-Id': '202605120857396572366278268d9d6j0AMQUgp'}
2026-05-12 16:57:40,032 [INFO] error_code=bad_response_status_code error_message=openai_error error_param= error_type=bad_response_status_code message='OpenAI API error received' stream_error=False
2026-05-12 16:57:40,032 [WARNING] chat retry attempt 1/3 after APIError: openai_error {"error":{"message":"openai_error","type":"bad_response_status_code","param":"","code":"bad_response_status — sleeping 9.5s (caller=msg_llm_reranker, trace=None)
2026-05-12 16:57:49,774 [INFO] error_code=bad_response_status_code error_message=openai_error error_param= error_type=bad_response_status_code message='OpenAI API error received' stream_error=False
2026-05-12 16:57:49,775 [WARNING] chat retry attempt 2/3 after APIError: openai_error {"error":{"message":"openai_error","type":"bad_response_status_code","param":"","code":"bad_response_status — sleeping 28.8s (caller=msg_llm_reranker, trace=None)
2026-05-12 16:58:19,952 [INFO] error_code=bad_response_status_code error_message=openai_error error_param= error_type=bad_response_status_code message='OpenAI API error received' stream_error=False
2026-05-12 16:58:19,952 [WARNING] chat retry attempt 3/3 after APIError: openai_error {"error":{"message":"openai_error","type":"bad_response_status_code","param":"","code":"bad_response_status — sleeping 61.0s (caller=msg_llm_reranker, trace=None)
2026-05-12 16:59:21,696 [INFO] error_code=bad_response_status_code error_message=openai_error error_param= error_type=bad_response_status_code message='OpenAI API error received' stream_error=False
2026-05-12 16:59:21,697 [WARNING] llm_rerank attempt 2 chat_fn failed: openai_error {"error":{"message":"openai_error","type":"bad_response_status_code","param":"","code":"bad_response_status_code"}} 502 {'error': {'message': 'openai_error', 'type': 'bad_response_status_code', 'param': '', 'code': 'bad_response_status_code'}} {'Server': 'nginx', 'Date': 'Tue, 12 May 2026 08:59:21 GMT', 'Content-Type': 'application/json; charset=utf-8', 'Content-Length': '115', 'Connection': 'keep-alive', 'X-New-Api-Version': 'v0.13.0', 'X-Oneapi-Request-Id': '202605120859215263172738268d9d6GT0Agi7j'}
2026-05-12 16:59:21,805 [INFO] ms-clip: auto-picked GPU 7 (free 24092 MiB)
2026-05-12 16:59:21,805 [INFO] ms-clip: using CUDA_VISIBLE_DEVICES=7
2026-05-12 16:59:21,805 [INFO] ms-clip: launching predict_smi (n_candidates=5)
2026-05-12 16:59:33,536 [INFO] error_code=bad_response_status_code error_message=openai_error error_param= error_type=bad_response_status_code message='OpenAI API error received' stream_error=False
2026-05-12 16:59:33,536 [WARNING] chat retry attempt 1/3 after APIError: openai_error {"error":{"message":"openai_error","type":"bad_response_status_code","param":"","code":"bad_response_status — sleeping 10.0s (caller=msg_llm_reranker, trace=None)
2026-05-12 16:59:52,973 [INFO] ms-clip: auto-picked GPU 7 (free 24092 MiB)
2026-05-12 16:59:52,973 [INFO] ms-clip: using CUDA_VISIBLE_DEVICES=7
2026-05-12 16:59:52,973 [INFO] ms-clip: launching predict_smi (n_candidates=167)
2026-05-12 17:00:13,586 [INFO] ms-clip: auto-picked GPU 7 (free 22154 MiB)
2026-05-12 17:00:13,586 [INFO] ms-clip: using CUDA_VISIBLE_DEVICES=7
2026-05-12 17:00:13,586 [INFO] ms-clip: launching predict_smi (n_candidates=125)
2026-05-12 17:00:45,703 [INFO] ms-clip: auto-picked GPU 7 (free 24092 MiB)
2026-05-12 17:00:45,704 [INFO] ms-clip: using CUDA_VISIBLE_DEVICES=7
2026-05-12 17:00:45,704 [INFO] ms-clip: launching predict_smi (n_candidates=73)
2026-05-12 17:01:09,085 [INFO] ms-clip: auto-picked GPU 7 (free 24092 MiB)
2026-05-12 17:01:09,085 [INFO] ms-clip: using CUDA_VISIBLE_DEVICES=7
2026-05-12 17:01:09,085 [INFO] ms-clip: launching predict_smi (n_candidates=256)
2026-05-12 17:02:19,632 [INFO] ms-clip: auto-picked GPU 7 (free 24092 MiB)
2026-05-12 17:02:19,633 [INFO] ms-clip: using CUDA_VISIBLE_DEVICES=7
2026-05-12 17:02:19,633 [INFO] ms-clip: launching predict_smi (n_candidates=32)
2026-05-12 17:03:56,613 [INFO] spec 160/500  MassSpecGymID0209396  pool=32  pred=BKPPHNVPJAFZCW  correct=True  t=97.1s
2026-05-12 17:03:56,748 [INFO] ms-clip: auto-picked GPU 7 (free 24092 MiB)
2026-05-12 17:03:56,749 [INFO] ms-clip: using CUDA_VISIBLE_DEVICES=7
2026-05-12 17:03:56,749 [INFO] ms-clip: launching predict_smi (n_candidates=256)
2026-05-12 17:05:09,441 [INFO] ms-clip: auto-picked GPU 7 (free 24092 MiB)
2026-05-12 17:05:09,441 [INFO] ms-clip: using CUDA_VISIBLE_DEVICES=7
2026-05-12 17:05:09,441 [INFO] ms-clip: launching predict_smi (n_candidates=125)
2026-05-12 17:05:46,015 [INFO] ms-clip: auto-picked GPU 7 (free 24092 MiB)
2026-05-12 17:05:46,015 [INFO] ms-clip: using CUDA_VISIBLE_DEVICES=7
2026-05-12 17:05:46,015 [INFO] ms-clip: launching predict_smi (n_candidates=256)
2026-05-12 17:06:29,029 [INFO] ms-clip: auto-picked GPU 7 (free 24092 MiB)
2026-05-12 17:06:29,029 [INFO] ms-clip: using CUDA_VISIBLE_DEVICES=7
2026-05-12 17:06:29,029 [INFO] ms-clip: launching predict_smi (n_candidates=256)
2026-05-12 17:07:00,689 [INFO] ms-clip: auto-picked GPU 7 (free 24092 MiB)
2026-05-12 17:07:00,690 [INFO] ms-clip: using CUDA_VISIBLE_DEVICES=7
2026-05-12 17:07:00,690 [INFO] ms-clip: launching predict_smi (n_candidates=256)
2026-05-12 17:07:25,720 [INFO] ms-clip: auto-picked GPU 7 (free 24092 MiB)
2026-05-12 17:07:25,720 [INFO] ms-clip: using CUDA_VISIBLE_DEVICES=7
2026-05-12 17:07:25,720 [INFO] ms-clip: launching predict_smi (n_candidates=30)
2026-05-12 17:07:50,829 [INFO] ms-clip: auto-picked GPU 7 (free 24092 MiB)
2026-05-12 17:07:50,829 [INFO] ms-clip: using CUDA_VISIBLE_DEVICES=7
2026-05-12 17:07:50,830 [INFO] ms-clip: launching predict_smi (n_candidates=7)
2026-05-12 17:08:39,134 [INFO] ms-clip: auto-picked GPU 7 (free 24092 MiB)
2026-05-12 17:08:39,134 [INFO] ms-clip: using CUDA_VISIBLE_DEVICES=7
2026-05-12 17:08:39,135 [INFO] ms-clip: launching predict_smi (n_candidates=39)
2026-05-12 17:09:05,463 [INFO] ms-clip: auto-picked GPU 7 (free 24092 MiB)
2026-05-12 17:09:05,463 [INFO] ms-clip: using CUDA_VISIBLE_DEVICES=7
2026-05-12 17:09:05,463 [INFO] ms-clip: launching predict_smi (n_candidates=256)
2026-05-12 17:10:04,158 [INFO] ms-clip: auto-picked GPU 7 (free 24092 MiB)
2026-05-12 17:10:04,158 [INFO] ms-clip: using CUDA_VISIBLE_DEVICES=7
2026-05-12 17:10:04,158 [INFO] ms-clip: launching predict_smi (n_candidates=67)
2026-05-12 17:10:41,746 [INFO] spec 170/500  MassSpecGymID0064717  pool=67  pred=DQSPAFVKTRHQOH  correct=False  t=37.7s
2026-05-12 17:10:41,868 [INFO] ms-clip: auto-picked GPU 7 (free 24092 MiB)
2026-05-12 17:10:41,869 [INFO] ms-clip: using CUDA_VISIBLE_DEVICES=7
2026-05-12 17:10:41,869 [INFO] ms-clip: launching predict_smi (n_candidates=67)
2026-05-12 17:11:01,303 [INFO] ms-clip: auto-picked GPU 7 (free 24092 MiB)
2026-05-12 17:11:01,304 [INFO] ms-clip: using CUDA_VISIBLE_DEVICES=7
2026-05-12 17:11:01,304 [INFO] ms-clip: launching predict_smi (n_candidates=256)
2026-05-12 17:11:34,711 [INFO] ms-clip: auto-picked GPU 7 (free 24092 MiB)
2026-05-12 17:11:34,711 [INFO] ms-clip: using CUDA_VISIBLE_DEVICES=7
2026-05-12 17:11:34,711 [INFO] ms-clip: launching predict_smi (n_candidates=256)
2026-05-12 17:13:33,721 [WARNING] chat retry attempt 1/3 after APIConnectionError: Error communicating with OpenAI: HTTPSConnectionPool(host='api.viviai.cc', port=443): Max retries exceeded with url: /v1 — sleeping 10.2s (caller=msg_llm_reranker, trace=None)
2026-05-12 17:13:48,979 [WARNING] chat retry attempt 2/3 after APIConnectionError: Error communicating with OpenAI: HTTPSConnectionPool(host='api.viviai.cc', port=443): Max retries exceeded with url: /v1 — sleeping 33.1s (caller=msg_llm_reranker, trace=None)
2026-05-12 17:15:40,499 [INFO] ms-clip: auto-picked GPU 7 (free 24092 MiB)
2026-05-12 17:15:40,500 [INFO] ms-clip: using CUDA_VISIBLE_DEVICES=7
2026-05-12 17:15:40,500 [INFO] ms-clip: launching predict_smi (n_candidates=113)
2026-05-12 17:16:17,031 [INFO] ms-clip: auto-picked GPU 7 (free 17392 MiB)
2026-05-12 17:16:17,032 [INFO] ms-clip: using CUDA_VISIBLE_DEVICES=7
2026-05-12 17:16:17,032 [INFO] ms-clip: launching predict_smi (n_candidates=84)
2026-05-12 17:17:10,397 [INFO] ms-clip: auto-picked GPU 7 (free 24092 MiB)
2026-05-12 17:17:10,397 [INFO] ms-clip: using CUDA_VISIBLE_DEVICES=7
2026-05-12 17:17:10,397 [INFO] ms-clip: launching predict_smi (n_candidates=179)
2026-05-12 17:19:13,772 [WARNING] chat retry attempt 1/3 after APIConnectionError: Error communicating with OpenAI: HTTPSConnectionPool(host='api.viviai.cc', port=443): Max retries exceeded with url: /v1 — sleeping 9.5s (caller=msg_llm_reranker, trace=None)
2026-05-12 17:19:28,311 [WARNING] chat retry attempt 2/3 after APIConnectionError: Error communicating with OpenAI: HTTPSConnectionPool(host='api.viviai.cc', port=443): Max retries exceeded with url: /v1 — sleeping 28.3s (caller=msg_llm_reranker, trace=None)
2026-05-12 17:21:34,648 [WARNING] chat retry attempt 3/3 after APIConnectionError: Error communicating with OpenAI: HTTPSConnectionPool(host='api.viviai.cc', port=443): Max retries exceeded with url: /v1 — sleeping 51.8s (caller=msg_llm_reranker, trace=None)
2026-05-12 17:22:47,288 [INFO] ms-clip: auto-picked GPU 7 (free 24092 MiB)
2026-05-12 17:22:47,288 [INFO] ms-clip: using CUDA_VISIBLE_DEVICES=7
2026-05-12 17:22:47,288 [INFO] ms-clip: launching predict_smi (n_candidates=256)
2026-05-12 17:23:20,899 [INFO] ms-clip: auto-picked GPU 7 (free 24092 MiB)
2026-05-12 17:23:20,900 [INFO] ms-clip: using CUDA_VISIBLE_DEVICES=7
2026-05-12 17:23:20,900 [INFO] ms-clip: launching predict_smi (n_candidates=256)
2026-05-12 17:23:37,445 [WARNING] chat retry attempt 1/3 after APIConnectionError: Error communicating with OpenAI: HTTPSConnectionPool(host='api.viviai.cc', port=443): Max retries exceeded with url: /v1 — sleeping 9.9s (caller=msg_llm_reranker, trace=None)
2026-05-12 17:23:56,156 [INFO] ms-clip: auto-picked GPU 7 (free 24092 MiB)
2026-05-12 17:23:56,157 [INFO] ms-clip: using CUDA_VISIBLE_DEVICES=7
2026-05-12 17:23:56,157 [INFO] ms-clip: launching predict_smi (n_candidates=256)
2026-05-12 17:26:10,043 [INFO] ms-clip: auto-picked GPU 7 (free 24092 MiB)
2026-05-12 17:26:10,043 [INFO] ms-clip: using CUDA_VISIBLE_DEVICES=7
2026-05-12 17:26:10,043 [INFO] ms-clip: launching predict_smi (n_candidates=199)
2026-05-12 17:26:47,454 [INFO] spec 180/500  MassSpecGymID0370922  pool=199  pred=AYNMYQSRRVGZDT  correct=True  t=37.5s
2026-05-12 17:26:47,590 [INFO] ms-clip: auto-picked GPU 7 (free 24092 MiB)
2026-05-12 17:26:47,591 [INFO] ms-clip: using CUDA_VISIBLE_DEVICES=7
2026-05-12 17:26:47,591 [INFO] ms-clip: launching predict_smi (n_candidates=256)
2026-05-12 17:28:34,419 [WARNING] chat retry attempt 1/3 after APIConnectionError: Error communicating with OpenAI: HTTPSConnectionPool(host='api.viviai.cc', port=443): Max retries exceeded with url: /v1 — sleeping 11.8s (caller=msg_llm_reranker, trace=None)
2026-05-12 17:29:27,416 [INFO] ms-clip: auto-picked GPU 7 (free 20364 MiB)
2026-05-12 17:29:27,416 [INFO] ms-clip: using CUDA_VISIBLE_DEVICES=7
2026-05-12 17:29:27,416 [INFO] ms-clip: launching predict_smi (n_candidates=199)
2026-05-12 17:29:51,092 [INFO] ms-clip: auto-picked GPU 7 (free 24092 MiB)
2026-05-12 17:29:51,093 [INFO] ms-clip: using CUDA_VISIBLE_DEVICES=7
2026-05-12 17:29:51,093 [INFO] ms-clip: launching predict_smi (n_candidates=256)
2026-05-12 17:30:28,258 [INFO] ms-clip: auto-picked GPU 7 (free 24092 MiB)
2026-05-12 17:30:28,258 [INFO] ms-clip: using CUDA_VISIBLE_DEVICES=7
2026-05-12 17:30:28,258 [INFO] ms-clip: launching predict_smi (n_candidates=256)
2026-05-12 17:31:07,908 [INFO] ms-clip: auto-picked GPU 7 (free 24092 MiB)
2026-05-12 17:31:07,908 [INFO] ms-clip: using CUDA_VISIBLE_DEVICES=7
2026-05-12 17:31:07,908 [INFO] ms-clip: launching predict_smi (n_candidates=256)
2026-05-12 17:33:28,777 [WARNING] chat retry attempt 1/3 after APIConnectionError: Error communicating with OpenAI: HTTPSConnectionPool(host='api.viviai.cc', port=443): Max retries exceeded with url: /v1 — sleeping 10.3s (caller=msg_llm_reranker, trace=None)
2026-05-12 17:34:32,087 [INFO] ms-clip: auto-picked GPU 7 (free 23248 MiB)
2026-05-12 17:34:32,088 [INFO] ms-clip: using CUDA_VISIBLE_DEVICES=7
2026-05-12 17:34:32,088 [INFO] ms-clip: launching predict_smi (n_candidates=256)
2026-05-12 17:36:15,137 [INFO] ms-clip: auto-picked GPU 7 (free 24092 MiB)
2026-05-12 17:36:15,138 [INFO] ms-clip: using CUDA_VISIBLE_DEVICES=7
2026-05-12 17:36:15,138 [INFO] ms-clip: launching predict_smi (n_candidates=79)
2026-05-12 17:36:46,341 [INFO] ms-clip: auto-picked GPU 7 (free 24092 MiB)
2026-05-12 17:36:46,341 [INFO] ms-clip: using CUDA_VISIBLE_DEVICES=7
2026-05-12 17:36:46,341 [INFO] ms-clip: launching predict_smi (n_candidates=27)
2026-05-12 17:38:01,832 [INFO] ms-clip: auto-picked GPU 7 (free 24092 MiB)
2026-05-12 17:38:01,832 [INFO] ms-clip: using CUDA_VISIBLE_DEVICES=7
2026-05-12 17:38:01,832 [INFO] ms-clip: launching predict_smi (n_candidates=12)
2026-05-12 17:38:30,331 [INFO] ms-clip: auto-picked GPU 7 (free 20888 MiB)
2026-05-12 17:38:30,331 [INFO] ms-clip: using CUDA_VISIBLE_DEVICES=7
2026-05-12 17:38:30,331 [INFO] ms-clip: launching predict_smi (n_candidates=135)
2026-05-12 17:39:16,726 [INFO] spec 190/500  MassSpecGymID0300331  pool=135  pred=OUGNWRCWQLUXHX  correct=True  t=46.5s
2026-05-12 17:39:16,844 [INFO] ms-clip: auto-picked GPU 7 (free 23076 MiB)
2026-05-12 17:39:16,844 [INFO] ms-clip: using CUDA_VISIBLE_DEVICES=7
2026-05-12 17:39:16,844 [INFO] ms-clip: launching predict_smi (n_candidates=16)
2026-05-12 17:39:51,902 [INFO] ms-clip: auto-picked GPU 7 (free 24092 MiB)
2026-05-12 17:39:51,902 [INFO] ms-clip: using CUDA_VISIBLE_DEVICES=7
2026-05-12 17:39:51,902 [INFO] ms-clip: launching predict_smi (n_candidates=86)
2026-05-12 17:40:29,952 [INFO] ms-clip: auto-picked GPU 7 (free 24092 MiB)
2026-05-12 17:40:29,952 [INFO] ms-clip: using CUDA_VISIBLE_DEVICES=7
2026-05-12 17:40:29,952 [INFO] ms-clip: launching predict_smi (n_candidates=256)
2026-05-12 17:42:12,235 [INFO] ms-clip: auto-picked GPU 7 (free 24092 MiB)
2026-05-12 17:42:12,235 [INFO] ms-clip: using CUDA_VISIBLE_DEVICES=7
2026-05-12 17:42:12,235 [INFO] ms-clip: launching predict_smi (n_candidates=16)
2026-05-12 17:43:17,552 [INFO] ms-clip: auto-picked GPU 7 (free 24092 MiB)
2026-05-12 17:43:17,552 [INFO] ms-clip: using CUDA_VISIBLE_DEVICES=7
2026-05-12 17:43:17,552 [INFO] ms-clip: launching predict_smi (n_candidates=222)
2026-05-12 17:43:56,682 [INFO] ms-clip: auto-picked GPU 7 (free 24092 MiB)
2026-05-12 17:43:56,682 [INFO] ms-clip: using CUDA_VISIBLE_DEVICES=7
2026-05-12 17:43:56,682 [INFO] ms-clip: launching predict_smi (n_candidates=256)
2026-05-12 17:44:57,472 [INFO] ms-clip: auto-picked GPU 7 (free 24092 MiB)
2026-05-12 17:44:57,472 [INFO] ms-clip: using CUDA_VISIBLE_DEVICES=7
2026-05-12 17:44:57,472 [INFO] ms-clip: launching predict_smi (n_candidates=88)
2026-05-12 17:46:47,187 [WARNING] llm_rerank attempt 1 parse error: no JSON object found
2026-05-12 17:47:52,093 [INFO] ms-clip: auto-picked GPU 7 (free 24092 MiB)
2026-05-12 17:47:52,094 [INFO] ms-clip: using CUDA_VISIBLE_DEVICES=7
2026-05-12 17:47:52,094 [INFO] ms-clip: launching predict_smi (n_candidates=256)
2026-05-12 17:49:02,185 [INFO] ms-clip: auto-picked GPU 7 (free 24092 MiB)
2026-05-12 17:49:02,185 [INFO] ms-clip: using CUDA_VISIBLE_DEVICES=7
2026-05-12 17:49:02,185 [INFO] ms-clip: launching predict_smi (n_candidates=256)
2026-05-12 17:49:46,406 [INFO] ms-clip: auto-picked GPU 7 (free 24092 MiB)
2026-05-12 17:49:46,407 [INFO] ms-clip: using CUDA_VISIBLE_DEVICES=7
2026-05-12 17:49:46,407 [INFO] ms-clip: launching predict_smi (n_candidates=256)
2026-05-12 17:50:21,268 [INFO] spec 200/500  MassSpecGymID0204386  pool=256  pred=SENIDMFOGMNMOE  correct=True  t=35.0s
2026-05-12 17:50:21,401 [INFO] ms-clip: auto-picked GPU 7 (free 24092 MiB)
2026-05-12 17:50:21,401 [INFO] ms-clip: using CUDA_VISIBLE_DEVICES=7
2026-05-12 17:50:21,401 [INFO] ms-clip: launching predict_smi (n_candidates=42)
2026-05-12 17:50:43,994 [INFO] ms-clip: auto-picked GPU 7 (free 24092 MiB)
2026-05-12 17:50:43,994 [INFO] ms-clip: using CUDA_VISIBLE_DEVICES=7
2026-05-12 17:50:43,994 [INFO] ms-clip: launching predict_smi (n_candidates=2)
2026-05-12 17:51:13,183 [INFO] ms-clip: auto-picked GPU 7 (free 24092 MiB)
2026-05-12 17:51:13,184 [INFO] ms-clip: using CUDA_VISIBLE_DEVICES=7
2026-05-12 17:51:13,184 [INFO] ms-clip: launching predict_smi (n_candidates=56)
2026-05-12 17:51:35,824 [INFO] ms-clip: auto-picked GPU 7 (free 24092 MiB)
2026-05-12 17:51:35,824 [INFO] ms-clip: using CUDA_VISIBLE_DEVICES=7
2026-05-12 17:51:35,824 [INFO] ms-clip: launching predict_smi (n_candidates=256)
2026-05-12 17:52:35,684 [INFO] ms-clip: auto-picked GPU 7 (free 24092 MiB)
2026-05-12 17:52:35,684 [INFO] ms-clip: using CUDA_VISIBLE_DEVICES=7
2026-05-12 17:52:35,685 [INFO] ms-clip: launching predict_smi (n_candidates=179)
2026-05-12 17:53:10,927 [INFO] ms-clip: auto-picked GPU 7 (free 22884 MiB)
2026-05-12 17:53:10,928 [INFO] ms-clip: using CUDA_VISIBLE_DEVICES=7
2026-05-12 17:53:10,928 [INFO] ms-clip: launching predict_smi (n_candidates=1)
2026-05-12 17:53:35,932 [INFO] ms-clip: auto-picked GPU 7 (free 24092 MiB)
2026-05-12 17:53:35,932 [INFO] ms-clip: using CUDA_VISIBLE_DEVICES=7
2026-05-12 17:53:35,932 [INFO] ms-clip: launching predict_smi (n_candidates=256)
2026-05-12 17:55:24,452 [WARNING] chat retry attempt 1/3 after APIConnectionError: Error communicating with OpenAI: HTTPSConnectionPool(host='api.viviai.cc', port=443): Max retries exceeded with url: /v1 — sleeping 8.6s (caller=msg_llm_reranker, trace=None)
2026-05-12 17:57:05,597 [WARNING] chat retry attempt 2/3 after APIConnectionError: Error communicating with OpenAI: HTTPSConnectionPool(host='api.viviai.cc', port=443): Max retries exceeded with url: /v1 — sleeping 26.6s (caller=msg_llm_reranker, trace=None)
2026-05-12 17:58:57,848 [INFO] ms-clip: auto-picked GPU 7 (free 24092 MiB)
2026-05-12 17:58:57,848 [INFO] ms-clip: using CUDA_VISIBLE_DEVICES=7
2026-05-12 17:58:57,848 [INFO] ms-clip: launching predict_smi (n_candidates=23)
2026-05-12 18:00:07,865 [INFO] ms-clip: auto-picked GPU 7 (free 24092 MiB)
2026-05-12 18:00:07,865 [INFO] ms-clip: using CUDA_VISIBLE_DEVICES=7
2026-05-12 18:00:07,865 [INFO] ms-clip: launching predict_smi (n_candidates=191)
2026-05-12 18:00:30,959 [INFO] ms-clip: auto-picked GPU 7 (free 24092 MiB)
2026-05-12 18:00:30,959 [INFO] ms-clip: using CUDA_VISIBLE_DEVICES=7
2026-05-12 18:00:30,959 [INFO] ms-clip: launching predict_smi (n_candidates=256)
2026-05-12 18:01:03,760 [INFO] spec 210/500  MassSpecGymID0088831  pool=256  pred=NCEXYHBECQHGNR  correct=True  t=32.9s
2026-05-12 18:01:03,890 [INFO] ms-clip: auto-picked GPU 7 (free 24092 MiB)
2026-05-12 18:01:03,890 [INFO] ms-clip: using CUDA_VISIBLE_DEVICES=7
2026-05-12 18:01:03,890 [INFO] ms-clip: launching predict_smi (n_candidates=256)
2026-05-12 18:01:34,188 [INFO] ms-clip: auto-picked GPU 7 (free 24092 MiB)
2026-05-12 18:01:34,188 [INFO] ms-clip: using CUDA_VISIBLE_DEVICES=7
2026-05-12 18:01:34,188 [INFO] ms-clip: launching predict_smi (n_candidates=256)
2026-05-12 18:01:45,560 [WARNING] ms-clip dropped SMILES COCCOc1cccc(OCCOC)c1N1[C]N(c2c(C(C)C)cccc2C(C)C)CC1; emitting sentinel -1.0
2026-05-12 18:01:56,825 [INFO] ms-clip: auto-picked GPU 7 (free 17392 MiB)
2026-05-12 18:01:56,825 [INFO] ms-clip: using CUDA_VISIBLE_DEVICES=7
2026-05-12 18:01:56,825 [INFO] ms-clip: launching predict_smi (n_candidates=256)
2026-05-12 18:02:32,237 [INFO] ms-clip: auto-picked GPU 7 (free 24092 MiB)
2026-05-12 18:02:32,237 [INFO] ms-clip: using CUDA_VISIBLE_DEVICES=7
2026-05-12 18:02:32,237 [INFO] ms-clip: launching predict_smi (n_candidates=256)
2026-05-12 18:03:27,304 [INFO] ms-clip: auto-picked GPU 7 (free 24092 MiB)
2026-05-12 18:03:27,305 [INFO] ms-clip: using CUDA_VISIBLE_DEVICES=7
2026-05-12 18:03:27,305 [INFO] ms-clip: launching predict_smi (n_candidates=25)
2026-05-12 18:05:05,490 [INFO] ms-clip: auto-picked GPU 7 (free 24092 MiB)
2026-05-12 18:05:05,490 [INFO] ms-clip: using CUDA_VISIBLE_DEVICES=7
2026-05-12 18:05:05,491 [INFO] ms-clip: launching predict_smi (n_candidates=256)
2026-05-12 18:05:22,323 [WARNING] chat retry attempt 1/3 after APIConnectionError: Error communicating with OpenAI: HTTPSConnectionPool(host='api.viviai.cc', port=443): Max retries exceeded with url: /v1 — sleeping 10.8s (caller=msg_llm_reranker, trace=None)
2026-05-12 18:06:04,524 [WARNING] llm_rerank attempt 1 parse error: json decode failed: Expecting ',' delimiter: line 1 column 1641 (char 1640)
2026-05-12 18:06:43,587 [INFO] ms-clip: auto-picked GPU 7 (free 24092 MiB)
2026-05-12 18:06:43,587 [INFO] ms-clip: using CUDA_VISIBLE_DEVICES=7
2026-05-12 18:06:43,588 [INFO] ms-clip: launching predict_smi (n_candidates=256)
2026-05-12 18:07:10,049 [INFO] ms-clip: auto-picked GPU 7 (free 24092 MiB)
2026-05-12 18:07:10,049 [INFO] ms-clip: using CUDA_VISIBLE_DEVICES=7
2026-05-12 18:07:10,049 [INFO] ms-clip: launching predict_smi (n_candidates=26)
2026-05-12 18:07:36,334 [INFO] ms-clip: auto-picked GPU 7 (free 24092 MiB)
2026-05-12 18:07:36,334 [INFO] ms-clip: using CUDA_VISIBLE_DEVICES=7
2026-05-12 18:07:36,335 [INFO] ms-clip: launching predict_smi (n_candidates=256)
2026-05-12 18:09:31,635 [WARNING] chat retry attempt 1/3 after APIConnectionError: Error communicating with OpenAI: HTTPSConnectionPool(host='api.viviai.cc', port=443): Max retries exceeded with url: /v1 — sleeping 11.4s (caller=msg_llm_reranker, trace=None)
2026-05-12 18:10:27,801 [INFO] ms-clip: auto-picked GPU 7 (free 24092 MiB)
2026-05-12 18:10:27,801 [INFO] ms-clip: using CUDA_VISIBLE_DEVICES=7
2026-05-12 18:10:27,802 [INFO] ms-clip: launching predict_smi (n_candidates=222)
2026-05-12 18:10:51,313 [INFO] spec 220/500  MassSpecGymID0277361  pool=222  pred=APSFXRUTRLTKQA  correct=False  t=23.6s
2026-05-12 18:10:51,446 [INFO] ms-clip: auto-picked GPU 7 (free 24092 MiB)
2026-05-12 18:10:51,446 [INFO] ms-clip: using CUDA_VISIBLE_DEVICES=7
2026-05-12 18:10:51,446 [INFO] ms-clip: launching predict_smi (n_candidates=256)
2026-05-12 18:11:14,055 [INFO] ms-clip: auto-picked GPU 7 (free 24092 MiB)
2026-05-12 18:11:14,055 [INFO] ms-clip: using CUDA_VISIBLE_DEVICES=7
2026-05-12 18:11:14,055 [INFO] ms-clip: launching predict_smi (n_candidates=10)
2026-05-12 18:11:40,732 [INFO] ms-clip: auto-picked GPU 7 (free 24092 MiB)
2026-05-12 18:11:40,732 [INFO] ms-clip: using CUDA_VISIBLE_DEVICES=7
2026-05-12 18:11:40,733 [INFO] ms-clip: launching predict_smi (n_candidates=256)
2026-05-12 18:12:16,335 [INFO] ms-clip: auto-picked GPU 7 (free 24092 MiB)
2026-05-12 18:12:16,336 [INFO] ms-clip: using CUDA_VISIBLE_DEVICES=7
2026-05-12 18:12:16,336 [INFO] ms-clip: launching predict_smi (n_candidates=105)
2026-05-12 18:12:46,228 [INFO] ms-clip: auto-picked GPU 7 (free 24092 MiB)
2026-05-12 18:12:46,228 [INFO] ms-clip: using CUDA_VISIBLE_DEVICES=7
2026-05-12 18:12:46,228 [INFO] ms-clip: launching predict_smi (n_candidates=243)
2026-05-12 18:13:34,914 [INFO] ms-clip: auto-picked GPU 7 (free 24092 MiB)
2026-05-12 18:13:34,914 [INFO] ms-clip: using CUDA_VISIBLE_DEVICES=7
2026-05-12 18:13:34,915 [INFO] ms-clip: launching predict_smi (n_candidates=256)
2026-05-12 18:15:18,526 [WARNING] chat retry attempt 1/3 after APIConnectionError: Error communicating with OpenAI: HTTPSConnectionPool(host='api.viviai.cc', port=443): Max retries exceeded with url: /v1 — sleeping 11.9s (caller=msg_llm_reranker, trace=None)
2026-05-12 18:17:03,937 [INFO] ms-clip: auto-picked GPU 7 (free 24092 MiB)
2026-05-12 18:17:03,937 [INFO] ms-clip: using CUDA_VISIBLE_DEVICES=7
2026-05-12 18:17:03,938 [INFO] ms-clip: launching predict_smi (n_candidates=111)
2026-05-12 18:17:35,419 [INFO] ms-clip: auto-picked GPU 7 (free 24092 MiB)
2026-05-12 18:17:35,419 [INFO] ms-clip: using CUDA_VISIBLE_DEVICES=7
2026-05-12 18:17:35,419 [INFO] ms-clip: launching predict_smi (n_candidates=72)
2026-05-12 18:18:11,290 [INFO] ms-clip: auto-picked GPU 7 (free 24092 MiB)
2026-05-12 18:18:11,291 [INFO] ms-clip: using CUDA_VISIBLE_DEVICES=7
2026-05-12 18:18:11,291 [INFO] ms-clip: launching predict_smi (n_candidates=12)
2026-05-12 18:19:19,307 [INFO] ms-clip: auto-picked GPU 7 (free 24092 MiB)
2026-05-12 18:19:19,307 [INFO] ms-clip: using CUDA_VISIBLE_DEVICES=7
2026-05-12 18:19:19,307 [INFO] ms-clip: launching predict_smi (n_candidates=256)
2026-05-12 18:21:59,180 [INFO] spec 230/500  MassSpecGymID0376453  pool=256  pred=VLIXKCFOBVQKEH  correct=False  t=160.0s
2026-05-12 18:21:59,288 [INFO] ms-clip: auto-picked GPU 7 (free 24092 MiB)
2026-05-12 18:21:59,289 [INFO] ms-clip: using CUDA_VISIBLE_DEVICES=7
2026-05-12 18:21:59,289 [INFO] ms-clip: launching predict_smi (n_candidates=58)
2026-05-12 18:23:01,445 [INFO] ms-clip: auto-picked GPU 7 (free 24092 MiB)
2026-05-12 18:23:01,445 [INFO] ms-clip: using CUDA_VISIBLE_DEVICES=7
2026-05-12 18:23:01,445 [INFO] ms-clip: launching predict_smi (n_candidates=256)
2026-05-12 18:23:31,523 [INFO] ms-clip: auto-picked GPU 7 (free 24092 MiB)
2026-05-12 18:23:31,524 [INFO] ms-clip: using CUDA_VISIBLE_DEVICES=7
2026-05-12 18:23:31,524 [INFO] ms-clip: launching predict_smi (n_candidates=256)
2026-05-12 18:23:57,877 [INFO] ms-clip: auto-picked GPU 7 (free 24092 MiB)
2026-05-12 18:23:57,877 [INFO] ms-clip: using CUDA_VISIBLE_DEVICES=7
2026-05-12 18:23:57,877 [INFO] ms-clip: launching predict_smi (n_candidates=256)
2026-05-12 18:26:02,689 [WARNING] chat retry attempt 1/3 after APIConnectionError: Error communicating with OpenAI: HTTPSConnectionPool(host='api.viviai.cc', port=443): Max retries exceeded with url: /v1 — sleeping 11.9s (caller=msg_llm_reranker, trace=None)
2026-05-12 18:26:25,572 [INFO] ms-clip: auto-picked GPU 7 (free 24092 MiB)
2026-05-12 18:26:25,573 [INFO] ms-clip: using CUDA_VISIBLE_DEVICES=7
2026-05-12 18:26:25,573 [INFO] ms-clip: launching predict_smi (n_candidates=256)
2026-05-12 18:26:46,476 [INFO] ms-clip: auto-picked GPU 7 (free 24092 MiB)
2026-05-12 18:26:46,476 [INFO] ms-clip: using CUDA_VISIBLE_DEVICES=7
2026-05-12 18:26:46,477 [INFO] ms-clip: launching predict_smi (n_candidates=256)
2026-05-12 18:28:00,091 [WARNING] llm_rerank attempt 1 parse error: no JSON object found
2026-05-12 18:28:44,889 [INFO] ms-clip: auto-picked GPU 7 (free 24092 MiB)
2026-05-12 18:28:44,890 [INFO] ms-clip: using CUDA_VISIBLE_DEVICES=7
2026-05-12 18:28:44,890 [INFO] ms-clip: launching predict_smi (n_candidates=192)
2026-05-12 18:29:16,380 [WARNING] llm_rerank attempt 1 parse error: no JSON object found
2026-05-12 18:29:31,709 [INFO] ms-clip: auto-picked GPU 7 (free 24092 MiB)
2026-05-12 18:29:31,709 [INFO] ms-clip: using CUDA_VISIBLE_DEVICES=7
2026-05-12 18:29:31,709 [INFO] ms-clip: launching predict_smi (n_candidates=256)
2026-05-12 18:30:10,247 [INFO] ms-clip: auto-picked GPU 7 (free 24092 MiB)
2026-05-12 18:30:10,248 [INFO] ms-clip: using CUDA_VISIBLE_DEVICES=7
2026-05-12 18:30:10,248 [INFO] ms-clip: launching predict_smi (n_candidates=256)
2026-05-12 18:30:57,671 [INFO] ms-clip: auto-picked GPU 7 (free 24092 MiB)
2026-05-12 18:30:57,672 [INFO] ms-clip: using CUDA_VISIBLE_DEVICES=7
2026-05-12 18:30:57,672 [INFO] ms-clip: launching predict_smi (n_candidates=96)
2026-05-12 18:31:59,535 [WARNING] llm_rerank attempt 1 parse error: no JSON object found
2026-05-12 18:32:28,604 [INFO] spec 240/500  MassSpecGymID0372011  pool=96  pred=WLFKFFMDFMCZQR  correct=False  t=91.1s
2026-05-12 18:32:28,737 [INFO] ms-clip: auto-picked GPU 7 (free 24092 MiB)
2026-05-12 18:32:28,737 [INFO] ms-clip: using CUDA_VISIBLE_DEVICES=7
2026-05-12 18:32:28,737 [INFO] ms-clip: launching predict_smi (n_candidates=24)
2026-05-12 18:33:06,516 [INFO] ms-clip: auto-picked GPU 7 (free 24092 MiB)
2026-05-12 18:33:06,516 [INFO] ms-clip: using CUDA_VISIBLE_DEVICES=7
2026-05-12 18:33:06,516 [INFO] ms-clip: launching predict_smi (n_candidates=47)
2026-05-12 18:33:29,455 [INFO] ms-clip: auto-picked GPU 7 (free 24092 MiB)
2026-05-12 18:33:29,455 [INFO] ms-clip: using CUDA_VISIBLE_DEVICES=7
2026-05-12 18:33:29,456 [INFO] ms-clip: launching predict_smi (n_candidates=256)
2026-05-12 18:34:00,199 [INFO] ms-clip: auto-picked GPU 7 (free 24092 MiB)
2026-05-12 18:34:00,199 [INFO] ms-clip: using CUDA_VISIBLE_DEVICES=7
2026-05-12 18:34:00,199 [INFO] ms-clip: launching predict_smi (n_candidates=256)
2026-05-12 18:34:41,339 [INFO] ms-clip: auto-picked GPU 7 (free 24092 MiB)
2026-05-12 18:34:41,340 [INFO] ms-clip: using CUDA_VISIBLE_DEVICES=7
2026-05-12 18:34:41,340 [INFO] ms-clip: launching predict_smi (n_candidates=16)
2026-05-12 18:35:41,074 [INFO] ms-clip: auto-picked GPU 7 (free 24092 MiB)
2026-05-12 18:35:41,075 [INFO] ms-clip: using CUDA_VISIBLE_DEVICES=7
2026-05-12 18:35:41,075 [INFO] ms-clip: launching predict_smi (n_candidates=256)
2026-05-12 18:35:58,347 [WARNING] chat retry attempt 1/3 after APIConnectionError: Error communicating with OpenAI: HTTPSConnectionPool(host='api.viviai.cc', port=443): Max retries exceeded with url: /v1 — sleeping 9.3s (caller=msg_llm_reranker, trace=None)
2026-05-12 18:38:15,664 [WARNING] chat retry attempt 2/3 after APIConnectionError: Error communicating with OpenAI: HTTPSConnectionPool(host='api.viviai.cc', port=443): Max retries exceeded with url: /v1 — sleeping 27.6s (caller=msg_llm_reranker, trace=None)
2026-05-12 18:39:05,206 [INFO] ms-clip: auto-picked GPU 7 (free 24092 MiB)
2026-05-12 18:39:05,207 [INFO] ms-clip: using CUDA_VISIBLE_DEVICES=7
2026-05-12 18:39:05,207 [INFO] ms-clip: launching predict_smi (n_candidates=256)
2026-05-12 18:40:39,265 [INFO] ms-clip: auto-picked GPU 7 (free 24092 MiB)
2026-05-12 18:40:39,265 [INFO] ms-clip: using CUDA_VISIBLE_DEVICES=7
2026-05-12 18:40:39,266 [INFO] ms-clip: launching predict_smi (n_candidates=256)
2026-05-12 18:41:19,427 [INFO] ms-clip: auto-picked GPU 7 (free 24092 MiB)
2026-05-12 18:41:19,427 [INFO] ms-clip: using CUDA_VISIBLE_DEVICES=7
2026-05-12 18:41:19,428 [INFO] ms-clip: launching predict_smi (n_candidates=67)
2026-05-12 18:41:55,371 [INFO] ms-clip: auto-picked GPU 7 (free 24092 MiB)
2026-05-12 18:41:55,371 [INFO] ms-clip: using CUDA_VISIBLE_DEVICES=7
2026-05-12 18:41:55,371 [INFO] ms-clip: launching predict_smi (n_candidates=256)
2026-05-12 18:43:10,065 [WARNING] llm_rerank attempt 1 parse error: no JSON object found
2026-05-12 18:43:32,081 [INFO] spec 250/500  MassSpecGymID0211202  pool=256  pred=OYFCDWLVIVPEDW  correct=True  t=96.8s
2026-05-12 18:43:32,192 [INFO] ms-clip: auto-picked GPU 7 (free 24092 MiB)
2026-05-12 18:43:32,192 [INFO] ms-clip: using CUDA_VISIBLE_DEVICES=7
2026-05-12 18:43:32,193 [INFO] ms-clip: launching predict_smi (n_candidates=49)
2026-05-12 18:43:56,383 [INFO] ms-clip: auto-picked GPU 7 (free 24092 MiB)
2026-05-12 18:43:56,383 [INFO] ms-clip: using CUDA_VISIBLE_DEVICES=7
2026-05-12 18:43:56,383 [INFO] ms-clip: launching predict_smi (n_candidates=256)
2026-05-12 18:44:31,763 [INFO] ms-clip: auto-picked GPU 7 (free 24092 MiB)
2026-05-12 18:44:31,764 [INFO] ms-clip: using CUDA_VISIBLE_DEVICES=7
2026-05-12 18:44:31,764 [INFO] ms-clip: launching predict_smi (n_candidates=256)
2026-05-12 18:45:30,485 [INFO] ms-clip: auto-picked GPU 7 (free 24092 MiB)
2026-05-12 18:45:30,486 [INFO] ms-clip: using CUDA_VISIBLE_DEVICES=7
2026-05-12 18:45:30,486 [INFO] ms-clip: launching predict_smi (n_candidates=56)
2026-05-12 18:46:04,967 [INFO] ms-clip: auto-picked GPU 7 (free 24092 MiB)
2026-05-12 18:46:04,967 [INFO] ms-clip: using CUDA_VISIBLE_DEVICES=7
2026-05-12 18:46:04,968 [INFO] ms-clip: launching predict_smi (n_candidates=256)
2026-05-12 18:46:30,711 [INFO] ms-clip: auto-picked GPU 7 (free 24092 MiB)
2026-05-12 18:46:30,711 [INFO] ms-clip: using CUDA_VISIBLE_DEVICES=7
2026-05-12 18:46:30,711 [INFO] ms-clip: launching predict_smi (n_candidates=9)
2026-05-12 18:46:53,127 [INFO] ms-clip: auto-picked GPU 7 (free 24092 MiB)
2026-05-12 18:46:53,127 [INFO] ms-clip: using CUDA_VISIBLE_DEVICES=7
2026-05-12 18:46:53,128 [INFO] ms-clip: launching predict_smi (n_candidates=48)
2026-05-12 18:47:17,813 [INFO] ms-clip: auto-picked GPU 7 (free 20808 MiB)
2026-05-12 18:47:17,813 [INFO] ms-clip: using CUDA_VISIBLE_DEVICES=7
2026-05-12 18:47:17,813 [INFO] ms-clip: launching predict_smi (n_candidates=256)
2026-05-12 18:47:46,455 [INFO] ms-clip: auto-picked GPU 7 (free 24092 MiB)
2026-05-12 18:47:46,456 [INFO] ms-clip: using CUDA_VISIBLE_DEVICES=7
2026-05-12 18:47:46,456 [INFO] ms-clip: launching predict_smi (n_candidates=256)
2026-05-12 18:50:13,509 [WARNING] chat retry attempt 1/3 after APIConnectionError: Error communicating with OpenAI: HTTPSConnectionPool(host='api.viviai.cc', port=443): Max retries exceeded with url: /v1 — sleeping 11.9s (caller=msg_llm_reranker, trace=None)
2026-05-12 18:52:49,591 [WARNING] chat retry attempt 2/3 after APIConnectionError: Error communicating with OpenAI: HTTPSConnectionPool(host='api.viviai.cc', port=443): Max retries exceeded with url: /v1 — sleeping 26.5s (caller=msg_llm_reranker, trace=None)
2026-05-12 18:53:44,397 [INFO] ms-clip: auto-picked GPU 7 (free 24092 MiB)
2026-05-12 18:53:44,397 [INFO] ms-clip: using CUDA_VISIBLE_DEVICES=7
2026-05-12 18:53:44,397 [INFO] ms-clip: launching predict_smi (n_candidates=256)
2026-05-12 18:54:01,923 [WARNING] chat retry attempt 1/3 after APIConnectionError: Error communicating with OpenAI: HTTPSConnectionPool(host='api.viviai.cc', port=443): Max retries exceeded with url: /v1 — sleeping 8.1s (caller=msg_llm_reranker, trace=None)
2026-05-12 18:55:05,749 [INFO] spec 260/500  MassSpecGymID0206353  pool=256  pred=WEVPQQOUSUESHR  correct=False  t=81.5s
2026-05-12 18:55:05,877 [INFO] ms-clip: auto-picked GPU 7 (free 24092 MiB)
2026-05-12 18:55:05,877 [INFO] ms-clip: using CUDA_VISIBLE_DEVICES=7
2026-05-12 18:55:05,878 [INFO] ms-clip: launching predict_smi (n_candidates=174)
2026-05-12 18:55:46,518 [INFO] ms-clip: auto-picked GPU 7 (free 24092 MiB)
2026-05-12 18:55:46,518 [INFO] ms-clip: using CUDA_VISIBLE_DEVICES=7
2026-05-12 18:55:46,519 [INFO] ms-clip: launching predict_smi (n_candidates=256)
2026-05-12 18:58:06,468 [INFO] ms-clip: auto-picked GPU 7 (free 24092 MiB)
2026-05-12 18:58:06,468 [INFO] ms-clip: using CUDA_VISIBLE_DEVICES=7
2026-05-12 18:58:06,468 [INFO] ms-clip: launching predict_smi (n_candidates=163)
2026-05-12 18:59:20,965 [INFO] ms-clip: auto-picked GPU 7 (free 24092 MiB)
2026-05-12 18:59:20,965 [INFO] ms-clip: using CUDA_VISIBLE_DEVICES=7
2026-05-12 18:59:20,965 [INFO] ms-clip: launching predict_smi (n_candidates=243)
2026-05-12 18:59:43,352 [INFO] ms-clip: auto-picked GPU 7 (free 24092 MiB)
2026-05-12 18:59:43,352 [INFO] ms-clip: using CUDA_VISIBLE_DEVICES=7
2026-05-12 18:59:43,352 [INFO] ms-clip: launching predict_smi (n_candidates=211)
2026-05-12 19:01:28,878 [WARNING] chat retry attempt 1/3 after APIConnectionError: Error communicating with OpenAI: HTTPSConnectionPool(host='api.viviai.cc', port=443): Max retries exceeded with url: /v1 — sleeping 10.8s (caller=msg_llm_reranker, trace=None)
2026-05-12 19:02:09,265 [INFO] ms-clip: auto-picked GPU 7 (free 24092 MiB)
2026-05-12 19:02:09,266 [INFO] ms-clip: using CUDA_VISIBLE_DEVICES=7
2026-05-12 19:02:09,266 [INFO] ms-clip: launching predict_smi (n_candidates=256)
2026-05-12 19:02:50,871 [INFO] ms-clip: auto-picked GPU 7 (free 24092 MiB)
2026-05-12 19:02:50,872 [INFO] ms-clip: using CUDA_VISIBLE_DEVICES=7
2026-05-12 19:02:50,872 [INFO] ms-clip: launching predict_smi (n_candidates=160)
2026-05-12 19:03:23,935 [INFO] ms-clip: auto-picked GPU 7 (free 24092 MiB)
2026-05-12 19:03:23,935 [INFO] ms-clip: using CUDA_VISIBLE_DEVICES=7
2026-05-12 19:03:23,935 [INFO] ms-clip: launching predict_smi (n_candidates=256)
2026-05-12 19:05:16,442 [WARNING] chat retry attempt 1/3 after APIConnectionError: Error communicating with OpenAI: HTTPSConnectionPool(host='api.viviai.cc', port=443): Max retries exceeded with url: /v1 — sleeping 8.4s (caller=msg_llm_reranker, trace=None)
2026-05-12 19:05:44,193 [INFO] ms-clip: auto-picked GPU 7 (free 24092 MiB)
2026-05-12 19:05:44,193 [INFO] ms-clip: using CUDA_VISIBLE_DEVICES=7
2026-05-12 19:05:44,193 [INFO] ms-clip: launching predict_smi (n_candidates=70)
2026-05-12 19:06:07,747 [INFO] ms-clip: auto-picked GPU 7 (free 24092 MiB)
2026-05-12 19:06:07,747 [INFO] ms-clip: using CUDA_VISIBLE_DEVICES=7
2026-05-12 19:06:07,747 [INFO] ms-clip: launching predict_smi (n_candidates=110)
2026-05-12 19:06:49,941 [INFO] spec 270/500  MassSpecGymID0012652  pool=110  pred=ULGZDMOVFRHVEP  correct=True  t=42.3s
2026-05-12 19:06:50,051 [INFO] ms-clip: auto-picked GPU 7 (free 24092 MiB)
2026-05-12 19:06:50,051 [INFO] ms-clip: using CUDA_VISIBLE_DEVICES=7
2026-05-12 19:06:50,051 [INFO] ms-clip: launching predict_smi (n_candidates=256)
2026-05-12 19:08:29,975 [WARNING] llm_rerank attempt 1 parse error: no JSON object found
2026-05-12 19:10:14,199 [INFO] ms-clip: auto-picked GPU 7 (free 24092 MiB)
2026-05-12 19:10:14,199 [INFO] ms-clip: using CUDA_VISIBLE_DEVICES=7
2026-05-12 19:10:14,199 [INFO] ms-clip: launching predict_smi (n_candidates=256)
2026-05-12 19:11:03,830 [INFO] ms-clip: auto-picked GPU 7 (free 24092 MiB)
2026-05-12 19:11:03,830 [INFO] ms-clip: using CUDA_VISIBLE_DEVICES=7
2026-05-12 19:11:03,830 [INFO] ms-clip: launching predict_smi (n_candidates=32)
2026-05-12 19:11:33,614 [INFO] ms-clip: auto-picked GPU 7 (free 24092 MiB)
2026-05-12 19:11:33,615 [INFO] ms-clip: using CUDA_VISIBLE_DEVICES=7
2026-05-12 19:11:33,615 [INFO] ms-clip: launching predict_smi (n_candidates=36)
2026-05-12 19:11:49,620 [WARNING] chat retry attempt 1/3 after APIConnectionError: Error communicating with OpenAI: HTTPSConnectionPool(host='api.viviai.cc', port=443): Max retries exceeded with url: /v1 — sleeping 9.3s (caller=msg_llm_reranker, trace=None)
2026-05-12 19:12:12,050 [INFO] ms-clip: auto-picked GPU 7 (free 24092 MiB)
2026-05-12 19:12:12,051 [INFO] ms-clip: using CUDA_VISIBLE_DEVICES=7
2026-05-12 19:12:12,051 [INFO] ms-clip: launching predict_smi (n_candidates=12)
2026-05-12 19:12:36,559 [INFO] ms-clip: auto-picked GPU 7 (free 24092 MiB)
2026-05-12 19:12:36,559 [INFO] ms-clip: using CUDA_VISIBLE_DEVICES=7
2026-05-12 19:12:36,559 [INFO] ms-clip: launching predict_smi (n_candidates=228)
2026-05-12 19:13:17,499 [INFO] ms-clip: auto-picked GPU 7 (free 24092 MiB)
2026-05-12 19:13:17,499 [INFO] ms-clip: using CUDA_VISIBLE_DEVICES=7
2026-05-12 19:13:17,499 [INFO] ms-clip: launching predict_smi (n_candidates=256)
2026-05-12 19:13:49,105 [INFO] ms-clip: auto-picked GPU 7 (free 24092 MiB)
2026-05-12 19:13:49,106 [INFO] ms-clip: using CUDA_VISIBLE_DEVICES=7
2026-05-12 19:13:49,106 [INFO] ms-clip: launching predict_smi (n_candidates=256)
2026-05-12 19:16:18,146 [WARNING] chat retry attempt 1/3 after APIConnectionError: Error communicating with OpenAI: HTTPSConnectionPool(host='api.viviai.cc', port=443): Max retries exceeded with url: /v1 — sleeping 8.3s (caller=msg_llm_reranker, trace=None)
2026-05-12 19:16:31,476 [WARNING] chat retry attempt 2/3 after APIConnectionError: Error communicating with OpenAI: HTTPSConnectionPool(host='api.viviai.cc', port=443): Max retries exceeded with url: /v1 — sleeping 31.5s (caller=msg_llm_reranker, trace=None)
2026-05-12 19:17:08,014 [WARNING] chat retry attempt 3/3 after APIConnectionError: Error communicating with OpenAI: HTTPSConnectionPool(host='api.viviai.cc', port=443): Max retries exceeded with url: /v1 — sleeping 53.1s (caller=msg_llm_reranker, trace=None)
2026-05-12 19:18:35,790 [INFO] ms-clip: auto-picked GPU 7 (free 24092 MiB)
2026-05-12 19:18:35,791 [INFO] ms-clip: using CUDA_VISIBLE_DEVICES=7
2026-05-12 19:18:35,791 [INFO] ms-clip: launching predict_smi (n_candidates=256)
2026-05-12 19:19:13,602 [INFO] ms-clip: auto-picked GPU 7 (free 24092 MiB)
2026-05-12 19:19:13,603 [INFO] ms-clip: using CUDA_VISIBLE_DEVICES=7
2026-05-12 19:19:13,603 [INFO] ms-clip: launching predict_smi (n_candidates=256)
2026-05-12 19:20:37,197 [INFO] spec 280/500  MassSpecGymID0247776  pool=256  pred=KQIXOBKAGZBVGB  correct=True  t=83.7s
2026-05-12 19:20:37,326 [INFO] ms-clip: auto-picked GPU 7 (free 24092 MiB)
2026-05-12 19:20:37,326 [INFO] ms-clip: using CUDA_VISIBLE_DEVICES=7
2026-05-12 19:20:37,326 [INFO] ms-clip: launching predict_smi (n_candidates=66)
2026-05-12 19:20:53,727 [WARNING] chat retry attempt 1/3 after APIConnectionError: Error communicating with OpenAI: HTTPSConnectionPool(host='api.viviai.cc', port=443): Max retries exceeded with url: /v1 — sleeping 10.0s (caller=msg_llm_reranker, trace=None)
2026-05-12 19:21:42,415 [INFO] ms-clip: auto-picked GPU 7 (free 24092 MiB)
2026-05-12 19:21:42,415 [INFO] ms-clip: using CUDA_VISIBLE_DEVICES=7
2026-05-12 19:21:42,415 [INFO] ms-clip: launching predict_smi (n_candidates=231)
2026-05-12 19:22:28,907 [WARNING] llm_rerank attempt 1 parse error: no JSON object found
2026-05-12 19:23:11,871 [INFO] ms-clip: auto-picked GPU 7 (free 23040 MiB)
2026-05-12 19:23:11,872 [INFO] ms-clip: using CUDA_VISIBLE_DEVICES=7
2026-05-12 19:23:11,872 [INFO] ms-clip: launching predict_smi (n_candidates=5)
2026-05-12 19:23:28,241 [WARNING] chat retry attempt 1/3 after APIConnectionError: Error communicating with OpenAI: HTTPSConnectionPool(host='api.viviai.cc', port=443): Max retries exceeded with url: /v1 — sleeping 10.3s (caller=msg_llm_reranker, trace=None)
2026-05-12 19:23:43,541 [WARNING] chat retry attempt 2/3 after APIConnectionError: Error communicating with OpenAI: HTTPSConnectionPool(host='api.viviai.cc', port=443): Max retries exceeded with url: /v1 — sleeping 26.4s (caller=msg_llm_reranker, trace=None)
2026-05-12 19:24:14,956 [WARNING] chat retry attempt 3/3 after APIConnectionError: Error communicating with OpenAI: HTTPSConnectionPool(host='api.viviai.cc', port=443): Max retries exceeded with url: /v1 — sleeping 50.8s (caller=msg_llm_reranker, trace=None)
2026-05-12 19:25:14,389 [INFO] ms-clip: auto-picked GPU 7 (free 24092 MiB)
2026-05-12 19:25:14,389 [INFO] ms-clip: using CUDA_VISIBLE_DEVICES=7
2026-05-12 19:25:14,389 [INFO] ms-clip: launching predict_smi (n_candidates=256)
2026-05-12 19:25:34,696 [INFO] ms-clip: auto-picked GPU 7 (free 24092 MiB)
2026-05-12 19:25:34,696 [INFO] ms-clip: using CUDA_VISIBLE_DEVICES=7
2026-05-12 19:25:34,696 [INFO] ms-clip: launching predict_smi (n_candidates=256)
2026-05-12 19:26:34,575 [WARNING] chat retry attempt 1/3 after APIConnectionError: Error communicating with OpenAI: HTTPSConnectionPool(host='api.viviai.cc', port=443): Max retries exceeded with url: /v1 — sleeping 8.6s (caller=msg_llm_reranker, trace=None)
2026-05-12 19:27:10,341 [INFO] ms-clip: auto-picked GPU 7 (free 24092 MiB)
2026-05-12 19:27:10,341 [INFO] ms-clip: using CUDA_VISIBLE_DEVICES=7
2026-05-12 19:27:10,341 [INFO] ms-clip: launching predict_smi (n_candidates=30)
2026-05-12 19:27:26,364 [WARNING] chat retry attempt 1/3 after APIConnectionError: Error communicating with OpenAI: HTTPSConnectionPool(host='api.viviai.cc', port=443): Max retries exceeded with url: /v1 — sleeping 10.7s (caller=msg_llm_reranker, trace=None)
2026-05-12 19:29:38,539 [WARNING] chat retry attempt 2/3 after APIConnectionError: Error communicating with OpenAI: HTTPSConnectionPool(host='api.viviai.cc', port=443): Max retries exceeded with url: /v1 — sleeping 34.6s (caller=msg_llm_reranker, trace=None)
2026-05-12 19:30:34,197 [INFO] ms-clip: auto-picked GPU 7 (free 24092 MiB)
2026-05-12 19:30:34,197 [INFO] ms-clip: using CUDA_VISIBLE_DEVICES=7
2026-05-12 19:30:34,197 [INFO] ms-clip: launching predict_smi (n_candidates=256)
2026-05-12 19:33:20,865 [WARNING] chat retry attempt 1/3 after APIConnectionError: Error communicating with OpenAI: HTTPSConnectionPool(host='api.viviai.cc', port=443): Max retries exceeded with url: /v1 — sleeping 10.5s (caller=msg_llm_reranker, trace=None)
2026-05-12 19:33:36,350 [WARNING] chat retry attempt 2/3 after APIConnectionError: Error communicating with OpenAI: HTTPSConnectionPool(host='api.viviai.cc', port=443): Max retries exceeded with url: /v1 — sleeping 28.7s (caller=msg_llm_reranker, trace=None)
2026-05-12 19:34:22,922 [INFO] ms-clip: auto-picked GPU 7 (free 24092 MiB)
2026-05-12 19:34:22,922 [INFO] ms-clip: using CUDA_VISIBLE_DEVICES=7
2026-05-12 19:34:22,922 [INFO] ms-clip: launching predict_smi (n_candidates=80)
2026-05-12 19:34:56,342 [INFO] ms-clip: auto-picked GPU 7 (free 24092 MiB)
2026-05-12 19:34:56,343 [INFO] ms-clip: using CUDA_VISIBLE_DEVICES=7
2026-05-12 19:34:56,343 [INFO] ms-clip: launching predict_smi (n_candidates=21)
2026-05-12 19:35:29,713 [INFO] ms-clip: auto-picked GPU 7 (free 24092 MiB)
2026-05-12 19:35:29,713 [INFO] ms-clip: using CUDA_VISIBLE_DEVICES=7
2026-05-12 19:35:29,713 [INFO] ms-clip: launching predict_smi (n_candidates=256)
2026-05-12 19:36:11,959 [INFO] spec 290/500  MassSpecGymID0215817  pool=256  pred=ATZKNJQPPLSNBB  correct=True  t=42.4s
2026-05-12 19:36:12,083 [INFO] ms-clip: auto-picked GPU 7 (free 24092 MiB)
2026-05-12 19:36:12,083 [INFO] ms-clip: using CUDA_VISIBLE_DEVICES=7
2026-05-12 19:36:12,083 [INFO] ms-clip: launching predict_smi (n_candidates=31)
2026-05-12 19:36:36,007 [INFO] ms-clip: auto-picked GPU 7 (free 24092 MiB)
2026-05-12 19:36:36,008 [INFO] ms-clip: using CUDA_VISIBLE_DEVICES=7
2026-05-12 19:36:36,008 [INFO] ms-clip: launching predict_smi (n_candidates=148)
2026-05-12 19:37:21,538 [INFO] ms-clip: auto-picked GPU 7 (free 24092 MiB)
2026-05-12 19:37:21,539 [INFO] ms-clip: using CUDA_VISIBLE_DEVICES=7
2026-05-12 19:37:21,539 [INFO] ms-clip: launching predict_smi (n_candidates=66)
2026-05-12 19:37:55,718 [INFO] ms-clip: auto-picked GPU 7 (free 19442 MiB)
2026-05-12 19:37:55,718 [INFO] ms-clip: using CUDA_VISIBLE_DEVICES=7
2026-05-12 19:37:55,719 [INFO] ms-clip: launching predict_smi (n_candidates=256)
2026-05-12 19:40:38,911 [WARNING] chat retry attempt 1/3 after APIConnectionError: Error communicating with OpenAI: HTTPSConnectionPool(host='api.viviai.cc', port=443): Max retries exceeded with url: /v1 — sleeping 8.6s (caller=msg_llm_reranker, trace=None)
2026-05-12 19:42:41,476 [WARNING] chat retry attempt 2/3 after APIConnectionError: Error communicating with OpenAI: HTTPSConnectionPool(host='api.viviai.cc', port=443): Max retries exceeded with url: /v1 — sleeping 29.9s (caller=msg_llm_reranker, trace=None)
2026-05-12 19:43:16,440 [WARNING] chat retry attempt 3/3 after APIConnectionError: Error communicating with OpenAI: HTTPSConnectionPool(host='api.viviai.cc', port=443): Max retries exceeded with url: /v1 — sleeping 61.3s (caller=msg_llm_reranker, trace=None)
2026-05-12 19:44:42,377 [INFO] ms-clip: auto-picked GPU 7 (free 24092 MiB)
2026-05-12 19:44:42,378 [INFO] ms-clip: using CUDA_VISIBLE_DEVICES=7
2026-05-12 19:44:42,378 [INFO] ms-clip: launching predict_smi (n_candidates=74)
2026-05-12 19:46:04,338 [WARNING] llm_rerank attempt 1 parse error: no JSON object found
2026-05-12 19:47:46,909 [INFO] ms-clip: auto-picked GPU 7 (free 24092 MiB)
2026-05-12 19:47:46,909 [INFO] ms-clip: using CUDA_VISIBLE_DEVICES=7
2026-05-12 19:47:46,909 [INFO] ms-clip: launching predict_smi (n_candidates=24)
2026-05-12 19:49:38,831 [INFO] ms-clip: auto-picked GPU 7 (free 24092 MiB)
2026-05-12 19:49:38,831 [INFO] ms-clip: using CUDA_VISIBLE_DEVICES=7
2026-05-12 19:49:38,831 [INFO] ms-clip: launching predict_smi (n_candidates=256)
2026-05-12 19:49:55,148 [WARNING] chat retry attempt 1/3 after APIConnectionError: Error communicating with OpenAI: HTTPSConnectionPool(host='api.viviai.cc', port=443): Max retries exceeded with url: /v1 — sleeping 9.4s (caller=msg_llm_reranker, trace=None)
2026-05-12 19:50:27,745 [INFO] ms-clip: auto-picked GPU 7 (free 20364 MiB)
2026-05-12 19:50:27,745 [INFO] ms-clip: using CUDA_VISIBLE_DEVICES=7
2026-05-12 19:50:27,745 [INFO] ms-clip: launching predict_smi (n_candidates=118)
2026-05-12 19:52:19,484 [WARNING] chat retry attempt 1/3 after APIConnectionError: Error communicating with OpenAI: HTTPSConnectionPool(host='api.viviai.cc', port=443): Max retries exceeded with url: /v1 — sleeping 9.7s (caller=msg_llm_reranker, trace=None)
2026-05-12 19:52:34,192 [WARNING] chat retry attempt 2/3 after APIConnectionError: Error communicating with OpenAI: HTTPSConnectionPool(host='api.viviai.cc', port=443): Max retries exceeded with url: /v1 — sleeping 33.2s (caller=msg_llm_reranker, trace=None)
2026-05-12 19:53:19,673 [INFO] ms-clip: auto-picked GPU 7 (free 20364 MiB)
2026-05-12 19:53:19,674 [INFO] ms-clip: using CUDA_VISIBLE_DEVICES=7
2026-05-12 19:53:19,674 [INFO] ms-clip: launching predict_smi (n_candidates=256)
2026-05-12 19:54:11,570 [INFO] ms-clip: auto-picked GPU 7 (free 24092 MiB)
2026-05-12 19:54:11,570 [INFO] ms-clip: using CUDA_VISIBLE_DEVICES=7
2026-05-12 19:54:11,571 [INFO] ms-clip: launching predict_smi (n_candidates=79)
2026-05-12 19:54:38,999 [INFO] spec 300/500  MassSpecGymID0381365  pool=79  pred=YTWLZXBVJMNCIR  correct=True  t=27.6s
2026-05-12 19:54:39,136 [INFO] ms-clip: auto-picked GPU 7 (free 24092 MiB)
2026-05-12 19:54:39,136 [INFO] ms-clip: using CUDA_VISIBLE_DEVICES=7
2026-05-12 19:54:39,137 [INFO] ms-clip: launching predict_smi (n_candidates=256)
2026-05-12 19:55:00,060 [INFO] ms-clip: auto-picked GPU 7 (free 24092 MiB)
2026-05-12 19:55:00,060 [INFO] ms-clip: using CUDA_VISIBLE_DEVICES=7
2026-05-12 19:55:00,060 [INFO] ms-clip: launching predict_smi (n_candidates=256)
2026-05-12 19:55:44,461 [INFO] ms-clip: auto-picked GPU 7 (free 24092 MiB)
2026-05-12 19:55:44,462 [INFO] ms-clip: using CUDA_VISIBLE_DEVICES=7
2026-05-12 19:55:44,462 [INFO] ms-clip: launching predict_smi (n_candidates=256)
2026-05-12 19:56:00,633 [WARNING] chat retry attempt 1/3 after APIConnectionError: Error communicating with OpenAI: HTTPSConnectionPool(host='api.viviai.cc', port=443): Max retries exceeded with url: /v1 — sleeping 11.9s (caller=msg_llm_reranker, trace=None)
2026-05-12 19:56:47,037 [INFO] ms-clip: auto-picked GPU 7 (free 24092 MiB)
2026-05-12 19:56:47,038 [INFO] ms-clip: using CUDA_VISIBLE_DEVICES=7
2026-05-12 19:56:47,038 [INFO] ms-clip: launching predict_smi (n_candidates=256)
2026-05-12 19:57:30,613 [INFO] ms-clip: auto-picked GPU 7 (free 24092 MiB)
2026-05-12 19:57:30,614 [INFO] ms-clip: using CUDA_VISIBLE_DEVICES=7
2026-05-12 19:57:30,614 [INFO] ms-clip: launching predict_smi (n_candidates=256)
2026-05-12 19:58:03,412 [INFO] ms-clip: auto-picked GPU 7 (free 24092 MiB)
2026-05-12 19:58:03,412 [INFO] ms-clip: using CUDA_VISIBLE_DEVICES=7
2026-05-12 19:58:03,412 [INFO] ms-clip: launching predict_smi (n_candidates=191)
2026-05-12 19:59:39,150 [INFO] ms-clip: auto-picked GPU 7 (free 24092 MiB)
2026-05-12 19:59:39,151 [INFO] ms-clip: using CUDA_VISIBLE_DEVICES=7
2026-05-12 19:59:39,151 [INFO] ms-clip: launching predict_smi (n_candidates=12)
2026-05-12 20:00:04,070 [INFO] ms-clip: auto-picked GPU 7 (free 24092 MiB)
2026-05-12 20:00:04,070 [INFO] ms-clip: using CUDA_VISIBLE_DEVICES=7
2026-05-12 20:00:04,070 [INFO] ms-clip: launching predict_smi (n_candidates=256)
2026-05-12 20:01:16,576 [INFO] ms-clip: auto-picked GPU 7 (free 24092 MiB)
2026-05-12 20:01:16,577 [INFO] ms-clip: using CUDA_VISIBLE_DEVICES=7
2026-05-12 20:01:16,577 [INFO] ms-clip: launching predict_smi (n_candidates=130)
2026-05-12 20:02:22,422 [INFO] ms-clip: auto-picked GPU 7 (free 24092 MiB)
2026-05-12 20:02:22,422 [INFO] ms-clip: using CUDA_VISIBLE_DEVICES=7
2026-05-12 20:02:22,422 [INFO] ms-clip: launching predict_smi (n_candidates=256)
2026-05-12 20:04:53,795 [WARNING] chat retry attempt 1/3 after APIConnectionError: Error communicating with OpenAI: HTTPSConnectionPool(host='api.viviai.cc', port=443): Max retries exceeded with url: /v1 — sleeping 11.8s (caller=msg_llm_reranker, trace=None)
2026-05-12 20:05:10,631 [WARNING] chat retry attempt 2/3 after APIConnectionError: Error communicating with OpenAI: HTTPSConnectionPool(host='api.viviai.cc', port=443): Max retries exceeded with url: /v1 — sleeping 33.5s (caller=msg_llm_reranker, trace=None)
2026-05-12 20:06:42,554 [INFO] spec 310/500  MassSpecGymID0215427  pool=256  pred=RGZNJUVMQCOEOI  correct=True  t=260.3s
2026-05-12 20:06:49,494 [INFO] ms-clip: using CUDA_VISIBLE_DEVICES=0
2026-05-12 20:06:49,494 [INFO] ms-clip: launching predict_smi (n_candidates=256)
2026-05-12 20:07:42,550 [WARNING] chat retry attempt 1/3 after APIConnectionError: Error communicating with OpenAI: HTTPSConnectionPool(host='api.viviai.cc', port=443): Max retries exceeded with url: /v1 — sleeping 8.0s (caller=msg_llm_reranker, trace=None)
2026-05-12 20:07:55,589 [WARNING] chat retry attempt 2/3 after APIConnectionError: Error communicating with OpenAI: HTTPSConnectionPool(host='api.viviai.cc', port=443): Max retries exceeded with url: /v1 — sleeping 29.7s (caller=msg_llm_reranker, trace=None)
2026-05-12 20:08:53,964 [INFO] ms-clip: auto-picked GPU 7 (free 24092 MiB)
2026-05-12 20:08:53,964 [INFO] ms-clip: using CUDA_VISIBLE_DEVICES=7
2026-05-12 20:08:53,964 [INFO] ms-clip: launching predict_smi (n_candidates=49)
2026-05-12 20:09:57,632 [INFO] ms-clip: using CUDA_VISIBLE_DEVICES=0
2026-05-12 20:09:57,633 [INFO] ms-clip: launching predict_smi (n_candidates=114)
2026-05-12 20:10:45,724 [INFO] ms-clip: using CUDA_VISIBLE_DEVICES=0
2026-05-12 20:10:45,724 [INFO] ms-clip: launching predict_smi (n_candidates=110)
2026-05-12 20:11:31,892 [INFO] ms-clip: auto-picked GPU 7 (free 24092 MiB)
2026-05-12 20:11:31,892 [INFO] ms-clip: using CUDA_VISIBLE_DEVICES=7
2026-05-12 20:11:31,892 [INFO] ms-clip: launching predict_smi (n_candidates=23)
2026-05-12 20:11:53,471 [WARNING] chat retry attempt 1/3 after APIConnectionError: Error communicating with OpenAI: HTTPSConnectionPool(host='api.viviai.cc', port=443): Max retries exceeded with url: /v1 — sleeping 10.0s (caller=msg_llm_reranker, trace=None)
2026-05-12 20:13:04,411 [WARNING] chat retry attempt 2/3 after APIConnectionError: Error communicating with OpenAI: HTTPSConnectionPool(host='api.viviai.cc', port=443): Max retries exceeded with url: /v1 — sleeping 25.2s (caller=msg_llm_reranker, trace=None)
2026-05-12 20:16:43,437 [WARNING] llm_rerank attempt 1 parse error: no JSON object found
2026-05-12 20:19:10,260 [WARNING] llm_rerank attempt 2 parse error: no JSON object found
2026-05-12 20:19:10,390 [INFO] ms-clip: auto-picked GPU 7 (free 24092 MiB)
2026-05-12 20:19:10,390 [INFO] ms-clip: using CUDA_VISIBLE_DEVICES=7
2026-05-12 20:19:10,390 [INFO] ms-clip: launching predict_smi (n_candidates=256)
2026-05-12 20:21:40,339 [WARNING] chat retry attempt 1/3 after APIConnectionError: Error communicating with OpenAI: HTTPSConnectionPool(host='api.viviai.cc', port=443): Max retries exceeded with url: /v1 — sleeping 9.5s (caller=msg_llm_reranker, trace=None)
2026-05-12 20:24:25,626 [WARNING] chat retry attempt 2/3 after APIConnectionError: Error communicating with OpenAI: HTTPSConnectionPool(host='api.viviai.cc', port=443): Max retries exceeded with url: /v1 — sleeping 30.1s (caller=msg_llm_reranker, trace=None)
2026-05-12 20:27:04,801 [WARNING] chat retry attempt 3/3 after APIConnectionError: Error communicating with OpenAI: HTTPSConnectionPool(host='api.viviai.cc', port=443): Max retries exceeded with url: /v1 — sleeping 52.5s (caller=msg_llm_reranker, trace=None)
2026-05-12 20:29:58,287 [WARNING] llm_rerank attempt 1 chat_fn failed: Error communicating with OpenAI: HTTPSConnectionPool(host='api.viviai.cc', port=443): Max retries exceeded with url: /v1/chat/completions (Caused by ProxyError('Unable to connect to proxy', RemoteDisconnected('Remote end closed connection without response')))
2026-05-12 20:30:37,945 [INFO] ms-clip: using CUDA_VISIBLE_DEVICES=0
2026-05-12 20:30:37,945 [INFO] ms-clip: launching predict_smi (n_candidates=256)
2026-05-12 20:31:26,594 [INFO] ms-clip: using CUDA_VISIBLE_DEVICES=0
2026-05-12 20:31:26,594 [INFO] ms-clip: launching predict_smi (n_candidates=5)
2026-05-12 20:31:55,182 [INFO] ms-clip: using CUDA_VISIBLE_DEVICES=0
2026-05-12 20:31:55,182 [INFO] ms-clip: launching predict_smi (n_candidates=240)
2026-05-12 20:32:50,086 [INFO] ms-clip: using CUDA_VISIBLE_DEVICES=0
2026-05-12 20:32:50,086 [INFO] ms-clip: launching predict_smi (n_candidates=79)
2026-05-12 20:33:31,644 [INFO] spec 320/500  MassSpecGymID0336431  pool=79  pred=HWRPGOHFIWLZBL  correct=False  t=47.8s
2026-05-12 20:33:37,952 [INFO] ms-clip: using CUDA_VISIBLE_DEVICES=0
2026-05-12 20:33:37,952 [INFO] ms-clip: launching predict_smi (n_candidates=256)
2026-05-12 20:34:33,345 [INFO] ms-clip: auto-picked GPU 7 (free 24092 MiB)
2026-05-12 20:34:33,345 [INFO] ms-clip: using CUDA_VISIBLE_DEVICES=7
2026-05-12 20:34:33,345 [INFO] ms-clip: launching predict_smi (n_candidates=84)
2026-05-12 20:35:26,762 [INFO] ms-clip: auto-picked GPU 7 (free 24092 MiB)
2026-05-12 20:35:26,762 [INFO] ms-clip: using CUDA_VISIBLE_DEVICES=7
2026-05-12 20:35:26,763 [INFO] ms-clip: launching predict_smi (n_candidates=234)
2026-05-12 20:36:02,025 [INFO] ms-clip: auto-picked GPU 7 (free 24092 MiB)
2026-05-12 20:36:02,026 [INFO] ms-clip: using CUDA_VISIBLE_DEVICES=7
2026-05-12 20:36:02,026 [INFO] ms-clip: launching predict_smi (n_candidates=5)
2026-05-12 20:36:29,230 [INFO] ms-clip: using CUDA_VISIBLE_DEVICES=0
2026-05-12 20:36:29,230 [INFO] ms-clip: launching predict_smi (n_candidates=56)
2026-05-12 20:38:10,717 [INFO] ms-clip: using CUDA_VISIBLE_DEVICES=0
2026-05-12 20:38:10,717 [INFO] ms-clip: launching predict_smi (n_candidates=47)
2026-05-12 20:39:07,947 [INFO] ms-clip: using CUDA_VISIBLE_DEVICES=0
2026-05-12 20:39:07,947 [INFO] ms-clip: launching predict_smi (n_candidates=256)
2026-05-12 20:39:54,050 [INFO] ms-clip: using CUDA_VISIBLE_DEVICES=0
2026-05-12 20:39:54,051 [INFO] ms-clip: launching predict_smi (n_candidates=256)
2026-05-12 20:40:11,370 [WARNING] ms-clip dropped SMILES Cc1cc(-c2nccc(Cc3cccc(-n4[c-][n+](C)cc4)c3)n2)n[nH]1; emitting sentinel -1.0
2026-05-12 20:40:33,476 [INFO] ms-clip: auto-picked GPU 7 (free 24092 MiB)
2026-05-12 20:40:33,477 [INFO] ms-clip: using CUDA_VISIBLE_DEVICES=7
2026-05-12 20:40:33,477 [INFO] ms-clip: launching predict_smi (n_candidates=17)
2026-05-12 20:41:28,424 [WARNING] llm_rerank attempt 1 parse error: no JSON object found
2026-05-12 20:42:24,902 [INFO] ms-clip: using CUDA_VISIBLE_DEVICES=0
2026-05-12 20:42:24,902 [INFO] ms-clip: launching predict_smi (n_candidates=256)
2026-05-12 20:43:08,757 [INFO] spec 330/500  MassSpecGymID0236749  pool=256  pred=ZNLVYSJQUMALEO  correct=True  t=50.2s
2026-05-12 20:43:15,056 [INFO] ms-clip: using CUDA_VISIBLE_DEVICES=0
2026-05-12 20:43:15,056 [INFO] ms-clip: launching predict_smi (n_candidates=256)
2026-05-12 20:44:03,733 [INFO] ms-clip: using CUDA_VISIBLE_DEVICES=0
2026-05-12 20:44:03,733 [INFO] ms-clip: launching predict_smi (n_candidates=23)
2026-05-12 20:44:35,660 [INFO] ms-clip: using CUDA_VISIBLE_DEVICES=0
2026-05-12 20:44:35,660 [INFO] ms-clip: launching predict_smi (n_candidates=256)
2026-05-12 20:45:05,802 [INFO] ms-clip: auto-picked GPU 7 (free 24092 MiB)
2026-05-12 20:45:05,802 [INFO] ms-clip: using CUDA_VISIBLE_DEVICES=7
2026-05-12 20:45:05,802 [INFO] ms-clip: launching predict_smi (n_candidates=256)
2026-05-12 20:45:48,273 [INFO] ms-clip: using CUDA_VISIBLE_DEVICES=0
2026-05-12 20:45:48,273 [INFO] ms-clip: launching predict_smi (n_candidates=256)
2026-05-12 20:47:29,026 [WARNING] llm_rerank attempt 1 parse error: no JSON object found
2026-05-12 20:48:07,882 [INFO] ms-clip: using CUDA_VISIBLE_DEVICES=0
2026-05-12 20:48:07,882 [INFO] ms-clip: launching predict_smi (n_candidates=135)
2026-05-12 20:48:26,072 [WARNING] chat retry attempt 1/3 after APIConnectionError: Error communicating with OpenAI: HTTPSConnectionPool(host='api.viviai.cc', port=443): Max retries exceeded with url: /v1 — sleeping 8.9s (caller=msg_llm_reranker, trace=None)
2026-05-12 20:48:52,348 [INFO] ms-clip: using CUDA_VISIBLE_DEVICES=0
2026-05-12 20:48:52,348 [INFO] ms-clip: launching predict_smi (n_candidates=256)
2026-05-12 20:49:09,278 [WARNING] ms-clip dropped SMILES O=C(NCCCNc1n[n+]([O-])c2ccccc2[n+]1[O-])c1cccc2cc3ccccc3nc12; emitting sentinel -1.0
2026-05-12 20:49:38,934 [INFO] ms-clip: using CUDA_VISIBLE_DEVICES=0
2026-05-12 20:49:38,935 [INFO] ms-clip: launching predict_smi (n_candidates=110)
2026-05-12 20:50:33,512 [INFO] ms-clip: using CUDA_VISIBLE_DEVICES=0
2026-05-12 20:50:33,513 [INFO] ms-clip: launching predict_smi (n_candidates=256)
2026-05-12 20:51:22,340 [WARNING] llm_rerank attempt 1 parse error: no JSON object found
2026-05-12 20:53:26,094 [WARNING] llm_rerank attempt 2 parse error: json decode failed: Expecting ',' delimiter: line 1 column 1889 (char 1888)
2026-05-12 20:53:32,380 [INFO] ms-clip: using CUDA_VISIBLE_DEVICES=0
2026-05-12 20:53:32,380 [INFO] ms-clip: launching predict_smi (n_candidates=135)
2026-05-12 20:54:19,951 [INFO] spec 340/500  MassSpecGymID0300352  pool=135  pred=OUGNWRCWQLUXHX  correct=True  t=53.9s
2026-05-12 20:54:26,254 [INFO] ms-clip: using CUDA_VISIBLE_DEVICES=0
2026-05-12 20:54:26,255 [INFO] ms-clip: launching predict_smi (n_candidates=77)
2026-05-12 20:55:26,365 [INFO] ms-clip: using CUDA_VISIBLE_DEVICES=0
2026-05-12 20:55:26,365 [INFO] ms-clip: launching predict_smi (n_candidates=256)
2026-05-12 20:56:09,599 [INFO] ms-clip: using CUDA_VISIBLE_DEVICES=0
2026-05-12 20:56:09,599 [INFO] ms-clip: launching predict_smi (n_candidates=71)
2026-05-12 20:57:02,241 [INFO] ms-clip: auto-picked GPU 7 (free 24092 MiB)
2026-05-12 20:57:02,241 [INFO] ms-clip: using CUDA_VISIBLE_DEVICES=7
2026-05-12 20:57:02,241 [INFO] ms-clip: launching predict_smi (n_candidates=256)
2026-05-12 20:57:56,760 [INFO] ms-clip: using CUDA_VISIBLE_DEVICES=0
2026-05-12 20:57:56,760 [INFO] ms-clip: launching predict_smi (n_candidates=256)
2026-05-12 20:58:34,466 [INFO] ms-clip: using CUDA_VISIBLE_DEVICES=0
2026-05-12 20:58:34,466 [INFO] ms-clip: launching predict_smi (n_candidates=16)
2026-05-12 20:59:23,403 [WARNING] llm_rerank attempt 1 parse error: no JSON object found
2026-05-12 20:59:42,649 [INFO] ms-clip: using CUDA_VISIBLE_DEVICES=0
2026-05-12 20:59:42,649 [INFO] ms-clip: launching predict_smi (n_candidates=86)
2026-05-12 20:59:56,172 [WARNING] ms-clip dropped SMILES CC(=O)OC[C@H]1O[C@@H]([n+]2[c-]ccc(C(=O)OC3CC(C)CCC3C(C)C)c2)[C@H](OC(C)=O)[C@@H]1OC(C)=O; emitting sentinel -1.0
2026-05-12 21:00:19,951 [INFO] ms-clip: auto-picked GPU 7 (free 24092 MiB)
2026-05-12 21:00:19,951 [INFO] ms-clip: using CUDA_VISIBLE_DEVICES=7
2026-05-12 21:00:19,951 [INFO] ms-clip: launching predict_smi (n_candidates=7)
2026-05-12 21:00:37,303 [WARNING] chat retry attempt 1/3 after APIConnectionError: Error communicating with OpenAI: HTTPSConnectionPool(host='api.viviai.cc', port=443): Max retries exceeded with url: /v1 — sleeping 10.5s (caller=msg_llm_reranker, trace=None)
2026-05-12 21:02:32,150 [WARNING] chat retry attempt 2/3 after APIConnectionError: Error communicating with OpenAI: HTTPSConnectionPool(host='api.viviai.cc', port=443): Max retries exceeded with url: /v1 — sleeping 28.5s (caller=msg_llm_reranker, trace=None)
2026-05-12 21:04:25,615 [INFO] ms-clip: auto-picked GPU 7 (free 24092 MiB)
2026-05-12 21:04:25,615 [INFO] ms-clip: using CUDA_VISIBLE_DEVICES=7
2026-05-12 21:04:25,615 [INFO] ms-clip: launching predict_smi (n_candidates=256)
2026-05-12 21:05:26,957 [INFO] ms-clip: auto-picked GPU 7 (free 24092 MiB)
2026-05-12 21:05:26,958 [INFO] ms-clip: using CUDA_VISIBLE_DEVICES=7
2026-05-12 21:05:26,958 [INFO] ms-clip: launching predict_smi (n_candidates=43)
2026-05-12 21:06:21,929 [WARNING] chat retry attempt 1/3 after APIConnectionError: Error communicating with OpenAI: HTTPSConnectionPool(host='api.viviai.cc', port=443): Max retries exceeded with url: /v1 — sleeping 9.2s (caller=msg_llm_reranker, trace=None)
2026-05-12 21:07:09,435 [INFO] spec 350/500  MassSpecGymID0356723  pool=43  pred=HHYPJHIDSAPPCM  correct=False  t=107.5s
2026-05-12 21:07:16,286 [INFO] ms-clip: using CUDA_VISIBLE_DEVICES=0
2026-05-12 21:07:16,287 [INFO] ms-clip: launching predict_smi (n_candidates=63)
2026-05-12 21:07:49,939 [INFO] ms-clip: auto-picked GPU 7 (free 24092 MiB)
2026-05-12 21:07:49,939 [INFO] ms-clip: using CUDA_VISIBLE_DEVICES=7
2026-05-12 21:07:49,940 [INFO] ms-clip: launching predict_smi (n_candidates=256)
2026-05-12 21:08:32,767 [INFO] ms-clip: using CUDA_VISIBLE_DEVICES=0
2026-05-12 21:08:32,767 [INFO] ms-clip: launching predict_smi (n_candidates=256)
2026-05-12 21:09:16,658 [INFO] ms-clip: using CUDA_VISIBLE_DEVICES=0
2026-05-12 21:09:16,659 [INFO] ms-clip: launching predict_smi (n_candidates=256)
2026-05-12 21:10:14,015 [INFO] ms-clip: using CUDA_VISIBLE_DEVICES=0
2026-05-12 21:10:14,015 [INFO] ms-clip: launching predict_smi (n_candidates=256)
2026-05-12 21:10:41,326 [INFO] ms-clip: auto-picked GPU 7 (free 24092 MiB)
2026-05-12 21:10:41,326 [INFO] ms-clip: using CUDA_VISIBLE_DEVICES=7
2026-05-12 21:10:41,326 [INFO] ms-clip: launching predict_smi (n_candidates=247)
2026-05-12 21:11:17,413 [INFO] ms-clip: auto-picked GPU 7 (free 24092 MiB)
2026-05-12 21:11:17,414 [INFO] ms-clip: using CUDA_VISIBLE_DEVICES=7
2026-05-12 21:11:17,414 [INFO] ms-clip: launching predict_smi (n_candidates=41)
2026-05-12 21:12:19,586 [INFO] ms-clip: using CUDA_VISIBLE_DEVICES=0
2026-05-12 21:12:19,586 [INFO] ms-clip: launching predict_smi (n_candidates=256)
2026-05-12 21:12:51,930 [INFO] ms-clip: using CUDA_VISIBLE_DEVICES=0
2026-05-12 21:12:51,930 [INFO] ms-clip: launching predict_smi (n_candidates=15)
2026-05-12 21:13:23,947 [INFO] ms-clip: using CUDA_VISIBLE_DEVICES=0
2026-05-12 21:13:23,948 [INFO] ms-clip: launching predict_smi (n_candidates=256)
2026-05-12 21:14:18,034 [WARNING] llm_rerank attempt 1 parse error: no JSON object found
2026-05-12 21:14:28,634 [INFO] spec 360/500  MassSpecGymID0070651  pool=256  pred=CRFYLQMIDWBKRT  correct=True  t=70.1s
2026-05-12 21:14:28,761 [INFO] ms-clip: auto-picked GPU 6 (free 24092 MiB)
2026-05-12 21:14:28,761 [INFO] ms-clip: using CUDA_VISIBLE_DEVICES=6
2026-05-12 21:14:28,761 [INFO] ms-clip: launching predict_smi (n_candidates=256)
2026-05-12 21:16:41,511 [WARNING] chat retry attempt 1/3 after APIConnectionError: Error communicating with OpenAI: HTTPSConnectionPool(host='api.viviai.cc', port=443): Max retries exceeded with url: /v1 — sleeping 9.5s (caller=msg_llm_reranker, trace=None)
2026-05-12 21:17:18,340 [INFO] ms-clip: auto-picked GPU 7 (free 24092 MiB)
2026-05-12 21:17:18,340 [INFO] ms-clip: using CUDA_VISIBLE_DEVICES=7
2026-05-12 21:17:18,340 [INFO] ms-clip: launching predict_smi (n_candidates=12)
2026-05-12 21:18:02,481 [INFO] ms-clip: auto-picked GPU 7 (free 24092 MiB)
2026-05-12 21:18:02,481 [INFO] ms-clip: using CUDA_VISIBLE_DEVICES=7
2026-05-12 21:18:02,481 [INFO] ms-clip: launching predict_smi (n_candidates=137)
2026-05-12 21:18:31,637 [INFO] ms-clip: using CUDA_VISIBLE_DEVICES=0
2026-05-12 21:18:31,637 [INFO] ms-clip: launching predict_smi (n_candidates=256)
2026-05-12 21:19:34,276 [INFO] ms-clip: auto-picked GPU 7 (free 24092 MiB)
2026-05-12 21:19:34,276 [INFO] ms-clip: using CUDA_VISIBLE_DEVICES=7
2026-05-12 21:19:34,276 [INFO] ms-clip: launching predict_smi (n_candidates=6)
2026-05-12 21:20:16,019 [INFO] ms-clip: using CUDA_VISIBLE_DEVICES=0
2026-05-12 21:20:16,020 [INFO] ms-clip: launching predict_smi (n_candidates=250)
2026-05-12 21:21:07,799 [INFO] ms-clip: using CUDA_VISIBLE_DEVICES=0
2026-05-12 21:21:07,799 [INFO] ms-clip: launching predict_smi (n_candidates=31)
2026-05-12 21:21:37,505 [INFO] ms-clip: auto-picked GPU 7 (free 24092 MiB)
2026-05-12 21:21:37,505 [INFO] ms-clip: using CUDA_VISIBLE_DEVICES=7
2026-05-12 21:21:37,505 [INFO] ms-clip: launching predict_smi (n_candidates=256)
2026-05-12 21:23:47,576 [INFO] ms-clip: using CUDA_VISIBLE_DEVICES=0
2026-05-12 21:23:47,576 [INFO] ms-clip: launching predict_smi (n_candidates=79)
2026-05-12 21:24:50,377 [WARNING] llm_rerank attempt 1 parse error: no JSON object found
2026-05-12 21:27:11,773 [WARNING] chat retry attempt 1/3 after APIConnectionError: Error communicating with OpenAI: HTTPSConnectionPool(host='api.viviai.cc', port=443): Max retries exceeded with url: /v1 — sleeping 9.5s (caller=msg_llm_reranker, trace=None)
2026-05-12 21:29:03,020 [INFO] ms-clip: using CUDA_VISIBLE_DEVICES=0
2026-05-12 21:29:03,020 [INFO] ms-clip: launching predict_smi (n_candidates=256)
2026-05-12 21:29:42,850 [INFO] spec 370/500  MassSpecGymID0216416  pool=256  pred=JMXVCIRSULFZLE  correct=True  t=44.9s
2026-05-12 21:29:44,667 [INFO] ms-clip: auto-picked GPU 7 (free 24092 MiB)
2026-05-12 21:29:44,667 [INFO] ms-clip: using CUDA_VISIBLE_DEVICES=7
2026-05-12 21:29:44,667 [INFO] ms-clip: launching predict_smi (n_candidates=16)
2026-05-12 21:30:27,411 [INFO] ms-clip: using CUDA_VISIBLE_DEVICES=0
2026-05-12 21:30:27,412 [INFO] ms-clip: launching predict_smi (n_candidates=256)
2026-05-12 21:31:01,387 [INFO] ms-clip: using CUDA_VISIBLE_DEVICES=0
2026-05-12 21:31:01,387 [INFO] ms-clip: launching predict_smi (n_candidates=163)
2026-05-12 21:31:33,046 [INFO] ms-clip: auto-picked GPU 7 (free 24092 MiB)
2026-05-12 21:31:33,047 [INFO] ms-clip: using CUDA_VISIBLE_DEVICES=7
2026-05-12 21:31:33,047 [INFO] ms-clip: launching predict_smi (n_candidates=154)
2026-05-12 21:32:13,447 [INFO] ms-clip: using CUDA_VISIBLE_DEVICES=0
2026-05-12 21:32:13,447 [INFO] ms-clip: launching predict_smi (n_candidates=122)
2026-05-12 21:32:54,030 [INFO] ms-clip: auto-picked GPU 7 (free 24092 MiB)
2026-05-12 21:32:54,030 [INFO] ms-clip: using CUDA_VISIBLE_DEVICES=7
2026-05-12 21:32:54,031 [INFO] ms-clip: launching predict_smi (n_candidates=163)
2026-05-12 21:33:36,180 [INFO] ms-clip: using CUDA_VISIBLE_DEVICES=0
2026-05-12 21:33:36,180 [INFO] ms-clip: launching predict_smi (n_candidates=1)
2026-05-12 21:34:12,787 [INFO] ms-clip: using CUDA_VISIBLE_DEVICES=0
2026-05-12 21:34:12,787 [INFO] ms-clip: launching predict_smi (n_candidates=31)
2026-05-12 21:35:23,272 [INFO] ms-clip: using CUDA_VISIBLE_DEVICES=0
2026-05-12 21:35:23,273 [INFO] ms-clip: launching predict_smi (n_candidates=256)
2026-05-12 21:35:55,966 [INFO] ms-clip: using CUDA_VISIBLE_DEVICES=0
2026-05-12 21:35:55,966 [INFO] ms-clip: launching predict_smi (n_candidates=256)
2026-05-12 21:38:28,943 [WARNING] chat retry attempt 1/3 after APIConnectionError: Error communicating with OpenAI: HTTPSConnectionPool(host='api.viviai.cc', port=443): Max retries exceeded with url: /v1 — sleeping 10.5s (caller=msg_llm_reranker, trace=None)
2026-05-12 21:39:42,982 [INFO] spec 380/500  MassSpecGymID0204379  pool=256  pred=KEMVOFWYNSUIHI  correct=False  t=232.1s
2026-05-12 21:39:44,943 [INFO] ms-clip: auto-picked GPU 7 (free 24092 MiB)
2026-05-12 21:39:44,943 [INFO] ms-clip: using CUDA_VISIBLE_DEVICES=7
2026-05-12 21:39:44,944 [INFO] ms-clip: launching predict_smi (n_candidates=256)
2026-05-12 21:40:28,305 [INFO] ms-clip: using CUDA_VISIBLE_DEVICES=0
2026-05-12 21:40:28,305 [INFO] ms-clip: launching predict_smi (n_candidates=256)
2026-05-12 21:41:11,999 [INFO] ms-clip: auto-picked GPU 7 (free 24092 MiB)
2026-05-12 21:41:12,000 [INFO] ms-clip: using CUDA_VISIBLE_DEVICES=7
2026-05-12 21:41:12,000 [INFO] ms-clip: launching predict_smi (n_candidates=163)
2026-05-12 21:42:59,558 [INFO] ms-clip: using CUDA_VISIBLE_DEVICES=0
2026-05-12 21:42:59,559 [INFO] ms-clip: launching predict_smi (n_candidates=14)
2026-05-12 21:43:33,450 [INFO] ms-clip: auto-picked GPU 7 (free 24092 MiB)
2026-05-12 21:43:33,450 [INFO] ms-clip: using CUDA_VISIBLE_DEVICES=7
2026-05-12 21:43:33,450 [INFO] ms-clip: launching predict_smi (n_candidates=104)
2026-05-12 21:44:04,193 [INFO] ms-clip: using CUDA_VISIBLE_DEVICES=0
2026-05-12 21:44:04,193 [INFO] ms-clip: launching predict_smi (n_candidates=256)
2026-05-12 21:44:46,133 [WARNING] llm_rerank attempt 1 parse error: no JSON object found
2026-05-12 21:45:14,620 [INFO] ms-clip: using CUDA_VISIBLE_DEVICES=0
2026-05-12 21:45:14,621 [INFO] ms-clip: launching predict_smi (n_candidates=256)
2026-05-12 21:46:27,717 [INFO] ms-clip: auto-picked GPU 7 (free 24092 MiB)
2026-05-12 21:46:27,717 [INFO] ms-clip: using CUDA_VISIBLE_DEVICES=7
2026-05-12 21:46:27,718 [INFO] ms-clip: launching predict_smi (n_candidates=79)
2026-05-12 21:47:03,092 [INFO] ms-clip: using CUDA_VISIBLE_DEVICES=0
2026-05-12 21:47:03,092 [INFO] ms-clip: launching predict_smi (n_candidates=256)
2026-05-12 21:48:47,069 [INFO] ms-clip: using CUDA_VISIBLE_DEVICES=0
2026-05-12 21:48:47,069 [INFO] ms-clip: launching predict_smi (n_candidates=256)
2026-05-12 21:50:11,823 [INFO] spec 390/500  MassSpecGymID0231398  pool=256  pred=KQQLBXFPTDVFAJ  correct=True  t=91.0s
2026-05-12 21:50:17,176 [INFO] ms-clip: using CUDA_VISIBLE_DEVICES=0
2026-05-12 21:50:17,177 [INFO] ms-clip: launching predict_smi (n_candidates=256)
2026-05-12 21:51:50,902 [WARNING] llm_rerank attempt 1 parse error: no JSON object found
2026-05-12 21:53:17,939 [INFO] ms-clip: using CUDA_VISIBLE_DEVICES=0
2026-05-12 21:53:17,939 [INFO] ms-clip: launching predict_smi (n_candidates=22)
2026-05-12 21:53:39,419 [WARNING] chat retry attempt 1/3 after APIConnectionError: Error communicating with OpenAI: HTTPSConnectionPool(host='api.viviai.cc', port=443): Max retries exceeded with url: /v1 — sleeping 9.9s (caller=msg_llm_reranker, trace=None)
2026-05-12 21:54:17,903 [INFO] ms-clip: auto-picked GPU 7 (free 24092 MiB)
2026-05-12 21:54:17,904 [INFO] ms-clip: using CUDA_VISIBLE_DEVICES=7
2026-05-12 21:54:17,904 [INFO] ms-clip: launching predict_smi (n_candidates=50)
2026-05-12 21:54:52,625 [INFO] ms-clip: using CUDA_VISIBLE_DEVICES=0
2026-05-12 21:54:52,625 [INFO] ms-clip: launching predict_smi (n_candidates=16)
2026-05-12 21:56:12,807 [INFO] ms-clip: using CUDA_VISIBLE_DEVICES=0
2026-05-12 21:56:12,807 [INFO] ms-clip: launching predict_smi (n_candidates=107)
2026-05-12 21:56:58,452 [INFO] ms-clip: auto-picked GPU 7 (free 24092 MiB)
2026-05-12 21:56:58,452 [INFO] ms-clip: using CUDA_VISIBLE_DEVICES=7
2026-05-12 21:56:58,453 [INFO] ms-clip: launching predict_smi (n_candidates=256)
2026-05-12 21:57:47,810 [INFO] ms-clip: using CUDA_VISIBLE_DEVICES=0
2026-05-12 21:57:47,810 [INFO] ms-clip: launching predict_smi (n_candidates=181)
2026-05-12 21:58:21,104 [INFO] ms-clip: using CUDA_VISIBLE_DEVICES=0
2026-05-12 21:58:21,104 [INFO] ms-clip: launching predict_smi (n_candidates=222)
2026-05-12 21:59:11,170 [INFO] ms-clip: using CUDA_VISIBLE_DEVICES=0
2026-05-12 21:59:11,171 [INFO] ms-clip: launching predict_smi (n_candidates=131)
2026-05-12 21:59:48,294 [INFO] ms-clip: using CUDA_VISIBLE_DEVICES=0
2026-05-12 21:59:48,295 [INFO] ms-clip: launching predict_smi (n_candidates=256)
2026-05-12 22:00:22,216 [INFO] spec 400/500  MassSpecGymID0153813  pool=256  pred=YULCIZBQCMGWTG  correct=False  t=40.2s
2026-05-12 22:00:28,523 [INFO] ms-clip: using CUDA_VISIBLE_DEVICES=0
2026-05-12 22:00:28,523 [INFO] ms-clip: launching predict_smi (n_candidates=256)
2026-05-12 22:02:04,179 [INFO] ms-clip: auto-picked GPU 7 (free 24092 MiB)
2026-05-12 22:02:04,179 [INFO] ms-clip: using CUDA_VISIBLE_DEVICES=7
2026-05-12 22:02:04,179 [INFO] ms-clip: launching predict_smi (n_candidates=6)
2026-05-12 22:03:00,189 [INFO] ms-clip: using CUDA_VISIBLE_DEVICES=0
2026-05-12 22:03:00,190 [INFO] ms-clip: launching predict_smi (n_candidates=256)
2026-05-12 22:04:06,827 [INFO] ms-clip: auto-picked GPU 7 (free 24092 MiB)
2026-05-12 22:04:06,827 [INFO] ms-clip: using CUDA_VISIBLE_DEVICES=7
2026-05-12 22:04:06,827 [INFO] ms-clip: launching predict_smi (n_candidates=92)
2026-05-12 22:05:05,239 [INFO] ms-clip: auto-picked GPU 7 (free 24092 MiB)
2026-05-12 22:05:05,239 [INFO] ms-clip: using CUDA_VISIBLE_DEVICES=7
2026-05-12 22:05:05,239 [INFO] ms-clip: launching predict_smi (n_candidates=53)
2026-05-12 22:05:43,763 [INFO] ms-clip: using CUDA_VISIBLE_DEVICES=0
2026-05-12 22:05:43,763 [INFO] ms-clip: launching predict_smi (n_candidates=256)
2026-05-12 22:06:18,323 [INFO] ms-clip: using CUDA_VISIBLE_DEVICES=0
2026-05-12 22:06:18,324 [INFO] ms-clip: launching predict_smi (n_candidates=32)
2026-05-12 22:06:59,008 [INFO] ms-clip: auto-picked GPU 7 (free 24092 MiB)
2026-05-12 22:06:59,009 [INFO] ms-clip: using CUDA_VISIBLE_DEVICES=7
2026-05-12 22:06:59,009 [INFO] ms-clip: launching predict_smi (n_candidates=256)
2026-05-12 22:09:26,139 [WARNING] chat retry attempt 1/3 after APIConnectionError: Error communicating with OpenAI: HTTPSConnectionPool(host='api.viviai.cc', port=443): Max retries exceeded with url: /v1 — sleeping 9.2s (caller=msg_llm_reranker, trace=None)
2026-05-12 22:11:18,092 [WARNING] chat retry attempt 2/3 after APIConnectionError: Error communicating with OpenAI: HTTPSConnectionPool(host='api.viviai.cc', port=443): Max retries exceeded with url: /v1 — sleeping 30.2s (caller=msg_llm_reranker, trace=None)
2026-05-12 22:12:19,636 [INFO] ms-clip: auto-picked GPU 7 (free 24092 MiB)
2026-05-12 22:12:19,637 [INFO] ms-clip: using CUDA_VISIBLE_DEVICES=7
2026-05-12 22:12:19,637 [INFO] ms-clip: launching predict_smi (n_candidates=256)
2026-05-12 22:14:41,093 [WARNING] chat retry attempt 1/3 after APIConnectionError: Error communicating with OpenAI: HTTPSConnectionPool(host='api.viviai.cc', port=443): Max retries exceeded with url: /v1 — sleeping 11.0s (caller=msg_llm_reranker, trace=None)
2026-05-12 22:15:56,736 [WARNING] llm_rerank attempt 1 parse error: no JSON object found
2026-05-12 22:16:01,742 [WARNING] chat retry attempt 1/3 after APIConnectionError: Error communicating with OpenAI: HTTPSConnectionPool(host='api.viviai.cc', port=443): Max retries exceeded with url: /v1 — sleeping 11.2s (caller=msg_llm_reranker, trace=None)
2026-05-12 22:16:17,964 [WARNING] chat retry attempt 2/3 after APIConnectionError: Error communicating with OpenAI: HTTPSConnectionPool(host='api.viviai.cc', port=443): Max retries exceeded with url: /v1 — sleeping 32.7s (caller=msg_llm_reranker, trace=None)
2026-05-12 22:18:02,779 [INFO] ms-clip: using CUDA_VISIBLE_DEVICES=0
2026-05-12 22:18:02,779 [INFO] ms-clip: launching predict_smi (n_candidates=256)
2026-05-12 22:20:33,161 [WARNING] chat retry attempt 1/3 after APIConnectionError: Error communicating with OpenAI: HTTPSConnectionPool(host='api.viviai.cc', port=443): Max retries exceeded with url: /v1 — sleeping 10.1s (caller=msg_llm_reranker, trace=None)
2026-05-12 22:21:15,016 [INFO] spec 410/500  MassSpecGymID0207318  pool=256  pred=VICZYZVNJKFTNP  correct=True  t=197.3s
2026-05-12 22:21:21,319 [INFO] ms-clip: using CUDA_VISIBLE_DEVICES=0
2026-05-12 22:21:21,319 [INFO] ms-clip: launching predict_smi (n_candidates=79)
2026-05-12 22:21:54,964 [INFO] ms-clip: using CUDA_VISIBLE_DEVICES=0
2026-05-12 22:21:54,965 [INFO] ms-clip: launching predict_smi (n_candidates=256)
2026-05-12 22:24:10,297 [INFO] ms-clip: auto-picked GPU 7 (free 24092 MiB)
2026-05-12 22:24:10,297 [INFO] ms-clip: using CUDA_VISIBLE_DEVICES=7
2026-05-12 22:24:10,297 [INFO] ms-clip: launching predict_smi (n_candidates=9)
2026-05-12 22:24:44,254 [INFO] ms-clip: using CUDA_VISIBLE_DEVICES=0
2026-05-12 22:24:44,254 [INFO] ms-clip: launching predict_smi (n_candidates=49)
2026-05-12 22:25:18,515 [INFO] ms-clip: using CUDA_VISIBLE_DEVICES=0
2026-05-12 22:25:18,515 [INFO] ms-clip: launching predict_smi (n_candidates=49)
2026-05-12 22:26:05,421 [INFO] ms-clip: using CUDA_VISIBLE_DEVICES=0
2026-05-12 22:26:05,421 [INFO] ms-clip: launching predict_smi (n_candidates=256)
2026-05-12 22:26:57,602 [INFO] ms-clip: auto-picked GPU 7 (free 24092 MiB)
2026-05-12 22:26:57,602 [INFO] ms-clip: using CUDA_VISIBLE_DEVICES=7
2026-05-12 22:26:57,602 [INFO] ms-clip: launching predict_smi (n_candidates=1)
2026-05-12 22:27:29,458 [INFO] ms-clip: using CUDA_VISIBLE_DEVICES=0
2026-05-12 22:27:29,459 [INFO] ms-clip: launching predict_smi (n_candidates=57)
2026-05-12 22:28:14,229 [WARNING] llm_rerank attempt 1 parse error: no JSON object found
2026-05-12 22:28:31,251 [INFO] ms-clip: using CUDA_VISIBLE_DEVICES=0
2026-05-12 22:28:31,251 [INFO] ms-clip: launching predict_smi (n_candidates=234)
2026-05-12 22:29:01,171 [INFO] ms-clip: auto-picked GPU 7 (free 24092 MiB)
2026-05-12 22:29:01,172 [INFO] ms-clip: using CUDA_VISIBLE_DEVICES=7
2026-05-12 22:29:01,172 [INFO] ms-clip: launching predict_smi (n_candidates=1)
2026-05-12 22:29:33,015 [INFO] spec 420/500  MassSpecGymID0078302  pool=1  pred=CQVYQYUSHAXATN  correct=True  t=32.0s
2026-05-12 22:29:39,273 [INFO] ms-clip: using CUDA_VISIBLE_DEVICES=0
2026-05-12 22:29:39,273 [INFO] ms-clip: launching predict_smi (n_candidates=256)
2026-05-12 22:31:39,507 [WARNING] llm_rerank attempt 1 parse error: json decode failed: Expecting ',' delimiter: line 1 column 1746 (char 1745)
2026-05-12 22:31:58,192 [INFO] ms-clip: using CUDA_VISIBLE_DEVICES=0
2026-05-12 22:31:58,193 [INFO] ms-clip: launching predict_smi (n_candidates=256)
2026-05-12 22:34:43,887 [WARNING] chat retry attempt 1/3 after APIConnectionError: Error communicating with OpenAI: HTTPSConnectionPool(host='api.viviai.cc', port=443): Max retries exceeded with url: /v1 — sleeping 8.1s (caller=msg_llm_reranker, trace=None)
2026-05-12 22:34:56,996 [WARNING] chat retry attempt 2/3 after APIConnectionError: Error communicating with OpenAI: HTTPSConnectionPool(host='api.viviai.cc', port=443): Max retries exceeded with url: /v1 — sleeping 27.0s (caller=msg_llm_reranker, trace=None)
2026-05-12 22:35:29,025 [WARNING] chat retry attempt 3/3 after APIConnectionError: Error communicating with OpenAI: HTTPSConnectionPool(host='api.viviai.cc', port=443): Max retries exceeded with url: /v1 — sleeping 68.6s (caller=msg_llm_reranker, trace=None)
2026-05-12 22:39:14,746 [WARNING] llm_rerank attempt 1 chat_fn failed: Error communicating with OpenAI: HTTPSConnectionPool(host='api.viviai.cc', port=443): Max retries exceeded with url: /v1/chat/completions (Caused by ProxyError('Unable to connect to proxy', RemoteDisconnected('Remote end closed connection without response')))
2026-05-12 22:39:35,076 [INFO] ms-clip: using CUDA_VISIBLE_DEVICES=0
2026-05-12 22:39:35,077 [INFO] ms-clip: launching predict_smi (n_candidates=72)
2026-05-12 22:40:14,013 [INFO] ms-clip: using CUDA_VISIBLE_DEVICES=0
2026-05-12 22:40:14,014 [INFO] ms-clip: launching predict_smi (n_candidates=256)
2026-05-12 22:40:48,590 [INFO] ms-clip: using CUDA_VISIBLE_DEVICES=0
2026-05-12 22:40:48,590 [INFO] ms-clip: launching predict_smi (n_candidates=256)
2026-05-12 22:42:25,913 [INFO] ms-clip: using CUDA_VISIBLE_DEVICES=0
2026-05-12 22:42:25,913 [INFO] ms-clip: launching predict_smi (n_candidates=127)
2026-05-12 22:43:57,986 [INFO] ms-clip: using CUDA_VISIBLE_DEVICES=0
2026-05-12 22:43:57,986 [INFO] ms-clip: launching predict_smi (n_candidates=32)
2026-05-12 22:44:56,779 [INFO] ms-clip: auto-picked GPU 7 (free 24092 MiB)
2026-05-12 22:44:56,779 [INFO] ms-clip: using CUDA_VISIBLE_DEVICES=7
2026-05-12 22:44:56,779 [INFO] ms-clip: launching predict_smi (n_candidates=256)
2026-05-12 22:46:08,399 [INFO] ms-clip: using CUDA_VISIBLE_DEVICES=0
2026-05-12 22:46:08,400 [INFO] ms-clip: launching predict_smi (n_candidates=256)
2026-05-12 22:46:49,174 [INFO] ms-clip: using CUDA_VISIBLE_DEVICES=0
2026-05-12 22:46:49,175 [INFO] ms-clip: launching predict_smi (n_candidates=256)
2026-05-12 22:47:04,367 [WARNING] ms-clip dropped SMILES O=C(NCCCNc1n[n+]([O-])c2ccccc2[n+]1[O-])c1cccc2cc3ccccc3nc12; emitting sentinel -1.0
2026-05-12 22:47:24,093 [INFO] spec 430/500  MassSpecGymID0028423  pool=256  pred=HTQMVQVXFRQIKW  correct=True  t=40.4s
2026-05-12 22:47:30,334 [INFO] ms-clip: using CUDA_VISIBLE_DEVICES=0
2026-05-12 22:47:30,335 [INFO] ms-clip: launching predict_smi (n_candidates=256)
2026-05-12 22:48:18,228 [WARNING] chat retry attempt 1/3 after APIConnectionError: Error communicating with OpenAI: HTTPSConnectionPool(host='api.viviai.cc', port=443): Max retries exceeded with url: /v1 — sleeping 11.8s (caller=msg_llm_reranker, trace=None)
2026-05-12 22:50:09,263 [INFO] ms-clip: auto-picked GPU 7 (free 24092 MiB)
2026-05-12 22:50:09,264 [INFO] ms-clip: using CUDA_VISIBLE_DEVICES=7
2026-05-12 22:50:09,264 [INFO] ms-clip: launching predict_smi (n_candidates=256)
2026-05-12 22:51:40,592 [INFO] ms-clip: using CUDA_VISIBLE_DEVICES=0
2026-05-12 22:51:40,592 [INFO] ms-clip: launching predict_smi (n_candidates=256)
2026-05-12 22:52:23,575 [WARNING] llm_rerank attempt 1 parse error: no JSON object found
2026-05-12 22:52:37,359 [INFO] ms-clip: auto-picked GPU 7 (free 24092 MiB)
2026-05-12 22:52:37,359 [INFO] ms-clip: using CUDA_VISIBLE_DEVICES=7
2026-05-12 22:52:37,359 [INFO] ms-clip: launching predict_smi (n_candidates=29)
2026-05-12 22:53:08,906 [INFO] ms-clip: using CUDA_VISIBLE_DEVICES=0
2026-05-12 22:53:08,906 [INFO] ms-clip: launching predict_smi (n_candidates=111)
2026-05-12 22:53:31,292 [WARNING] chat retry attempt 1/3 after APIConnectionError: Error communicating with OpenAI: HTTPSConnectionPool(host='api.viviai.cc', port=443): Max retries exceeded with url: /v1 — sleeping 8.2s (caller=msg_llm_reranker, trace=None)
2026-05-12 22:53:59,225 [INFO] ms-clip: using CUDA_VISIBLE_DEVICES=0
2026-05-12 22:53:59,225 [INFO] ms-clip: launching predict_smi (n_candidates=79)
2026-05-12 22:54:52,904 [WARNING] chat retry attempt 1/3 after APIConnectionError: Error communicating with OpenAI: HTTPSConnectionPool(host='api.viviai.cc', port=443): Max retries exceeded with url: /v1 — sleeping 10.8s (caller=msg_llm_reranker, trace=None)
2026-05-12 22:55:08,710 [WARNING] chat retry attempt 2/3 after APIConnectionError: Error communicating with OpenAI: HTTPSConnectionPool(host='api.viviai.cc', port=443): Max retries exceeded with url: /v1 — sleeping 33.9s (caller=msg_llm_reranker, trace=None)
2026-05-12 22:55:47,618 [WARNING] chat retry attempt 3/3 after APIConnectionError: Error communicating with OpenAI: HTTPSConnectionPool(host='api.viviai.cc', port=443): Max retries exceeded with url: /v1 — sleeping 54.2s (caller=msg_llm_reranker, trace=None)
2026-05-12 22:56:57,543 [INFO] ms-clip: using CUDA_VISIBLE_DEVICES=0
2026-05-12 22:56:57,544 [INFO] ms-clip: launching predict_smi (n_candidates=256)
2026-05-12 22:58:01,092 [INFO] ms-clip: using CUDA_VISIBLE_DEVICES=0
2026-05-12 22:58:01,092 [INFO] ms-clip: launching predict_smi (n_candidates=256)
2026-05-12 22:58:18,223 [WARNING] chat retry attempt 1/3 after APIConnectionError: Error communicating with OpenAI: HTTPSConnectionPool(host='api.viviai.cc', port=443): Max retries exceeded with url: /v1 — sleeping 8.4s (caller=msg_llm_reranker, trace=None)
2026-05-12 22:58:42,343 [INFO] ms-clip: auto-picked GPU 7 (free 24092 MiB)
2026-05-12 22:58:42,343 [INFO] ms-clip: using CUDA_VISIBLE_DEVICES=7
2026-05-12 22:58:42,343 [INFO] ms-clip: launching predict_smi (n_candidates=256)
2026-05-12 22:59:28,473 [INFO] ms-clip: using CUDA_VISIBLE_DEVICES=0
2026-05-12 22:59:28,474 [INFO] ms-clip: launching predict_smi (n_candidates=256)
2026-05-12 23:00:21,872 [WARNING] llm_rerank attempt 1 parse error: no JSON object found
2026-05-12 23:02:11,369 [WARNING] chat retry attempt 1/3 after APIConnectionError: Error communicating with OpenAI: HTTPSConnectionPool(host='api.viviai.cc', port=443): Max retries exceeded with url: /v1 — sleeping 10.3s (caller=msg_llm_reranker, trace=None)
2026-05-12 23:02:47,866 [INFO] spec 440/500  MassSpecGymID0276021  pool=256  pred=CDJAEKWAWWXNAX  correct=False  t=205.7s
2026-05-12 23:02:54,190 [INFO] ms-clip: using CUDA_VISIBLE_DEVICES=0
2026-05-12 23:02:54,190 [INFO] ms-clip: launching predict_smi (n_candidates=256)
2026-05-12 23:04:01,568 [INFO] ms-clip: using CUDA_VISIBLE_DEVICES=0
2026-05-12 23:04:01,568 [INFO] ms-clip: launching predict_smi (n_candidates=240)
2026-05-12 23:04:48,325 [INFO] ms-clip: using CUDA_VISIBLE_DEVICES=0
2026-05-12 23:04:48,326 [INFO] ms-clip: launching predict_smi (n_candidates=5)
2026-05-12 23:05:48,345 [INFO] ms-clip: auto-picked GPU 7 (free 24092 MiB)
2026-05-12 23:05:48,345 [INFO] ms-clip: using CUDA_VISIBLE_DEVICES=7
2026-05-12 23:05:48,346 [INFO] ms-clip: launching predict_smi (n_candidates=31)
2026-05-12 23:07:14,708 [WARNING] llm_rerank attempt 1 parse error: no JSON object found
2026-05-12 23:08:31,220 [INFO] ms-clip: using CUDA_VISIBLE_DEVICES=0
2026-05-12 23:08:31,221 [INFO] ms-clip: launching predict_smi (n_candidates=256)
2026-05-12 23:08:52,647 [WARNING] chat retry attempt 1/3 after APIConnectionError: Error communicating with OpenAI: HTTPSConnectionPool(host='api.viviai.cc', port=443): Max retries exceeded with url: /v1 — sleeping 10.4s (caller=msg_llm_reranker, trace=None)
2026-05-12 23:09:08,045 [WARNING] chat retry attempt 2/3 after APIConnectionError: Error communicating with OpenAI: HTTPSConnectionPool(host='api.viviai.cc', port=443): Max retries exceeded with url: /v1 — sleeping 32.4s (caller=msg_llm_reranker, trace=None)
2026-05-12 23:09:45,467 [WARNING] chat retry attempt 3/3 after APIConnectionError: Error communicating with OpenAI: HTTPSConnectionPool(host='api.viviai.cc', port=443): Max retries exceeded with url: /v1 — sleeping 53.3s (caller=msg_llm_reranker, trace=None)
2026-05-12 23:11:16,545 [WARNING] llm_rerank attempt 1 parse error: no JSON object found
2026-05-12 23:11:29,298 [INFO] ms-clip: auto-picked GPU 7 (free 24092 MiB)
2026-05-12 23:11:29,298 [INFO] ms-clip: using CUDA_VISIBLE_DEVICES=7
2026-05-12 23:11:29,298 [INFO] ms-clip: launching predict_smi (n_candidates=256)
2026-05-12 23:13:06,542 [INFO] ms-clip: auto-picked GPU 7 (free 24092 MiB)
2026-05-12 23:13:06,542 [INFO] ms-clip: using CUDA_VISIBLE_DEVICES=7
2026-05-12 23:13:06,542 [INFO] ms-clip: launching predict_smi (n_candidates=256)
2026-05-12 23:13:18,223 [WARNING] chat retry attempt 1/3 after APIConnectionError: Error communicating with OpenAI: HTTPSConnectionPool(host='api.viviai.cc', port=443): Max retries exceeded with url: /v1 — sleeping 11.0s (caller=msg_llm_reranker, trace=None)
2026-05-12 23:13:34,223 [WARNING] chat retry attempt 2/3 after APIConnectionError: Error communicating with OpenAI: HTTPSConnectionPool(host='api.viviai.cc', port=443): Max retries exceeded with url: /v1 — sleeping 29.3s (caller=msg_llm_reranker, trace=None)
2026-05-12 23:14:08,532 [WARNING] chat retry attempt 3/3 after APIConnectionError: Error communicating with OpenAI: HTTPSConnectionPool(host='api.viviai.cc', port=443): Max retries exceeded with url: /v1 — sleeping 69.3s (caller=msg_llm_reranker, trace=None)
2026-05-12 23:15:22,927 [WARNING] llm_rerank attempt 1 chat_fn failed: Error communicating with OpenAI: HTTPSConnectionPool(host='api.viviai.cc', port=443): Max retries exceeded with url: /v1/chat/completions (Caused by SSLError(SSLZeroReturnError(6, 'TLS/SSL connection has been closed (EOF) (_ssl.c:1147)')))
2026-05-12 23:15:46,032 [INFO] ms-clip: auto-picked GPU 7 (free 24092 MiB)
2026-05-12 23:15:46,032 [INFO] ms-clip: using CUDA_VISIBLE_DEVICES=7
2026-05-12 23:15:46,032 [INFO] ms-clip: launching predict_smi (n_candidates=27)
2026-05-12 23:16:33,126 [INFO] ms-clip: auto-picked GPU 7 (free 24092 MiB)
2026-05-12 23:16:33,127 [INFO] ms-clip: using CUDA_VISIBLE_DEVICES=7
2026-05-12 23:16:33,127 [INFO] ms-clip: launching predict_smi (n_candidates=37)
2026-05-12 23:17:28,129 [INFO] ms-clip: auto-picked GPU 7 (free 24092 MiB)
2026-05-12 23:17:28,130 [INFO] ms-clip: using CUDA_VISIBLE_DEVICES=7
2026-05-12 23:17:28,130 [INFO] ms-clip: launching predict_smi (n_candidates=256)
2026-05-12 23:18:31,112 [INFO] spec 450/500  MassSpecGymID0047463  pool=256  pred=FROBCXTULYFHEJ  correct=True  t=63.1s
2026-05-12 23:18:31,245 [INFO] ms-clip: auto-picked GPU 7 (free 24092 MiB)
2026-05-12 23:18:31,245 [INFO] ms-clip: using CUDA_VISIBLE_DEVICES=7
2026-05-12 23:18:31,245 [INFO] ms-clip: launching predict_smi (n_candidates=256)
2026-05-12 23:19:06,494 [INFO] ms-clip: auto-picked GPU 7 (free 24092 MiB)
2026-05-12 23:19:06,495 [INFO] ms-clip: using CUDA_VISIBLE_DEVICES=7
2026-05-12 23:19:06,495 [INFO] ms-clip: launching predict_smi (n_candidates=73)
2026-05-12 23:19:57,745 [INFO] ms-clip: auto-picked GPU 7 (free 24092 MiB)
2026-05-12 23:19:57,745 [INFO] ms-clip: using CUDA_VISIBLE_DEVICES=7
2026-05-12 23:19:57,745 [INFO] ms-clip: launching predict_smi (n_candidates=256)
2026-05-12 23:20:19,063 [INFO] ms-clip: auto-picked GPU 7 (free 24092 MiB)
2026-05-12 23:20:19,064 [INFO] ms-clip: using CUDA_VISIBLE_DEVICES=7
2026-05-12 23:20:19,064 [INFO] ms-clip: launching predict_smi (n_candidates=183)
2026-05-12 23:22:09,456 [WARNING] chat retry attempt 1/3 after APIConnectionError: Error communicating with OpenAI: HTTPSConnectionPool(host='api.viviai.cc', port=443): Max retries exceeded with url: /v1 — sleeping 12.0s (caller=msg_llm_reranker, trace=None)
2026-05-12 23:22:36,200 [INFO] ms-clip: auto-picked GPU 7 (free 24092 MiB)
2026-05-12 23:22:36,200 [INFO] ms-clip: using CUDA_VISIBLE_DEVICES=7
2026-05-12 23:22:36,200 [INFO] ms-clip: launching predict_smi (n_candidates=37)
2026-05-12 23:22:58,455 [INFO] ms-clip: auto-picked GPU 7 (free 24092 MiB)
2026-05-12 23:22:58,456 [INFO] ms-clip: using CUDA_VISIBLE_DEVICES=7
2026-05-12 23:22:58,456 [INFO] ms-clip: launching predict_smi (n_candidates=256)
2026-05-12 23:23:41,361 [INFO] ms-clip: auto-picked GPU 7 (free 24092 MiB)
2026-05-12 23:23:41,362 [INFO] ms-clip: using CUDA_VISIBLE_DEVICES=7
2026-05-12 23:23:41,362 [INFO] ms-clip: launching predict_smi (n_candidates=19)
2026-05-12 23:24:09,806 [INFO] ms-clip: auto-picked GPU 7 (free 24092 MiB)
2026-05-12 23:24:09,806 [INFO] ms-clip: using CUDA_VISIBLE_DEVICES=7
2026-05-12 23:24:09,806 [INFO] ms-clip: launching predict_smi (n_candidates=191)
2026-05-12 23:24:59,316 [WARNING] llm_rerank attempt 1 parse error: no JSON object found
2026-05-12 23:26:11,007 [INFO] ms-clip: auto-picked GPU 7 (free 24092 MiB)
2026-05-12 23:26:11,008 [INFO] ms-clip: using CUDA_VISIBLE_DEVICES=7
2026-05-12 23:26:11,008 [INFO] ms-clip: launching predict_smi (n_candidates=79)
2026-05-12 23:27:15,279 [INFO] ms-clip: auto-picked GPU 7 (free 24092 MiB)
2026-05-12 23:27:15,279 [INFO] ms-clip: using CUDA_VISIBLE_DEVICES=7
2026-05-12 23:27:15,279 [INFO] ms-clip: launching predict_smi (n_candidates=114)
2026-05-12 23:28:42,481 [WARNING] llm_rerank attempt 1 parse error: no JSON object found
2026-05-12 23:29:02,699 [INFO] spec 460/500  MassSpecGymID0335151  pool=114  pred=NFLYEVSGFRRYHO  correct=False  t=107.6s
2026-05-12 23:29:02,830 [INFO] ms-clip: auto-picked GPU 7 (free 24092 MiB)
2026-05-12 23:29:02,830 [INFO] ms-clip: using CUDA_VISIBLE_DEVICES=7
2026-05-12 23:29:02,830 [INFO] ms-clip: launching predict_smi (n_candidates=61)
2026-05-12 23:30:11,721 [WARNING] llm_rerank attempt 1 parse error: no JSON object found
2026-05-12 23:30:38,040 [INFO] ms-clip: auto-picked GPU 7 (free 24092 MiB)
2026-05-12 23:30:38,041 [INFO] ms-clip: using CUDA_VISIBLE_DEVICES=7
2026-05-12 23:30:38,041 [INFO] ms-clip: launching predict_smi (n_candidates=71)
2026-05-12 23:31:01,247 [INFO] ms-clip: auto-picked GPU 7 (free 24092 MiB)
2026-05-12 23:31:01,247 [INFO] ms-clip: using CUDA_VISIBLE_DEVICES=7
2026-05-12 23:31:01,248 [INFO] ms-clip: launching predict_smi (n_candidates=256)
2026-05-12 23:33:44,469 [WARNING] chat retry attempt 1/3 after APIConnectionError: Error communicating with OpenAI: HTTPSConnectionPool(host='api.viviai.cc', port=443): Max retries exceeded with url: /v1 — sleeping 9.2s (caller=msg_llm_reranker, trace=None)
2026-05-12 23:35:29,712 [INFO] ms-clip: auto-picked GPU 7 (free 24092 MiB)
2026-05-12 23:35:29,712 [INFO] ms-clip: using CUDA_VISIBLE_DEVICES=7
2026-05-12 23:35:29,712 [INFO] ms-clip: launching predict_smi (n_candidates=42)
2026-05-12 23:36:29,579 [WARNING] chat retry attempt 1/3 after APIConnectionError: Error communicating with OpenAI: HTTPSConnectionPool(host='api.viviai.cc', port=443): Max retries exceeded with url: /v1 — sleeping 10.9s (caller=msg_llm_reranker, trace=None)
2026-05-12 23:36:45,541 [WARNING] chat retry attempt 2/3 after APIConnectionError: Error communicating with OpenAI: HTTPSConnectionPool(host='api.viviai.cc', port=443): Max retries exceeded with url: /v1 — sleeping 34.5s (caller=msg_llm_reranker, trace=None)
2026-05-12 23:37:25,040 [WARNING] chat retry attempt 3/3 after APIConnectionError: Error communicating with OpenAI: HTTPSConnectionPool(host='api.viviai.cc', port=443): Max retries exceeded with url: /v1 — sleeping 61.4s (caller=msg_llm_reranker, trace=None)
2026-05-12 23:38:44,301 [INFO] ms-clip: auto-picked GPU 7 (free 24092 MiB)
2026-05-12 23:38:44,301 [INFO] ms-clip: using CUDA_VISIBLE_DEVICES=7
2026-05-12 23:38:44,301 [INFO] ms-clip: launching predict_smi (n_candidates=256)
2026-05-12 23:39:27,929 [INFO] ms-clip: auto-picked GPU 7 (free 24092 MiB)
2026-05-12 23:39:27,929 [INFO] ms-clip: using CUDA_VISIBLE_DEVICES=7
2026-05-12 23:39:27,929 [INFO] ms-clip: launching predict_smi (n_candidates=256)
2026-05-12 23:39:57,684 [INFO] ms-clip: auto-picked GPU 7 (free 24092 MiB)
2026-05-12 23:39:57,684 [INFO] ms-clip: using CUDA_VISIBLE_DEVICES=7
2026-05-12 23:39:57,684 [INFO] ms-clip: launching predict_smi (n_candidates=256)
2026-05-12 23:42:05,477 [WARNING] chat retry attempt 1/3 after APIConnectionError: Error communicating with OpenAI: HTTPSConnectionPool(host='api.viviai.cc', port=443): Max retries exceeded with url: /v1 — sleeping 10.3s (caller=msg_llm_reranker, trace=None)
2026-05-12 23:42:56,005 [INFO] ms-clip: auto-picked GPU 7 (free 24092 MiB)
2026-05-12 23:42:56,005 [INFO] ms-clip: using CUDA_VISIBLE_DEVICES=7
2026-05-12 23:42:56,005 [INFO] ms-clip: launching predict_smi (n_candidates=65)
2026-05-12 23:43:57,287 [INFO] ms-clip: auto-picked GPU 7 (free 24092 MiB)
2026-05-12 23:43:57,287 [INFO] ms-clip: using CUDA_VISIBLE_DEVICES=7
2026-05-12 23:43:57,288 [INFO] ms-clip: launching predict_smi (n_candidates=256)
2026-05-12 23:44:27,488 [INFO] ms-clip: auto-picked GPU 7 (free 24092 MiB)
2026-05-12 23:44:27,489 [INFO] ms-clip: using CUDA_VISIBLE_DEVICES=7
2026-05-12 23:44:27,489 [INFO] ms-clip: launching predict_smi (n_candidates=256)
2026-05-12 23:45:43,783 [INFO] spec 470/500  MassSpecGymID0211895  pool=256  pred=ITJFWCNMAYVBLI  correct=False  t=76.4s
2026-05-12 23:45:43,892 [INFO] ms-clip: auto-picked GPU 7 (free 24092 MiB)
2026-05-12 23:45:43,892 [INFO] ms-clip: using CUDA_VISIBLE_DEVICES=7
2026-05-12 23:45:43,893 [INFO] ms-clip: launching predict_smi (n_candidates=256)
2026-05-12 23:46:37,368 [INFO] ms-clip: auto-picked GPU 7 (free 24092 MiB)
2026-05-12 23:46:37,369 [INFO] ms-clip: using CUDA_VISIBLE_DEVICES=7
2026-05-12 23:46:37,369 [INFO] ms-clip: launching predict_smi (n_candidates=87)
2026-05-12 23:47:00,428 [INFO] ms-clip: auto-picked GPU 7 (free 24092 MiB)
2026-05-12 23:47:00,428 [INFO] ms-clip: using CUDA_VISIBLE_DEVICES=7
2026-05-12 23:47:00,428 [INFO] ms-clip: launching predict_smi (n_candidates=256)
2026-05-12 23:47:35,456 [INFO] ms-clip: auto-picked GPU 7 (free 24092 MiB)
2026-05-12 23:47:35,456 [INFO] ms-clip: using CUDA_VISIBLE_DEVICES=7
2026-05-12 23:47:35,456 [INFO] ms-clip: launching predict_smi (n_candidates=154)
2026-05-12 23:48:38,188 [INFO] ms-clip: auto-picked GPU 7 (free 24092 MiB)
2026-05-12 23:48:38,188 [INFO] ms-clip: using CUDA_VISIBLE_DEVICES=7
2026-05-12 23:48:38,188 [INFO] ms-clip: launching predict_smi (n_candidates=256)
2026-05-12 23:49:29,156 [INFO] ms-clip: auto-picked GPU 7 (free 24092 MiB)
2026-05-12 23:49:29,156 [INFO] ms-clip: using CUDA_VISIBLE_DEVICES=7
2026-05-12 23:49:29,156 [INFO] ms-clip: launching predict_smi (n_candidates=256)
2026-05-12 23:51:46,337 [WARNING] chat retry attempt 1/3 after APIConnectionError: Error communicating with OpenAI: HTTPSConnectionPool(host='api.viviai.cc', port=443): Max retries exceeded with url: /v1 — sleeping 9.6s (caller=msg_llm_reranker, trace=None)
2026-05-12 23:52:21,602 [INFO] ms-clip: auto-picked GPU 7 (free 24092 MiB)
2026-05-12 23:52:21,603 [INFO] ms-clip: using CUDA_VISIBLE_DEVICES=7
2026-05-12 23:52:21,603 [INFO] ms-clip: launching predict_smi (n_candidates=87)
2026-05-12 23:52:54,956 [WARNING] llm_rerank attempt 1 parse error: no JSON object found
2026-05-12 23:53:19,985 [INFO] ms-clip: auto-picked GPU 7 (free 24092 MiB)
2026-05-12 23:53:19,985 [INFO] ms-clip: using CUDA_VISIBLE_DEVICES=7
2026-05-12 23:53:19,985 [INFO] ms-clip: launching predict_smi (n_candidates=145)
2026-05-12 23:53:40,770 [INFO] ms-clip: auto-picked GPU 7 (free 24092 MiB)
2026-05-12 23:53:40,770 [INFO] ms-clip: using CUDA_VISIBLE_DEVICES=7
2026-05-12 23:53:40,770 [INFO] ms-clip: launching predict_smi (n_candidates=27)
2026-05-12 23:54:39,635 [INFO] ms-clip: auto-picked GPU 7 (free 24092 MiB)
2026-05-12 23:54:39,635 [INFO] ms-clip: using CUDA_VISIBLE_DEVICES=7
2026-05-12 23:54:39,635 [INFO] ms-clip: launching predict_smi (n_candidates=256)
2026-05-12 23:56:06,493 [INFO] spec 480/500  MassSpecGymID0163129  pool=256  pred=SPAMVCDESKNMPV  correct=False  t=87.0s
2026-05-12 23:56:06,630 [INFO] ms-clip: auto-picked GPU 7 (free 24092 MiB)
2026-05-12 23:56:06,630 [INFO] ms-clip: using CUDA_VISIBLE_DEVICES=7
2026-05-12 23:56:06,631 [INFO] ms-clip: launching predict_smi (n_candidates=3)
2026-05-12 23:56:32,045 [INFO] ms-clip: auto-picked GPU 7 (free 20364 MiB)
2026-05-12 23:56:32,045 [INFO] ms-clip: using CUDA_VISIBLE_DEVICES=7
2026-05-12 23:56:32,046 [INFO] ms-clip: launching predict_smi (n_candidates=256)
2026-05-12 23:57:05,018 [INFO] ms-clip: auto-picked GPU 7 (free 24092 MiB)
2026-05-12 23:57:05,018 [INFO] ms-clip: using CUDA_VISIBLE_DEVICES=7
2026-05-12 23:57:05,018 [INFO] ms-clip: launching predict_smi (n_candidates=256)
2026-05-12 23:57:28,848 [INFO] ms-clip: auto-picked GPU 7 (free 24092 MiB)
2026-05-12 23:57:28,849 [INFO] ms-clip: using CUDA_VISIBLE_DEVICES=7
2026-05-12 23:57:28,849 [INFO] ms-clip: launching predict_smi (n_candidates=20)
2026-05-12 23:58:02,659 [INFO] ms-clip: auto-picked GPU 7 (free 24092 MiB)
2026-05-12 23:58:02,660 [INFO] ms-clip: using CUDA_VISIBLE_DEVICES=7
2026-05-12 23:58:02,660 [INFO] ms-clip: launching predict_smi (n_candidates=256)
2026-05-12 23:58:41,808 [INFO] ms-clip: auto-picked GPU 7 (free 24092 MiB)
2026-05-12 23:58:41,808 [INFO] ms-clip: using CUDA_VISIBLE_DEVICES=7
2026-05-12 23:58:41,808 [INFO] ms-clip: launching predict_smi (n_candidates=256)
2026-05-13 00:00:50,471 [WARNING] chat retry attempt 1/3 after APIConnectionError: Error communicating with OpenAI: HTTPSConnectionPool(host='api.viviai.cc', port=443): Max retries exceeded with url: /v1 — sleeping 8.9s (caller=msg_llm_reranker, trace=None)
2026-05-13 00:01:04,351 [WARNING] chat retry attempt 2/3 after APIConnectionError: Error communicating with OpenAI: HTTPSConnectionPool(host='api.viviai.cc', port=443): Max retries exceeded with url: /v1 — sleeping 29.2s (caller=msg_llm_reranker, trace=None)
2026-05-13 00:01:42,523 [WARNING] chat retry attempt 3/3 after ServiceUnavailableError: The server is overloaded or not ready yet. — sleeping 62.0s (caller=msg_llm_reranker, trace=None)
2026-05-13 00:02:49,595 [WARNING] llm_rerank attempt 1 chat_fn failed: Error communicating with OpenAI: HTTPSConnectionPool(host='api.viviai.cc', port=443): Max retries exceeded with url: /v1/chat/completions (Caused by SSLError(SSLZeroReturnError(6, 'TLS/SSL connection has been closed (EOF) (_ssl.c:1147)')))
2026-05-13 00:02:54,599 [WARNING] chat retry attempt 1/3 after APIConnectionError: Error communicating with OpenAI: HTTPSConnectionPool(host='api.viviai.cc', port=443): Max retries exceeded with url: /v1 — sleeping 9.6s (caller=msg_llm_reranker, trace=None)
2026-05-13 00:03:40,694 [INFO] ms-clip: auto-picked GPU 7 (free 24092 MiB)
2026-05-13 00:03:40,694 [INFO] ms-clip: using CUDA_VISIBLE_DEVICES=7
2026-05-13 00:03:40,694 [INFO] ms-clip: launching predict_smi (n_candidates=61)
2026-05-13 00:04:28,494 [INFO] ms-clip: auto-picked GPU 7 (free 24092 MiB)
2026-05-13 00:04:28,495 [INFO] ms-clip: using CUDA_VISIBLE_DEVICES=7
2026-05-13 00:04:28,495 [INFO] ms-clip: launching predict_smi (n_candidates=256)
2026-05-13 00:05:03,432 [INFO] ms-clip: auto-picked GPU 7 (free 24092 MiB)
2026-05-13 00:05:03,433 [INFO] ms-clip: using CUDA_VISIBLE_DEVICES=7
2026-05-13 00:05:03,433 [INFO] ms-clip: launching predict_smi (n_candidates=256)
2026-05-13 00:06:31,505 [INFO] ms-clip: auto-picked GPU 7 (free 24092 MiB)
2026-05-13 00:06:31,505 [INFO] ms-clip: using CUDA_VISIBLE_DEVICES=7
2026-05-13 00:06:31,505 [INFO] ms-clip: launching predict_smi (n_candidates=256)
2026-05-13 00:08:45,197 [INFO] spec 490/500  MassSpecGymID0366974  pool=256  pred=MMJORIFPGDWBAA  correct=True  t=133.8s
2026-05-13 00:08:45,328 [INFO] ms-clip: auto-picked GPU 7 (free 24092 MiB)
2026-05-13 00:08:45,329 [INFO] ms-clip: using CUDA_VISIBLE_DEVICES=7
2026-05-13 00:08:45,329 [INFO] ms-clip: launching predict_smi (n_candidates=7)
2026-05-13 00:09:29,733 [WARNING] llm_rerank attempt 1 parse error: no JSON object found
2026-05-13 00:09:57,039 [INFO] ms-clip: auto-picked GPU 7 (free 24092 MiB)
2026-05-13 00:09:57,039 [INFO] ms-clip: using CUDA_VISIBLE_DEVICES=7
2026-05-13 00:09:57,039 [INFO] ms-clip: launching predict_smi (n_candidates=50)
2026-05-13 00:11:53,062 [INFO] ms-clip: auto-picked GPU 7 (free 24092 MiB)
2026-05-13 00:11:53,062 [INFO] ms-clip: using CUDA_VISIBLE_DEVICES=7
2026-05-13 00:11:53,062 [INFO] ms-clip: launching predict_smi (n_candidates=256)
2026-05-13 00:12:51,741 [INFO] ms-clip: auto-picked GPU 7 (free 24092 MiB)
2026-05-13 00:12:51,742 [INFO] ms-clip: using CUDA_VISIBLE_DEVICES=7
2026-05-13 00:12:51,742 [INFO] ms-clip: launching predict_smi (n_candidates=6)
2026-05-13 00:13:14,065 [INFO] ms-clip: auto-picked GPU 7 (free 24092 MiB)
2026-05-13 00:13:14,066 [INFO] ms-clip: using CUDA_VISIBLE_DEVICES=7
2026-05-13 00:13:14,066 [INFO] ms-clip: launching predict_smi (n_candidates=243)
2026-05-13 00:13:51,678 [INFO] ms-clip: auto-picked GPU 7 (free 23348 MiB)
2026-05-13 00:13:51,678 [INFO] ms-clip: using CUDA_VISIBLE_DEVICES=7
2026-05-13 00:13:51,678 [INFO] ms-clip: launching predict_smi (n_candidates=256)
2026-05-13 00:15:00,296 [WARNING] llm_rerank attempt 1 parse error: no JSON object found
2026-05-13 00:15:19,248 [INFO] ms-clip: auto-picked GPU 7 (free 24092 MiB)
2026-05-13 00:15:19,248 [INFO] ms-clip: using CUDA_VISIBLE_DEVICES=7
2026-05-13 00:15:19,248 [INFO] ms-clip: launching predict_smi (n_candidates=256)
2026-05-13 00:16:17,264 [WARNING] llm_rerank attempt 1 parse error: no JSON object found
2026-05-13 00:16:33,951 [INFO] ms-clip: auto-picked GPU 7 (free 24092 MiB)
2026-05-13 00:16:33,951 [INFO] ms-clip: using CUDA_VISIBLE_DEVICES=7
2026-05-13 00:16:33,951 [INFO] ms-clip: launching predict_smi (n_candidates=96)
2026-05-13 00:17:12,610 [INFO] ms-clip: auto-picked GPU 7 (free 24092 MiB)
2026-05-13 00:17:12,610 [INFO] ms-clip: using CUDA_VISIBLE_DEVICES=7
2026-05-13 00:17:12,610 [INFO] ms-clip: launching predict_smi (n_candidates=30)
2026-05-13 00:17:33,765 [INFO] ms-clip: auto-picked GPU 7 (free 24092 MiB)
2026-05-13 00:17:33,765 [INFO] ms-clip: using CUDA_VISIBLE_DEVICES=7
2026-05-13 00:17:33,765 [INFO] ms-clip: launching predict_smi (n_candidates=256)
2026-05-13 00:18:01,967 [INFO] spec 500/500  MassSpecGymID0236274  pool=256  pred=VIQCWEGEHRBLAC  correct=True  t=28.3s
2026-05-13 00:18:01,967 [INFO] ============================================================
2026-05-13 00:18:01,967 [INFO] MSG  pool=formula  reranker=llm
2026-05-13 00:18:01,967 [INFO]   n=500  correct=274  id_acc=0.5480  elapsed=42267.1s
done llm at 2026年 05月 13日 星期三 00:18:02 CST
ALL FORMULA DONE
