=== mass / none ===
2026-05-12 09:14:07,273 [INFO] METAGENT_MSCLIP_CKPT = /home/weiwentao/workspace/reconstruct/ms-pred/results/v4_msg_retrain_20260511_200835/version_0/best.ckpt
2026-05-12 09:14:07,273 [INFO] candidate pool = mass (/home/weiwentao/workspace/ms-pred/data/spec_datasets/msg/retrieval/MassSpecGym_retrieval_candidates_mass.json)
2026-05-12 09:14:07,273 [INFO] reranker = none
2026-05-12 09:14:07,561 [INFO] MSG: 17556 total test spectra
2026-05-12 09:14:07,562 [INFO] MSG: sampled 500 spectra (seed=42)
2026-05-12 09:14:08,405 [INFO] MSG: loaded 500 spectra (of 500 sampled)
2026-05-12 09:14:08,406 [INFO] running 500 MSG spectra
2026-05-12 09:14:08,406 [INFO] loading MSG candidates from /home/weiwentao/workspace/ms-pred/data/spec_datasets/msg/retrieval/MassSpecGym_retrieval_candidates_mass.json
2026-05-12 09:14:21,254 [INFO] loaded 32010 compound entries
2026-05-12 09:14:21,417 [INFO] ms-clip: auto-picked GPU 7 (free 24092 MiB)
2026-05-12 09:14:21,417 [INFO] ms-clip: using CUDA_VISIBLE_DEVICES=7
2026-05-12 09:14:21,417 [INFO] ms-clip: launching predict_smi (n_candidates=256)
2026-05-12 09:14:33,881 [INFO] ms-clip: auto-picked GPU 7 (free 24092 MiB)
2026-05-12 09:14:33,881 [INFO] ms-clip: using CUDA_VISIBLE_DEVICES=7
2026-05-12 09:14:33,881 [INFO] ms-clip: launching predict_smi (n_candidates=256)
2026-05-12 09:14:46,072 [WARNING] ms-clip dropped SMILES CCCCC1CCC(C)C1.CCCCC1CCC(C)C1.Cl[Zr]Cl; emitting sentinel -1.0
2026-05-12 09:14:46,072 [WARNING] ms-clip dropped SMILES CC(C)CCCCCS[Sn](C)(C)SCCCCCC(C)C; emitting sentinel -1.0
2026-05-12 09:14:46,072 [WARNING] ms-clip dropped SMILES C=CC=C.C[c-]1[c-](C)[c-](C)[c-](C)[c-]1C.Cc1c(C)c(C)[c-](C)c1C.[Ni].[Ni]; emitting sentinel -1.0
2026-05-12 09:14:46,199 [INFO] ms-clip: auto-picked GPU 7 (free 24092 MiB)
2026-05-12 09:14:46,199 [INFO] ms-clip: using CUDA_VISIBLE_DEVICES=7
2026-05-12 09:14:46,199 [INFO] ms-clip: launching predict_smi (n_candidates=256)
2026-05-12 09:14:58,326 [INFO] ms-clip: auto-picked GPU 7 (free 24092 MiB)
2026-05-12 09:14:58,326 [INFO] ms-clip: using CUDA_VISIBLE_DEVICES=7
2026-05-12 09:14:58,326 [INFO] ms-clip: launching predict_smi (n_candidates=256)
2026-05-12 09:15:10,285 [INFO] ms-clip: auto-picked GPU 7 (free 24092 MiB)
2026-05-12 09:15:10,286 [INFO] ms-clip: using CUDA_VISIBLE_DEVICES=7
2026-05-12 09:15:10,286 [INFO] ms-clip: launching predict_smi (n_candidates=256)
2026-05-12 09:15:21,870 [WARNING] ms-clip dropped SMILES CCC(CC(C)C#N)c1ccc(S(=O)(=O)C(C)S(=O)(=O)C(F)(F)F)cc1.[Li+]; emitting sentinel -1.0
2026-05-12 09:15:22,013 [INFO] ms-clip: auto-picked GPU 7 (free 24092 MiB)
2026-05-12 09:15:22,013 [INFO] ms-clip: using CUDA_VISIBLE_DEVICES=7
2026-05-12 09:15:22,013 [INFO] ms-clip: launching predict_smi (n_candidates=256)
2026-05-12 09:15:34,124 [WARNING] ms-clip dropped SMILES O=C(OB(OC(=O)C(O)(c1ccccc1)c1ccccc1)OC(=O)C(O)(c1ccccc1)c1ccccc1)C(O)(c1ccccc1)c1ccccc1.O=C([O-])C(O)(c1ccccc1)c1ccccc1.[Li+]; emitting sentinel -1.0
2026-05-12 09:15:34,124 [WARNING] ms-clip dropped SMILES CC1(C)c2ccc(Oc3cccc(-n4c5cc6c7c(c5c5cccnc54)Oc4cccc5c4B7c4c(cccc4O6)O5)c3)cc2-n2[c-][n+](-c3c(-c4ccccc4)cccc3-c3ccccc3)c3cccc1c32; emitting sentinel -1.0
2026-05-12 09:15:34,124 [WARNING] ms-clip dropped SMILES C.[C]1=C[Se]C(=C2[Se]C=C[Se]2)[Se]1.[C]1=C[Se]C(=C2[Se]C=C[Se]2)[Se]1.[Sb]; emitting sentinel -1.0
2026-05-12 09:15:34,124 [WARNING] ms-clip dropped SMILES C1=C/CC/C=C/CC/1.[BH3-][P+](Cp1c2ccccc2c2ccccc21)(c1ccccc1)c1ccccc1.[Rh].c1ccc([B-](c2ccccc2)(c2ccccc2)c2ccccc2)cc1; emitting sentinel -1.0
2026-05-12 09:15:34,124 [WARNING] ms-clip dropped SMILES [2H]C([2H])([2H])c1c[c-]c(-c2cc(C([2H])([2H])C(C)(C)C)c([Ge](C)(C)C)cn2)c(F)c1.[2H]C([2H])([2H])c1ccnc(-c2[c-]cc(C([2H])([2H])[2H])c3c2oc2cc(-c4ccccc4)ccc23)c1.[Ir]; emitting sentinel -1.0
2026-05-12 09:15:34,125 [WARNING] ms-clip dropped SMILES Cc1ccc([N+]2=C=[N+](c3[c-]c(Oc4[c-]c5c(cc4-c4nc(C(C)(C)C)nc(C(C)(C)C)n4)c4ccccc4n5-c4ccccn4)ccc3)c3ccccc32)cc1.[Pt+2]; emitting sentinel -1.0
2026-05-12 09:15:34,125 [WARNING] ms-clip dropped SMILES [2H]c1c([2H])c([2H])c(-c2cccc(-c3c([2H])c([2H])c([2H])c([2H])c3[2H])c2-[n+]2[c-]n(-c3[c-]c(Oc4[c-]c5c(cc4)c4ccccc4n5-c4cc(N(C)C)ccn4)ccc3)c3ccccc32)c([2H])c1[2H].[Pt]; emitting sentinel -1.0
2026-05-12 09:15:34,125 [WARNING] ms-clip dropped SMILES COC1CC2OC[C@@]2(O)C2(C)[C@H](C)C3(O)CC(O)C(C)=C(C(O)C(=O)[C@]12C)C3(C)C.CS.[Ac].[Ac]; emitting sentinel -1.0
2026-05-12 09:15:34,125 [WARNING] ms-clip dropped SMILES CC(C)c1c(-c2cnn(C)c2)nc(-c2cncs2)[nH]c1=O.CCCC[Sn](CCCC)(CCCC)c1cncs1.Cc1nc(Cl)nc(-c2cnn(C)c2)c1C(C)C; emitting sentinel -1.0
2026-05-12 09:15:34,125 [WARNING] ms-clip dropped SMILES C1CCOC1.C1CCOC1.CC(C)(C)/C([O-])=C/C(=O)c1cccc(C(=O)/C=C(\[O-])C(C)(C)C)c1.CC(C)(C)/C([O-])=C/C(=O)c1cccc(C(=O)/C=C(\[O-])C(C)(C)C)c1.[Cu+2].[Cu+2]; emitting sentinel -1.0
2026-05-12 09:15:34,263 [INFO] ms-clip: auto-picked GPU 7 (free 24092 MiB)
2026-05-12 09:15:34,264 [INFO] ms-clip: using CUDA_VISIBLE_DEVICES=7
2026-05-12 09:15:34,264 [INFO] ms-clip: launching predict_smi (n_candidates=256)
2026-05-12 09:15:46,201 [WARNING] ms-clip dropped SMILES Cc1ccccc1N1[CH-]N(c2ccccc2C)C(C)(C)C1(C)C.Cl[Ru+2]Cl.[CH2-]c1ccccc1[OH+]C(C)C; emitting sentinel -1.0
2026-05-12 09:15:46,202 [WARNING] ms-clip dropped SMILES C=CC1CCC[N+](CCC2=CCNc3ccc(OC)cc32)(Cc2cc(C(F)(F)F)cc(C(F)(F)F)c2)C1.[CH3-].[Y]; emitting sentinel -1.0
2026-05-12 09:15:46,202 [WARNING] ms-clip dropped SMILES CN/C=C\c1c(C=O)ncc2c1c(CNCc1cccc([Hg])c1)cn2Cc1ccc(F)cc1; emitting sentinel -1.0
2026-05-12 09:15:46,202 [WARNING] ms-clip dropped SMILES COc1ccc(Cc2ccc(O[C-]=O)c(C)c2)cc1C.C[C-]=O.Cc1cc(Cc2ccc(O)c(C)c2)ccc1O.[Y]; emitting sentinel -1.0
2026-05-12 09:15:46,340 [INFO] ms-clip: auto-picked GPU 7 (free 24092 MiB)
2026-05-12 09:15:46,340 [INFO] ms-clip: using CUDA_VISIBLE_DEVICES=7
2026-05-12 09:15:46,340 [INFO] ms-clip: launching predict_smi (n_candidates=256)
2026-05-12 09:15:58,257 [WARNING] ms-clip dropped SMILES Cc1c(C)c(C)[c-](C)c1C.Cc1c(C)c(C)[c-](C)c1C.O=[Zr+2]; emitting sentinel -1.0
2026-05-12 09:15:58,388 [INFO] ms-clip: auto-picked GPU 7 (free 24092 MiB)
2026-05-12 09:15:58,389 [INFO] ms-clip: using CUDA_VISIBLE_DEVICES=7
2026-05-12 09:15:58,389 [INFO] ms-clip: launching predict_smi (n_candidates=256)
2026-05-12 09:16:10,046 [WARNING] ms-clip dropped SMILES O=C([O-])[C@@H](/N=C(\c1ccccc1)c1ccccc1/N=C(/[O-])[C@@H]1CCCN1Cc1ccccc1)[C@@H]1c2ccccc2CCN1c1ccccc1.[Ni+2]; emitting sentinel -1.0
2026-05-12 09:16:10,046 [WARNING] ms-clip dropped SMILES CCN(CC)CCOC(=S)[S-].CCN(CC)CCOC(=S)[S-].CCN(CC)CC[Sn+2]CCN(CC)CC; emitting sentinel -1.0
2026-05-12 09:16:10,046 [WARNING] ms-clip dropped SMILES C[CH-]C.Cc1ccc(C)c(-c2cccc3[cH-]ccc23)c1.Cc1ccc(C)c(-c2cccc3[cH-]ccc23)c1.[H][C-]=[SiH2].[Hf+4]; emitting sentinel -1.0
2026-05-12 09:16:10,046 [WARNING] ms-clip dropped SMILES CCCC[Sn](CCCC)(CCCC)c1ccc(CN2C(=O)C(=O)c3cc(S(=O)(=O)N4CCC[C@H]4COC)ccc32)cc1; emitting sentinel -1.0
2026-05-12 09:16:10,047 [WARNING] ms-clip dropped SMILES O=C([O-])[C@@H](/N=C(\c1ccccc1)c1ccccc1/N=C(\[O-])[C@@H]1CCCN1Cc1ccccc1)[C@@H]1c2ccccc2CCN1c1ccccc1.[Ni+3]; emitting sentinel -1.0
2026-05-12 09:16:10,047 [WARNING] ms-clip dropped SMILES C=C.C[Pb]SN1C=C1C#CCOc1ccc(C2CCCN2Cc2ccc(CC3=CCCC=C3)cc2)cc1; emitting sentinel -1.0
2026-05-12 09:16:10,047 [WARNING] ms-clip dropped SMILES O=C([O-])[C@@H](/N=C(\c1ccccc1)c1ccccc1/N=C(/[O-])[C@@H]1CCCN1Cc1ccccc1)[C@H]1c2ccccc2CCN1c1ccccc1.[Ni+2]; emitting sentinel -1.0
2026-05-12 09:16:10,047 [WARNING] ms-clip dropped SMILES Cl[Al](Cl)Cl.c1ccc(CCc2ccc(CCc3ccc(CCc4ccccc4)cc3)cc2)cc1.c1ccc(CCc2ccccc2)cc1; emitting sentinel -1.0
2026-05-12 09:16:10,047 [WARNING] ms-clip dropped SMILES CN1CN(C)CN(C)CN(C)C1.C[N-]CN(C)CN(C)C[N-]C.[Re].[Re]; emitting sentinel -1.0
2026-05-12 09:16:10,047 [WARNING] ms-clip dropped SMILES C/C(=N/N=C([S-])N(C)C)c1ncccc1CN1CCOCC1.C/C(=N\N=C([S-])N(C)C)c1ncccc1CN1CCOCC1.[Zn+2]; emitting sentinel -1.0
2026-05-12 09:16:10,182 [INFO] ms-clip: auto-picked GPU 7 (free 24092 MiB)
2026-05-12 09:16:10,183 [INFO] ms-clip: using CUDA_VISIBLE_DEVICES=7
2026-05-12 09:16:10,183 [INFO] ms-clip: launching predict_smi (n_candidates=256)
2026-05-12 09:16:22,033 [WARNING] ms-clip dropped SMILES [3H]c1ccc(CC(CN)C(=O)CC([C-]=O)CCC/N=C(\C)N)cc1.[Y]; emitting sentinel -1.0
2026-05-12 09:16:22,051 [INFO] spec 10/500  MassSpecGymID0034879  pool=256  pred=MFFMDFFZMYYVKS  correct=True  t=12.0s
2026-05-12 09:16:22,168 [INFO] ms-clip: auto-picked GPU 7 (free 24092 MiB)
2026-05-12 09:16:22,168 [INFO] ms-clip: using CUDA_VISIBLE_DEVICES=7
2026-05-12 09:16:22,168 [INFO] ms-clip: launching predict_smi (n_candidates=256)
2026-05-12 09:16:34,559 [WARNING] ms-clip dropped SMILES CCCC1=CC[N-]C=C1.CCCC1CC[N-]CC1.CCCC1CC[N-]CC1.CCCC1CC[N-]CC1.Cl[Ni]Cl; emitting sentinel -1.0
2026-05-12 09:16:34,695 [INFO] ms-clip: auto-picked GPU 7 (free 24092 MiB)
2026-05-12 09:16:34,696 [INFO] ms-clip: using CUDA_VISIBLE_DEVICES=7
2026-05-12 09:16:34,696 [INFO] ms-clip: launching predict_smi (n_candidates=256)
2026-05-12 09:16:46,460 [INFO] ms-clip: auto-picked GPU 7 (free 24092 MiB)
2026-05-12 09:16:46,460 [INFO] ms-clip: using CUDA_VISIBLE_DEVICES=7
2026-05-12 09:16:46,460 [INFO] ms-clip: launching predict_smi (n_candidates=256)
2026-05-12 09:16:58,124 [WARNING] ms-clip dropped SMILES CC1CC=CC1.[U]; emitting sentinel -1.0
2026-05-12 09:16:58,253 [INFO] ms-clip: auto-picked GPU 7 (free 24092 MiB)
2026-05-12 09:16:58,253 [INFO] ms-clip: using CUDA_VISIBLE_DEVICES=7
2026-05-12 09:16:58,253 [INFO] ms-clip: launching predict_smi (n_candidates=256)
2026-05-12 09:17:10,119 [INFO] ms-clip: auto-picked GPU 7 (free 24092 MiB)
2026-05-12 09:17:10,119 [INFO] ms-clip: using CUDA_VISIBLE_DEVICES=7
2026-05-12 09:17:10,119 [INFO] ms-clip: launching predict_smi (n_candidates=256)
2026-05-12 09:17:22,276 [WARNING] ms-clip dropped SMILES CC1=Cc2c(cc3c4c(cccc24)CC3)C1=[Ti]=C1C(C)=Cc2c1cc1c3c(cccc23)CC1.C[CH-]CCC(C)=[Si].[CH2-]CCC; emitting sentinel -1.0
2026-05-12 09:17:22,276 [WARNING] ms-clip dropped SMILES CC(C)(C)OC(=O)N/C(=B/OC#N)N1CCCCC1.O=[C-]NCC(=O)O.[Fm]; emitting sentinel -1.0
2026-05-12 09:17:22,412 [INFO] ms-clip: auto-picked GPU 7 (free 24092 MiB)
2026-05-12 09:17:22,413 [INFO] ms-clip: using CUDA_VISIBLE_DEVICES=7
2026-05-12 09:17:22,413 [INFO] ms-clip: launching predict_smi (n_candidates=256)
2026-05-12 09:17:34,749 [WARNING] ms-clip dropped SMILES CCCCC1CCC(C)C1.CCCCC1CCC(C)C1.Cl[Zr]Cl; emitting sentinel -1.0
2026-05-12 09:17:34,749 [WARNING] ms-clip dropped SMILES CC(C)CCCCCS[Sn](C)(C)SCCCCCC(C)C; emitting sentinel -1.0
2026-05-12 09:17:34,749 [WARNING] ms-clip dropped SMILES C=CC=C.C[c-]1[c-](C)[c-](C)[c-](C)[c-]1C.Cc1c(C)c(C)[c-](C)c1C.[Ni].[Ni]; emitting sentinel -1.0
2026-05-12 09:17:34,901 [INFO] ms-clip: auto-picked GPU 7 (free 24092 MiB)
2026-05-12 09:17:34,902 [INFO] ms-clip: using CUDA_VISIBLE_DEVICES=7
2026-05-12 09:17:34,902 [INFO] ms-clip: launching predict_smi (n_candidates=256)
2026-05-12 09:17:46,662 [INFO] ms-clip: auto-picked GPU 7 (free 24092 MiB)
2026-05-12 09:17:46,662 [INFO] ms-clip: using CUDA_VISIBLE_DEVICES=7
2026-05-12 09:17:46,662 [INFO] ms-clip: launching predict_smi (n_candidates=256)
2026-05-12 09:17:58,902 [WARNING] ms-clip dropped SMILES C1CCOC1.CC(C)(C)[Si](C)(C)C1CC(Cc2ccccc2)C2C=CC=CC21.[CH2-][Si](C)(C)C.[CH2-][Si](C)(C)C.[CH3-].[Sc+3]; emitting sentinel -1.0
2026-05-12 09:17:59,066 [INFO] ms-clip: auto-picked GPU 7 (free 24092 MiB)
2026-05-12 09:17:59,067 [INFO] ms-clip: using CUDA_VISIBLE_DEVICES=7
2026-05-12 09:17:59,067 [INFO] ms-clip: launching predict_smi (n_candidates=256)
2026-05-12 09:18:11,265 [INFO] ms-clip: auto-picked GPU 7 (free 24092 MiB)
2026-05-12 09:18:11,265 [INFO] ms-clip: using CUDA_VISIBLE_DEVICES=7
2026-05-12 09:18:11,265 [INFO] ms-clip: launching predict_smi (n_candidates=256)
2026-05-12 09:18:22,776 [WARNING] ms-clip dropped SMILES CCC1CC(O)C1CC(C)C.OO.OO.OO.OO.OO.OOO.[CH3-].[Db]; emitting sentinel -1.0
2026-05-12 09:18:22,800 [INFO] spec 20/500  MassSpecGymID0345113  pool=256  pred=SOBKPGZZCBRXBJ  correct=False  t=11.6s
2026-05-12 09:18:22,915 [INFO] ms-clip: auto-picked GPU 7 (free 24092 MiB)
2026-05-12 09:18:22,916 [INFO] ms-clip: using CUDA_VISIBLE_DEVICES=7
2026-05-12 09:18:22,916 [INFO] ms-clip: launching predict_smi (n_candidates=256)
2026-05-12 09:18:34,513 [WARNING] ms-clip dropped SMILES CC(C)=[Zr+2].CCCC[c-]1cccc1.CCCC[c-]1cccc1.[Cl-].[Cl-]; emitting sentinel -1.0
2026-05-12 09:18:34,514 [WARNING] ms-clip dropped SMILES CC1=[C-]C(C)(C)C(C)=C1C.CCC1=[C-]C(CC)C(C)=C1C.Cl[Zr+2]Cl; emitting sentinel -1.0
2026-05-12 09:18:34,646 [INFO] ms-clip: auto-picked GPU 7 (free 24092 MiB)
2026-05-12 09:18:34,646 [INFO] ms-clip: using CUDA_VISIBLE_DEVICES=7
2026-05-12 09:18:34,646 [INFO] ms-clip: launching predict_smi (n_candidates=108)
2026-05-12 09:18:46,616 [WARNING] ms-clip dropped SMILES CCCCCCCCCCCCCCCCCC(=O)NCCCCC(N)C(=O)[O-].CCCCCCCCCCCCCCCCCC(=O)NCCCCC(N)C(=O)[O-].[Ca+2]; emitting sentinel -1.0
2026-05-12 09:18:46,616 [WARNING] ms-clip dropped SMILES CCCCCCCCCCCCCCCCC/C([O-])=N/CCCC[C@H](N)C(=O)[O-].CCCCCCCCCCCCCCCCCC(=O)NCCCC[C@H](N)C(=O)O.[Ca+2]; emitting sentinel -1.0
2026-05-12 09:18:46,616 [WARNING] ms-clip dropped SMILES [Cu+2].[O-]c1c(Br)cc(Br)cc1/C=N/Cc1ccccc1Cl.[O-]c1c(Br)cc(Br)cc1/C=N/Cc1ccccc1Cl; emitting sentinel -1.0
2026-05-12 09:18:46,616 [WARNING] ms-clip dropped SMILES CCCCCCCCCCCCCCCCCC(=O)NCCCC[C@H](N)C(=O)[O-].CCCCCCCCCCCCCCCCCC(=O)NCCCC[C@H](N)C(=O)[O-].[Ca+2]; emitting sentinel -1.0
2026-05-12 09:18:46,754 [INFO] ms-clip: auto-picked GPU 7 (free 24092 MiB)
2026-05-12 09:18:46,755 [INFO] ms-clip: using CUDA_VISIBLE_DEVICES=7
2026-05-12 09:18:46,755 [INFO] ms-clip: launching predict_smi (n_candidates=256)
2026-05-12 09:18:59,133 [WARNING] ms-clip dropped SMILES Cc1cc(C)c(-c2ccc(CN(Cc3ccc(-c4c(C)cc(C)cc4C)[n-]3)Cc3ccc(-c4c(C)cc(C)cc4C)[n-]3)[n-]2)c(C)c1.[N-]=[N+]=O.[V+4]; emitting sentinel -1.0
2026-05-12 09:18:59,133 [WARNING] ms-clip dropped SMILES Cc1cc(C)c(-c2cccc([N-]CCCCC[N-]c3cccc(-c4c(C)cc(C)cc4C)n3)n2)c(C)c1.[CH3-].[CH3-].[Hf+4]; emitting sentinel -1.0
2026-05-12 09:18:59,133 [WARNING] ms-clip dropped SMILES CCCC[Sn](CCCC)(CCCC)[C@@H]1[C@@H](C#C[Si](C)(C)C)[C@@H]1COC(c1ccccc1)(c1ccccc1)c1ccccc1; emitting sentinel -1.0
2026-05-12 09:18:59,133 [WARNING] ms-clip dropped SMILES CCc1c2[n-]c(c1C)/C=C1\[N-]/C(=C3\c4[n-]c(c(C)c4C(=O)[C@@H]3C(=O)OC)/C=c3\[n-]/c(c(C=O)c3CC)=C\2)[C@@H](CCC(=O)OCCC(C)C)[C@@H]1C.[Mg+2]; emitting sentinel -1.0
2026-05-12 09:18:59,133 [WARNING] ms-clip dropped SMILES C=[Zr].CC1=[C-]C(C)(C)c2cc3c(cc21)-c1cc2c(cc1C3)C(C)(C)C=C2C.CC1=[C-]C(C)C=C1[Si](C)(C)C.[CH2-]C.[c-]1ccccc1; emitting sentinel -1.0
2026-05-12 09:18:59,133 [WARNING] ms-clip dropped SMILES CCCC[Sn](CCCC)(CCCC)Cc1ccc(C)cc1C[Sn](CCCC)(CCCC)CCCC; emitting sentinel -1.0
2026-05-12 09:18:59,133 [WARNING] ms-clip dropped SMILES CCCC[Sn](CCCC)(CCCC)Cc1cccc(C)c1C[Sn](CCCC)(CCCC)CCCC; emitting sentinel -1.0
2026-05-12 09:18:59,134 [WARNING] ms-clip dropped SMILES C=[Zr].CC1=[C-]C(C)(C)c2cc3c(cc21)-c1cc2c(cc1C3)C(C)(C)C=C2C.CC1=[C-]C(C)C=C1[Si](C)(C)C.Cc1cc[c-]cc1.[CH3-]; emitting sentinel -1.0
2026-05-12 09:18:59,134 [WARNING] ms-clip dropped SMILES CC.CC.[CH2-][N+]1=C(C=CC=CC=C2N(CC(C)=O)c3ccc4ccccc4c3C2(C)C)C(C)(C)c2ccccc21.[Y].[c-]1ccccc1; emitting sentinel -1.0
2026-05-12 09:18:59,271 [INFO] ms-clip: auto-picked GPU 7 (free 24092 MiB)
2026-05-12 09:18:59,271 [INFO] ms-clip: using CUDA_VISIBLE_DEVICES=7
2026-05-12 09:18:59,271 [INFO] ms-clip: launching predict_smi (n_candidates=256)
2026-05-12 09:19:11,336 [WARNING] ms-clip dropped SMILES CC1=C(C(C)O)c2cc3nc(cc4[n-]c(cc5[n-]c(cc1n2)c(C)c5CCC(=O)[O-])c(CCC(=O)[O-])c4C)C(C(C)O)=C3C.[H+].[Mn+3]; emitting sentinel -1.0
2026-05-12 09:19:11,337 [WARNING] ms-clip dropped SMILES O=C1NC=CC=CC(=[W])c2nccn2CCCCCCOc2ccc(-c3ccc(C4CC4)nc3)cc21; emitting sentinel -1.0
2026-05-12 09:19:11,337 [WARNING] ms-clip dropped SMILES CC#N.CC#N.[Cu+].c1ccc(P(c2ccccc2)c2ccccc2)cc1.c1ccc([C-](c2ccccc2)c2ccccc2)cc1; emitting sentinel -1.0
2026-05-12 09:19:11,337 [WARNING] ms-clip dropped SMILES Cc1[c]c(C(C)(C)C)cc(C(C)(C)C)c1.Cc1[c]c(C(C)(C)C)cc(C(C)(C)C)c1.[I-].[InH2+]; emitting sentinel -1.0
2026-05-12 09:19:11,337 [WARNING] ms-clip dropped SMILES CCCC[Si]1([C-]2CCC3CC=CC=C23)CCC1.CCCC[Si]1([C-]2CCC3CC=CC=C23)CCC1.[Cl-].[Cl-].[Zr+4]; emitting sentinel -1.0
2026-05-12 09:19:11,337 [WARNING] ms-clip dropped SMILES Cc1[c-]c2c(cc1C(C)(C)C)-c1cc(C(C)(C)C)c(C)cc1C2.[CH3-].[CH3-].[CH3-].[CH3-].[Cl-].[Cl-].[SiH2]=[Zr]=[SiH2].c1cc[cH-]c1; emitting sentinel -1.0
2026-05-12 09:19:11,337 [WARNING] ms-clip dropped SMILES C[C@@H](Cl)[C@@H]1CN(C(=O)c2cc3cc(OCC4CCN(C)CC4)ccc3[nH]2)c2cc(O)c3ccccc3c21.[CH2-]C.[CH3-].[Y]; emitting sentinel -1.0
2026-05-12 09:19:11,494 [INFO] ms-clip: auto-picked GPU 7 (free 23396 MiB)
2026-05-12 09:19:11,495 [INFO] ms-clip: using CUDA_VISIBLE_DEVICES=7
2026-05-12 09:19:11,495 [INFO] ms-clip: launching predict_smi (n_candidates=256)
2026-05-12 09:19:23,126 [WARNING] ms-clip dropped SMILES C1CCC2=NCCCN2CC1.Cc1ccc([Bi](Cl)(Cl)c2ccc(C)cc2)cc1; emitting sentinel -1.0
2026-05-12 09:19:23,126 [WARNING] ms-clip dropped SMILES CC(C)(C)N1[CH]N(CP(C(C)(C)C)C(C)(C)C)C=C1.[Cl-].[Cl-].[H][H].[Ru+2].[c]1ccccn1.[c]1ccccn1; emitting sentinel -1.0
2026-05-12 09:19:23,316 [INFO] ms-clip: auto-picked GPU 7 (free 24073 MiB)
2026-05-12 09:19:23,316 [INFO] ms-clip: using CUDA_VISIBLE_DEVICES=7
2026-05-12 09:19:23,316 [INFO] ms-clip: launching predict_smi (n_candidates=256)
2026-05-12 09:19:35,348 [WARNING] ms-clip dropped SMILES [CH3-].[Cl-].[Cl-].[H][C-]=C(C)C.[Ti+4].[c-]1ccc[nH]1.c1ccc2[cH-]ccc2c1; emitting sentinel -1.0
2026-05-12 09:19:35,348 [WARNING] ms-clip dropped SMILES C=C(C)C(=O)OCCO[Po]OC; emitting sentinel -1.0
2026-05-12 09:19:35,348 [WARNING] ms-clip dropped SMILES [Cu+2].c1ccc(CC[SH+]CC[SH+]CCc2ccccn2)nc1; emitting sentinel -1.0
2026-05-12 09:19:35,348 [WARNING] ms-clip dropped SMILES C[Si](C)(C)O/C(=C\[Ge](C)(C)C)[P+](=O)O[Si](C)(C)C; emitting sentinel -1.0
2026-05-12 09:19:35,494 [INFO] ms-clip: auto-picked GPU 7 (free 23248 MiB)
2026-05-12 09:19:35,494 [INFO] ms-clip: using CUDA_VISIBLE_DEVICES=7
2026-05-12 09:19:35,494 [INFO] ms-clip: launching predict_smi (n_candidates=256)
2026-05-12 09:19:47,817 [WARNING] ms-clip dropped SMILES CC[N-]C.CC[N-]C.CC[N-]C.F[GeH2][c-]1cccc1.[Zr+4]; emitting sentinel -1.0
2026-05-12 09:19:47,966 [INFO] ms-clip: auto-picked GPU 7 (free 23152 MiB)
2026-05-12 09:19:47,967 [INFO] ms-clip: using CUDA_VISIBLE_DEVICES=7
2026-05-12 09:19:47,967 [INFO] ms-clip: launching predict_smi (n_candidates=256)
2026-05-12 09:20:00,201 [INFO] ms-clip: auto-picked GPU 7 (free 23524 MiB)
2026-05-12 09:20:00,201 [INFO] ms-clip: using CUDA_VISIBLE_DEVICES=7
2026-05-12 09:20:00,201 [INFO] ms-clip: launching predict_smi (n_candidates=256)
2026-05-12 09:20:11,707 [INFO] ms-clip: auto-picked GPU 7 (free 24092 MiB)
2026-05-12 09:20:11,707 [INFO] ms-clip: using CUDA_VISIBLE_DEVICES=7
2026-05-12 09:20:11,708 [INFO] ms-clip: launching predict_smi (n_candidates=256)
2026-05-12 09:20:24,248 [INFO] spec 30/500  MassSpecGymID0091919  pool=256  pred=VTAJRKSCSFAOJJ  correct=False  t=12.6s
2026-05-12 09:20:24,389 [INFO] ms-clip: auto-picked GPU 7 (free 24092 MiB)
2026-05-12 09:20:24,390 [INFO] ms-clip: using CUDA_VISIBLE_DEVICES=7
2026-05-12 09:20:24,390 [INFO] ms-clip: launching predict_smi (n_candidates=256)
2026-05-12 09:20:36,202 [WARNING] ms-clip dropped SMILES CC(C)O.CC(C)O.CC(C)O.Cc1cc[c-]cc1.[Zr]; emitting sentinel -1.0
2026-05-12 09:20:36,205 [WARNING] ms-clip dropped SMILES C.C.C.C=C(C)/[C]=C/B1OC(C)(C)C(C)(C)O1.[Sn]; emitting sentinel -1.0
2026-05-12 09:20:36,345 [INFO] ms-clip: auto-picked GPU 7 (free 24092 MiB)
2026-05-12 09:20:36,346 [INFO] ms-clip: using CUDA_VISIBLE_DEVICES=7
2026-05-12 09:20:36,346 [INFO] ms-clip: launching predict_smi (n_candidates=256)
2026-05-12 09:20:48,914 [WARNING] ms-clip dropped SMILES CN(C)C1=CC2=C3C=C(N(C)C)C=CN3CCCN2C=C1.CN1c2ccccc2N(C)C12CCCCC21N(C)c2ccccc2N1C.[Li+].[O-]c1cccc2ccc[nH+]c12; emitting sentinel -1.0
2026-05-12 09:20:48,914 [WARNING] ms-clip dropped SMILES CCCCCCCCCCCCCCCCCCCC#CC(=O)[O-].CCCCCCCCCCCCCCCCCCCC#CC(=O)[O-].[Cd+2]; emitting sentinel -1.0
2026-05-12 09:20:49,078 [INFO] ms-clip: auto-picked GPU 7 (free 23312 MiB)
2026-05-12 09:20:49,078 [INFO] ms-clip: using CUDA_VISIBLE_DEVICES=7
2026-05-12 09:20:49,078 [INFO] ms-clip: launching predict_smi (n_candidates=256)
2026-05-12 09:21:01,207 [INFO] ms-clip: auto-picked GPU 7 (free 22170 MiB)
2026-05-12 09:21:01,207 [INFO] ms-clip: using CUDA_VISIBLE_DEVICES=7
2026-05-12 09:21:01,208 [INFO] ms-clip: launching predict_smi (n_candidates=256)
2026-05-12 09:21:13,790 [WARNING] ms-clip dropped SMILES CCC1c2cc3[n-]c4c(c3C)C(=O)[C@H](C(=O)OC)c4c3nc(cc4[n-]c(cc(n2)C1C)c(C(C)O)c4C)[C@@H](C)[C@@H]3CCC(=O)O.[Mg+2]; emitting sentinel -1.0
2026-05-12 09:21:13,790 [WARNING] ms-clip dropped SMILES [CH2]C1(C#N)C=C2CN(S(=O)(=O)c3ccc(C)cc3)CC2C(C)(C)C1.[CH2]CCC.[CH2]CCC.[CH2]CCC.[Sn]; emitting sentinel -1.0
2026-05-12 09:21:13,790 [WARNING] ms-clip dropped SMILES C=C(C#N)CC(C)(C)C1CN(S(=O)(=O)c2ccc(C)cc2)C/C1=C\[Sn](CCCC)(CCCC)CCCC; emitting sentinel -1.0
2026-05-12 09:21:13,790 [WARNING] ms-clip dropped SMILES [CH2-]C1CC2C(=O)NC(B3OC4CC5CC(C5(C)C)C4(C)O3)CCCCC(NC(=O)OC(C)(C)C)C(=O)N2C1.[CH3-].[Y]; emitting sentinel -1.0
2026-05-12 09:21:13,790 [WARNING] ms-clip dropped SMILES CC[C@H]1/C2=C/c3[n-]c4c(c3C)C(=O)[C@H](C(=O)OC)/C4=C3/[N-]/C(=C\c4[n-]c(c(C(C)O)c4C)/C=C(\[N-]2)[C@@H]1C)[C@@H](C)[C@@H]3CCC(=O)O.[Mg+2]; emitting sentinel -1.0
2026-05-12 09:21:13,790 [WARNING] ms-clip dropped SMILES CCCCOP(=O)(O)CCCC.CCCCOP(=O)(O)CCCC.CCCCOP(=O)(O)CCCC.[Cr]; emitting sentinel -1.0
2026-05-12 09:21:13,939 [INFO] ms-clip: auto-picked GPU 7 (free 20808 MiB)
2026-05-12 09:21:13,939 [INFO] ms-clip: using CUDA_VISIBLE_DEVICES=7
2026-05-12 09:21:13,940 [INFO] ms-clip: launching predict_smi (n_candidates=256)
2026-05-12 09:21:26,237 [WARNING] ms-clip dropped SMILES C=C(C)C.C=C(C)O.CCCCC(CC)Cn1c(O)c(C#N)c(C)c(N)c1=O.Nc1ccc(SN(CCO)CCOC=O)cc1.[W]; emitting sentinel -1.0
2026-05-12 09:21:26,237 [WARNING] ms-clip dropped SMILES [Ni+2].[Ni+2].[Ni+2].[Ni+2].[Ni+2].[Ni+2].[Ni+2].[Ni+2].[O-][Si]([O-])([O-])[O-].[O-][Si]([O-])([O-])[O-].[O-][Si]([O-])([O-])[O-].[O-][Si]([O-])([O-])[O-]; emitting sentinel -1.0
2026-05-12 09:21:26,237 [WARNING] ms-clip dropped SMILES O=C(O)CN1CCN(CC(=O)O)CCN(CC(=O)O)CCN(CC(=O)O)CCN(CC(=O)O)CCN(CC(=O)O)CC1.[225Ac]; emitting sentinel -1.0
2026-05-12 09:21:26,399 [INFO] ms-clip: auto-picked GPU 7 (free 20808 MiB)
2026-05-12 09:21:26,399 [INFO] ms-clip: using CUDA_VISIBLE_DEVICES=7
2026-05-12 09:21:26,399 [INFO] ms-clip: launching predict_smi (n_candidates=256)
2026-05-12 09:21:38,100 [INFO] ms-clip: auto-picked GPU 7 (free 20808 MiB)
2026-05-12 09:21:38,100 [INFO] ms-clip: using CUDA_VISIBLE_DEVICES=7
2026-05-12 09:21:38,100 [INFO] ms-clip: launching predict_smi (n_candidates=226)
2026-05-12 09:21:50,242 [WARNING] ms-clip dropped SMILES CP(C)(=O)C1CC[C@H](CBr)O1.OC1CC[C@H](CBr)C1.[Ac]; emitting sentinel -1.0
2026-05-12 09:21:50,242 [WARNING] ms-clip dropped SMILES [Cr+3].[O-]c1ccc(Cl)cc1/N=N/c1c(O)ccc2ccccc12.[O-]c1ccc(Cl)cc1/N=N/c1c([O-])ccc2ccccc12; emitting sentinel -1.0
2026-05-12 09:21:50,242 [WARNING] ms-clip dropped SMILES O=C([O-])c1ccccc1[N+](=O)[O-].O=C([O-])c1ccccc1[N+](=O)[O-].[Cd+2].[OH3+].c1cnc2c(c1)ccc1cccnc12; emitting sentinel -1.0
2026-05-12 09:21:50,242 [WARNING] ms-clip dropped SMILES CC(C)(C[Sn](Cl)(CC(C)(C)c1ccccc1)c1cccc(C(F)(F)F)c1)c1ccccc1.[Br-]; emitting sentinel -1.0
2026-05-12 09:21:50,242 [WARNING] ms-clip dropped SMILES [Cl-].[Cl-].[Cl-].[NH2-].[Os+4].c1ccc(-c2ccnc3c2ccc2c(-c4ccccc4)ccnc23)cc1; emitting sentinel -1.0
2026-05-12 09:21:50,242 [WARNING] ms-clip dropped SMILES [CH2-]c1cc(N(C)C)c2c(c1[CH2-])C(O)=C1C(=O)C3(O)C(O)=C(C(N)=O)C(=O)C(N(C)C)[C@@H]3CC1C2.[Y].[Y]; emitting sentinel -1.0
2026-05-12 09:21:50,242 [WARNING] ms-clip dropped SMILES C#C.C=CC(=O)N1Cc2cc(Cl)sc2C1.CCn1cc(-c2ccccc2F)c(C(F)(F)F)n1.[CH3-].[Cs+]; emitting sentinel -1.0
2026-05-12 09:21:50,242 [WARNING] ms-clip dropped SMILES O=C(Cc1ccccc1Nc1c(Cl)cccc1Cl)O[Sn](c1ccccc1)(c1ccccc1)c1ccccc1; emitting sentinel -1.0
2026-05-12 09:21:50,242 [WARNING] ms-clip dropped SMILES [Cr+3].[H+].[O-]c1ccc(Cl)cc1/N=N/c1c([O-])ccc2ccccc12.[O-]c1ccc(Cl)cc1/N=N/c1c([O-])ccc2ccccc12; emitting sentinel -1.0
2026-05-12 09:21:50,374 [INFO] ms-clip: auto-picked GPU 7 (free 20364 MiB)
2026-05-12 09:21:50,375 [INFO] ms-clip: using CUDA_VISIBLE_DEVICES=7
2026-05-12 09:21:50,375 [INFO] ms-clip: launching predict_smi (n_candidates=256)
2026-05-12 09:22:02,426 [WARNING] ms-clip dropped SMILES CCc1c2[n-]c(c1CC)[C+](c1ccccc1)c1ccc([n-]1)[C+](c1ccccc1)c1ccc([n-]1)[C+](c1ccccc1)c1ccc([n-]1)[C+]2c1ccccc1.Cc1cccnc1.[Zn]; emitting sentinel -1.0
2026-05-12 09:22:02,426 [WARNING] ms-clip dropped SMILES CC.O=[C-]NCC(=O)N(c1ccc(NC=O)cc1)c1ncc([N+](=O)[O-])c(Nc2ccccc2C(=O)c2ccccc2)n1.[Fm]; emitting sentinel -1.0
2026-05-12 09:22:02,570 [INFO] ms-clip: auto-picked GPU 7 (free 20364 MiB)
2026-05-12 09:22:02,570 [INFO] ms-clip: using CUDA_VISIBLE_DEVICES=7
2026-05-12 09:22:02,570 [INFO] ms-clip: launching predict_smi (n_candidates=256)
2026-05-12 09:22:14,991 [WARNING] ms-clip dropped SMILES CCCC[Sn]CCCC.CCCOC(=O)/C=C\C(=O)O.CCCOC(=O)/C=C\C(=O)O; emitting sentinel -1.0
2026-05-12 09:22:14,992 [WARNING] ms-clip dropped SMILES CC(C)(C)[N-]CCNC(C)(C)C.CC(C)(C)[N-]CCNC(C)(C)C.Cl[Ga].Cl[Ga]; emitting sentinel -1.0
2026-05-12 09:22:15,141 [INFO] ms-clip: auto-picked GPU 7 (free 20364 MiB)
2026-05-12 09:22:15,142 [INFO] ms-clip: using CUDA_VISIBLE_DEVICES=7
2026-05-12 09:22:15,142 [INFO] ms-clip: launching predict_smi (n_candidates=256)
2026-05-12 09:22:27,374 [WARNING] ms-clip dropped SMILES CN(C)C1=CC2=C3C=C(N(C)C)C=CN3CCCN2C=C1.CN1c2ccccc2N(C)C12CCCCC21N(C)c2ccccc2N1C.[Li+].[O-]c1cccc2ccc[nH+]c12; emitting sentinel -1.0
2026-05-12 09:22:27,374 [WARNING] ms-clip dropped SMILES CCCCCCCCCCCCCCCCCCCC#CC(=O)[O-].CCCCCCCCCCCCCCCCCCCC#CC(=O)[O-].[Cd+2]; emitting sentinel -1.0
2026-05-12 09:22:27,396 [INFO] spec 40/500  MassSpecGymID0258453  pool=256  pred=QOVKKEKBURQILF  correct=True  t=12.4s
2026-05-12 09:22:27,530 [INFO] ms-clip: auto-picked GPU 7 (free 20364 MiB)
2026-05-12 09:22:27,530 [INFO] ms-clip: using CUDA_VISIBLE_DEVICES=7
2026-05-12 09:22:27,530 [INFO] ms-clip: launching predict_smi (n_candidates=256)
2026-05-12 09:22:39,193 [WARNING] ms-clip dropped SMILES CCc1[cH-]ccc1C.CCc1[cH-]ccc1C.C[Si](C)=[Ti](Cl)Cl; emitting sentinel -1.0
2026-05-12 09:22:39,193 [WARNING] ms-clip dropped SMILES CC1=NC2[CH-]CCC2C(C)=C1C(=O)NN.[W]; emitting sentinel -1.0
2026-05-12 09:22:39,193 [WARNING] ms-clip dropped SMILES C=C[Bi](c1ccccc1)c1ccccc1; emitting sentinel -1.0
2026-05-12 09:22:39,327 [INFO] ms-clip: auto-picked GPU 7 (free 20364 MiB)
2026-05-12 09:22:39,327 [INFO] ms-clip: using CUDA_VISIBLE_DEVICES=7
2026-05-12 09:22:39,327 [INFO] ms-clip: launching predict_smi (n_candidates=256)
2026-05-12 09:22:50,990 [WARNING] ms-clip dropped SMILES Cc1cc(C(C)(C)C)cc(C)c1C(=O)Pc1ccc(-c2ccccc2)cc1.[Li]; emitting sentinel -1.0
2026-05-12 09:22:51,144 [INFO] ms-clip: auto-picked GPU 7 (free 20364 MiB)
2026-05-12 09:22:51,144 [INFO] ms-clip: using CUDA_VISIBLE_DEVICES=7
2026-05-12 09:22:51,144 [INFO] ms-clip: launching predict_smi (n_candidates=256)
2026-05-12 09:23:03,372 [INFO] ms-clip: auto-picked GPU 7 (free 20364 MiB)
2026-05-12 09:23:03,372 [INFO] ms-clip: using CUDA_VISIBLE_DEVICES=7
2026-05-12 09:23:03,372 [INFO] ms-clip: launching predict_smi (n_candidates=256)
2026-05-12 09:23:15,110 [WARNING] ms-clip dropped SMILES CCCCC[Sn](C)C(=O)CC(=O)C(CCCC)(CCCC)CCCC; emitting sentinel -1.0
2026-05-12 09:23:15,255 [INFO] ms-clip: auto-picked GPU 7 (free 20364 MiB)
2026-05-12 09:23:15,255 [INFO] ms-clip: using CUDA_VISIBLE_DEVICES=7
2026-05-12 09:23:15,255 [INFO] ms-clip: launching predict_smi (n_candidates=256)
2026-05-12 09:23:27,352 [INFO] ms-clip: auto-picked GPU 7 (free 20364 MiB)
2026-05-12 09:23:27,352 [INFO] ms-clip: using CUDA_VISIBLE_DEVICES=7
2026-05-12 09:23:27,352 [INFO] ms-clip: launching predict_smi (n_candidates=256)
2026-05-12 09:23:39,491 [INFO] ms-clip: auto-picked GPU 7 (free 20364 MiB)
2026-05-12 09:23:39,491 [INFO] ms-clip: using CUDA_VISIBLE_DEVICES=7
2026-05-12 09:23:39,491 [INFO] ms-clip: launching predict_smi (n_candidates=256)
2026-05-12 09:23:51,025 [INFO] ms-clip: auto-picked GPU 7 (free 20364 MiB)
2026-05-12 09:23:51,025 [INFO] ms-clip: using CUDA_VISIBLE_DEVICES=7
2026-05-12 09:23:51,025 [INFO] ms-clip: launching predict_smi (n_candidates=256)
2026-05-12 09:24:03,097 [INFO] ms-clip: auto-picked GPU 7 (free 20364 MiB)
2026-05-12 09:24:03,098 [INFO] ms-clip: using CUDA_VISIBLE_DEVICES=7
2026-05-12 09:24:03,098 [INFO] ms-clip: launching predict_smi (n_candidates=256)
2026-05-12 09:24:15,753 [INFO] ms-clip: auto-picked GPU 7 (free 17392 MiB)
2026-05-12 09:24:15,753 [INFO] ms-clip: using CUDA_VISIBLE_DEVICES=7
2026-05-12 09:24:15,753 [INFO] ms-clip: launching predict_smi (n_candidates=256)
2026-05-12 09:24:27,320 [WARNING] ms-clip dropped SMILES C=CC1(O[Si](C)(C)C)C(=O)c2ccccc21.[C-]#[O+].[C-]#[O+].[C-]#[O+].[Cr+6]; emitting sentinel -1.0
2026-05-12 09:24:27,320 [WARNING] ms-clip dropped SMILES Oc1ccccc1[Sb](c1ccccc1)c1ccccc1; emitting sentinel -1.0
2026-05-12 09:24:27,320 [WARNING] ms-clip dropped SMILES CC/C=C/[Sn+](CCCC)CCCC.[Br-]; emitting sentinel -1.0
2026-05-12 09:24:27,320 [WARNING] ms-clip dropped SMILES [CH2-]CCN([CH2-])C1=NS(=O)(=O)c2cc(C)c(C)cc2N1.[Y]; emitting sentinel -1.0
2026-05-12 09:24:27,321 [WARNING] ms-clip dropped SMILES C1C[N-]CC[N-]CCC[N-]CC[N-]C1.Cl[Ru]Cl; emitting sentinel -1.0
2026-05-12 09:24:27,334 [INFO] spec 50/500  MassSpecGymID0210737  pool=256  pred=BURFVHLJIGXODD  correct=True  t=11.7s
2026-05-12 09:24:27,471 [INFO] ms-clip: auto-picked GPU 7 (free 20364 MiB)
2026-05-12 09:24:27,471 [INFO] ms-clip: using CUDA_VISIBLE_DEVICES=7
2026-05-12 09:24:27,471 [INFO] ms-clip: launching predict_smi (n_candidates=256)
2026-05-12 09:24:39,869 [WARNING] ms-clip dropped SMILES C=CCCCCC(O)(O)C(=O)[O-].C=CCCCCC(O)(O)C(=O)[O-].[Zn+2]; emitting sentinel -1.0
2026-05-12 09:24:40,019 [INFO] ms-clip: auto-picked GPU 7 (free 19780 MiB)
2026-05-12 09:24:40,020 [INFO] ms-clip: using CUDA_VISIBLE_DEVICES=7
2026-05-12 09:24:40,020 [INFO] ms-clip: launching predict_smi (n_candidates=256)
2026-05-12 09:24:52,937 [WARNING] ms-clip dropped SMILES CN(C)C1=CC2=C3C=C(N(C)C)C=CN3CCCN2C=C1.CN1c2ccccc2N(C)C12CCCCC21N(C)c2ccccc2N1C.[Li+].[O-]c1cccc2ccc[nH+]c12; emitting sentinel -1.0
2026-05-12 09:24:52,937 [WARNING] ms-clip dropped SMILES CCCCCCCCCCCCCCCCCCCC#CC(=O)[O-].CCCCCCCCCCCCCCCCCCCC#CC(=O)[O-].[Cd+2]; emitting sentinel -1.0
2026-05-12 09:24:53,068 [INFO] ms-clip: auto-picked GPU 7 (free 24092 MiB)
2026-05-12 09:24:53,069 [INFO] ms-clip: using CUDA_VISIBLE_DEVICES=7
2026-05-12 09:24:53,069 [INFO] ms-clip: launching predict_smi (n_candidates=256)
2026-05-12 09:25:05,899 [WARNING] ms-clip dropped SMILES [CH3-].[Cl-].[Cl-].[H][C-]=C(C)C.[Ti+4].[c-]1ccc[nH]1.c1ccc2[cH-]ccc2c1; emitting sentinel -1.0
2026-05-12 09:25:05,899 [WARNING] ms-clip dropped SMILES C=C(C)C(=O)OCCO[Po]OC; emitting sentinel -1.0
2026-05-12 09:25:05,899 [WARNING] ms-clip dropped SMILES [Cu+2].c1ccc(CC[SH+]CC[SH+]CCc2ccccn2)nc1; emitting sentinel -1.0
2026-05-12 09:25:05,899 [WARNING] ms-clip dropped SMILES C[Si](C)(C)O/C(=C\[Ge](C)(C)C)[P+](=O)O[Si](C)(C)C; emitting sentinel -1.0
2026-05-12 09:25:06,067 [INFO] ms-clip: auto-picked GPU 7 (free 17392 MiB)
2026-05-12 09:25:06,068 [INFO] ms-clip: using CUDA_VISIBLE_DEVICES=7
2026-05-12 09:25:06,068 [INFO] ms-clip: launching predict_smi (n_candidates=256)
2026-05-12 09:25:18,788 [WARNING] ms-clip dropped SMILES CC(C)(C)c1cccc(C(C)(C)C)c1O.C[C]1C(C)=C(C)C(C)=C1C.C[Si](C)(C)[CH-][Si](C)(C)C.[Y]; emitting sentinel -1.0
2026-05-12 09:25:18,789 [WARNING] ms-clip dropped SMILES CCCC[Sn](CCCC)(CCCC)c1c(CO[Si](C)(C)C(C)(C)C)nnn1C[Si](C)(C)C; emitting sentinel -1.0
2026-05-12 09:25:18,999 [INFO] ms-clip: auto-picked GPU 7 (free 24092 MiB)
2026-05-12 09:25:18,999 [INFO] ms-clip: using CUDA_VISIBLE_DEVICES=7
2026-05-12 09:25:18,999 [INFO] ms-clip: launching predict_smi (n_candidates=256)
2026-05-12 09:25:31,974 [INFO] ms-clip: auto-picked GPU 7 (free 24092 MiB)
2026-05-12 09:25:31,975 [INFO] ms-clip: using CUDA_VISIBLE_DEVICES=7
2026-05-12 09:25:31,975 [INFO] ms-clip: launching predict_smi (n_candidates=256)
2026-05-12 09:25:44,662 [INFO] ms-clip: auto-picked GPU 7 (free 24092 MiB)
2026-05-12 09:25:44,662 [INFO] ms-clip: using CUDA_VISIBLE_DEVICES=7
2026-05-12 09:25:44,662 [INFO] ms-clip: launching predict_smi (n_candidates=256)
2026-05-12 09:25:56,590 [WARNING] ms-clip dropped SMILES C[C]1[C](C)[C](C)[C](C)[C]1C.C[C]1[C](C)[C](C)[C](C)[C]1C.C[Si](C)(C)C#C[Si](C)(C)C.[Ti+2]; emitting sentinel -1.0
2026-05-12 09:25:56,718 [INFO] ms-clip: auto-picked GPU 7 (free 24092 MiB)
2026-05-12 09:25:56,719 [INFO] ms-clip: using CUDA_VISIBLE_DEVICES=7
2026-05-12 09:25:56,719 [INFO] ms-clip: launching predict_smi (n_candidates=256)
2026-05-12 09:26:08,817 [WARNING] ms-clip dropped SMILES CC(C)(C)c1cc([O-])c([O-])c(C(C)(C)C)c1.Cc1[c]c(C)cc(C)c1.[Sb]; emitting sentinel -1.0
2026-05-12 09:26:08,943 [INFO] ms-clip: auto-picked GPU 7 (free 24092 MiB)
2026-05-12 09:26:08,944 [INFO] ms-clip: using CUDA_VISIBLE_DEVICES=7
2026-05-12 09:26:08,944 [INFO] ms-clip: launching predict_smi (n_candidates=256)
2026-05-12 09:26:20,746 [INFO] ms-clip: auto-picked GPU 7 (free 24092 MiB)
2026-05-12 09:26:20,746 [INFO] ms-clip: using CUDA_VISIBLE_DEVICES=7
2026-05-12 09:26:20,746 [INFO] ms-clip: launching predict_smi (n_candidates=256)
2026-05-12 09:26:32,685 [INFO] spec 60/500  MassSpecGymID0217950  pool=256  pred=HGMGDQQJBVMKEI  correct=False  t=12.0s
2026-05-12 09:26:32,798 [INFO] ms-clip: auto-picked GPU 7 (free 24092 MiB)
2026-05-12 09:26:32,798 [INFO] ms-clip: using CUDA_VISIBLE_DEVICES=7
2026-05-12 09:26:32,798 [INFO] ms-clip: launching predict_smi (n_candidates=256)
2026-05-12 09:26:45,446 [WARNING] ms-clip dropped SMILES C1CCOC1.CC[BH-](CC)CC.Cc1cc(C(C)(C)C)nn1[BH-](n1nc(C(C)(C)C)cc1C)n1nc(C(C)(C)C)cc1C.[Tm]; emitting sentinel -1.0
2026-05-12 09:26:45,446 [WARNING] ms-clip dropped SMILES CCCC[N+](CCCC)(CCCC)CCCC.[Li].c1ccc2c(c1)-c1nc-2nc2[nH]c(nc3nc(nc4[nH]c(n1)c1ccccc41)-c1ccccc1-3)c1ccccc21; emitting sentinel -1.0
2026-05-12 09:26:45,446 [WARNING] ms-clip dropped SMILES CC(C)CCO.CCOCCCC(C)C.[B]C(C)=O.[B]n1ncc(CC(NC(=O)C(N)CSC2CC(=O)N(CCNC=O)C2=O)C(=O)C(C)C(C)C)n1; emitting sentinel -1.0
2026-05-12 09:26:45,446 [WARNING] ms-clip dropped SMILES CC(C)Cc1cc(/C=N/C2CCCCC2C)c(O)c(C(C)(C)C)c1.CC1CCCCC1/N=C/c1cc(C(C)(C)C)cc(C(C)(C)C)c1O.[CH3-].[Zr]; emitting sentinel -1.0
2026-05-12 09:26:45,447 [WARNING] ms-clip dropped SMILES C[CH-]COC1CCCCC1.[Y].[Y].[Y].[Y].[Y].[Y].[Y]; emitting sentinel -1.0
2026-05-12 09:26:45,580 [INFO] ms-clip: auto-picked GPU 7 (free 24092 MiB)
2026-05-12 09:26:45,580 [INFO] ms-clip: using CUDA_VISIBLE_DEVICES=7
2026-05-12 09:26:45,580 [INFO] ms-clip: launching predict_smi (n_candidates=190)
2026-05-12 09:26:58,055 [WARNING] ms-clip dropped SMILES CCCCCCCCCCCCCCCCCCCCCC(=O)O.CCCCCCCCCCCCCCCCCCCCCC(=O)O.[Ca]; emitting sentinel -1.0
2026-05-12 09:26:58,188 [INFO] ms-clip: auto-picked GPU 7 (free 24092 MiB)
2026-05-12 09:26:58,189 [INFO] ms-clip: using CUDA_VISIBLE_DEVICES=7
2026-05-12 09:26:58,189 [INFO] ms-clip: launching predict_smi (n_candidates=256)
2026-05-12 09:27:10,592 [WARNING] ms-clip dropped SMILES C.CC(C)(C)[PH+](C1CCCCC1)C(C)(C)C.CCC.Cl[Pd+].[CH3-]; emitting sentinel -1.0
2026-05-12 09:27:10,718 [INFO] ms-clip: auto-picked GPU 7 (free 24092 MiB)
2026-05-12 09:27:10,719 [INFO] ms-clip: using CUDA_VISIBLE_DEVICES=7
2026-05-12 09:27:10,719 [INFO] ms-clip: launching predict_smi (n_candidates=256)
2026-05-12 09:27:23,216 [INFO] ms-clip: auto-picked GPU 7 (free 24092 MiB)
2026-05-12 09:27:23,216 [INFO] ms-clip: using CUDA_VISIBLE_DEVICES=7
2026-05-12 09:27:23,217 [INFO] ms-clip: launching predict_smi (n_candidates=256)
2026-05-12 09:27:35,416 [INFO] ms-clip: auto-picked GPU 7 (free 24092 MiB)
2026-05-12 09:27:35,416 [INFO] ms-clip: using CUDA_VISIBLE_DEVICES=7
2026-05-12 09:27:35,416 [INFO] ms-clip: launching predict_smi (n_candidates=256)
2026-05-12 09:27:47,803 [WARNING] ms-clip dropped SMILES CC(C)C([C-]=O)n1cc(-c2ccc(Cl)s2)nn1.[CH2-][C@H](O)C[CH-]c1nc2ccccc2s1.[Li+]; emitting sentinel -1.0
2026-05-12 09:27:47,929 [INFO] ms-clip: auto-picked GPU 7 (free 24092 MiB)
2026-05-12 09:27:47,930 [INFO] ms-clip: using CUDA_VISIBLE_DEVICES=7
2026-05-12 09:27:47,930 [INFO] ms-clip: launching predict_smi (n_candidates=256)
2026-05-12 09:28:00,153 [WARNING] ms-clip dropped SMILES CN(C)C1=CC2=C3C=C(N(C)C)C=CN3CCCN2C=C1.CN1c2ccccc2N(C)C12CCCCC21N(C)c2ccccc2N1C.[Li+].[O-]c1cccc2ccc[nH+]c12; emitting sentinel -1.0
2026-05-12 09:28:00,154 [WARNING] ms-clip dropped SMILES CCCCCCCCCCCCCCCCCCCC#CC(=O)[O-].CCCCCCCCCCCCCCCCCCCC#CC(=O)[O-].[Cd+2]; emitting sentinel -1.0
2026-05-12 09:28:00,328 [INFO] ms-clip: auto-picked GPU 7 (free 24092 MiB)
2026-05-12 09:28:00,329 [INFO] ms-clip: using CUDA_VISIBLE_DEVICES=7
2026-05-12 09:28:00,329 [INFO] ms-clip: launching predict_smi (n_candidates=256)
2026-05-12 09:28:12,632 [WARNING] ms-clip dropped SMILES COc1cc(C)c(NC(=O)C2([P+](C)(C)C)CCC2)c(C)c1.[Y]; emitting sentinel -1.0
2026-05-12 09:28:12,779 [INFO] ms-clip: auto-picked GPU 7 (free 17392 MiB)
2026-05-12 09:28:12,779 [INFO] ms-clip: using CUDA_VISIBLE_DEVICES=7
2026-05-12 09:28:12,779 [INFO] ms-clip: launching predict_smi (n_candidates=256)
2026-05-12 09:28:25,686 [INFO] ms-clip: auto-picked GPU 7 (free 24092 MiB)
2026-05-12 09:28:25,687 [INFO] ms-clip: using CUDA_VISIBLE_DEVICES=7
2026-05-12 09:28:25,687 [INFO] ms-clip: launching predict_smi (n_candidates=256)
2026-05-12 09:28:37,954 [INFO] spec 70/500  MassSpecGymID0230073  pool=256  pred=ITYWLFANYGWSLX  correct=False  t=12.4s
2026-05-12 09:28:38,064 [INFO] ms-clip: auto-picked GPU 7 (free 24092 MiB)
2026-05-12 09:28:38,064 [INFO] ms-clip: using CUDA_VISIBLE_DEVICES=7
2026-05-12 09:28:38,064 [INFO] ms-clip: launching predict_smi (n_candidates=256)
2026-05-12 09:28:50,420 [WARNING] ms-clip dropped SMILES [Zr+3].c1ccc([SiH]c2ccccc2)cc1.c1ccc2[cH-]ccc2c1.c1ccc2[cH-]ccc2c1; emitting sentinel -1.0
2026-05-12 09:28:50,420 [WARNING] ms-clip dropped SMILES CCCCCCCCSSC1=CNN(SSCCCCCCCC)S1.[Cu]; emitting sentinel -1.0
2026-05-12 09:28:50,421 [WARNING] ms-clip dropped SMILES C.CC.CCc1ccnc2ccccc12.CCc1ccncc1.[CH3-].[Y].[Y]; emitting sentinel -1.0
2026-05-12 09:28:50,547 [INFO] ms-clip: auto-picked GPU 7 (free 24092 MiB)
2026-05-12 09:28:50,548 [INFO] ms-clip: using CUDA_VISIBLE_DEVICES=7
2026-05-12 09:28:50,548 [INFO] ms-clip: launching predict_smi (n_candidates=256)
2026-05-12 09:29:03,265 [INFO] ms-clip: auto-picked GPU 7 (free 24092 MiB)
2026-05-12 09:29:03,266 [INFO] ms-clip: using CUDA_VISIBLE_DEVICES=7
2026-05-12 09:29:03,266 [INFO] ms-clip: launching predict_smi (n_candidates=256)
2026-05-12 09:29:15,577 [WARNING] ms-clip dropped SMILES Cl[Mn]Cl.NN1CCN[C@@H]2CCCC[C@H]2/N=C\c2cccc(n2)/C=N/[C@@H]2CCCC[C@H]21; emitting sentinel -1.0
2026-05-12 09:29:15,707 [INFO] ms-clip: auto-picked GPU 7 (free 24092 MiB)
2026-05-12 09:29:15,707 [INFO] ms-clip: using CUDA_VISIBLE_DEVICES=7
2026-05-12 09:29:15,708 [INFO] ms-clip: launching predict_smi (n_candidates=256)
2026-05-12 09:29:27,283 [WARNING] ms-clip dropped SMILES CC.COC(C=O)C1OC(C)(C)OC1S[TlH2]; emitting sentinel -1.0
2026-05-12 09:29:27,283 [WARNING] ms-clip dropped SMILES Cc1cccc(C)c1NC(=O)C[n+]1cccc(C(=O)OC2CCCC2)c1.[Y]; emitting sentinel -1.0
2026-05-12 09:29:27,571 [INFO] ms-clip: auto-picked GPU 7 (free 24092 MiB)
2026-05-12 09:29:27,571 [INFO] ms-clip: using CUDA_VISIBLE_DEVICES=7
2026-05-12 09:29:27,571 [INFO] ms-clip: launching predict_smi (n_candidates=256)
2026-05-12 09:29:39,530 [WARNING] ms-clip dropped SMILES C1CCC2CCCC2C1.C1CCC2CCCC2C1.Oc1cccc2ccccc12.Oc1cccc2ccccc12.[Ti]; emitting sentinel -1.0
2026-05-12 09:29:39,661 [INFO] ms-clip: auto-picked GPU 7 (free 24092 MiB)
2026-05-12 09:29:39,661 [INFO] ms-clip: using CUDA_VISIBLE_DEVICES=7
2026-05-12 09:29:39,661 [INFO] ms-clip: launching predict_smi (n_candidates=256)
2026-05-12 09:29:52,485 [INFO] ms-clip: auto-picked GPU 7 (free 24092 MiB)
2026-05-12 09:29:52,485 [INFO] ms-clip: using CUDA_VISIBLE_DEVICES=7
2026-05-12 09:29:52,485 [INFO] ms-clip: launching predict_smi (n_candidates=256)
2026-05-12 09:30:04,725 [WARNING] ms-clip dropped SMILES CCCC[Sn](CCCC)(CCCC)c1ccc(-c2ccco2)o1; emitting sentinel -1.0
2026-05-12 09:30:04,725 [WARNING] ms-clip dropped SMILES CCN(CC)C1=C(N(CC)CC)C(OC)c2ccccc21.[C-]#[O+].[C-]#[O+].[C-]#[O+].[Cr]; emitting sentinel -1.0
2026-05-12 09:30:04,867 [INFO] ms-clip: auto-picked GPU 7 (free 24092 MiB)
2026-05-12 09:30:04,867 [INFO] ms-clip: using CUDA_VISIBLE_DEVICES=7
2026-05-12 09:30:04,867 [INFO] ms-clip: launching predict_smi (n_candidates=256)
2026-05-12 09:30:16,783 [INFO] ms-clip: auto-picked GPU 7 (free 24092 MiB)
2026-05-12 09:30:16,783 [INFO] ms-clip: using CUDA_VISIBLE_DEVICES=7
2026-05-12 09:30:16,783 [INFO] ms-clip: launching predict_smi (n_candidates=256)
2026-05-12 09:30:28,724 [INFO] ms-clip: auto-picked GPU 7 (free 24092 MiB)
2026-05-12 09:30:28,724 [INFO] ms-clip: using CUDA_VISIBLE_DEVICES=7
2026-05-12 09:30:28,724 [INFO] ms-clip: launching predict_smi (n_candidates=256)
2026-05-12 09:30:40,605 [INFO] spec 80/500  MassSpecGymID0207631  pool=256  pred=JEJVVLKQKGDPOE  correct=True  t=12.0s
2026-05-12 09:30:40,716 [INFO] ms-clip: auto-picked GPU 7 (free 24092 MiB)
2026-05-12 09:30:40,716 [INFO] ms-clip: using CUDA_VISIBLE_DEVICES=7
2026-05-12 09:30:40,716 [INFO] ms-clip: launching predict_smi (n_candidates=256)
2026-05-12 09:30:52,723 [INFO] ms-clip: auto-picked GPU 7 (free 24092 MiB)
2026-05-12 09:30:52,724 [INFO] ms-clip: using CUDA_VISIBLE_DEVICES=7
2026-05-12 09:30:52,724 [INFO] ms-clip: launching predict_smi (n_candidates=256)
2026-05-12 09:31:05,645 [WARNING] ms-clip dropped SMILES CN(C)C1=CC2=C3C=C(N(C)C)C=CN3CCCN2C=C1.CN1c2ccccc2N(C)C12CCCCC21N(C)c2ccccc2N1C.[Li+].[O-]c1cccc2ccc[nH+]c12; emitting sentinel -1.0
2026-05-12 09:31:05,777 [INFO] ms-clip: auto-picked GPU 7 (free 24092 MiB)
2026-05-12 09:31:05,777 [INFO] ms-clip: using CUDA_VISIBLE_DEVICES=7
2026-05-12 09:31:05,777 [INFO] ms-clip: launching predict_smi (n_candidates=256)
2026-05-12 09:31:17,568 [WARNING] ms-clip dropped SMILES C[Si](C)(C)CC1CCC([Si](C)(C)[Si](C)(C)C2CCC3CC4CCCC4CC32)C1.Cl[Zr+2]Cl.[CH3-].[CH3-]; emitting sentinel -1.0
2026-05-12 09:31:17,569 [WARNING] ms-clip dropped SMILES CC(C)[PH+](Cc1cccc(C[PH+](C(C)C)C(C)C)n1)C(C)C.F[B-](F)(F)F.Nc1ccccc1.[Rh+2]; emitting sentinel -1.0
2026-05-12 09:31:17,569 [WARNING] ms-clip dropped SMILES CCCC[Sn](CCCC)(Cc1ccc(C(=O)c2ccccc2)cc1)Cc1ccc(C(=O)c2ccccc2)cc1; emitting sentinel -1.0
2026-05-12 09:31:17,700 [INFO] ms-clip: auto-picked GPU 7 (free 24092 MiB)
2026-05-12 09:31:17,700 [INFO] ms-clip: using CUDA_VISIBLE_DEVICES=7
2026-05-12 09:31:17,700 [INFO] ms-clip: launching predict_smi (n_candidates=256)
2026-05-12 09:31:29,474 [WARNING] ms-clip dropped SMILES [3H]C1C[C@H]([C-]=O)N(C(=O)CNC(=O)[C@@H]2C[C@H]([3H])CN2C)C1.[Y]; emitting sentinel -1.0
2026-05-12 09:31:29,474 [WARNING] ms-clip dropped SMILES CCCC[Sn]CCCC.NSc1ccccc1; emitting sentinel -1.0
2026-05-12 09:31:29,474 [WARNING] ms-clip dropped SMILES C1CCCC1.C1CCCC1.Cc1cccc([Se])c1.[Ti+2]; emitting sentinel -1.0
2026-05-12 09:31:29,474 [WARNING] ms-clip dropped SMILES O=C(O)[C@@H]1CCCN1C([N-]c1ccccc1)c1ccccc1.[Zn]; emitting sentinel -1.0
2026-05-12 09:31:29,622 [INFO] ms-clip: auto-picked GPU 7 (free 17392 MiB)
2026-05-12 09:31:29,623 [INFO] ms-clip: using CUDA_VISIBLE_DEVICES=7
2026-05-12 09:31:29,623 [INFO] ms-clip: launching predict_smi (n_candidates=256)
2026-05-12 09:31:41,851 [INFO] ms-clip: auto-picked GPU 7 (free 24092 MiB)
2026-05-12 09:31:41,852 [INFO] ms-clip: using CUDA_VISIBLE_DEVICES=7
2026-05-12 09:31:41,852 [INFO] ms-clip: launching predict_smi (n_candidates=256)
2026-05-12 09:31:54,531 [WARNING] ms-clip dropped SMILES CC(C)(COC(C)(C)CCNc1cccc2c1C(=O)NC2=O)NC(=O)CNC1CCCC1.CCC(CC)c1c[c-]n2nccc2n1.CCCCC=O.CNC=O.[Na+]; emitting sentinel -1.0
2026-05-12 09:31:54,660 [INFO] ms-clip: auto-picked GPU 7 (free 24092 MiB)
2026-05-12 09:31:54,660 [INFO] ms-clip: using CUDA_VISIBLE_DEVICES=7
2026-05-12 09:31:54,660 [INFO] ms-clip: launching predict_smi (n_candidates=256)
2026-05-12 09:32:06,448 [WARNING] ms-clip dropped SMILES [CH2-]c1ccccc1.[CH2-]c1ccccc1.[Cl-].[Cl-].[Zr+4]; emitting sentinel -1.0
2026-05-12 09:32:06,448 [WARNING] ms-clip dropped SMILES O=C(O)O[O-].O=C(O)O[O-].O=C(O)O[O-].O=C(O)O[O-].[Al+3].[Li+]; emitting sentinel -1.0
2026-05-12 09:32:06,448 [WARNING] ms-clip dropped SMILES Cc1[c-]ccc(C(O)(C(F)(F)F)C(F)(F)F)c1.[Rb+]; emitting sentinel -1.0
2026-05-12 09:32:06,448 [WARNING] ms-clip dropped SMILES C[Ge](C)C.C[Ge](C)C.C[Ge]C; emitting sentinel -1.0
2026-05-12 09:32:06,448 [WARNING] ms-clip dropped SMILES COC(=O)[N-]CCc1ccc(S(=O)(=O)[O-])cc1.[Rb+]; emitting sentinel -1.0
2026-05-12 09:32:06,448 [WARNING] ms-clip dropped SMILES Cc1cc[c-]cc1.Cc1cc[c-]cc1.Cl[Zr+2]Cl; emitting sentinel -1.0
2026-05-12 09:32:06,448 [WARNING] ms-clip dropped SMILES Cl[Ti]Cl.[S-]c1cccc2ccccc12.c1cc[cH-]c1; emitting sentinel -1.0
2026-05-12 09:32:06,448 [WARNING] ms-clip dropped SMILES [C-]1=C(C/C=C\CC2=[C-]CC=C2)C=CC1.[Cl-].[Cl-].[Zr+4]; emitting sentinel -1.0
2026-05-12 09:32:06,449 [WARNING] ms-clip dropped SMILES C=C[c-]1cccc1.C=C[c-]1cccc1.[Cl-].[Cl-].[Zr+4]; emitting sentinel -1.0
2026-05-12 09:32:06,603 [INFO] ms-clip: auto-picked GPU 7 (free 17840 MiB)
2026-05-12 09:32:06,604 [INFO] ms-clip: using CUDA_VISIBLE_DEVICES=7
2026-05-12 09:32:06,604 [INFO] ms-clip: launching predict_smi (n_candidates=256)
2026-05-12 09:32:19,021 [INFO] ms-clip: auto-picked GPU 7 (free 17392 MiB)
2026-05-12 09:32:19,021 [INFO] ms-clip: using CUDA_VISIBLE_DEVICES=7
2026-05-12 09:32:19,022 [INFO] ms-clip: launching predict_smi (n_candidates=256)
2026-05-12 09:32:31,648 [WARNING] ms-clip dropped SMILES C.CC(C)C.CC(C)C.CC(C)C.CCOC(=S)[S-].Nc1ccccc1O.Nc1nc2ccccc2o1.S=c1[nH]c2ccccc2o1.[Ar].[K+]; emitting sentinel -1.0
2026-05-12 09:32:31,648 [WARNING] ms-clip dropped SMILES CC(C)Oc1ccccc1[Bi](Cl)(c1ccccc1OC(C)C)(c1ccccc1OC(C)C)c1ccccc1OC(C)C; emitting sentinel -1.0
2026-05-12 09:32:31,648 [WARNING] ms-clip dropped SMILES O=S(=O)([O-])O[C@@H](COCc1ccccc1)[C@@H](C[S+]1C[C@@H](OCc2ccccc2)[C@H](OCc2ccccc2)[C@H]1COCc1ccccc1)OCc1ccccc1; emitting sentinel -1.0
2026-05-12 09:32:31,649 [WARNING] ms-clip dropped SMILES CC(C)(C)c1cc(C[Si](C)(C)C)c([Ge]2=[Ge](c3c(C[Si](C)(C)C)cc(C(C)(C)C)cc3C[Si](C)(C)C)C=C2)c(C[Si](C)(C)C)c1; emitting sentinel -1.0
2026-05-12 09:32:31,649 [WARNING] ms-clip dropped SMILES CCCC[Sn](CCCC)(CCCC)c1cc2oc3c(c2o1)C(C)(C)c1cc(CO)c2c4c(cc(OC)c2c1-3)C(C)(C)c1c-4oc2cc(C)oc12; emitting sentinel -1.0
2026-05-12 09:32:31,784 [INFO] ms-clip: auto-picked GPU 7 (free 24092 MiB)
2026-05-12 09:32:31,784 [INFO] ms-clip: using CUDA_VISIBLE_DEVICES=7
2026-05-12 09:32:31,784 [INFO] ms-clip: launching predict_smi (n_candidates=256)
2026-05-12 09:32:44,312 [INFO] spec 90/500  MassSpecGymID0276007  pool=256  pred=CDJAEKWAWWXNAX  correct=False  t=12.6s
2026-05-12 09:32:44,420 [INFO] ms-clip: auto-picked GPU 7 (free 24092 MiB)
2026-05-12 09:32:44,420 [INFO] ms-clip: using CUDA_VISIBLE_DEVICES=7
2026-05-12 09:32:44,421 [INFO] ms-clip: launching predict_smi (n_candidates=256)
2026-05-12 09:32:56,733 [WARNING] ms-clip dropped SMILES C[C-](C)C(C)(C)C.[CH2-]P(C(C)(C)C)C(C)(C)C.[Hf].c1cc[cH-]c1; emitting sentinel -1.0
2026-05-12 09:32:56,867 [INFO] ms-clip: auto-picked GPU 7 (free 24092 MiB)
2026-05-12 09:32:56,868 [INFO] ms-clip: using CUDA_VISIBLE_DEVICES=7
2026-05-12 09:32:56,868 [INFO] ms-clip: launching predict_smi (n_candidates=256)
2026-05-12 09:33:09,209 [WARNING] ms-clip dropped SMILES O=[N+]1C(c2ccco2)=C(c2ccco2)N(O)[C@H]2CCCC[C@H]21; emitting sentinel -1.0
2026-05-12 09:33:09,209 [WARNING] ms-clip dropped SMILES O=C(O)c1ccc(COc2ccccc2-c2cnc[nH]2)cc1.[Li]; emitting sentinel -1.0
2026-05-12 09:33:09,209 [WARNING] ms-clip dropped SMILES CCOP(=O)(OCC)C(c1ccccc1)n1[c-]ncn1.[Li+]; emitting sentinel -1.0
2026-05-12 09:33:09,209 [WARNING] ms-clip dropped SMILES CC(C)C[Te+](CC(C)C)C(C)(C)C; emitting sentinel -1.0
2026-05-12 09:33:09,395 [INFO] ms-clip: auto-picked GPU 7 (free 24092 MiB)
2026-05-12 09:33:09,395 [INFO] ms-clip: using CUDA_VISIBLE_DEVICES=7
2026-05-12 09:33:09,395 [INFO] ms-clip: launching predict_smi (n_candidates=256)
2026-05-12 09:33:21,873 [WARNING] ms-clip dropped SMILES CCc1c(C)/c2[n-]/c1=C\c1[n-]c3c(c1C)C(=O)[C@H](C)/C3=C1/[N-]/C(=C\c3[n-]c(c(C)c3C)/C=2)C[C@@H]1CC.[Mg+2]; emitting sentinel -1.0
2026-05-12 09:33:22,017 [INFO] ms-clip: auto-picked GPU 7 (free 24092 MiB)
2026-05-12 09:33:22,017 [INFO] ms-clip: using CUDA_VISIBLE_DEVICES=7
2026-05-12 09:33:22,017 [INFO] ms-clip: launching predict_smi (n_candidates=256)
2026-05-12 09:33:34,432 [WARNING] ms-clip dropped SMILES [CH2]C(C)C(=O)CC(=O)C(C)C.[CH2]C(C)C(=O)CC(=O)C(C)C.[CH2]C(C)C(=O)CC(=O)C(C)C.[Y]; emitting sentinel -1.0
2026-05-12 09:33:34,558 [INFO] ms-clip: auto-picked GPU 7 (free 24092 MiB)
2026-05-12 09:33:34,559 [INFO] ms-clip: using CUDA_VISIBLE_DEVICES=7
2026-05-12 09:33:34,559 [INFO] ms-clip: launching predict_smi (n_candidates=256)
2026-05-12 09:33:46,370 [WARNING] ms-clip dropped SMILES CC(C)(C)c1ccc(Nc2ccc(C(C)(C)C)cc2)cc1.[Sr+2]; emitting sentinel -1.0
2026-05-12 09:33:46,520 [INFO] ms-clip: auto-picked GPU 7 (free 24092 MiB)
2026-05-12 09:33:46,520 [INFO] ms-clip: using CUDA_VISIBLE_DEVICES=7
2026-05-12 09:33:46,520 [INFO] ms-clip: launching predict_smi (n_candidates=256)
2026-05-12 09:33:58,434 [INFO] ms-clip: auto-picked GPU 7 (free 17392 MiB)
2026-05-12 09:33:58,434 [INFO] ms-clip: using CUDA_VISIBLE_DEVICES=7
2026-05-12 09:33:58,434 [INFO] ms-clip: launching predict_smi (n_candidates=256)
2026-05-12 09:34:10,602 [WARNING] ms-clip dropped SMILES Cl[Mn]Cl.Oc1ccccc1CC1CNCCNCCNCCNCCN1; emitting sentinel -1.0
2026-05-12 09:34:10,602 [WARNING] ms-clip dropped SMILES [B]c1ccc(S(=O)(=O)Nc2nc3ccccc3nc2Nc2cc(OC)cc(OC)c2)cc1; emitting sentinel -1.0
2026-05-12 09:34:10,738 [INFO] ms-clip: auto-picked GPU 7 (free 24092 MiB)
2026-05-12 09:34:10,738 [INFO] ms-clip: using CUDA_VISIBLE_DEVICES=7
2026-05-12 09:34:10,739 [INFO] ms-clip: launching predict_smi (n_candidates=256)
2026-05-12 09:34:23,163 [WARNING] ms-clip dropped SMILES [B]N1CC(COc2ccccc2OCc2ccccc2)CC(N(C(=O)c2ccc(OC)c(OCCCOC)c2)C(C)C)C1; emitting sentinel -1.0
2026-05-12 09:34:23,163 [WARNING] ms-clip dropped SMILES CCCC[Sn](/C=C/[C@@]12O[C@]1(C)C[C@@H](O[Si](C)(C)C(C)(C)C)CC2(C)C)(CCCC)CCCC; emitting sentinel -1.0
2026-05-12 09:34:23,163 [WARNING] ms-clip dropped SMILES CC(C)(C)[Si](C)(C)OCC/[C]=C/C(=O)C1CCCCC1.[CH2]CCC.[CH2]CCC.[CH2]CCC.[Sn]; emitting sentinel -1.0
2026-05-12 09:34:23,356 [INFO] ms-clip: auto-picked GPU 7 (free 24092 MiB)
2026-05-12 09:34:23,356 [INFO] ms-clip: using CUDA_VISIBLE_DEVICES=7
2026-05-12 09:34:23,356 [INFO] ms-clip: launching predict_smi (n_candidates=256)
2026-05-12 09:34:36,131 [INFO] ms-clip: auto-picked GPU 7 (free 24092 MiB)
2026-05-12 09:34:36,132 [INFO] ms-clip: using CUDA_VISIBLE_DEVICES=7
2026-05-12 09:34:36,132 [INFO] ms-clip: launching predict_smi (n_candidates=256)
2026-05-12 09:34:48,167 [WARNING] ms-clip dropped SMILES C=C/C=C/C.CCC(C)P(c1cc2ccccc2[cH-]1)C(C)CC.CCC(C)P(c1cc2ccccc2[cH-]1)C(C)CC.[Ti+2]; emitting sentinel -1.0
2026-05-12 09:34:48,168 [WARNING] ms-clip dropped SMILES CC(C)(C)[Si](C)(C)O[C@@H]1C=[C]OC[C@H]1O[Si](C)(C)C(C)(C)C.[CH2]CCC.[CH2]CCC.[CH2]CCC.[Sn]; emitting sentinel -1.0
2026-05-12 09:34:48,168 [WARNING] ms-clip dropped SMILES CC(C)(C)c1cc(/C=N/[C@H]2CCCC[C@@H]2/N=C/c2cc(C(C)(C)C)cc(C(C)(C)C)c2O)c(O)c(C(C)(C)C)c1.Cl.[Cr]; emitting sentinel -1.0
2026-05-12 09:34:48,168 [WARNING] ms-clip dropped SMILES [CH2-]C([CH2-])C1CCC(S(=O)(=O)N2C3C(C)CCCC3N(C)CC2(C)C)C(C)C1.[U+2]; emitting sentinel -1.0
2026-05-12 09:34:48,190 [INFO] spec 100/500  MassSpecGymID0189208  pool=256  pred=YUHHQTGJEOQYDV  correct=False  t=12.2s
2026-05-12 09:34:48,396 [INFO] ms-clip: auto-picked GPU 7 (free 17393 MiB)
2026-05-12 09:34:48,396 [INFO] ms-clip: using CUDA_VISIBLE_DEVICES=7
2026-05-12 09:34:48,397 [INFO] ms-clip: launching predict_smi (n_candidates=256)
2026-05-12 09:35:00,877 [WARNING] ms-clip dropped SMILES O=C([O-])[C@@H](/N=C(\c1ccccc1)c1ccccc1/N=C(/[O-])[C@@H]1CCCN1Cc1ccccc1)[C@@H]1c2ccccc2CCN1c1ccccc1.[Ni+2]; emitting sentinel -1.0
2026-05-12 09:35:00,877 [WARNING] ms-clip dropped SMILES CCN(CC)CCOC(=S)[S-].CCN(CC)CCOC(=S)[S-].CCN(CC)CC[Sn+2]CCN(CC)CC; emitting sentinel -1.0
2026-05-12 09:35:00,877 [WARNING] ms-clip dropped SMILES C[CH-]C.Cc1ccc(C)c(-c2cccc3[cH-]ccc23)c1.Cc1ccc(C)c(-c2cccc3[cH-]ccc23)c1.[H][C-]=[SiH2].[Hf+4]; emitting sentinel -1.0
2026-05-12 09:35:00,877 [WARNING] ms-clip dropped SMILES CCCC[Sn](CCCC)(CCCC)c1ccc(CN2C(=O)C(=O)c3cc(S(=O)(=O)N4CCC[C@H]4COC)ccc32)cc1; emitting sentinel -1.0
2026-05-12 09:35:00,877 [WARNING] ms-clip dropped SMILES O=C([O-])[C@@H](/N=C(\c1ccccc1)c1ccccc1/N=C(\[O-])[C@@H]1CCCN1Cc1ccccc1)[C@@H]1c2ccccc2CCN1c1ccccc1.[Ni+3]; emitting sentinel -1.0
2026-05-12 09:35:00,877 [WARNING] ms-clip dropped SMILES C=C.C[Pb]SN1C=C1C#CCOc1ccc(C2CCCN2Cc2ccc(CC3=CCCC=C3)cc2)cc1; emitting sentinel -1.0
2026-05-12 09:35:00,877 [WARNING] ms-clip dropped SMILES O=C([O-])[C@@H](/N=C(\c1ccccc1)c1ccccc1/N=C(/[O-])[C@@H]1CCCN1Cc1ccccc1)[C@H]1c2ccccc2CCN1c1ccccc1.[Ni+2]; emitting sentinel -1.0
2026-05-12 09:35:00,877 [WARNING] ms-clip dropped SMILES Cl[Al](Cl)Cl.c1ccc(CCc2ccc(CCc3ccc(CCc4ccccc4)cc3)cc2)cc1.c1ccc(CCc2ccccc2)cc1; emitting sentinel -1.0
2026-05-12 09:35:00,877 [WARNING] ms-clip dropped SMILES CN1CN(C)CN(C)CN(C)C1.C[N-]CN(C)CN(C)C[N-]C.[Re].[Re]; emitting sentinel -1.0
2026-05-12 09:35:00,877 [WARNING] ms-clip dropped SMILES C/C(=N/N=C([S-])N(C)C)c1ncccc1CN1CCOCC1.C/C(=N\N=C([S-])N(C)C)c1ncccc1CN1CCOCC1.[Zn+2]; emitting sentinel -1.0
2026-05-12 09:35:01,100 [INFO] ms-clip: auto-picked GPU 7 (free 24092 MiB)
2026-05-12 09:35:01,100 [INFO] ms-clip: using CUDA_VISIBLE_DEVICES=7
2026-05-12 09:35:01,101 [INFO] ms-clip: launching predict_smi (n_candidates=256)
2026-05-12 09:35:12,940 [WARNING] ms-clip dropped SMILES CC(C)c1cccc(C(C)C)c1N1[CH]N(c2c(C(C)C)cccc2C(C)C)CC1.CC[O-].[Cu+]; emitting sentinel -1.0
2026-05-12 09:35:13,103 [INFO] ms-clip: auto-picked GPU 7 (free 17392 MiB)
2026-05-12 09:35:13,104 [INFO] ms-clip: using CUDA_VISIBLE_DEVICES=7
2026-05-12 09:35:13,104 [INFO] ms-clip: launching predict_smi (n_candidates=256)
2026-05-12 09:35:25,666 [WARNING] ms-clip dropped SMILES CC(C)(COC(C)(C)CCNc1cccc2c1C(=O)NC2=O)NC(=O)CNC1CCCC1.CCC(CC)c1c[c-]n2nccc2n1.CCCCC=O.CNC=O.[Na+]; emitting sentinel -1.0
2026-05-12 09:35:25,666 [WARNING] ms-clip dropped SMILES CCCC[Sn](CCCC)(CCCC)COCC1=C[C@@]2(C)CC[C@@H](O[Si](CC)(CC)CC)[C@@](C)(CCCO[Si](C)(C)C(C)(C)C)[C@@H]2CC1; emitting sentinel -1.0
2026-05-12 09:35:25,666 [WARNING] ms-clip dropped SMILES COCCOCCOC.COCCOCCOC.COCCOCCOC.COCCOCCOC.[Li].[Li].c1cc2ccc3ccc4ccc5ccc1c1c2c3c4c51; emitting sentinel -1.0
2026-05-12 09:35:25,820 [INFO] ms-clip: auto-picked GPU 7 (free 18518 MiB)
2026-05-12 09:35:25,821 [INFO] ms-clip: using CUDA_VISIBLE_DEVICES=7
2026-05-12 09:35:25,821 [INFO] ms-clip: launching predict_smi (n_candidates=256)
2026-05-12 09:35:37,683 [WARNING] ms-clip dropped SMILES CN(C)C1=CC2=C3C=C(N(C)C)C=CN3CCCN2C=C1.CN1c2ccccc2N(C)C12CCCCC21N(C)c2ccccc2N1C.[Li+].[O-]c1cccc2ccc[nH+]c12; emitting sentinel -1.0
2026-05-12 09:35:37,683 [WARNING] ms-clip dropped SMILES CCCCCCCCCCCCCCCCCCCC#CC(=O)[O-].CCCCCCCCCCCCCCCCCCCC#CC(=O)[O-].[Cd+2]; emitting sentinel -1.0
2026-05-12 09:35:37,850 [INFO] ms-clip: auto-picked GPU 7 (free 17392 MiB)
2026-05-12 09:35:37,851 [INFO] ms-clip: using CUDA_VISIBLE_DEVICES=7
2026-05-12 09:35:37,851 [INFO] ms-clip: launching predict_smi (n_candidates=256)
2026-05-12 09:35:50,356 [WARNING] ms-clip dropped SMILES CC(=O)O[C@H]1CC[C@]23CO[C@@H](C[C@H]4[C@@H]5CC[C@H]([C@H](C)CCCC(C)C)[C@@]5(C)CC[C@@H]42)[C@@]3([Hg]Cl)C1; emitting sentinel -1.0
2026-05-12 09:35:50,356 [WARNING] ms-clip dropped SMILES Cc1nc(-c2ccc3c(c2)CC(N(C)O)C3)no1.N/C=N/C=C\C(N)=N\C1=NNC(C2CCCC2)C1.[NH-]C1CCCCC1.[Y]; emitting sentinel -1.0
2026-05-12 09:35:50,514 [INFO] ms-clip: auto-picked GPU 7 (free 24092 MiB)
2026-05-12 09:35:50,515 [INFO] ms-clip: using CUDA_VISIBLE_DEVICES=7
2026-05-12 09:35:50,515 [INFO] ms-clip: launching predict_smi (n_candidates=256)
2026-05-12 09:36:02,982 [WARNING] ms-clip dropped SMILES C.C.C.C.C.C.C.CCC=CCC(C(=O)O)C(CC=CCC(C(=O)[O-])C(C)C(=O)[O-])C(=O)O.[Li+].[Li+]; emitting sentinel -1.0
2026-05-12 09:36:03,161 [INFO] ms-clip: auto-picked GPU 7 (free 24092 MiB)
2026-05-12 09:36:03,161 [INFO] ms-clip: using CUDA_VISIBLE_DEVICES=7
2026-05-12 09:36:03,161 [INFO] ms-clip: launching predict_smi (n_candidates=256)
2026-05-12 09:36:15,522 [WARNING] ms-clip dropped SMILES Cc1c(C)n(C(C)C)c(=[Te])n1C(C)C; emitting sentinel -1.0
2026-05-12 09:36:15,522 [WARNING] ms-clip dropped SMILES C=C(C[CH2-])[C@H](C)CCOC1CCCCO1.Cl[Zn+]; emitting sentinel -1.0
2026-05-12 09:36:15,522 [WARNING] ms-clip dropped SMILES [CH2-]C(=O)OC(C)(C)C.[H]/[C-]=C/C(=C\C=[Ni])C1OCCO1; emitting sentinel -1.0
2026-05-12 09:36:15,645 [INFO] ms-clip: auto-picked GPU 7 (free 24092 MiB)
2026-05-12 09:36:15,646 [INFO] ms-clip: using CUDA_VISIBLE_DEVICES=7
2026-05-12 09:36:15,646 [INFO] ms-clip: launching predict_smi (n_candidates=256)
2026-05-12 09:36:28,193 [INFO] ms-clip: auto-picked GPU 7 (free 24092 MiB)
2026-05-12 09:36:28,194 [INFO] ms-clip: using CUDA_VISIBLE_DEVICES=7
2026-05-12 09:36:28,194 [INFO] ms-clip: launching predict_smi (n_candidates=256)
2026-05-12 09:36:40,284 [WARNING] ms-clip dropped SMILES CCCCc1cccc2c1[cH-]c1ccccc12.CCCCc1cccc2c1[cH-]c1ccccc12.Clc1cc[c-]cc1.[CH2-]CCCC.[CH3-].[Ti]; emitting sentinel -1.0
2026-05-12 09:36:40,419 [INFO] ms-clip: auto-picked GPU 7 (free 24092 MiB)
2026-05-12 09:36:40,419 [INFO] ms-clip: using CUDA_VISIBLE_DEVICES=7
2026-05-12 09:36:40,419 [INFO] ms-clip: launching predict_smi (n_candidates=256)
2026-05-12 09:36:52,307 [INFO] spec 110/500  MassSpecGymID0217685  pool=256  pred=IPJLKPWXBCNKLW  correct=True  t=12.0s
2026-05-12 09:36:52,414 [INFO] ms-clip: auto-picked GPU 7 (free 24092 MiB)
2026-05-12 09:36:52,414 [INFO] ms-clip: using CUDA_VISIBLE_DEVICES=7
2026-05-12 09:36:52,414 [INFO] ms-clip: launching predict_smi (n_candidates=256)
2026-05-12 09:37:04,027 [INFO] ms-clip: auto-picked GPU 7 (free 24092 MiB)
2026-05-12 09:37:04,027 [INFO] ms-clip: using CUDA_VISIBLE_DEVICES=7
2026-05-12 09:37:04,027 [INFO] ms-clip: launching predict_smi (n_candidates=256)
2026-05-12 09:37:16,367 [INFO] ms-clip: auto-picked GPU 7 (free 24092 MiB)
2026-05-12 09:37:16,367 [INFO] ms-clip: using CUDA_VISIBLE_DEVICES=7
2026-05-12 09:37:16,367 [INFO] ms-clip: launching predict_smi (n_candidates=256)
2026-05-12 09:37:27,882 [WARNING] ms-clip dropped SMILES CCCC[Sn](CCCC)OC(=O)/C=C/c1ccccc1F; emitting sentinel -1.0
2026-05-12 09:37:27,882 [WARNING] ms-clip dropped SMILES CC1CN2CC(C)(NC(=O)OC(C)(C)C)C(=O)N2C1(C)[C-]=O.[Y+3]; emitting sentinel -1.0
2026-05-12 09:37:28,013 [INFO] ms-clip: auto-picked GPU 7 (free 24092 MiB)
2026-05-12 09:37:28,013 [INFO] ms-clip: using CUDA_VISIBLE_DEVICES=7
2026-05-12 09:37:28,013 [INFO] ms-clip: launching predict_smi (n_candidates=256)
2026-05-12 09:37:39,669 [WARNING] ms-clip dropped SMILES CCCCC(CC)C(=O)[O-].CCCCC(CC)C(=O)[O-].CCCCC(CC)C(=O)[O-].CCCCC(CC)C(=O)[O-].CCCCC(CC)C(=O)[O-].[V]; emitting sentinel -1.0
2026-05-12 09:37:39,669 [WARNING] ms-clip dropped SMILES CC(C)CCCCC(=O)[O-].CC(C)CCCCC(=O)[O-].CC(C)CCCCC(=O)[O-].CC(C)CCCCC(=O)[O-].CC(C)CCCCC(=O)[O-].[V]; emitting sentinel -1.0
2026-05-12 09:37:39,669 [WARNING] ms-clip dropped SMILES CCCCCCCCCCCCCCCCCC(=O)[O-].CCCCCCCCCCCCCCCCCC(=O)[O-].Cc1cc(O)ccc1Cl.[Ni+2]; emitting sentinel -1.0
2026-05-12 09:37:39,670 [WARNING] ms-clip dropped SMILES CCCCCCCC/C=C\CCCCCCCC(=O)O.CCCCCCCC/C=C\CCCCCCCC(=O)O.[Hg]; emitting sentinel -1.0
2026-05-12 09:37:39,670 [WARNING] ms-clip dropped SMILES CCCCCCCC(=O)[O-].CCCCCCCC(=O)[O-].CCCCCCCC(=O)[O-].CCCCCCCC(=O)[O-].CCCCCCCC(=O)[O-].[V]; emitting sentinel -1.0
2026-05-12 09:37:39,670 [WARNING] ms-clip dropped SMILES [Au].[Cd].[Cd].[Cd].[Cd].[Cd]; emitting sentinel -1.0
2026-05-12 09:37:39,670 [WARNING] ms-clip dropped SMILES C1CCC([PH+](C2CCCCC2)C2CCCCC2)CC1.C1CCC([PH+](C2CCCCC2)C2CCCCC2)CC1.C1CCOC1.[CH3-].[CH3-].[Ru+2]; emitting sentinel -1.0
2026-05-12 09:37:39,800 [INFO] ms-clip: auto-picked GPU 7 (free 24092 MiB)
2026-05-12 09:37:39,800 [INFO] ms-clip: using CUDA_VISIBLE_DEVICES=7
2026-05-12 09:37:39,800 [INFO] ms-clip: launching predict_smi (n_candidates=256)
2026-05-12 09:37:51,995 [WARNING] ms-clip dropped SMILES CC(C)=[Zr+2].CC1[C-]=CC(C2(C)C3CC4CC(C3)CC2C4)=C1.Cc1[c-]c2c(cc1C(C)(C)C)-c1cc(C(C)(C)C)c(C)cc1C2.[Cl-].[Cl-]; emitting sentinel -1.0
2026-05-12 09:37:51,995 [WARNING] ms-clip dropped SMILES CC(C)(C)P(Cc1ccccc1CP(C(C)(C)C)C(C)(C)C)C(C)(C)C.O=C(/C=C/c1ccccc1)/C=C/c1ccccc1.[Pd]; emitting sentinel -1.0
2026-05-12 09:37:51,995 [WARNING] ms-clip dropped SMILES CCCCCc1ccc2cc(S(=O)(=O)[O-])c(CCCCC)cc2c1.CCCCCc1ccc2cc(S(=O)(=O)[O-])c(CCCCC)cc2c1.[Ca+2]; emitting sentinel -1.0
2026-05-12 09:37:51,995 [WARNING] ms-clip dropped SMILES CC(C)(C)C(=O)CC(=O)C(C)(C)[C-](O)O.CC(C)(C)C(=O)CC(=O)C(C)(C)[C-](O)O.CC(C)(C)C(=O)CC(=O)C(C)(C)[C-](O)O.[Y+3]; emitting sentinel -1.0
2026-05-12 09:37:51,995 [WARNING] ms-clip dropped SMILES CCCCCc1cc(CCCCC)c2ccccc2c1S(=O)(=O)[O-].CCCCCc1cc(CCCCC)c2ccccc2c1S(=O)(=O)[O-].[Ca+2]; emitting sentinel -1.0
2026-05-12 09:37:51,995 [WARNING] ms-clip dropped SMILES CCCCCCCCCCc1ccc2cc(S(=O)(=O)[O-])ccc2c1.CCCCCCCCCCc1ccc2cc(S(=O)(=O)[O-])ccc2c1.[Ca+2]; emitting sentinel -1.0
2026-05-12 09:37:51,996 [WARNING] ms-clip dropped SMILES CCCCCc1ccc(S(=O)(=O)[O-])c2c(CCCCC)cccc12.CCCCCc1ccc(S(=O)(=O)[O-])c2c(CCCCC)cccc12.[Ca+2]; emitting sentinel -1.0
2026-05-12 09:37:51,996 [WARNING] ms-clip dropped SMILES CCCCCc1ccc2c(CCCCC)ccc(S(=O)(=O)[O-])c2c1.CCCCCc1ccc2c(CCCCC)ccc(S(=O)(=O)[O-])c2c1.[Ca+2]; emitting sentinel -1.0
2026-05-12 09:37:51,996 [WARNING] ms-clip dropped SMILES CC(C)[C@H](NC(=O)CN1CCN(CC(=O)O)CCN(CC(=O)O)CCN(CC(=O)O)CC1)C(=O)N[C@H](C)C(=O)N1CCC[C@H]1B(O)O.[Cu]; emitting sentinel -1.0
2026-05-12 09:37:51,996 [WARNING] ms-clip dropped SMILES CCCCCc1cc2ccccc2c(S(=O)(=O)[O-])c1CCCCC.CCCCCc1cc2ccccc2c(S(=O)(=O)[O-])c1CCCCC.[Ca+2]; emitting sentinel -1.0
2026-05-12 09:37:51,996 [WARNING] ms-clip dropped SMILES CCCCCc1cc2cccc(S(=O)(=O)[O-])c2cc1CCCCC.CCCCCc1cc2cccc(S(=O)(=O)[O-])c2cc1CCCCC.[Ca+2]; emitting sentinel -1.0
2026-05-12 09:37:52,135 [INFO] ms-clip: auto-picked GPU 7 (free 24092 MiB)
2026-05-12 09:37:52,135 [INFO] ms-clip: using CUDA_VISIBLE_DEVICES=7
2026-05-12 09:37:52,135 [INFO] ms-clip: launching predict_smi (n_candidates=256)
2026-05-12 09:38:04,722 [WARNING] ms-clip dropped SMILES CC(C)(C)c1cccc(C(C)(C)C)c1O.C[C]1C(C)=C(C)C(C)=C1C.C[Si](C)(C)[CH-][Si](C)(C)C.[Y]; emitting sentinel -1.0
2026-05-12 09:38:04,723 [WARNING] ms-clip dropped SMILES CCCC[Sn](CCCC)(CCCC)c1c(CO[Si](C)(C)C(C)(C)C)nnn1C[Si](C)(C)C; emitting sentinel -1.0
2026-05-12 09:38:04,848 [INFO] ms-clip: auto-picked GPU 7 (free 24092 MiB)
2026-05-12 09:38:04,849 [INFO] ms-clip: using CUDA_VISIBLE_DEVICES=7
2026-05-12 09:38:04,849 [INFO] ms-clip: launching predict_smi (n_candidates=256)
2026-05-12 09:38:17,056 [INFO] ms-clip: auto-picked GPU 7 (free 24092 MiB)
2026-05-12 09:38:17,057 [INFO] ms-clip: using CUDA_VISIBLE_DEVICES=7
2026-05-12 09:38:17,057 [INFO] ms-clip: launching predict_smi (n_candidates=256)
2026-05-12 09:38:28,685 [WARNING] ms-clip dropped SMILES CC(=O)/C=C(/C)O.CC(=O)/C=C(/C)O.CC(O)CC(C)(C)O.[Ti]; emitting sentinel -1.0
2026-05-12 09:38:28,811 [INFO] ms-clip: auto-picked GPU 7 (free 24092 MiB)
2026-05-12 09:38:28,811 [INFO] ms-clip: using CUDA_VISIBLE_DEVICES=7
2026-05-12 09:38:28,811 [INFO] ms-clip: launching predict_smi (n_candidates=256)
2026-05-12 09:38:41,047 [INFO] ms-clip: auto-picked GPU 7 (free 24092 MiB)
2026-05-12 09:38:41,047 [INFO] ms-clip: using CUDA_VISIBLE_DEVICES=7
2026-05-12 09:38:41,047 [INFO] ms-clip: launching predict_smi (n_candidates=256)
2026-05-12 09:38:52,736 [WARNING] ms-clip dropped SMILES CCCCCCCCCCCCCCCC(=O)OC(=O)CNC.[Ca]; emitting sentinel -1.0
2026-05-12 09:38:52,750 [INFO] spec 120/500  MassSpecGymID0202068  pool=256  pred=KSBQHXFJTCXBEK  correct=False  t=11.8s
2026-05-12 09:38:52,862 [INFO] ms-clip: auto-picked GPU 7 (free 24092 MiB)
2026-05-12 09:38:52,863 [INFO] ms-clip: using CUDA_VISIBLE_DEVICES=7
2026-05-12 09:38:52,863 [INFO] ms-clip: launching predict_smi (n_candidates=256)
2026-05-12 09:39:04,914 [WARNING] ms-clip dropped SMILES CCCC/C1=C2/N=C(C(CC)=C2CC)C(c2ccccc2)C2=N/C(=C(/CCCC)c3[n-]c(c(CC)c3CC)C(CCCC)c3[n-]c1c(CC)c3CC)C(CC)=C2CC.[Ni+2]; emitting sentinel -1.0
2026-05-12 09:39:04,915 [WARNING] ms-clip dropped SMILES CCCC/C1=C2/N=C(C(CC)=C2CC)[C@H](CCCC)c2[n-]c(c(CC)c2CC)/C(CCCC)=C2\N=C(C(CC)=C2CC)[C@H](c2ccccc2)c2[n-]c1c(CC)c2CC.[Ni+2]; emitting sentinel -1.0
2026-05-12 09:39:05,053 [INFO] ms-clip: auto-picked GPU 7 (free 24092 MiB)
2026-05-12 09:39:05,053 [INFO] ms-clip: using CUDA_VISIBLE_DEVICES=7
2026-05-12 09:39:05,053 [INFO] ms-clip: launching predict_smi (n_candidates=256)
2026-05-12 09:39:18,271 [WARNING] ms-clip dropped SMILES CC.CCC.CCCC(=O)c1cc(C)c(-c2cc3cnc(N(C)O)cc3n3ccnc23)cn1.[U]; emitting sentinel -1.0
2026-05-12 09:39:18,401 [INFO] ms-clip: auto-picked GPU 7 (free 24092 MiB)
2026-05-12 09:39:18,401 [INFO] ms-clip: using CUDA_VISIBLE_DEVICES=7
2026-05-12 09:39:18,401 [INFO] ms-clip: launching predict_smi (n_candidates=256)
2026-05-12 09:39:29,936 [WARNING] ms-clip dropped SMILES CCCCCC(=C1C=CC(CCc2ccc([C-](CCCCC)c3ccccc3)cc2)=C[CH+]1)c1ccccc1.[Li].[Li]; emitting sentinel -1.0
2026-05-12 09:39:30,065 [INFO] ms-clip: auto-picked GPU 7 (free 24092 MiB)
2026-05-12 09:39:30,065 [INFO] ms-clip: using CUDA_VISIBLE_DEVICES=7
2026-05-12 09:39:30,065 [INFO] ms-clip: launching predict_smi (n_candidates=256)
2026-05-12 09:39:41,991 [WARNING] ms-clip dropped SMILES C/C(=C/C(C)=N/c1c(C)cccc1C)[N-]c1c(C)cccc1C.Cl[Cr+2].[CH]1[CH][CH][CH][CH]1; emitting sentinel -1.0
2026-05-12 09:39:42,124 [INFO] ms-clip: auto-picked GPU 7 (free 24092 MiB)
2026-05-12 09:39:42,124 [INFO] ms-clip: using CUDA_VISIBLE_DEVICES=7
2026-05-12 09:39:42,124 [INFO] ms-clip: launching predict_smi (n_candidates=256)
2026-05-12 09:39:54,309 [WARNING] ms-clip dropped SMILES CC(=O)/C=C(/C)O.C[N+]1=C=[N+]2c3[c-]cc4c(c3Sc3cccc1c32)C(C)(C)CCC4(C)C.[Ir]; emitting sentinel -1.0
2026-05-12 09:39:54,309 [WARNING] ms-clip dropped SMILES C=CC1=C(N/C=N/C)C2c3c(cc4c([nH]c5ccccc54)c3O)CC2(c2ccc(C)cc2)C1[Pb]; emitting sentinel -1.0
2026-05-12 09:39:54,309 [WARNING] ms-clip dropped SMILES CC(=O)O.Cl.NN1CCC[C@H](C(=O)NC2CC(F)(F)C2)C1.O=NN1CCC[C@H](C(=O)NC2CC(F)(F)C2)C1.[Zn]; emitting sentinel -1.0
2026-05-12 09:39:54,437 [INFO] ms-clip: auto-picked GPU 7 (free 24092 MiB)
2026-05-12 09:39:54,438 [INFO] ms-clip: using CUDA_VISIBLE_DEVICES=7
2026-05-12 09:39:54,438 [INFO] ms-clip: launching predict_smi (n_candidates=256)
2026-05-12 09:40:06,446 [WARNING] ms-clip dropped SMILES COC(c1ccc(C(=O)NC(CCSC)C(=O)O)c(-c2ccccc2C)c1)c1ccc(-c2ccc(C=O)cc2)o1.[Li]; emitting sentinel -1.0
2026-05-12 09:40:06,446 [WARNING] ms-clip dropped SMILES CSCCC(NC(=O)c1ccc(COCc2ccc(-c3ccc(C=O)cc3)o2)cc1-c1ccccc1C)C(=O)O.[Li]; emitting sentinel -1.0
2026-05-12 09:40:06,447 [WARNING] ms-clip dropped SMILES C[CH-]/C(Cl)=C\C=C(/C)[C@@]1(NC(=O)OC(C)(C)C)C[C@@H]1C(C)=O.[U]; emitting sentinel -1.0
2026-05-12 09:40:06,447 [WARNING] ms-clip dropped SMILES CCCCCCCCCCCC(=O)O[Sn]1(CCCCCCCC)OC(=O)CC(O)C(=O)O1; emitting sentinel -1.0
2026-05-12 09:40:06,447 [WARNING] ms-clip dropped SMILES CC(=O)[C-]=O.CC(=O)[C-]=O.CC(C)P(C(C)C)C(C)C.CC(C)P(C(C)C)C(C)C.[Ru+2]; emitting sentinel -1.0
2026-05-12 09:40:06,572 [INFO] ms-clip: auto-picked GPU 7 (free 24092 MiB)
2026-05-12 09:40:06,572 [INFO] ms-clip: using CUDA_VISIBLE_DEVICES=7
2026-05-12 09:40:06,572 [INFO] ms-clip: launching predict_smi (n_candidates=256)
2026-05-12 09:40:18,767 [WARNING] ms-clip dropped SMILES CCCCCCCCCCCC(=O)O[Sn](Cc1ccccc1)(Cc1ccccc1)OC(=O)CCCCCCCCCCC; emitting sentinel -1.0
2026-05-12 09:40:18,767 [WARNING] ms-clip dropped SMILES CC.CC.CCC1=CC2=N/C1=C\c1c(CC)c(CC)c3n1[Sn]N(C)C(=C/C1=N/C(=C\3)C(CC)=C1CC)/C(CC)=C(CC)\C=C/2; emitting sentinel -1.0
2026-05-12 09:40:18,767 [WARNING] ms-clip dropped SMILES CC[C@H](NC(=O)c1cccc(O)c1C)[C@H](O)CN1C[C@H]2CCCC[C@H]2C[C@H]1C(=O)NC(C)(C)C.[Ac]; emitting sentinel -1.0
2026-05-12 09:40:18,768 [WARNING] ms-clip dropped SMILES CCCC[Sn](CCCC)(OC(=O)c1cccc(C(C)(C)C)c1C(C)(C)C)OC(=O)c1cccc(C(C)(C)C)c1C(C)(C)C; emitting sentinel -1.0
2026-05-12 09:40:18,768 [WARNING] ms-clip dropped SMILES CC(C)(C)c1ccc(C(=O)[O-])cc1.CC(C)(C)c1ccc(C(=O)[O-])cc1.[CH2]CCCCCCC.[CH2]CCCCCCC.[Sn+2]; emitting sentinel -1.0
2026-05-12 09:40:18,901 [INFO] ms-clip: auto-picked GPU 7 (free 24092 MiB)
2026-05-12 09:40:18,901 [INFO] ms-clip: using CUDA_VISIBLE_DEVICES=7
2026-05-12 09:40:18,901 [INFO] ms-clip: launching predict_smi (n_candidates=256)
2026-05-12 09:40:31,357 [WARNING] ms-clip dropped SMILES CCCC[Sn](CCCC)(CCCC)c1ccc(OCCC[C@@H](C[C@H](NC(=O)OC(C)(C)C)C(=O)OC(C)(C)C)C(=O)OC(C)(C)C)cc1; emitting sentinel -1.0
2026-05-12 09:40:31,357 [WARNING] ms-clip dropped SMILES CCCC[Sn](CCCC)(CCCC)c1ccc(OCCC[C@H](C(=O)O)C(C(C)(C)C)[C@@](NC(=O)OC(C)(C)C)(C(=O)O)C(C)(C)C)cc1; emitting sentinel -1.0
2026-05-12 09:40:31,357 [WARNING] ms-clip dropped SMILES CCCCCCC(O)CCCC.CCCCCCC(O)CCCC.OCCCCCCN(CCO)CCCCCCO.[Y].[Y]; emitting sentinel -1.0
2026-05-12 09:40:31,358 [WARNING] ms-clip dropped SMILES COCCN(Cc1cc(C(C)(C)C)cc(C(C)(C)C)c1O)Cc1cc(C(C)(C)C)cc(C(C)(C)C)c1O.[CH2-]c1ccccc1.[CH2-]c1ccccc1.[Zr+2]; emitting sentinel -1.0
2026-05-12 09:40:31,494 [INFO] ms-clip: auto-picked GPU 7 (free 24092 MiB)
2026-05-12 09:40:31,494 [INFO] ms-clip: using CUDA_VISIBLE_DEVICES=7
2026-05-12 09:40:31,494 [INFO] ms-clip: launching predict_smi (n_candidates=256)
2026-05-12 09:40:43,205 [INFO] ms-clip: auto-picked GPU 7 (free 24092 MiB)
2026-05-12 09:40:43,205 [INFO] ms-clip: using CUDA_VISIBLE_DEVICES=7
2026-05-12 09:40:43,205 [INFO] ms-clip: launching predict_smi (n_candidates=256)
2026-05-12 09:40:55,099 [WARNING] ms-clip dropped SMILES [CH2]CCC.[CH2]CCC.[CH2]CCC.[CH]=C1C[C@H]2C(=O)N(c3ccc(OC)cc3)[C@H]2[C@@H]1CC(=O)OC.[Sn]; emitting sentinel -1.0
2026-05-12 09:40:55,099 [WARNING] ms-clip dropped SMILES [CH2]CCC.[CH2]CCC.[CH2]CCC.[CH]=C1[C@H](CC(=O)OC)CN2C(=O)[C@@H](OCc3ccccc3)[C@@H]12.[Sn]; emitting sentinel -1.0
2026-05-12 09:40:55,099 [WARNING] ms-clip dropped SMILES C/C(=C\c1csc(C)n1)C1C[CH-]C(C)(C)CCCC(C)C(C)C(C)C(=O)C(C)(C)C(C)CC(=O)O1.[Y]; emitting sentinel -1.0
2026-05-12 09:40:55,099 [WARNING] ms-clip dropped SMILES CCCC[Sn](/C=C1\CN2C(=O)[C@H](OCc3ccccc3)[C@@H]2[C@H]1CC(=O)OC)(CCCC)CCCC; emitting sentinel -1.0
2026-05-12 09:40:55,115 [INFO] spec 130/500  MassSpecGymID0376694  pool=256  pred=BRPVCFILVPHAJH  correct=False  t=12.0s
2026-05-12 09:40:55,227 [INFO] ms-clip: auto-picked GPU 7 (free 24092 MiB)
2026-05-12 09:40:55,227 [INFO] ms-clip: using CUDA_VISIBLE_DEVICES=7
2026-05-12 09:40:55,227 [INFO] ms-clip: launching predict_smi (n_candidates=256)
2026-05-12 09:41:07,518 [WARNING] ms-clip dropped SMILES CCCCC(=O)N(Cc1ccc(-c2ccccc2-c2nn[nH]n2)cc1)[C@H](C(=O)O)C(C)C.O.O.O.O.[Ca]; emitting sentinel -1.0
2026-05-12 09:41:07,713 [INFO] ms-clip: auto-picked GPU 7 (free 24072 MiB)
2026-05-12 09:41:07,714 [INFO] ms-clip: using CUDA_VISIBLE_DEVICES=7
2026-05-12 09:41:07,714 [INFO] ms-clip: launching predict_smi (n_candidates=256)
2026-05-12 09:41:19,950 [INFO] ms-clip: auto-picked GPU 7 (free 24072 MiB)
2026-05-12 09:41:19,950 [INFO] ms-clip: using CUDA_VISIBLE_DEVICES=7
2026-05-12 09:41:19,950 [INFO] ms-clip: launching predict_smi (n_candidates=256)
2026-05-12 09:41:31,773 [WARNING] ms-clip dropped SMILES CC(C)CCC(=O)NCC(CO)OC(=O)COc1ccc(Cl)cc1Cl.[V]; emitting sentinel -1.0
2026-05-12 09:41:31,773 [WARNING] ms-clip dropped SMILES CC[Al]1CCC(c2c(F)c(F)c(F)c(F)c2F)=C1c1c(F)c(F)c(F)c(F)c1F; emitting sentinel -1.0
2026-05-12 09:41:31,773 [WARNING] ms-clip dropped SMILES CB(O)N1CC(CCl)c2c1[c-]cc1ccccc21.[W]; emitting sentinel -1.0
2026-05-12 09:41:31,773 [WARNING] ms-clip dropped SMILES C1=Cc2cc3ccc(cc4ccc(cc5nc(cc1n2)C=C5)[nH]4)[nH]3.C=O.[Ru]; emitting sentinel -1.0
2026-05-12 09:41:31,903 [INFO] ms-clip: auto-picked GPU 7 (free 24092 MiB)
2026-05-12 09:41:31,903 [INFO] ms-clip: using CUDA_VISIBLE_DEVICES=7
2026-05-12 09:41:31,903 [INFO] ms-clip: launching predict_smi (n_candidates=256)
2026-05-12 09:41:43,760 [INFO] ms-clip: auto-picked GPU 7 (free 24092 MiB)
2026-05-12 09:41:43,761 [INFO] ms-clip: using CUDA_VISIBLE_DEVICES=7
2026-05-12 09:41:43,761 [INFO] ms-clip: launching predict_smi (n_candidates=256)
2026-05-12 09:41:56,323 [INFO] ms-clip: auto-picked GPU 7 (free 23508 MiB)
2026-05-12 09:41:56,323 [INFO] ms-clip: using CUDA_VISIBLE_DEVICES=7
2026-05-12 09:41:56,323 [INFO] ms-clip: launching predict_smi (n_candidates=256)
2026-05-12 09:42:08,260 [INFO] ms-clip: auto-picked GPU 7 (free 23604 MiB)
2026-05-12 09:42:08,260 [INFO] ms-clip: using CUDA_VISIBLE_DEVICES=7
2026-05-12 09:42:08,260 [INFO] ms-clip: launching predict_smi (n_candidates=256)
2026-05-12 09:42:20,118 [INFO] ms-clip: auto-picked GPU 7 (free 22426 MiB)
2026-05-12 09:42:20,118 [INFO] ms-clip: using CUDA_VISIBLE_DEVICES=7
2026-05-12 09:42:20,118 [INFO] ms-clip: launching predict_smi (n_candidates=256)
2026-05-12 09:42:32,026 [WARNING] ms-clip dropped SMILES CCc1[cH-]ccc1C.CCc1[cH-]ccc1C.C[Si](C)=[Ti](Cl)Cl; emitting sentinel -1.0
2026-05-12 09:42:32,026 [WARNING] ms-clip dropped SMILES CC1=NC2[CH-]CCC2C(C)=C1C(=O)NN.[W]; emitting sentinel -1.0
2026-05-12 09:42:32,026 [WARNING] ms-clip dropped SMILES C=C[Bi](c1ccccc1)c1ccccc1; emitting sentinel -1.0
2026-05-12 09:42:32,227 [INFO] ms-clip: auto-picked GPU 7 (free 24073 MiB)
2026-05-12 09:42:32,227 [INFO] ms-clip: using CUDA_VISIBLE_DEVICES=7
2026-05-12 09:42:32,227 [INFO] ms-clip: launching predict_smi (n_candidates=256)
2026-05-12 09:42:44,099 [WARNING] ms-clip dropped SMILES O.O=S(=O)([O-])C(F)(F)F.c1ccc2c(c1)COCc1ccccc1[Bi+]2; emitting sentinel -1.0
2026-05-12 09:42:44,099 [WARNING] ms-clip dropped SMILES Oc1ccccc1-c1nnc(-c2ccccc2)s1.Oc1ccccc1-c1nnc(-c2ccccc2)s1.[Zn]; emitting sentinel -1.0
2026-05-12 09:42:44,099 [WARNING] ms-clip dropped SMILES [B]C.[B]OC(B=O)(CC(C)=O)C(=O)C[CH2-].[CH2-]CC(=O)C(O)(O)CC(C)=O.[CH3-].[CH3-].[Y].[Y]; emitting sentinel -1.0
2026-05-12 09:42:44,099 [WARNING] ms-clip dropped SMILES CCCCN(C(=S)[S-])C1CCS(=O)(=O)C1.CCCCN(C(=S)[S-])C1CCS(=O)(=O)C1.[Ca+2]; emitting sentinel -1.0
2026-05-12 09:42:44,100 [WARNING] ms-clip dropped SMILES CC(C)(C)c1ccc([Te]c2ccc3c4c(ccc([Se]c5ccccc5)c24)CC3)cc1; emitting sentinel -1.0
2026-05-12 09:42:44,225 [INFO] ms-clip: auto-picked GPU 7 (free 24092 MiB)
2026-05-12 09:42:44,225 [INFO] ms-clip: using CUDA_VISIBLE_DEVICES=7
2026-05-12 09:42:44,225 [INFO] ms-clip: launching predict_smi (n_candidates=256)
2026-05-12 09:42:55,923 [WARNING] ms-clip dropped SMILES CC.CCCC(CC)C(C)O[N-]CCc1ccccc1.[Y]; emitting sentinel -1.0
2026-05-12 09:42:55,939 [INFO] spec 140/500  MassSpecGymID0376415  pool=256  pred=LSEYOPVIOSEEFH  correct=False  t=11.8s
2026-05-12 09:42:56,052 [INFO] ms-clip: auto-picked GPU 7 (free 24092 MiB)
2026-05-12 09:42:56,052 [INFO] ms-clip: using CUDA_VISIBLE_DEVICES=7
2026-05-12 09:42:56,052 [INFO] ms-clip: launching predict_smi (n_candidates=256)
2026-05-12 09:43:08,873 [INFO] ms-clip: auto-picked GPU 7 (free 24092 MiB)
2026-05-12 09:43:08,873 [INFO] ms-clip: using CUDA_VISIBLE_DEVICES=7
2026-05-12 09:43:08,873 [INFO] ms-clip: launching predict_smi (n_candidates=211)
2026-05-12 09:43:21,232 [INFO] ms-clip: auto-picked GPU 7 (free 23380 MiB)
2026-05-12 09:43:21,233 [INFO] ms-clip: using CUDA_VISIBLE_DEVICES=7
2026-05-12 09:43:21,233 [INFO] ms-clip: launching predict_smi (n_candidates=256)
2026-05-12 09:43:33,349 [WARNING] ms-clip dropped SMILES [2H]C([2H])([2H])N1C=CN2C1=[Pt]=C1N(C=CN1C([2H])([2H])[2H])c1[c-]c(ccc1)N(c1c(-c3ccccc3)cccc1-c1ccccc1)c1[c-]c2ccc1; emitting sentinel -1.0
2026-05-12 09:43:33,350 [WARNING] ms-clip dropped SMILES CC(=O)N(O)CCCC1NC(=O)CNC(=O)CNC(=O)CNC(=O)C(CCCN(O)C(C)=O)NC(=O)C(CCCN(O)C(C)=O)NC1=O.[Ga]; emitting sentinel -1.0
2026-05-12 09:43:33,504 [INFO] ms-clip: auto-picked GPU 7 (free 22746 MiB)
2026-05-12 09:43:33,505 [INFO] ms-clip: using CUDA_VISIBLE_DEVICES=7
2026-05-12 09:43:33,505 [INFO] ms-clip: launching predict_smi (n_candidates=256)
2026-05-12 09:43:46,309 [WARNING] ms-clip dropped SMILES [B]N1C(C(=O)OC)Cc2c([nH]c3ccccc23)C1c1ccc(NC(=O)CCCCCNC(=O)CCCCC2SCC3NC(=O)NC32)cc1; emitting sentinel -1.0
2026-05-12 09:43:46,309 [WARNING] ms-clip dropped SMILES CC(C)(C)c1c[c-]c2c(c1)-c1cc(C(C)(C)C)ccc1C2.CCC1=[C-]C(C)C=C1C(C)(C)C.[Zr+2]=Cc1cccc2ccccc12; emitting sentinel -1.0
2026-05-12 09:43:46,309 [WARNING] ms-clip dropped SMILES CC(C)CCCCCOC(=O)CCS.CC(C)CCCCCOC(=O)CCS.CCCC[Sn]CCCC; emitting sentinel -1.0
2026-05-12 09:43:46,309 [WARNING] ms-clip dropped SMILES CC(C)(C)Nc1n[n+]([O-])c2ccccc2[n+]1[O-].CC(C)(C)Oc1cccc2nc3c(cc12)Cn1c-3cc2c(c1=O)COC(=O)[C@H]2O.CCC; emitting sentinel -1.0
2026-05-12 09:43:46,309 [WARNING] ms-clip dropped SMILES C[N-]C1CC(C)(C)NC(C)(C)C1.Cc1cc(-c2ccc3c(n2)[N-]C3=O)cc2cn(C)nc12.[U+2]; emitting sentinel -1.0
2026-05-12 09:43:46,309 [WARNING] ms-clip dropped SMILES C=[Zr].CC1=[C-]C(C)(C)c2cc3c(cc21)-c1cc2c(cc1C3)C(C)(C)C=C2C.CC1=[C-]C(C)C=C1C(C)C.[CH2-]C.[c-]1ccccc1; emitting sentinel -1.0
2026-05-12 09:43:46,309 [WARNING] ms-clip dropped SMILES C=C(C(COCc1ccc(OC)cc1)C[C@H](O)CC(C)CC/C=C(\C)COCOCC[Si](C)(C)C)[Sn](C)(C)C; emitting sentinel -1.0
2026-05-12 09:43:46,310 [WARNING] ms-clip dropped SMILES CCCCC(CC)COC(=O)CCS.CCCCC(CC)COC(=O)CCS.CCCC[Sn]CCCC; emitting sentinel -1.0
2026-05-12 09:43:46,469 [INFO] ms-clip: auto-picked GPU 7 (free 21016 MiB)
2026-05-12 09:43:46,469 [INFO] ms-clip: using CUDA_VISIBLE_DEVICES=7
2026-05-12 09:43:46,469 [INFO] ms-clip: launching predict_smi (n_candidates=256)
2026-05-12 09:43:58,787 [INFO] ms-clip: auto-picked GPU 7 (free 20808 MiB)
2026-05-12 09:43:58,787 [INFO] ms-clip: using CUDA_VISIBLE_DEVICES=7
2026-05-12 09:43:58,788 [INFO] ms-clip: launching predict_smi (n_candidates=256)
2026-05-12 09:44:11,157 [INFO] ms-clip: auto-picked GPU 7 (free 20364 MiB)
2026-05-12 09:44:11,158 [INFO] ms-clip: using CUDA_VISIBLE_DEVICES=7
2026-05-12 09:44:11,158 [INFO] ms-clip: launching predict_smi (n_candidates=256)
2026-05-12 09:44:23,136 [WARNING] ms-clip dropped SMILES C=C1CCC(=O)N1.CCCO.O.[U]; emitting sentinel -1.0
2026-05-12 09:44:23,136 [WARNING] ms-clip dropped SMILES CCCC[Sn](C#CC(=O)N1CCCC1)(CCCC)CCCC; emitting sentinel -1.0
2026-05-12 09:44:23,136 [WARNING] ms-clip dropped SMILES CCOCCOc1ccc(PC(=O)c2c(OC)cc(OC)cc2OC)c(C)c1.[Li]; emitting sentinel -1.0
2026-05-12 09:44:23,289 [INFO] ms-clip: auto-picked GPU 7 (free 20364 MiB)
2026-05-12 09:44:23,289 [INFO] ms-clip: using CUDA_VISIBLE_DEVICES=7
2026-05-12 09:44:23,289 [INFO] ms-clip: launching predict_smi (n_candidates=256)
2026-05-12 09:44:35,780 [WARNING] ms-clip dropped SMILES CCCC[Sn](C/C=C\O[C@@H]1[C@@H](O)[C@@H]2OC(C)(C)OC[C@H]2O[C@H]1CCCO[Si](c1ccccc1)(c1ccccc1)C(C)(C)C)(CCCC)CCCC; emitting sentinel -1.0
2026-05-12 09:44:35,780 [WARNING] ms-clip dropped SMILES [CH]1[CH]c2ccccc2[C]1CCN1CCCCC1.[CH]1[CH]c2ccccc2[C]1CCN1CCCCC1.[CH]1[CH]c2ccccc2[C]1CCN1CCCCC1.[Sm+3]; emitting sentinel -1.0
2026-05-12 09:44:35,780 [WARNING] ms-clip dropped SMILES CC(C)(C)c1cc[n-]/c(=N\c2nccc3ccccc23)c1.CC(C)c1cccc(C(C)C)c1-c1ccnc(/N=c2/cc(-c3c(C(C)C)cccc3C(C)C)cc[n-]2)c1.[Zn+2]; emitting sentinel -1.0
2026-05-12 09:44:35,943 [INFO] ms-clip: auto-picked GPU 7 (free 20364 MiB)
2026-05-12 09:44:35,943 [INFO] ms-clip: using CUDA_VISIBLE_DEVICES=7
2026-05-12 09:44:35,943 [INFO] ms-clip: launching predict_smi (n_candidates=256)
2026-05-12 09:44:48,220 [WARNING] ms-clip dropped SMILES CCCCCCCCCCCCc1ccc(S(=O)(=O)[O-])cc1.CCCCCCCCCCCCc1ccc(S(=O)(=O)[O-])cc1.[Zn+2]; emitting sentinel -1.0
2026-05-12 09:44:48,220 [WARNING] ms-clip dropped SMILES CCOP(=O)(O)Cc1cc(C(C)(C)C)c(O)c(C(C)(C)C)c1.CCOP(=O)(O)Cc1cc(C(C)(C)C)c(O)c(C(C)(C)C)c1.[Ni]; emitting sentinel -1.0
2026-05-12 09:44:48,379 [INFO] ms-clip: auto-picked GPU 7 (free 20292 MiB)
2026-05-12 09:44:48,379 [INFO] ms-clip: using CUDA_VISIBLE_DEVICES=7
2026-05-12 09:44:48,379 [INFO] ms-clip: launching predict_smi (n_candidates=256)
2026-05-12 09:45:00,772 [WARNING] ms-clip dropped SMILES O=[C-]C(F)(F)CF.[Rf]; emitting sentinel -1.0
2026-05-12 09:45:00,773 [WARNING] ms-clip dropped SMILES C=C(NC)N1CCN(C(C)=O)CC1.CC(N)=O.CO.[CH3-].[Y]; emitting sentinel -1.0
2026-05-12 09:45:00,787 [INFO] spec 150/500  MassSpecGymID0207521  pool=256  pred=YGWUEIKJBWTKOE  correct=True  t=12.5s
2026-05-12 09:45:00,918 [INFO] ms-clip: auto-picked GPU 7 (free 17392 MiB)
2026-05-12 09:45:00,918 [INFO] ms-clip: using CUDA_VISIBLE_DEVICES=7
2026-05-12 09:45:00,918 [INFO] ms-clip: launching predict_smi (n_candidates=256)
2026-05-12 09:45:12,589 [INFO] ms-clip: auto-picked GPU 7 (free 20292 MiB)
2026-05-12 09:45:12,589 [INFO] ms-clip: using CUDA_VISIBLE_DEVICES=7
2026-05-12 09:45:12,589 [INFO] ms-clip: launching predict_smi (n_candidates=256)
2026-05-12 09:45:25,363 [WARNING] ms-clip dropped SMILES Cc1cc(C)c([GeH](C(=O)c2cccs2)c2c(C)cc(C)cc2C)c(C)c1; emitting sentinel -1.0
2026-05-12 09:45:25,364 [WARNING] ms-clip dropped SMILES COc1cc(Cc2cnc(N)nc2N)cc([Sn](C)(C)C)c1OC; emitting sentinel -1.0
2026-05-12 09:45:25,484 [INFO] ms-clip: auto-picked GPU 7 (free 24092 MiB)
2026-05-12 09:45:25,484 [INFO] ms-clip: using CUDA_VISIBLE_DEVICES=7
2026-05-12 09:45:25,484 [INFO] ms-clip: launching predict_smi (n_candidates=256)
2026-05-12 09:45:37,425 [INFO] ms-clip: auto-picked GPU 7 (free 24092 MiB)
2026-05-12 09:45:37,425 [INFO] ms-clip: using CUDA_VISIBLE_DEVICES=7
2026-05-12 09:45:37,426 [INFO] ms-clip: launching predict_smi (n_candidates=256)
2026-05-12 09:45:49,380 [WARNING] ms-clip dropped SMILES CC(C)P(c1cc2ccccc2[cH-]1)C(C)C.CCCCP(CCCC)c1cc2ccccc2[cH-]1.[Cl-].[Cl-].[Ti+4]; emitting sentinel -1.0
2026-05-12 09:45:49,380 [WARNING] ms-clip dropped SMILES CC(C)(C)P(c1cc2ccccc2[cH-]1)C(C)(C)C.CC(C)P(c1cc2ccccc2[cH-]1)C(C)C.[Cl-].[Cl-].[Ti+4]; emitting sentinel -1.0
2026-05-12 09:45:49,380 [WARNING] ms-clip dropped SMILES CCCCCCCCCCCS(=O)(=O)[O-].CCCCCCCCCCCS(=O)(=O)[O-].[Ba+2]; emitting sentinel -1.0
2026-05-12 09:45:49,380 [WARNING] ms-clip dropped SMILES [CH2-]c1ccccc1.[CH2-]c1ccccc1.[Zr+4].c1ccc([N-]c2ccccc2)cc1.c1ccc([N-]c2ccccc2)cc1; emitting sentinel -1.0
2026-05-12 09:45:49,381 [WARNING] ms-clip dropped SMILES C.C.C.C.C.C.Cc1ccc(S(=O)(=O)c2ccc(S(C)(=O)=O)cc2)c(OC(F)(F)C(F)(F)S(=O)(=O)[O-])c1.[Li+]; emitting sentinel -1.0
2026-05-12 09:45:49,512 [INFO] ms-clip: auto-picked GPU 7 (free 24092 MiB)
2026-05-12 09:45:49,512 [INFO] ms-clip: using CUDA_VISIBLE_DEVICES=7
2026-05-12 09:45:49,512 [INFO] ms-clip: launching predict_smi (n_candidates=256)
2026-05-12 09:46:01,425 [WARNING] ms-clip dropped SMILES Cn1c2nc3nc(nc4[n-]c(nc5nc(nc1c1cc6ccccc6cc12)-c1cc2ccccc2cc1-5)c1cc2ccccc2cc41)-c1cc2ccccc2cc1-3.O=[V]; emitting sentinel -1.0
2026-05-12 09:46:01,425 [WARNING] ms-clip dropped SMILES C=CCN(C)Cc1cccc(N)c1.C=CCN(C)Cc1cccc([N+](=O)[O-])c1.C=CCNC.Cl[Sn]Cl.O=Cc1cccc([N+](=O)[O-])c1; emitting sentinel -1.0
2026-05-12 09:46:01,425 [WARNING] ms-clip dropped SMILES Cc1cc(Oc2[c-]c3c(cc2)c2ccccc2n3-c2cc(F)ccn2)[c-]c(-n2nc(-c3ccccc3)c(-c3c(C)cccc3C)c2-c2ccccc2)c1.[Pd+2]; emitting sentinel -1.0
2026-05-12 09:46:01,425 [WARNING] ms-clip dropped SMILES CCOC(=O)C(C(=O)OCC)=C(C)C.CCOC(=O)C(C(=O)OCC)C(C)(C)c1ccc(C(F)(F)F)cc1.FC(F)(F)c1cc[c-]cc1.[Br-].[Mg+2]; emitting sentinel -1.0
2026-05-12 09:46:01,425 [WARNING] ms-clip dropped SMILES Cc1cc(C)c(/N=C2C(=N/c3c(C)cc(C)cc3-c3cccc4ccccc34)/c3c(C)c(Cl)cc4cccc/2c34)c(-c2cccc3ccccc23)c1.[Pd]; emitting sentinel -1.0
2026-05-12 09:46:01,425 [WARNING] ms-clip dropped SMILES Fc1c[c-]c(-c2cccc(-c3[c-]cc(F)cc3F)n2)c(F)c1.[Au+3].[C-]#Cc1c(C)cc(N(c2ccccc2)c2ccccc2)cc1C; emitting sentinel -1.0
2026-05-12 09:46:01,425 [WARNING] ms-clip dropped SMILES Cc1ccc([C+]2c3ccc([n-]3)[C+](c3ccc([N+](=O)[O-])cc3)c3ccc([n-]3)[C+](c3ccc(C)cc3)c3ccc([n-]3)[C+](c3ccc([N+](=O)[O-])cc3)c3ccc2[n-]3)cc1.[Zn]; emitting sentinel -1.0
2026-05-12 09:46:01,425 [WARNING] ms-clip dropped SMILES CCSC(=S)NCCC1C(=O)O[C-]2CN(C)C3[CH-]CN(Cc4cccc(n4)CN1C2)C(CCNC(=S)SCC[C@H](N)C(=O)O)C(=O)OC3.[Mn+2]; emitting sentinel -1.0
2026-05-12 09:46:01,425 [WARNING] ms-clip dropped SMILES CCCCC(CC)Cc1nc2c3cc([Sn](C)(C)C)sc3c3sc([Sn](C)(C)C)cc3c2nc1CC(CC)CCCC; emitting sentinel -1.0
2026-05-12 09:46:01,425 [WARNING] ms-clip dropped SMILES O=C1C=CC(=C2c3ccc([n-]3)C(=C3C=CC(=O)C=C3)c3ccc([nH]3)C(=C3C=Cc4ccccc4N3)c3ccc([n-]3)C(=C3C=CC(=O)C=C3)c3ccc2[nH]3)C=C1.[OH3+].[Zn+2]; emitting sentinel -1.0
2026-05-12 09:46:01,426 [WARNING] ms-clip dropped SMILES [Hf].c1ccc(-c2ccc(-c3cc4c(ccc5ccccc54)[cH-]3)o2)cc1.c1ccc(-c2ccc(-c3cc4c(ccc5ccccc54)[cH-]3)o2)cc1; emitting sentinel -1.0
2026-05-12 09:46:01,426 [WARNING] ms-clip dropped SMILES C=CCOP(=NC)(N=P(N=P(N=P(N=P(C)(O)OCC)(OCC)OCC)(OCC)OCC)(OCC)OCC)OCC.[NH2-].[Y]; emitting sentinel -1.0
2026-05-12 09:46:01,426 [WARNING] ms-clip dropped SMILES Cc1ccc2c(c1)C(=O)C(c1nc3c4cccnc4c4ncccc4c3[nH]1)CO2.[Ru].c1ccc(-c2ccccn2)nc1.c1ccc(-c2ccccn2)nc1; emitting sentinel -1.0
2026-05-12 09:46:01,426 [WARNING] ms-clip dropped SMILES C.CCOC(=O)C(=O)c1c(Cl)c(C(=O)Nc2ccc(F)c(C#N)c2)n(C)c1C.Cc1c(C(=O)C(=O)O)c(Cl)c(C(=O)Nc2ccc(F)c(C#N)c2)n1C.[Li+].[OH-]; emitting sentinel -1.0
2026-05-12 09:46:01,426 [WARNING] ms-clip dropped SMILES COc1ccc(NC(=O)C(c2ccccc2C)N(CCNC(=O)OCc2ccccc2)C(=O)Cn2cc(C)c(=O)[nH]c2=O)c([N+](=O)[O-])c1.[C-]#[O+].[C-]#[O+].[C-]#[O+].[Cr]; emitting sentinel -1.0
2026-05-12 09:46:01,426 [WARNING] ms-clip dropped SMILES Oc1ccc(-c2c3nc(c(-c4ccc(O)cc4)c4ccc([n-]4)c(-c4ccc5ccccc5n4)c4nc(c(-c5ccc(O)cc5)c5ccc2[n-]5)C=C4)C=C3)cc1.[OH3+].[Zn+2]; emitting sentinel -1.0
2026-05-12 09:46:01,426 [WARNING] ms-clip dropped SMILES CCOc1ccc(C(=N\N=C(/[S-])NC)/C(=N/N=C(\[S-])NCCOC[P+](c2ccccc2)(c2ccccc2)c2ccccc2)c2ccccc2)cc1.[Cu+2]; emitting sentinel -1.0
2026-05-12 09:46:01,559 [INFO] ms-clip: auto-picked GPU 7 (free 24092 MiB)
2026-05-12 09:46:01,560 [INFO] ms-clip: using CUDA_VISIBLE_DEVICES=7
2026-05-12 09:46:01,560 [INFO] ms-clip: launching predict_smi (n_candidates=256)
2026-05-12 09:46:13,310 [WARNING] ms-clip dropped SMILES CCC.CCCC.CCCC[Sn]c1nc(N2CCOCC2)c2nc(CN3CCC(C(C)(C)O)CC3)n(C)c2n1; emitting sentinel -1.0
2026-05-12 09:46:13,311 [WARNING] ms-clip dropped SMILES CCCCCCCCCCCCCCC(=O)[O-].CCCCc1cccc(C(=O)[O-])c1.[CH2]CCC.[CH2]CCC.[Sn+2]; emitting sentinel -1.0
2026-05-12 09:46:13,311 [WARNING] ms-clip dropped SMILES CCCCC1=Nc2nc1c(CCCC)c1c(CCCC)c(C)c(c(C)c3nc(cc4nnc(n2)n4CCCC)C=C3C)n1C.[Ni]; emitting sentinel -1.0
2026-05-12 09:46:13,311 [WARNING] ms-clip dropped SMILES CCCCCCCCCCCCC/C=C/[C@@H](OCc1ccc(OC)cc1)[C@H]1CO[Sn](CCCC)(CCCC)O1; emitting sentinel -1.0
2026-05-12 09:46:13,311 [WARNING] ms-clip dropped SMILES CCCCCCCCCCCCCCCCCC(=O)[O-].Cc1ccc(C(=O)[O-])cc1.[CH2]CCC.[CH2]CCC.[Sn+2]; emitting sentinel -1.0
2026-05-12 09:46:13,311 [WARNING] ms-clip dropped SMILES CCCCCCCCCCCCC(CCCCCCCCCC)COC([NH-])=O.Cc1cc(=O)[nH]c(NC([NH-])=O)n1.[Y]; emitting sentinel -1.0
2026-05-12 09:46:13,438 [INFO] ms-clip: auto-picked GPU 7 (free 24092 MiB)
2026-05-12 09:46:13,439 [INFO] ms-clip: using CUDA_VISIBLE_DEVICES=7
2026-05-12 09:46:13,439 [INFO] ms-clip: launching predict_smi (n_candidates=256)
2026-05-12 09:46:25,388 [WARNING] ms-clip dropped SMILES CC(C)(C)c1cccc(C(C)(C)C)c1O.C[C]1C(C)=C(C)C(C)=C1C.C[Si](C)(C)[CH-][Si](C)(C)C.[Y]; emitting sentinel -1.0
2026-05-12 09:46:25,389 [WARNING] ms-clip dropped SMILES CCCC[Sn](CCCC)(CCCC)c1c(CO[Si](C)(C)C(C)(C)C)nnn1C[Si](C)(C)C; emitting sentinel -1.0
2026-05-12 09:46:25,519 [INFO] ms-clip: auto-picked GPU 7 (free 24092 MiB)
2026-05-12 09:46:25,520 [INFO] ms-clip: using CUDA_VISIBLE_DEVICES=7
2026-05-12 09:46:25,520 [INFO] ms-clip: launching predict_smi (n_candidates=256)
2026-05-12 09:46:37,726 [WARNING] ms-clip dropped SMILES CCCCCCCCCCCC[Sn]1(CCCCCCCCCCCC)CCC(OC(C)=O)(OC(C)=O)C(F)(F)O1; emitting sentinel -1.0
2026-05-12 09:46:37,726 [WARNING] ms-clip dropped SMILES CCCCC(C)(CCC)C(=O)[O-].CCCCCCC(C)(C)C(=O)[O-].CCCCCCC(C)(C)C(=O)[O-].[Tm+3]; emitting sentinel -1.0
2026-05-12 09:46:37,726 [WARNING] ms-clip dropped SMILES CCCCCC(C)(CC)C(=O)[O-].CCCCCC(C)(CC)C(=O)[O-].CCCCCC(C)(CC)C(=O)[O-].[Tm+3]; emitting sentinel -1.0
2026-05-12 09:46:37,726 [WARNING] ms-clip dropped SMILES CCCCC(C)(CCC)C(=O)[O-].CCCCCC(C)(CC)C(=O)[O-].CCCCCCC(C)(C)C(=O)[O-].[Tm+3]; emitting sentinel -1.0
2026-05-12 09:46:37,860 [INFO] ms-clip: auto-picked GPU 7 (free 24092 MiB)
2026-05-12 09:46:37,861 [INFO] ms-clip: using CUDA_VISIBLE_DEVICES=7
2026-05-12 09:46:37,861 [INFO] ms-clip: launching predict_smi (n_candidates=256)
2026-05-12 09:46:50,036 [INFO] ms-clip: auto-picked GPU 7 (free 24092 MiB)
2026-05-12 09:46:50,036 [INFO] ms-clip: using CUDA_VISIBLE_DEVICES=7
2026-05-12 09:46:50,036 [INFO] ms-clip: launching predict_smi (n_candidates=256)
2026-05-12 09:47:02,004 [WARNING] ms-clip dropped SMILES C[Ge](C)(C)c1cc2oc3cc4ccccc4nc3c3cc4ccccc4c4oc(c1)c2c34; emitting sentinel -1.0
2026-05-12 09:47:02,025 [INFO] spec 160/500  MassSpecGymID0209396  pool=256  pred=BKPPHNVPJAFZCW  correct=True  t=12.1s
2026-05-12 09:47:02,188 [INFO] ms-clip: auto-picked GPU 7 (free 24092 MiB)
2026-05-12 09:47:02,189 [INFO] ms-clip: using CUDA_VISIBLE_DEVICES=7
2026-05-12 09:47:02,189 [INFO] ms-clip: launching predict_smi (n_candidates=256)
2026-05-12 09:47:14,204 [WARNING] ms-clip dropped SMILES C[Si](C)(C)C([Si](C)(C)C)[Ge]1(C([Si](C)(C)C)[Si](C)(C)C)C=CC=C1; emitting sentinel -1.0
2026-05-12 09:47:14,204 [WARNING] ms-clip dropped SMILES Oc1ccccc1/C=N/CCN1CC1.Oc1ccccc1C=NCCN1CC1.[Zn+2]; emitting sentinel -1.0
2026-05-12 09:47:14,204 [WARNING] ms-clip dropped SMILES C=[Hf+2].CC(C)O.CC(C)O.[C-]1=CC=CC1.[C-]1=CC=CC1; emitting sentinel -1.0
2026-05-12 09:47:14,205 [WARNING] ms-clip dropped SMILES CC(C)(CO)/N=C/c1ccccc1O.CC(C)(CO)/N=C/c1ccccc1O.[Ni]; emitting sentinel -1.0
2026-05-12 09:47:14,332 [INFO] ms-clip: auto-picked GPU 7 (free 24092 MiB)
2026-05-12 09:47:14,333 [INFO] ms-clip: using CUDA_VISIBLE_DEVICES=7
2026-05-12 09:47:14,333 [INFO] ms-clip: launching predict_smi (n_candidates=256)
2026-05-12 09:47:26,319 [INFO] ms-clip: auto-picked GPU 7 (free 24092 MiB)
2026-05-12 09:47:26,319 [INFO] ms-clip: using CUDA_VISIBLE_DEVICES=7
2026-05-12 09:47:26,320 [INFO] ms-clip: launching predict_smi (n_candidates=256)
2026-05-12 09:47:38,953 [INFO] ms-clip: auto-picked GPU 7 (free 24092 MiB)
2026-05-12 09:47:38,953 [INFO] ms-clip: using CUDA_VISIBLE_DEVICES=7
2026-05-12 09:47:38,953 [INFO] ms-clip: launching predict_smi (n_candidates=256)
2026-05-12 09:47:50,517 [WARNING] ms-clip dropped SMILES CC(C)[N-]C(C)C.CC(C)[N-]C(C)C.CC(C)[N-]C(C)C.[Li+].[Pd+2]; emitting sentinel -1.0
2026-05-12 09:47:50,643 [INFO] ms-clip: auto-picked GPU 7 (free 24092 MiB)
2026-05-12 09:47:50,643 [INFO] ms-clip: using CUDA_VISIBLE_DEVICES=7
2026-05-12 09:47:50,643 [INFO] ms-clip: launching predict_smi (n_candidates=256)
2026-05-12 09:48:03,036 [WARNING] ms-clip dropped SMILES CC.CC.CCc1[c-]cccc1.[CH2-]CN(C[CH2-])C(C)=O.[Y+3]; emitting sentinel -1.0
2026-05-12 09:48:03,170 [INFO] ms-clip: auto-picked GPU 7 (free 24092 MiB)
2026-05-12 09:48:03,170 [INFO] ms-clip: using CUDA_VISIBLE_DEVICES=7
2026-05-12 09:48:03,170 [INFO] ms-clip: launching predict_smi (n_candidates=108)
2026-05-12 09:48:14,795 [WARNING] ms-clip dropped SMILES CCCCCCCCCCCCCCCCCC(=O)NCCCCC(N)C(=O)[O-].CCCCCCCCCCCCCCCCCC(=O)NCCCCC(N)C(=O)[O-].[Ca+2]; emitting sentinel -1.0
2026-05-12 09:48:14,795 [WARNING] ms-clip dropped SMILES CCCCCCCCCCCCCCCCC/C([O-])=N/CCCC[C@H](N)C(=O)[O-].CCCCCCCCCCCCCCCCCC(=O)NCCCC[C@H](N)C(=O)O.[Ca+2]; emitting sentinel -1.0
2026-05-12 09:48:14,795 [WARNING] ms-clip dropped SMILES [Cu+2].[O-]c1c(Br)cc(Br)cc1/C=N/Cc1ccccc1Cl.[O-]c1c(Br)cc(Br)cc1/C=N/Cc1ccccc1Cl; emitting sentinel -1.0
2026-05-12 09:48:14,795 [WARNING] ms-clip dropped SMILES CCCCCCCCCCCCCCCCCC(=O)NCCCC[C@H](N)C(=O)[O-].CCCCCCCCCCCCCCCCCC(=O)NCCCC[C@H](N)C(=O)[O-].[Ca+2]; emitting sentinel -1.0
2026-05-12 09:48:14,962 [INFO] ms-clip: auto-picked GPU 7 (free 24092 MiB)
2026-05-12 09:48:14,962 [INFO] ms-clip: using CUDA_VISIBLE_DEVICES=7
2026-05-12 09:48:14,962 [INFO] ms-clip: launching predict_smi (n_candidates=256)
2026-05-12 09:48:26,804 [WARNING] ms-clip dropped SMILES C=C(C)C(=O)Oc1ccc([Te]c2ccc(OCC3CO3)cc2)cc1; emitting sentinel -1.0
2026-05-12 09:48:26,804 [WARNING] ms-clip dropped SMILES CC(C)c1cc[c-](C(C)(c2ccccc2)c2ccccc2)c1.[Cl-].[Cl-].[Cl-].[Ti+4]; emitting sentinel -1.0
2026-05-12 09:48:26,804 [WARNING] ms-clip dropped SMILES CC[C]1[CH][CH][CH][CH]1.CC[C]1[CH][CH][CH][CH]1.Cl[W]Cl; emitting sentinel -1.0
2026-05-12 09:48:26,804 [WARNING] ms-clip dropped SMILES Cc1ccccc1.N[C@@H]1CCCC[C@H]1NS(=O)(=O)C(F)(F)F.[Ru]; emitting sentinel -1.0
2026-05-12 09:48:26,933 [INFO] ms-clip: auto-picked GPU 7 (free 24092 MiB)
2026-05-12 09:48:26,933 [INFO] ms-clip: using CUDA_VISIBLE_DEVICES=7
2026-05-12 09:48:26,933 [INFO] ms-clip: launching predict_smi (n_candidates=236)
2026-05-12 09:48:39,080 [INFO] ms-clip: auto-picked GPU 7 (free 24092 MiB)
2026-05-12 09:48:39,080 [INFO] ms-clip: using CUDA_VISIBLE_DEVICES=7
2026-05-12 09:48:39,080 [INFO] ms-clip: launching predict_smi (n_candidates=256)
2026-05-12 09:48:50,033 [WARNING] ms-clip dropped SMILES CC(=O)O[Hg]c1cccc2ccccc12; emitting sentinel -1.0
2026-05-12 09:48:50,033 [WARNING] ms-clip dropped SMILES CCCCOC(C)O.O=C([O-])CC(=O)c1ccccc1.[Ag+]; emitting sentinel -1.0
2026-05-12 09:48:50,161 [INFO] ms-clip: auto-picked GPU 7 (free 24092 MiB)
2026-05-12 09:48:50,162 [INFO] ms-clip: using CUDA_VISIBLE_DEVICES=7
2026-05-12 09:48:50,162 [INFO] ms-clip: launching predict_smi (n_candidates=256)
2026-05-12 09:49:01,690 [WARNING] ms-clip dropped SMILES CCC/C(=C/C(=O)OCC)[Te]1(Cl)CC23CCC(CC2O1)C3(C)C; emitting sentinel -1.0
2026-05-12 09:49:01,690 [WARNING] ms-clip dropped SMILES C=C.[Ni].c1ccc(Pc2ccccc2)cc1.c1ccc(Pc2ccccc2)cc1; emitting sentinel -1.0
2026-05-12 09:49:01,691 [WARNING] ms-clip dropped SMILES CC(=O)/C=C(/C)O.CC(=O)/C=C(/C)O.CC(=O)/C=C(\C)O.[Gd]; emitting sentinel -1.0
2026-05-12 09:49:01,691 [WARNING] ms-clip dropped SMILES CC(=O)C(CCC(=O)CN)[N-]C(=O)c1[c-]cc(C)cc1.[W+2]; emitting sentinel -1.0
2026-05-12 09:49:01,691 [WARNING] ms-clip dropped SMILES CC(C)N1[C]N(C(C)C)C=C1.C[C]1[CH][CH][C](C(C)C)[CH][CH]1.Cl[Ru]Cl; emitting sentinel -1.0
2026-05-12 09:49:01,708 [INFO] spec 170/500  MassSpecGymID0064717  pool=256  pred=WMBWREPUVVBILR  correct=True  t=11.7s
2026-05-12 09:49:01,840 [INFO] ms-clip: auto-picked GPU 7 (free 24092 MiB)
2026-05-12 09:49:01,840 [INFO] ms-clip: using CUDA_VISIBLE_DEVICES=7
2026-05-12 09:49:01,841 [INFO] ms-clip: launching predict_smi (n_candidates=256)
2026-05-12 09:49:13,779 [WARNING] ms-clip dropped SMILES [3H]c1ccc(CC(CN)C(=O)CC([C-]=O)CCC/N=C(\C)N)cc1.[Y]; emitting sentinel -1.0
2026-05-12 09:49:13,934 [INFO] ms-clip: auto-picked GPU 7 (free 24092 MiB)
2026-05-12 09:49:13,934 [INFO] ms-clip: using CUDA_VISIBLE_DEVICES=7
2026-05-12 09:49:13,934 [INFO] ms-clip: launching predict_smi (n_candidates=256)
2026-05-12 09:49:25,622 [INFO] ms-clip: auto-picked GPU 7 (free 24092 MiB)
2026-05-12 09:49:25,622 [INFO] ms-clip: using CUDA_VISIBLE_DEVICES=7
2026-05-12 09:49:25,622 [INFO] ms-clip: launching predict_smi (n_candidates=256)
2026-05-12 09:49:37,364 [INFO] ms-clip: auto-picked GPU 7 (free 24092 MiB)
2026-05-12 09:49:37,364 [INFO] ms-clip: using CUDA_VISIBLE_DEVICES=7
2026-05-12 09:49:37,364 [INFO] ms-clip: launching predict_smi (n_candidates=256)
2026-05-12 09:49:49,304 [WARNING] ms-clip dropped SMILES C=[O+]C(C[N-])CCCCC.[CH2]CCC.[CH2]CCC.[CH2]CCC.[CH2]CCC.[CH2]CCC.[CH2]CCC.[Sn].[Sn]; emitting sentinel -1.0
2026-05-12 09:49:49,304 [WARNING] ms-clip dropped SMILES CCCCCCCCCCCCCCSCC(=O)[O-].CCCCCCCCCCCCCCSCC(=O)[O-].C[Sn+2]C; emitting sentinel -1.0
2026-05-12 09:49:49,304 [WARNING] ms-clip dropped SMILES CCCCCCCCCCCCCC(=O)OCCS[Sn](C)(C)SCCOC(=O)CCCCCCCCCCCCC; emitting sentinel -1.0
2026-05-12 09:49:49,304 [WARNING] ms-clip dropped SMILES C1CCCC1.C1CCCC1.CCC/[C-]=C/c1nc(C)cnc1C.[Zr+2].c1ccc([B-](c2ccccc2)(c2ccccc2)c2ccccc2)cc1; emitting sentinel -1.0
2026-05-12 09:49:49,304 [WARNING] ms-clip dropped SMILES CCCCCCC(=O)[O-].CCCCCCC(=O)[O-].CCCCCCC(=O)[O-].CCCCCCC(=O)[O-].[Pb]; emitting sentinel -1.0
2026-05-12 09:49:49,304 [WARNING] ms-clip dropped SMILES CC(C)(C)C(=O)/C=C(\[O-])C(C)(C)C.CC(C)(C)C(=O)/C=C(\[O-])C(C)(C)C.CC(C)(C)C(=O)/C=C(\[O-])C(C)(C)C.[Lu+3]; emitting sentinel -1.0
2026-05-12 09:49:49,517 [INFO] ms-clip: auto-picked GPU 7 (free 24092 MiB)
2026-05-12 09:49:49,517 [INFO] ms-clip: using CUDA_VISIBLE_DEVICES=7
2026-05-12 09:49:49,517 [INFO] ms-clip: launching predict_smi (n_candidates=256)
2026-05-12 09:50:01,528 [WARNING] ms-clip dropped SMILES CC1CCCC1.CCOCC.COc1cccc([C-]=O)c1.[C-]#[O+].[C-]#[O+].[Li+].[Mn]; emitting sentinel -1.0
2026-05-12 09:50:01,680 [INFO] ms-clip: auto-picked GPU 7 (free 17392 MiB)
2026-05-12 09:50:01,680 [INFO] ms-clip: using CUDA_VISIBLE_DEVICES=7
2026-05-12 09:50:01,680 [INFO] ms-clip: launching predict_smi (n_candidates=256)
2026-05-12 09:50:13,442 [WARNING] ms-clip dropped SMILES Cc1cc(C=O)c(O)c(CN2CC/N=C(/[O-])CCN(Cc3cc(C)cc(C=O)c3O)CC/N=C(/[O-])CC2)c1.[Ni+2]; emitting sentinel -1.0
2026-05-12 09:50:13,604 [INFO] ms-clip: auto-picked GPU 7 (free 17392 MiB)
2026-05-12 09:50:13,604 [INFO] ms-clip: using CUDA_VISIBLE_DEVICES=7
2026-05-12 09:50:13,604 [INFO] ms-clip: launching predict_smi (n_candidates=256)
2026-05-12 09:50:26,615 [INFO] ms-clip: auto-picked GPU 7 (free 24092 MiB)
2026-05-12 09:50:26,615 [INFO] ms-clip: using CUDA_VISIBLE_DEVICES=7
2026-05-12 09:50:26,615 [INFO] ms-clip: launching predict_smi (n_candidates=256)
2026-05-12 09:50:38,527 [WARNING] ms-clip dropped SMILES Cc1csc(N)c1[C-]=O.[W]; emitting sentinel -1.0
2026-05-12 09:50:38,527 [WARNING] ms-clip dropped SMILES CC(=O)O[Sn](OC(C)=O)(C(C)=O)C(C)=O; emitting sentinel -1.0
2026-05-12 09:50:38,527 [WARNING] ms-clip dropped SMILES [Au+3].[C-]#N.[C-]#N.[C-]#N.[C-]#N.[Na+]; emitting sentinel -1.0
2026-05-12 09:50:38,527 [WARNING] ms-clip dropped SMILES O=[N+]([O-])c1c[c-]ccc1F.[W]; emitting sentinel -1.0
2026-05-12 09:50:38,528 [WARNING] ms-clip dropped SMILES CC(C)=CC[Sn](OC=O)(OC=O)OC=O; emitting sentinel -1.0
2026-05-12 09:50:38,678 [INFO] ms-clip: auto-picked GPU 7 (free 17392 MiB)
2026-05-12 09:50:38,678 [INFO] ms-clip: using CUDA_VISIBLE_DEVICES=7
2026-05-12 09:50:38,678 [INFO] ms-clip: launching predict_smi (n_candidates=256)
2026-05-12 09:50:50,436 [INFO] ms-clip: auto-picked GPU 7 (free 17392 MiB)
2026-05-12 09:50:50,436 [INFO] ms-clip: using CUDA_VISIBLE_DEVICES=7
2026-05-12 09:50:50,436 [INFO] ms-clip: launching predict_smi (n_candidates=256)
2026-05-12 09:51:02,724 [WARNING] ms-clip dropped SMILES CCCCCCCCCCCCCCc1ccc(O[P+]([O-])([S-])[S-])c(CCCCCCCCCCCCCC)c1.[Zn+2]; emitting sentinel -1.0
2026-05-12 09:51:02,724 [WARNING] ms-clip dropped SMILES CCCC[Sn](/C=C/[C@]1(O)CC[C@H]2[C@@H]3CCc4cc(OC(C)=O)ccc4[C@H]3[C@@H](OC)C[C@@]21C)(CCCC)CCCC; emitting sentinel -1.0
2026-05-12 09:51:02,724 [WARNING] ms-clip dropped SMILES CC1(C)CC(OC(CCCC(=O)O)C(=O)O)CC(C)(C)N1.CC1(C)CC(OC(CCCC(=O)O)C(=O)O)CC(C)(C)N1.[Ni]; emitting sentinel -1.0
2026-05-12 09:51:02,724 [WARNING] ms-clip dropped SMILES CCCCCCCCCCCCCCc1ccc(SP([O-])([O-])=S)c(CCCCCCCCCCCCCC)c1.[Zn+2]; emitting sentinel -1.0
2026-05-12 09:51:02,724 [WARNING] ms-clip dropped SMILES [CH2-]C(O)CN1CCN(CC(=O)OC(C)(C)C)CCN(CC(=O)OC(C)(C)C)CCN(CC(=O)OC(C)(C)C)CC1.[Y]; emitting sentinel -1.0
2026-05-12 09:51:02,725 [WARNING] ms-clip dropped SMILES CCCCCCCCCCCCCCc1cccc(CCCCCCCCCCCCCC)c1O[P+]([O-])([S-])[S-].[Zn+2]; emitting sentinel -1.0
2026-05-12 09:51:02,746 [INFO] spec 180/500  MassSpecGymID0370922  pool=256  pred=AYNMYQSRRVGZDT  correct=True  t=12.5s
2026-05-12 09:51:02,878 [INFO] ms-clip: auto-picked GPU 7 (free 17392 MiB)
2026-05-12 09:51:02,878 [INFO] ms-clip: using CUDA_VISIBLE_DEVICES=7
2026-05-12 09:51:02,878 [INFO] ms-clip: launching predict_smi (n_candidates=256)
2026-05-12 09:51:14,578 [INFO] ms-clip: auto-picked GPU 7 (free 17392 MiB)
2026-05-12 09:51:14,579 [INFO] ms-clip: using CUDA_VISIBLE_DEVICES=7
2026-05-12 09:51:14,579 [INFO] ms-clip: launching predict_smi (n_candidates=256)
2026-05-12 09:51:26,218 [WARNING] ms-clip dropped SMILES CCCCCCCCCCCCCCc1ccc(O[P+]([O-])([S-])[S-])c(CCCCCCCCCCCCCC)c1.[Zn+2]; emitting sentinel -1.0
2026-05-12 09:51:26,219 [WARNING] ms-clip dropped SMILES CCCC[Sn](/C=C/[C@]1(O)CC[C@H]2[C@@H]3CCc4cc(OC(C)=O)ccc4[C@H]3[C@@H](OC)C[C@@]21C)(CCCC)CCCC; emitting sentinel -1.0
2026-05-12 09:51:26,219 [WARNING] ms-clip dropped SMILES CC1(C)CC(OC(CCCC(=O)O)C(=O)O)CC(C)(C)N1.CC1(C)CC(OC(CCCC(=O)O)C(=O)O)CC(C)(C)N1.[Ni]; emitting sentinel -1.0
2026-05-12 09:51:26,219 [WARNING] ms-clip dropped SMILES CCCCCCCCCCCCCCc1ccc(SP([O-])([O-])=S)c(CCCCCCCCCCCCCC)c1.[Zn+2]; emitting sentinel -1.0
2026-05-12 09:51:26,219 [WARNING] ms-clip dropped SMILES [CH2-]C(O)CN1CCN(CC(=O)OC(C)(C)C)CCN(CC(=O)OC(C)(C)C)CCN(CC(=O)OC(C)(C)C)CC1.[Y]; emitting sentinel -1.0
2026-05-12 09:51:26,219 [WARNING] ms-clip dropped SMILES CCCCCCCCCCCCCCc1cccc(CCCCCCCCCCCCCC)c1O[P+]([O-])([S-])[S-].[Zn+2]; emitting sentinel -1.0
2026-05-12 09:51:26,378 [INFO] ms-clip: auto-picked GPU 7 (free 17392 MiB)
2026-05-12 09:51:26,378 [INFO] ms-clip: using CUDA_VISIBLE_DEVICES=7
2026-05-12 09:51:26,378 [INFO] ms-clip: launching predict_smi (n_candidates=256)
2026-05-12 09:51:39,408 [INFO] ms-clip: auto-picked GPU 7 (free 24092 MiB)
2026-05-12 09:51:39,408 [INFO] ms-clip: using CUDA_VISIBLE_DEVICES=7
2026-05-12 09:51:39,409 [INFO] ms-clip: launching predict_smi (n_candidates=256)
2026-05-12 09:51:51,701 [WARNING] ms-clip dropped SMILES CC(C)CS(=O)CC(C)C.[Tb+3]; emitting sentinel -1.0
2026-05-12 09:51:51,701 [WARNING] ms-clip dropped SMILES [H]/[C-]=C(/C=[C-]/C)c1cccc(-c2ccc(C)cc2)c1.[Y]; emitting sentinel -1.0
2026-05-12 09:51:51,829 [INFO] ms-clip: auto-picked GPU 7 (free 24092 MiB)
2026-05-12 09:51:51,829 [INFO] ms-clip: using CUDA_VISIBLE_DEVICES=7
2026-05-12 09:51:51,829 [INFO] ms-clip: launching predict_smi (n_candidates=256)
2026-05-12 09:52:03,627 [WARNING] ms-clip dropped SMILES [CH2-]C.[CH2-]COc1ccc(C)cc1.[U+2]; emitting sentinel -1.0
2026-05-12 09:52:03,749 [INFO] ms-clip: auto-picked GPU 7 (free 24092 MiB)
2026-05-12 09:52:03,749 [INFO] ms-clip: using CUDA_VISIBLE_DEVICES=7
2026-05-12 09:52:03,750 [INFO] ms-clip: launching predict_smi (n_candidates=256)
2026-05-12 09:52:15,987 [WARNING] ms-clip dropped SMILES C=CC[Te+](CCCC)CCCC.F[B-](F)(F)F; emitting sentinel -1.0
2026-05-12 09:52:15,987 [WARNING] ms-clip dropped SMILES CC1=[C-]C(C(C)(C)C2[C-]=C(C)C(C)=C2C)C(C)=C1C.[Cl-].[Cl-].[Ti+4]; emitting sentinel -1.0
2026-05-12 09:52:16,139 [INFO] ms-clip: auto-picked GPU 7 (free 24092 MiB)
2026-05-12 09:52:16,140 [INFO] ms-clip: using CUDA_VISIBLE_DEVICES=7
2026-05-12 09:52:16,140 [INFO] ms-clip: launching predict_smi (n_candidates=256)
2026-05-12 09:52:27,951 [INFO] ms-clip: auto-picked GPU 7 (free 24092 MiB)
2026-05-12 09:52:27,952 [INFO] ms-clip: using CUDA_VISIBLE_DEVICES=7
2026-05-12 09:52:27,952 [INFO] ms-clip: launching predict_smi (n_candidates=256)
2026-05-12 09:52:39,859 [WARNING] ms-clip dropped SMILES CCC(=O)O.CCC(=O)O.CCC(=O)O.CCC(=O)[O-].[Th]; emitting sentinel -1.0
2026-05-12 09:52:39,860 [WARNING] ms-clip dropped SMILES C=C1C(CCC)=C(CC)N=C([Hg])N1C(c1ccc(F)cc1)C1CCC1; emitting sentinel -1.0
2026-05-12 09:52:39,860 [WARNING] ms-clip dropped SMILES CCCC[S+](CCCCc1ccc(N(OS(=O)(=O)[O-])C(=O)c2ccccc2)cc1)Cc1ccccc1; emitting sentinel -1.0
2026-05-12 09:52:39,984 [INFO] ms-clip: auto-picked GPU 7 (free 24092 MiB)
2026-05-12 09:52:39,984 [INFO] ms-clip: using CUDA_VISIBLE_DEVICES=7
2026-05-12 09:52:39,984 [INFO] ms-clip: launching predict_smi (n_candidates=256)
2026-05-12 09:52:52,524 [WARNING] ms-clip dropped SMILES CCCCCCCCCCCCc1ccc(S(=O)(=O)[O-])cc1.CCCCCCCCCCCCc1ccc(S(=O)(=O)[O-])cc1.[Zn+2]; emitting sentinel -1.0
2026-05-12 09:52:52,524 [WARNING] ms-clip dropped SMILES CCOP(=O)(O)Cc1cc(C(C)(C)C)c(O)c(C(C)(C)C)c1.CCOP(=O)(O)Cc1cc(C(C)(C)C)c(O)c(C(C)(C)C)c1.[Ni]; emitting sentinel -1.0
2026-05-12 09:52:52,660 [INFO] ms-clip: auto-picked GPU 7 (free 24092 MiB)
2026-05-12 09:52:52,660 [INFO] ms-clip: using CUDA_VISIBLE_DEVICES=7
2026-05-12 09:52:52,660 [INFO] ms-clip: launching predict_smi (n_candidates=256)
2026-05-12 09:53:04,588 [WARNING] ms-clip dropped SMILES CC1=[C-]Cc2ccc3c(c21)-c1c(ccc2ccc([AlH2])c(C)c12)C3.[Bk]; emitting sentinel -1.0
2026-05-12 09:53:04,589 [WARNING] ms-clip dropped SMILES C[n+]1[c-]n(-c2cccc(Oc3ccc4c5ccccc5n(-c5cc6c(cn5)oc5ccccc56)c4c3)c2)c2ccccc21; emitting sentinel -1.0
2026-05-12 09:53:04,589 [WARNING] ms-clip dropped SMILES C[n+]1[c-]n(-c2cccc(Oc3ccc4c5ccccc5n(-c5cc6oc7ccccc7c6cn5)c4c3)c2)c2ccccc21; emitting sentinel -1.0
2026-05-12 09:53:04,610 [INFO] spec 190/500  MassSpecGymID0300331  pool=256  pred=OUGNWRCWQLUXHX  correct=True  t=12.1s
2026-05-12 09:53:04,723 [INFO] ms-clip: auto-picked GPU 7 (free 24092 MiB)
2026-05-12 09:53:04,723 [INFO] ms-clip: using CUDA_VISIBLE_DEVICES=7
2026-05-12 09:53:04,723 [INFO] ms-clip: launching predict_smi (n_candidates=256)
2026-05-12 09:53:17,034 [WARNING] ms-clip dropped SMILES CCCCCc1cc(CCCCC)c2c(S(=O)(=O)[O-])cccc2c1.CCCCCc1cc(CCCCC)c2c(S(=O)(=O)[O-])cccc2c1.[Ca+2]; emitting sentinel -1.0
2026-05-12 09:53:17,034 [WARNING] ms-clip dropped SMILES CC(C)(C)C1=CC[C-]=C1.CC1(C)CCC(C)(C)c2cc3c(cc21)[cH-]c1cc2c(cc13)C(C)(C)CCC2(C)C.[Cl-].[Cl-].[Zr+2]=C1CCCC1; emitting sentinel -1.0
2026-05-12 09:53:17,034 [WARNING] ms-clip dropped SMILES CCOCc1cc(C)n(-c2cc(C)c(F)[c-]c2F)c1C.CCOCc1cc(C)n(-c2cc(C)c(F)[c-]c2F)c1C.[C-]1=CC=CC1.[C-]1=CC=CC1.[Ti+4]; emitting sentinel -1.0
2026-05-12 09:53:17,034 [WARNING] ms-clip dropped SMILES CCCCCc1cccc2cc(S(=O)(=O)[O-])cc(CCCCC)c12.CCCCCc1cccc2cc(S(=O)(=O)[O-])cc(CCCCC)c12.[Ca+2]; emitting sentinel -1.0
2026-05-12 09:53:17,034 [WARNING] ms-clip dropped SMILES CCCCCc1ccc2c(S(=O)(=O)[O-])ccc(CCCCC)c2c1.CCCCCc1ccc2c(S(=O)(=O)[O-])ccc(CCCCC)c2c1.[Ca+2]; emitting sentinel -1.0
2026-05-12 09:53:17,035 [WARNING] ms-clip dropped SMILES CCCCCc1cc2ccccc2c(CCCCC)c1S(=O)(=O)[O-].CCCCCc1cc2ccccc2c(CCCCC)c1S(=O)(=O)[O-].[Ca+2]; emitting sentinel -1.0
2026-05-12 09:53:17,035 [WARNING] ms-clip dropped SMILES CCCCCc1cc2cccc(CCCCC)c2cc1S(=O)(=O)[O-].CCCCCc1cc2cccc(CCCCC)c2cc1S(=O)(=O)[O-].[Ca+2]; emitting sentinel -1.0
2026-05-12 09:53:17,035 [WARNING] ms-clip dropped SMILES CCCCCc1ccc2cc(CCCCC)c(S(=O)(=O)[O-])cc2c1.CCCCCc1ccc2cc(CCCCC)c(S(=O)(=O)[O-])cc2c1.[Ca+2]; emitting sentinel -1.0
2026-05-12 09:53:17,035 [WARNING] ms-clip dropped SMILES CC(C)=[Zr+2].CC1[C-]=CC(C2(C)C3CC4CC(C3)CC2C4)=C1.Cc1[c-]c2c(cc1C(C)(C)C)-c1cc(C(C)(C)C)c(C)cc1C2.[Cl-].[Cl-]; emitting sentinel -1.0
2026-05-12 09:53:17,035 [WARNING] ms-clip dropped SMILES CCCCCc1ccc(S(=O)(=O)[O-])c2c(CCCCC)cccc12.CCCCCc1ccc(S(=O)(=O)[O-])c2c(CCCCC)cccc12.[Ca+2]; emitting sentinel -1.0
2026-05-12 09:53:17,035 [WARNING] ms-clip dropped SMILES CC(C)=[Zr+2].C[C-]1C2=C3Cc4ccccc4C3=C3C=CCCC3C2(C)C(C)(C)C(C)(C)C1(C)C.[Cl-].[Cl-].c1cc(C2CCCCC2)c[cH-]1; emitting sentinel -1.0
2026-05-12 09:53:17,035 [WARNING] ms-clip dropped SMILES Cc1ccc(-c2cccc3[cH-]c(C4CCCCC4)cc23)cc1.Cc1ccc(-c2cccc3[cH-]c(C4CCCCC4)cc23)cc1.[CH2-]C[CH2-].[Cl-].[Cl-].[Ti+2]; emitting sentinel -1.0
2026-05-12 09:53:17,035 [WARNING] ms-clip dropped SMILES CCOCc1cc(C)n(-c2cc(C)c(F)[c-]c2F)c1C.CCOCc1cc(C)n(-c2cc(C)c(F)[c-]c2F)c1C.[Ti+4].c1cc[cH-]c1.c1cc[cH-]c1; emitting sentinel -1.0
2026-05-12 09:53:17,035 [WARNING] ms-clip dropped SMILES CCCCCc1ccc2cccc(CCCCC)c2c1S(=O)(=O)[O-].CCCCCc1ccc2cccc(CCCCC)c2c1S(=O)(=O)[O-].[Ca+2]; emitting sentinel -1.0
2026-05-12 09:53:17,035 [WARNING] ms-clip dropped SMILES CCCCCc1cc(CCCCC)c2cccc(S(=O)(=O)[O-])c2c1.CCCCCc1cc(CCCCC)c2cccc(S(=O)(=O)[O-])c2c1.[Ca+2]; emitting sentinel -1.0
2026-05-12 09:53:17,035 [WARNING] ms-clip dropped SMILES CCCCCCCCCCc1ccc2cc(S(=O)(=O)[O-])ccc2c1.CCCCCCCCCCc1ccc2cc(S(=O)(=O)[O-])ccc2c1.[Ca+2]; emitting sentinel -1.0
2026-05-12 09:53:17,174 [INFO] ms-clip: auto-picked GPU 7 (free 24092 MiB)
2026-05-12 09:53:17,175 [INFO] ms-clip: using CUDA_VISIBLE_DEVICES=7
2026-05-12 09:53:17,175 [INFO] ms-clip: launching predict_smi (n_candidates=256)
2026-05-12 09:53:29,631 [WARNING] ms-clip dropped SMILES C=CCOC(=O)CCCO.C=CCOC(=O)CCCOP(C)OC.COPOC.[CH2-]CC.[CH2-]CC.[Ni+2]; emitting sentinel -1.0
2026-05-12 09:53:29,820 [INFO] ms-clip: auto-picked GPU 7 (free 23700 MiB)
2026-05-12 09:53:29,820 [INFO] ms-clip: using CUDA_VISIBLE_DEVICES=7
2026-05-12 09:53:29,820 [INFO] ms-clip: launching predict_smi (n_candidates=256)
2026-05-12 09:53:41,889 [INFO] ms-clip: auto-picked GPU 7 (free 24092 MiB)
2026-05-12 09:53:41,890 [INFO] ms-clip: using CUDA_VISIBLE_DEVICES=7
2026-05-12 09:53:41,890 [INFO] ms-clip: launching predict_smi (n_candidates=256)
2026-05-12 09:53:54,207 [WARNING] ms-clip dropped SMILES [C-](CC[C-]=C(c1ccccc1)c1ccccc1)=C(c1ccccc1)c1ccccc1.[Ti].c1cc[cH-]c1.c1cc[cH-]c1; emitting sentinel -1.0
2026-05-12 09:53:54,415 [INFO] ms-clip: auto-picked GPU 7 (free 24072 MiB)
2026-05-12 09:53:54,415 [INFO] ms-clip: using CUDA_VISIBLE_DEVICES=7
2026-05-12 09:53:54,415 [INFO] ms-clip: launching predict_smi (n_candidates=256)
2026-05-12 09:54:06,387 [WARNING] ms-clip dropped SMILES C1CCC2CCCC2C1.C1CCC2CCCC2C1.Oc1cccc2ccccc12.Oc1cccc2ccccc12.[Ti]; emitting sentinel -1.0
2026-05-12 09:54:06,560 [INFO] ms-clip: auto-picked GPU 7 (free 24092 MiB)
2026-05-12 09:54:06,560 [INFO] ms-clip: using CUDA_VISIBLE_DEVICES=7
2026-05-12 09:54:06,560 [INFO] ms-clip: launching predict_smi (n_candidates=256)
2026-05-12 09:54:18,462 [INFO] ms-clip: auto-picked GPU 7 (free 24092 MiB)
2026-05-12 09:54:18,462 [INFO] ms-clip: using CUDA_VISIBLE_DEVICES=7
2026-05-12 09:54:18,462 [INFO] ms-clip: launching predict_smi (n_candidates=256)
2026-05-12 09:54:31,181 [WARNING] ms-clip dropped SMILES CC(C)(C)[Ge](c1ccc2c3ccccc3n(-c3cccc(-n4cccn4)c3)c2c1)(c1ccccn1)C(C)(C)C; emitting sentinel -1.0
2026-05-12 09:54:31,338 [INFO] ms-clip: auto-picked GPU 7 (free 22570 MiB)
2026-05-12 09:54:31,338 [INFO] ms-clip: using CUDA_VISIBLE_DEVICES=7
2026-05-12 09:54:31,338 [INFO] ms-clip: launching predict_smi (n_candidates=256)
2026-05-12 09:54:43,876 [INFO] ms-clip: auto-picked GPU 7 (free 20888 MiB)
2026-05-12 09:54:43,876 [INFO] ms-clip: using CUDA_VISIBLE_DEVICES=7
2026-05-12 09:54:43,876 [INFO] ms-clip: launching predict_smi (n_candidates=256)
2026-05-12 09:54:55,716 [INFO] ms-clip: auto-picked GPU 7 (free 20808 MiB)
2026-05-12 09:54:55,717 [INFO] ms-clip: using CUDA_VISIBLE_DEVICES=7
2026-05-12 09:54:55,717 [INFO] ms-clip: launching predict_smi (n_candidates=256)
2026-05-12 09:55:07,189 [WARNING] ms-clip dropped SMILES CC(F)(F)C(C)(F)CO.[Rf]; emitting sentinel -1.0
2026-05-12 09:55:07,189 [WARNING] ms-clip dropped SMILES C=[C-]c1ccc(/C=C\C)c(C)c1.[Es]; emitting sentinel -1.0
2026-05-12 09:55:07,209 [INFO] spec 200/500  MassSpecGymID0204386  pool=256  pred=SENIDMFOGMNMOE  correct=True  t=11.6s
2026-05-12 09:55:07,340 [INFO] ms-clip: auto-picked GPU 7 (free 20808 MiB)
2026-05-12 09:55:07,340 [INFO] ms-clip: using CUDA_VISIBLE_DEVICES=7
2026-05-12 09:55:07,340 [INFO] ms-clip: launching predict_smi (n_candidates=256)
2026-05-12 09:55:19,688 [WARNING] ms-clip dropped SMILES CCC1CC(O)C1CC(C)C.OO.OO.OO.OO.OO.OOO.[CH3-].[Db]; emitting sentinel -1.0
2026-05-12 09:55:19,837 [INFO] ms-clip: auto-picked GPU 7 (free 20364 MiB)
2026-05-12 09:55:19,837 [INFO] ms-clip: using CUDA_VISIBLE_DEVICES=7
2026-05-12 09:55:19,837 [INFO] ms-clip: launching predict_smi (n_candidates=256)
2026-05-12 09:55:32,024 [WARNING] ms-clip dropped SMILES C#CCO.C#CCOCOC.CC(=O)Cl.CCN(C(C)C)C(C)C.CCN(C(C)C)C(C)C.COCCl.COCOC.Cl[Zn]Cl; emitting sentinel -1.0
2026-05-12 09:55:32,025 [WARNING] ms-clip dropped SMILES C.C.C.CC.CC.CC.CC.CC.CC.CC(N)=NO.Cc1noc(-c2[c-]cccc2)n1.O=C(Cl)c1[c-]cccc1.[Ar].[Ar].[V].[V]; emitting sentinel -1.0
2026-05-12 09:55:32,025 [WARNING] ms-clip dropped SMILES C[C-]1C2=C3Cc4ccccc4C3=C3C=CCCC3C2(C)C(C)(C)C(C)(C)C1(C)C.[C-]1=CC=CC1.[Cl-].[Cl-].[Hf+2]=C1CCCCC1; emitting sentinel -1.0
2026-05-12 09:55:32,025 [WARNING] ms-clip dropped SMILES Cc1cc(C)c(-c2cccc([N-]c3ccccc3-c3ccccc3[N-]c3cccc(-c4c(C)cc(C)cc4C)n3)n2)c(C)c1.[CH3-].[CH3-].[Hf]; emitting sentinel -1.0
2026-05-12 09:55:32,025 [WARNING] ms-clip dropped SMILES Cc1cccc(=O)c([OH2+])c1.Cc1cccc(=O)c([OH2+])c1.[H]/[O+]=c1\cccc(C)cc1[OH2+].[H]/[O+]=c1\cccc(C)cc1[OH2+].[Th]; emitting sentinel -1.0
2026-05-12 09:55:32,025 [WARNING] ms-clip dropped SMILES C[C-]1C2=C3Cc4ccccc4C3=C3C=CCCC3C2(C)C(C)(C)C(C)(C)C1(C)C.[Cl-].[Cl-].[Hf+2]=C1CCCCC1.c1cc[cH-]c1; emitting sentinel -1.0
2026-05-12 09:55:32,025 [WARNING] ms-clip dropped SMILES CCNC(=O)N1C[C@@H](P(C2CCCCC2)C2CCCCC2)C[C@H]1CP(c1ccccc1)c1ccccc1.[CH]1[CH]CC[CH][CH]CC1.[Cl-].[Rh]; emitting sentinel -1.0
2026-05-12 09:55:32,025 [WARNING] ms-clip dropped SMILES CC(C)(C)c1ccc([O-])c(C(C)(C)C)c1.CC(C)=[Zr+2].Cc1cc2c(-c3ccccc3)cccc2[cH-]1.Cc1cc2c(-c3ccccc3)cccc2[cH-]1.[Cl-]; emitting sentinel -1.0
2026-05-12 09:55:32,025 [WARNING] ms-clip dropped SMILES CCCC[Sn+2]CCCC.N#CCCN(CCC#N)C(=O)C1CCC=CC1C(=O)[O-].N#CCCN(CCC#N)C(=O)C1CCC=CC1C(=O)[O-]; emitting sentinel -1.0
2026-05-12 09:55:32,025 [WARNING] ms-clip dropped SMILES CC1=CC=CC2[CH-]C3(C)C4(C)C=CC=CC4(C)C4(C)C=CC=CC4(C)C3(C)C12C.[C-]1=CC=CC1.[Cl-].[Cl-].[Hf+2]=C1CCCCC1; emitting sentinel -1.0
2026-05-12 09:55:32,025 [WARNING] ms-clip dropped SMILES CN1C[CH-][C@@H](F)[C@H](Oc2cc(-c3cnn(C)c3)cc3ncnc(Nc4ccc5ncsc5c4F)c23)CC1.[Lr]; emitting sentinel -1.0
2026-05-12 09:55:32,182 [INFO] ms-clip: auto-picked GPU 7 (free 20364 MiB)
2026-05-12 09:55:32,182 [INFO] ms-clip: using CUDA_VISIBLE_DEVICES=7
2026-05-12 09:55:32,182 [INFO] ms-clip: launching predict_smi (n_candidates=256)
2026-05-12 09:55:44,483 [WARNING] ms-clip dropped SMILES O=C([O-])[C@@H](/N=C(\c1ccccc1)c1ccccc1/N=C(/[O-])[C@@H]1CCCN1Cc1ccccc1)[C@@H]1c2ccccc2CCN1c1ccccc1.[Ni+2]; emitting sentinel -1.0
2026-05-12 09:55:44,483 [WARNING] ms-clip dropped SMILES CCN(CC)CCOC(=S)[S-].CCN(CC)CCOC(=S)[S-].CCN(CC)CC[Sn+2]CCN(CC)CC; emitting sentinel -1.0
2026-05-12 09:55:44,483 [WARNING] ms-clip dropped SMILES C[CH-]C.Cc1ccc(C)c(-c2cccc3[cH-]ccc23)c1.Cc1ccc(C)c(-c2cccc3[cH-]ccc23)c1.[H][C-]=[SiH2].[Hf+4]; emitting sentinel -1.0
2026-05-12 09:55:44,483 [WARNING] ms-clip dropped SMILES CCCC[Sn](CCCC)(CCCC)c1ccc(CN2C(=O)C(=O)c3cc(S(=O)(=O)N4CCC[C@H]4COC)ccc32)cc1; emitting sentinel -1.0
2026-05-12 09:55:44,483 [WARNING] ms-clip dropped SMILES O=C([O-])[C@@H](/N=C(\c1ccccc1)c1ccccc1/N=C(\[O-])[C@@H]1CCCN1Cc1ccccc1)[C@@H]1c2ccccc2CCN1c1ccccc1.[Ni+3]; emitting sentinel -1.0
2026-05-12 09:55:44,483 [WARNING] ms-clip dropped SMILES C=C.C[Pb]SN1C=C1C#CCOc1ccc(C2CCCN2Cc2ccc(CC3=CCCC=C3)cc2)cc1; emitting sentinel -1.0
2026-05-12 09:55:44,483 [WARNING] ms-clip dropped SMILES O=C([O-])[C@@H](/N=C(\c1ccccc1)c1ccccc1/N=C(/[O-])[C@@H]1CCCN1Cc1ccccc1)[C@H]1c2ccccc2CCN1c1ccccc1.[Ni+2]; emitting sentinel -1.0
2026-05-12 09:55:44,483 [WARNING] ms-clip dropped SMILES Cl[Al](Cl)Cl.c1ccc(CCc2ccc(CCc3ccc(CCc4ccccc4)cc3)cc2)cc1.c1ccc(CCc2ccccc2)cc1; emitting sentinel -1.0
2026-05-12 09:55:44,483 [WARNING] ms-clip dropped SMILES CN1CN(C)CN(C)CN(C)C1.C[N-]CN(C)CN(C)C[N-]C.[Re].[Re]; emitting sentinel -1.0
2026-05-12 09:55:44,483 [WARNING] ms-clip dropped SMILES C/C(=N/N=C([S-])N(C)C)c1ncccc1CN1CCOCC1.C/C(=N\N=C([S-])N(C)C)c1ncccc1CN1CCOCC1.[Zn+2]; emitting sentinel -1.0
2026-05-12 09:55:44,624 [INFO] ms-clip: auto-picked GPU 7 (free 20364 MiB)
2026-05-12 09:55:44,624 [INFO] ms-clip: using CUDA_VISIBLE_DEVICES=7
2026-05-12 09:55:44,625 [INFO] ms-clip: launching predict_smi (n_candidates=256)
2026-05-12 09:55:56,280 [WARNING] ms-clip dropped SMILES CN([Si](=O)CC1C=Cc2ccccc21)C(C)(C)C.C[Si](C)(C)C#C[Si](C)(C)C.[Ti]; emitting sentinel -1.0
2026-05-12 09:55:56,438 [INFO] ms-clip: auto-picked GPU 7 (free 20364 MiB)
2026-05-12 09:55:56,439 [INFO] ms-clip: using CUDA_VISIBLE_DEVICES=7
2026-05-12 09:55:56,439 [INFO] ms-clip: launching predict_smi (n_candidates=256)
2026-05-12 09:56:08,300 [WARNING] ms-clip dropped SMILES Cc1cc(C=O)c(O)c(CN2CC/N=C(/[O-])CCN(Cc3cc(C)cc(C=O)c3O)CC/N=C(/[O-])CC2)c1.[Ni+2]; emitting sentinel -1.0
2026-05-12 09:56:08,457 [INFO] ms-clip: auto-picked GPU 7 (free 20364 MiB)
2026-05-12 09:56:08,457 [INFO] ms-clip: using CUDA_VISIBLE_DEVICES=7
2026-05-12 09:56:08,457 [INFO] ms-clip: launching predict_smi (n_candidates=256)
2026-05-12 09:56:20,222 [WARNING] ms-clip dropped SMILES Nc1ccc(C(=O)O)cc1.Nc1ccc(C(=O)O)cc1.Nc1ccc(C(=O)O)cc1.[Gd]; emitting sentinel -1.0
2026-05-12 09:56:20,223 [WARNING] ms-clip dropped SMILES C/[C-]=c1\nc(C2=CC(C)=NC2/[C-]=C/C=CC=[W])oc(=O)c1=CC(C)=[V].CC; emitting sentinel -1.0
2026-05-12 09:56:20,223 [WARNING] ms-clip dropped SMILES CC(=O)O.Cc1ccc(S(=O)(=O)Nc2ccccc2-c2ccccn2)cc1.[Pd].c1ccncc1; emitting sentinel -1.0
2026-05-12 09:56:20,223 [WARNING] ms-clip dropped SMILES C[N+]1=C=[N+](c2[c-]ccnc2)N=C1.N#Cc1c(F)c[c-]c(-c2ncncn2)c1F.[Ir]; emitting sentinel -1.0
2026-05-12 09:56:20,223 [WARNING] ms-clip dropped SMILES O=C(O[Sn](Cc1ccccc1F)(Cc1ccccc1F)Cc1ccccc1F)c1ccncc1; emitting sentinel -1.0
2026-05-12 09:56:20,382 [INFO] ms-clip: auto-picked GPU 7 (free 20364 MiB)
2026-05-12 09:56:20,383 [INFO] ms-clip: using CUDA_VISIBLE_DEVICES=7
2026-05-12 09:56:20,383 [INFO] ms-clip: launching predict_smi (n_candidates=256)
2026-05-12 09:56:31,968 [INFO] ms-clip: auto-picked GPU 7 (free 20364 MiB)
2026-05-12 09:56:31,968 [INFO] ms-clip: using CUDA_VISIBLE_DEVICES=7
2026-05-12 09:56:31,968 [INFO] ms-clip: launching predict_smi (n_candidates=256)
2026-05-12 09:56:43,430 [WARNING] ms-clip dropped SMILES Nc1ccn([C@@H]2O[C@H](CO[TlH2])[C@@H]3O[C@@H]32)c(=O)n1; emitting sentinel -1.0
2026-05-12 09:56:43,431 [WARNING] ms-clip dropped SMILES CC(=O)/C=C(/C)O.COc1c[c-]c(-c2cc(C)ccn2)c(OC)c1.[Rh]; emitting sentinel -1.0
2026-05-12 09:56:43,431 [WARNING] ms-clip dropped SMILES Nc1n[n+]([O-])c2cc([N+](=O)[O-])ccc2[n+]1[O-].O=[N+]([O-])c1ccc2c(c1)[n+]([O-])nc[n+]2[O-]; emitting sentinel -1.0
2026-05-12 09:56:43,564 [INFO] ms-clip: auto-picked GPU 7 (free 20364 MiB)
2026-05-12 09:56:43,564 [INFO] ms-clip: using CUDA_VISIBLE_DEVICES=7
2026-05-12 09:56:43,564 [INFO] ms-clip: launching predict_smi (n_candidates=256)
2026-05-12 09:56:55,168 [WARNING] ms-clip dropped SMILES COCCOCC(COCCOC)OCC(COC(COCCOC)COCCOC)OCCCS(=O)(=O)[O-].[Li+]; emitting sentinel -1.0
2026-05-12 09:56:55,169 [WARNING] ms-clip dropped SMILES Cc1c(C)c(C)c(C(=O)[O-])c(C)c1C.Cc1c(C)c(C)c(C(=O)[O-])c(C)c1C.Cc1c(C)c(C)c(C(=O)[O-])c(C)c1C.[Al+3]; emitting sentinel -1.0
2026-05-12 09:56:55,169 [WARNING] ms-clip dropped SMILES CN1C=CN(c2ccc3c(c2)N(c2cccc(-n4[c-][n+](C)c5ccccc54)c2)c2cccc4c5cc(C(C)(C)C)ccc5n-3c24)C1; emitting sentinel -1.0
2026-05-12 09:56:55,325 [INFO] ms-clip: auto-picked GPU 7 (free 20364 MiB)
2026-05-12 09:56:55,325 [INFO] ms-clip: using CUDA_VISIBLE_DEVICES=7
2026-05-12 09:56:55,325 [INFO] ms-clip: launching predict_smi (n_candidates=256)
2026-05-12 09:57:07,238 [WARNING] ms-clip dropped SMILES CC(C)(C)OC(=O)N1Cc2ccc([Sn](C)(C)C)nc2C1=O; emitting sentinel -1.0
2026-05-12 09:57:07,250 [INFO] spec 210/500  MassSpecGymID0088831  pool=256  pred=NCEXYHBECQHGNR  correct=True  t=12.1s
2026-05-12 09:57:07,417 [INFO] ms-clip: auto-picked GPU 7 (free 20364 MiB)
2026-05-12 09:57:07,417 [INFO] ms-clip: using CUDA_VISIBLE_DEVICES=7
2026-05-12 09:57:07,417 [INFO] ms-clip: launching predict_smi (n_candidates=256)
2026-05-12 09:57:19,415 [WARNING] ms-clip dropped SMILES [CH2]CCC.[CH2]CCC.[CH2]CCCCC[n+]1ccn(CC)c1.[CH]=CC(C)(C)O.[Sn]; emitting sentinel -1.0
2026-05-12 09:57:19,545 [INFO] ms-clip: auto-picked GPU 7 (free 20364 MiB)
2026-05-12 09:57:19,545 [INFO] ms-clip: using CUDA_VISIBLE_DEVICES=7
2026-05-12 09:57:19,545 [INFO] ms-clip: launching predict_smi (n_candidates=256)
2026-05-12 09:57:31,340 [WARNING] ms-clip dropped SMILES C1CCC2C(C1)CCC2C1(C2CCCC2)CCC1.C[N-]C.C[N-]C.[CH3-].[CH3-].[Zr+4]; emitting sentinel -1.0
2026-05-12 09:57:31,340 [WARNING] ms-clip dropped SMILES CC(C[Al]1CCCC(CC(C)c2ccccc2)(CC(C)c2ccccc2)O1)c1ccccc1; emitting sentinel -1.0
2026-05-12 09:57:31,504 [INFO] ms-clip: auto-picked GPU 7 (free 20364 MiB)
2026-05-12 09:57:31,504 [INFO] ms-clip: using CUDA_VISIBLE_DEVICES=7
2026-05-12 09:57:31,504 [INFO] ms-clip: launching predict_smi (n_candidates=256)
2026-05-12 09:57:43,540 [INFO] ms-clip: auto-picked GPU 7 (free 20364 MiB)
2026-05-12 09:57:43,540 [INFO] ms-clip: using CUDA_VISIBLE_DEVICES=7
2026-05-12 09:57:43,540 [INFO] ms-clip: launching predict_smi (n_candidates=256)
2026-05-12 09:57:55,234 [INFO] ms-clip: auto-picked GPU 7 (free 20364 MiB)
2026-05-12 09:57:55,235 [INFO] ms-clip: using CUDA_VISIBLE_DEVICES=7
2026-05-12 09:57:55,235 [INFO] ms-clip: launching predict_smi (n_candidates=256)
2026-05-12 09:58:07,291 [WARNING] ms-clip dropped SMILES CC(C)(C)c1[c-]c2c(cc1)-c1ccc(C(C)(C)C)cc1C2.Cc1cc(-c2ccccc2)c(C)[cH-]1.Cc1ccc(C(=[Zr+2])c2ccc(C)cc2)cc1.[Cl-].[Cl-]; emitting sentinel -1.0
2026-05-12 09:58:07,291 [WARNING] ms-clip dropped SMILES CC(C)(C)c1ccc2[cH-]c3ccc(C(C)(C)C)cc3c2c1.CC1=[C-]C(C)C=C1c1ccccc1.Cc1ccc(C(=[Zr+2])c2ccc(C)cc2)cc1.[Cl-].[Cl-]; emitting sentinel -1.0
2026-05-12 09:58:07,291 [WARNING] ms-clip dropped SMILES CC(C)(C)C1=CC[C-]=C1.CC1=CC(C)(C)c2cc3[cH-]c4cc5c(cc4c3cc21)C(C)=CC5(C)C.Cc1ccc(C(=[Zr+2])c2ccc(C)cc2)cc1.[Cl-].[Cl-]; emitting sentinel -1.0
2026-05-12 09:58:07,291 [WARNING] ms-clip dropped SMILES CC(C)(C)c1ccc2c(c1)[cH-]c1cc(C(C)(C)C)ccc12.[Cl-].[Cl-].[Hf+2]=C(CCCc1ccccc1)c1ccccc1.c1cc[cH-]c1; emitting sentinel -1.0
2026-05-12 09:58:07,291 [WARNING] ms-clip dropped SMILES C1=CC[N-]C=C1.C1CC[N-]CC1.O=[N+]([O-])C1CCC([N-]/N=N/C2CCCCC2F)CC1.O=[N+]([O-])c1ccc([N-]/N=N/c2ccccc2F)cc1.[Pd]; emitting sentinel -1.0
2026-05-12 09:58:07,291 [WARNING] ms-clip dropped SMILES CC1(C)[C-]=Cc2cc3c(cc21)Cc1cc2c(cc1-3)C=CC2(C)C.CCC1[C-]=CC(C(C)(C)C)=C1.[Cl-].[Cl-].[Zr+2]=C(Cc1ccccc1)Cc1ccccc1; emitting sentinel -1.0
2026-05-12 09:58:07,291 [WARNING] ms-clip dropped SMILES CC(C)(C)c1ccc([S+](c2ccccc2)c2ccccc2)cc1.Cc1c(C(C)C)cc(C(C)C)c(S(=O)(=O)[O-])c1C(C)C.[He].[Hf]; emitting sentinel -1.0
2026-05-12 09:58:07,291 [WARNING] ms-clip dropped SMILES O.O.O.O.O.O.O.O.O.O.O.O.O.O.[Cu+2].[Cu+2].[O-]/C1=N\CCNCCNCC/N=C(\[O-])C1C1/C([O-])=N/CCNCCNCC/N=C/1[O-]; emitting sentinel -1.0
2026-05-12 09:58:07,291 [WARNING] ms-clip dropped SMILES CCCc1cc2c(-c3ccc(C(C)(C)C)cc3)cccc2[cH-]1.CCCc1cc2c(-c3ccc(C(C)(C)C)cc3)cccc2[cH-]1.C[Ge]C.Cl[Ti]Cl; emitting sentinel -1.0
2026-05-12 09:58:07,291 [WARNING] ms-clip dropped SMILES CC(C)(C)c1ccc(C(=[Zr+2])c2ccc(C(C)(C)C)cc2)cc1.CC1(C)C=Cc2cc3c(cc21)[cH-]c1cc2c(cc13)C=CC2(C)C.[C-]1=CC=CC1.[Cl-].[Cl-]; emitting sentinel -1.0
2026-05-12 09:58:07,291 [WARNING] ms-clip dropped SMILES [CH2-]c1ccccc1.[CH2-]c1ccccc1.[Zr+4].c1ccc2c(c1)C1[C@@H]([N-]Cc3cc4ccccc4cn3)[C@H]([N-]Cc3cc4ccccc4cn3)C3c4ccccc4C213; emitting sentinel -1.0
2026-05-12 09:58:07,291 [WARNING] ms-clip dropped SMILES CC(C)(C)C1=CC[C-]=C1.CC1=[C-]C(C)(C)c2cc3c(cc21)-c1cc2c(cc1C3)C(C)(C)C=C2C.Cc1ccc(C(=[Zr+2])c2ccc(C)cc2)cc1.[Cl-].[Cl-]; emitting sentinel -1.0
2026-05-12 09:58:07,291 [WARNING] ms-clip dropped SMILES CC1(C)[C-]=Cc2cc3c(cc21)Cc1cc2c(cc1-3)C=CC2(C)C.CCc1cc(C(C)(C)C)c[cH-]1.Cc1ccc(C(=[Zr+2])c2ccc(C)cc2)cc1.[Cl-].[Cl-]; emitting sentinel -1.0
2026-05-12 09:58:07,291 [WARNING] ms-clip dropped SMILES CC1=CC(C)[C-]=C1.CC1=C[CH-]C(C)(C)c2cc3c(cc21)-c1cc2c(cc1C3)C(C)(C)CC=C2C.[Cl-].[Cl-].[Zr+2]=C(Cc1ccccc1)Cc1ccccc1; emitting sentinel -1.0
2026-05-12 09:58:07,291 [WARNING] ms-clip dropped SMILES CC(C)(C)c1cc[cH-]c1.CC1=C[CH-]C(C)(C)c2cc3c(cc21)-c1cc2c(cc1C3)C(C)(C)CC=C2C.[Cl-].[Cl-].[Zr+2]=C(c1ccccc1)c1ccccc1; emitting sentinel -1.0
2026-05-12 09:58:07,291 [WARNING] ms-clip dropped SMILES CC1=[C-]C(C)(C)c2cc3c(cc21)-c1cc2c(cc1C3)C(C)(C)C=C2C.Cc1cc(C(C)(C)C)c(C)[cH-]1.[Cl-].[Cl-].[Zr+2]=C(c1ccccc1)c1ccccc1; emitting sentinel -1.0
2026-05-12 09:58:07,291 [WARNING] ms-clip dropped SMILES O=C(O)CN(CCOCCOCCN(CC(=O)O)CC(=O)O)CC(=O)O.O=C(O)CN(CCOCCOCCN(CC(=O)O)CC(=O)O)CC(=O)O.[Ca]; emitting sentinel -1.0
2026-05-12 09:58:07,291 [WARNING] ms-clip dropped SMILES CC(C)(C)c1[c-]c2c(cc1)-c1ccc(C(C)(C)C)cc1C2.CC1=[C-]C(C)C=C1c1ccccc1.Cc1ccc(C(=[Zr+2])c2ccc(C)cc2)cc1.[Cl-].[Cl-]; emitting sentinel -1.0
2026-05-12 09:58:07,291 [WARNING] ms-clip dropped SMILES CC(C)(C)c1ccc(C=[Zr+2])cc1.CC1=CC(C)(C)c2cc3[cH-]c4cc5c(cc4c3cc21)C(C)=CC5(C)C.CC1=[C-]C(C)C=C1c1ccccc1.[Cl-].[Cl-]; emitting sentinel -1.0
2026-05-12 09:58:07,291 [WARNING] ms-clip dropped SMILES CC1=C[CH-]C(C)(C)c2cc3c(cc21)-c1cc2c(cc1C3)C(C)(C)CC=C2C.Cc1c[cH-]c(C)c1.Cc1ccc(C(=[Zr+2])c2ccc(C)cc2)cc1.[Cl-].[Cl-]; emitting sentinel -1.0
2026-05-12 09:58:07,291 [WARNING] ms-clip dropped SMILES [Ac].[Ac].[CH2-]c1ccc(C2C(C(=O)CC)C(c3ccc([CH2-])cc3)C2C(=O)CC)cc1; emitting sentinel -1.0
2026-05-12 09:58:07,291 [WARNING] ms-clip dropped SMILES CC(C)(C)C1=CC[C-]=C1.CC1=CCC(C)(C)c2cc3[cH-]c4cc5c(cc4c3cc21)C(C)=CCC5(C)C.[Cl-].[Cl-].[Zr+2]=C(c1ccccc1)c1ccccc1; emitting sentinel -1.0
2026-05-12 09:58:07,291 [WARNING] ms-clip dropped SMILES CC(C)(C)c1cc(-c2[c-]c(-c3nccc4ccsc34)cc(C(C)(C)C)c2)[c-]c(-c2cccc3c2[N-]c2ccccc2C3(C)C)c1.[Au+3]; emitting sentinel -1.0
2026-05-12 09:58:07,291 [WARNING] ms-clip dropped SMILES CC(C)(C)c1c[c-]c2c(c1)-c1cc(C(C)(C)C)ccc1C2.CC1=[C-]C(C)C=C1c1ccccc1.Cc1ccc(C(=[Zr+2])c2ccc(C)cc2)cc1.[Cl-].[Cl-]; emitting sentinel -1.0
2026-05-12 09:58:07,291 [WARNING] ms-clip dropped SMILES CC(C)(C)C1=CC(C)(C)c2cc3[cH-]c4cc5c(cc4c3cc21)C(C(C)(C)C)=CC5(C)C.[C-]1=CC=CC1.[Cl-].[Cl-].[Zr+2]=C(c1ccccc1)c1ccccc1; emitting sentinel -1.0
2026-05-12 09:58:07,292 [WARNING] ms-clip dropped SMILES CC1(C)C=Cc2cc3c(cc21)[cH-]c1cc2c(cc13)C=CC2(C)C.CCC1[C-]=CC(C(C)(C)C)=C1.Cc1ccc(C(=[Zr+2])c2ccc(C)cc2)cc1.[Cl-].[Cl-]; emitting sentinel -1.0
2026-05-12 09:58:07,292 [WARNING] ms-clip dropped SMILES CC1=[C-]C(C)(C)c2cc3c(cc21)-c1cc2c(cc1C3)C(C)(C)C=C2C.CC1=[C-]C(C)C=C1C(C)(C)C.[Cl-].[Cl-].[Zr+2]=C(c1ccccc1)c1ccccc1; emitting sentinel -1.0
2026-05-12 09:58:07,292 [WARNING] ms-clip dropped SMILES C.CC.CC.CC.CC.O=C1/C(=C/c2ccccc2)CCc2ccccc21.O=c1cc(-c2ccccc2)oc2ccccc12.[CH3-].[CH3-].[Y].[Y]; emitting sentinel -1.0
2026-05-12 09:58:07,462 [INFO] ms-clip: auto-picked GPU 7 (free 20364 MiB)
2026-05-12 09:58:07,462 [INFO] ms-clip: using CUDA_VISIBLE_DEVICES=7
2026-05-12 09:58:07,462 [INFO] ms-clip: launching predict_smi (n_candidates=256)
2026-05-12 09:58:20,092 [INFO] ms-clip: auto-picked GPU 7 (free 20364 MiB)
2026-05-12 09:58:20,092 [INFO] ms-clip: using CUDA_VISIBLE_DEVICES=7
2026-05-12 09:58:20,092 [INFO] ms-clip: launching predict_smi (n_candidates=256)
2026-05-12 09:58:31,774 [WARNING] ms-clip dropped SMILES CC.CCCC(CC)C(C)O[N-]CCc1ccccc1.[Y]; emitting sentinel -1.0
2026-05-12 09:58:31,894 [INFO] ms-clip: auto-picked GPU 7 (free 20364 MiB)
2026-05-12 09:58:31,894 [INFO] ms-clip: using CUDA_VISIBLE_DEVICES=7
2026-05-12 09:58:31,895 [INFO] ms-clip: launching predict_smi (n_candidates=256)
2026-05-12 09:58:43,458 [WARNING] ms-clip dropped SMILES O=C(O)C[C@H](O)C[C@H](O)/C=C/c1cnn(-c2ccnc(Nc3ccccc3)n2)c1-c1cccc(C(F)(F)F)c1.[Ca]; emitting sentinel -1.0
2026-05-12 09:58:43,459 [WARNING] ms-clip dropped SMILES Cc1c(-c2nn(C3CC(O)(CN4CCC4)C3)c3ncnc(N)c23)ccc2[c-]cc(-c3ccccc3)nc12.[Y]; emitting sentinel -1.0
2026-05-12 09:58:43,459 [WARNING] ms-clip dropped SMILES CC(C)Oc1ccc2c(c1)C(=O)NC=CC=CC(=[W])c1nccn1CCOCCO2; emitting sentinel -1.0
2026-05-12 09:58:43,459 [WARNING] ms-clip dropped SMILES CC.CC.CCC.Cc1ccccc1.[CH3-].[W].[W]; emitting sentinel -1.0
2026-05-12 09:58:43,606 [INFO] ms-clip: auto-picked GPU 7 (free 20364 MiB)
2026-05-12 09:58:43,607 [INFO] ms-clip: using CUDA_VISIBLE_DEVICES=7
2026-05-12 09:58:43,607 [INFO] ms-clip: launching predict_smi (n_candidates=256)
2026-05-12 09:58:55,503 [INFO] ms-clip: auto-picked GPU 7 (free 20364 MiB)
2026-05-12 09:58:55,503 [INFO] ms-clip: using CUDA_VISIBLE_DEVICES=7
2026-05-12 09:58:55,504 [INFO] ms-clip: launching predict_smi (n_candidates=256)
2026-05-12 09:59:07,552 [WARNING] ms-clip dropped SMILES C1CCC2CCCC2C1.C1CCC2CCCC2C1.Oc1cccc2ccccc12.Oc1cccc2ccccc12.[Ti]; emitting sentinel -1.0
2026-05-12 09:59:07,577 [INFO] spec 220/500  MassSpecGymID0277361  pool=256  pred=DYYHJTBIZZXHAB  correct=False  t=12.2s
2026-05-12 09:59:07,689 [INFO] ms-clip: auto-picked GPU 7 (free 20364 MiB)
2026-05-12 09:59:07,689 [INFO] ms-clip: using CUDA_VISIBLE_DEVICES=7
2026-05-12 09:59:07,689 [INFO] ms-clip: launching predict_smi (n_candidates=256)
2026-05-12 09:59:19,629 [WARNING] ms-clip dropped SMILES CC(C)(CO)/N=C/c1ccccc1O.CC(C)(CO)/N=C/c1ccccc1O.[Ni]; emitting sentinel -1.0
2026-05-12 09:59:19,629 [WARNING] ms-clip dropped SMILES CNCCNC(C)(O)C(C)(C)CCOC(C)(C)CN1C(=O)C=CC1=O.[Y]; emitting sentinel -1.0
2026-05-12 09:59:19,780 [INFO] ms-clip: auto-picked GPU 7 (free 20364 MiB)
2026-05-12 09:59:19,780 [INFO] ms-clip: using CUDA_VISIBLE_DEVICES=7
2026-05-12 09:59:19,780 [INFO] ms-clip: launching predict_smi (n_candidates=256)
2026-05-12 09:59:31,849 [WARNING] ms-clip dropped SMILES C=C/C(=C\C=C\C)N(C(=C)CCC(=C)C(=C)/C=C\C(=C)[Ge](c1ccccc1)(c1ccccc1)c1ccccc1)c1ccc2c(c1)c1ccccc1n2-c1ccc(F)cc1; emitting sentinel -1.0
2026-05-12 09:59:31,849 [WARNING] ms-clip dropped SMILES C[Si](C)=[Zr+2].Cc1ccc(-c2cc3c(-c4cccc(C(C)(C)C)c4)c(C)ccc3[cH-]2)o1.Cc1ccc(-c2cc3c(-c4cccc(C(C)(C)C)c4)c(C)ccc3[cH-]2)o1; emitting sentinel -1.0
2026-05-12 09:59:31,849 [WARNING] ms-clip dropped SMILES Cc1cc(C)c([N-]C(c2ccccc2)c2cccc(-c3ccccc3)n2)c(C)c1.[CH2-]c1ccccc1.[CH2-]c1ccccc1.[CH2-]c1ccccc1.[Hf+4]; emitting sentinel -1.0
2026-05-12 09:59:31,850 [WARNING] ms-clip dropped SMILES C[Si](C)=[Zr+2].Cc1cc(-c2cc3c(-c4cc(C)c(C)c(C)c4)c(C)ccc3[cH-]2)oc1C.Cc1cc(-c2cc3c(-c4cc(C)c(C)c(C)c4)c(C)ccc3[cH-]2)oc1C; emitting sentinel -1.0
2026-05-12 09:59:31,850 [WARNING] ms-clip dropped SMILES CC1=CC(C)(C)c2cc3[cH-]c4cc5c(cc4c3cc21)C(C)=CC5(C)C.CC1=[C-]C(C)C=C1CC12CC3CC(CC(C3)C1)C2.Cc1ccc(C=[Zr+2])cc1.[Cl-].[Cl-]; emitting sentinel -1.0
2026-05-12 09:59:31,850 [WARNING] ms-clip dropped SMILES Cc1cc(C)c([N-]C(c2ccccn2)c2ccccc2-c2ccccc2)c(C)c1.[CH2-]c1ccccc1.[CH2-]c1ccccc1.[CH2-]c1ccccc1.[Hf+4]; emitting sentinel -1.0
2026-05-12 09:59:31,850 [WARNING] ms-clip dropped SMILES CCc1ccc2c(c1)[cH-]c1cc(CC)ccc12.C[Si](C)(C)C1=[C-]C([Si](C)(C)C)C([Si](C)(C)C)=C1[Si](C)(C)C.[Zr+2]=C(c1ccccc1)c1ccccc1; emitting sentinel -1.0
2026-05-12 09:59:31,850 [WARNING] ms-clip dropped SMILES CC(C)(C)c1ccnc(-n2c3cc(Oc4ccc5c(c4)-n4[c-][n+](-c6ccccc6)c6cccc(c64)C5(C)C)ccc3c3c4c5c(cc32)Oc2cccc3c2B5c2c(cccc2O4)O3)c1; emitting sentinel -1.0
2026-05-12 09:59:31,850 [WARNING] ms-clip dropped SMILES [CH2-]c1ccccc1.[CH2-]c1ccccc1.[CH2-]c1ccccc1.[H][O+]=P([N-]c1c(C(C)C)cccc1C(C)C)(c1ccccc1)c1ccccc1.[Hf]; emitting sentinel -1.0
2026-05-12 09:59:31,850 [WARNING] ms-clip dropped SMILES CC1=[C-]C(C)(C)c2cc3c(cc21)-c1cc2c(cc1C3)C(C)(C)C=C2C.CC1=[C-]C(C)C=C1CC12CC3CC(CC(C3)C1)C2.Cc1ccc(C=[Zr+2])cc1.[Cl-].[Cl-]; emitting sentinel -1.0
2026-05-12 09:59:31,850 [WARNING] ms-clip dropped SMILES CC(C)(C)c1c[c-]c2c(c1)-c1cc(C(C)(C)C)ccc1C2.CC1=CC(C)(C23CC4CC(CC(C4)C2)C3)C=[C-]1.[Cl-].[Cl-].[Zr+2]=C(c1ccccc1)c1ccccc1; emitting sentinel -1.0
2026-05-12 09:59:32,006 [INFO] ms-clip: auto-picked GPU 7 (free 20364 MiB)
2026-05-12 09:59:32,007 [INFO] ms-clip: using CUDA_VISIBLE_DEVICES=7
2026-05-12 09:59:32,007 [INFO] ms-clip: launching predict_smi (n_candidates=256)
2026-05-12 09:59:44,115 [WARNING] ms-clip dropped SMILES CN(C)C1=CC2=C3C=C(N(C)C)C=CN3CCCN2C=C1.CN1c2ccccc2N(C)C12CCCCC21N(C)c2ccccc2N1C.[Li+].[O-]c1cccc2ccc[nH+]c12; emitting sentinel -1.0
2026-05-12 09:59:44,115 [WARNING] ms-clip dropped SMILES CCCCCCCCCCCCCCCCCCCC#CC(=O)[O-].CCCCCCCCCCCCCCCCCCCC#CC(=O)[O-].[Cd+2]; emitting sentinel -1.0
2026-05-12 09:59:44,306 [INFO] ms-clip: auto-picked GPU 7 (free 20364 MiB)
2026-05-12 09:59:44,306 [INFO] ms-clip: using CUDA_VISIBLE_DEVICES=7
2026-05-12 09:59:44,306 [INFO] ms-clip: launching predict_smi (n_candidates=256)
2026-05-12 09:59:55,889 [WARNING] ms-clip dropped SMILES Cc1cc2c(c(F)c1F)OC(C1CCC(C3CC[CH-]CC3)CC1)CC2.[Rb+]; emitting sentinel -1.0
2026-05-12 09:59:56,036 [INFO] ms-clip: auto-picked GPU 7 (free 20364 MiB)
2026-05-12 09:59:56,036 [INFO] ms-clip: using CUDA_VISIBLE_DEVICES=7
2026-05-12 09:59:56,036 [INFO] ms-clip: launching predict_smi (n_candidates=256)
2026-05-12 10:00:08,109 [WARNING] ms-clip dropped SMILES CN(C)C1=CC2=C3C=C(N(C)C)C=CN3CCCN2C=C1.CN1c2ccccc2N(C)C12CCCCC21N(C)c2ccccc2N1C.[Li+].[O-]c1cccc2ccc[nH+]c12; emitting sentinel -1.0
2026-05-12 10:00:08,271 [INFO] ms-clip: auto-picked GPU 7 (free 20364 MiB)
2026-05-12 10:00:08,271 [INFO] ms-clip: using CUDA_VISIBLE_DEVICES=7
2026-05-12 10:00:08,271 [INFO] ms-clip: launching predict_smi (n_candidates=256)
2026-05-12 10:00:20,987 [INFO] ms-clip: auto-picked GPU 7 (free 20292 MiB)
2026-05-12 10:00:20,987 [INFO] ms-clip: using CUDA_VISIBLE_DEVICES=7
2026-05-12 10:00:20,987 [INFO] ms-clip: launching predict_smi (n_candidates=256)
2026-05-12 10:00:32,630 [WARNING] ms-clip dropped SMILES CC(C/C=N/OCc1ccccc1)C(O)C1C(=O)CCCCCCCCCCN1C.[Ac]; emitting sentinel -1.0
2026-05-12 10:00:32,630 [WARNING] ms-clip dropped SMILES [CH2]C(CC(=C)C#N)C(=O)O[C@@H]1C[C@H](C)CC[C@H]1C(C)(C)c1ccccc1.[CH2]CCC.[CH2]CCC.[CH2]CCC.[Sn]; emitting sentinel -1.0
2026-05-12 10:00:32,630 [WARNING] ms-clip dropped SMILES CCCC[Sn](CCCC)(CCCC)[C@@H](c1ccccc1)[C@@H](c1ccccc1NC(=O)OC(C)(C)C)C(C)(C)C; emitting sentinel -1.0
2026-05-12 10:00:32,630 [WARNING] ms-clip dropped SMILES C=C(C#N)C[C@@H](C[Sn](CCCC)(CCCC)CCCC)C(=O)O[C@@H]1C[C@H](C)CC[C@H]1C(C)(C)c1ccccc1; emitting sentinel -1.0
2026-05-12 10:00:32,790 [INFO] ms-clip: auto-picked GPU 7 (free 20302 MiB)
2026-05-12 10:00:32,790 [INFO] ms-clip: using CUDA_VISIBLE_DEVICES=7
2026-05-12 10:00:32,790 [INFO] ms-clip: launching predict_smi (n_candidates=256)
2026-05-12 10:00:44,120 [WARNING] ms-clip dropped SMILES N#CC1=C(C2CCCCCC2)Nc2[nH]ncc2C1C1=CC=CC(=[Tm])/C1=N\O; emitting sentinel -1.0
2026-05-12 10:00:44,120 [WARNING] ms-clip dropped SMILES CCc1ccccc1C(=O)O[Ga](OC(=O)c1ccccc1CC)OC(=O)c1ccccc1CC; emitting sentinel -1.0
2026-05-12 10:00:44,120 [WARNING] ms-clip dropped SMILES Cc1ccc(C)c(C(=O)[O-])c1.Cc1ccc(C)c(C(=O)[O-])c1.Cc1ccc(C)c(C(=O)[O-])c1.[Ga+3]; emitting sentinel -1.0
2026-05-12 10:00:44,120 [WARNING] ms-clip dropped SMILES COCc1[c]c(COC)ccc1.[Sn].[c]1ccccc1.[c]1ccccc1.[c]1ccccc1; emitting sentinel -1.0
2026-05-12 10:00:44,120 [WARNING] ms-clip dropped SMILES COc1[c-]c2c(cc1)-c1ccccc1C2.[C-]1=CC=CC1.[Zr+2]=C(c1ccccc1)c1ccccc1; emitting sentinel -1.0
2026-05-12 10:00:44,120 [WARNING] ms-clip dropped SMILES CC(C)(C[Sn](Cl)(CC(C)(C)c1ccccc1)c1ccc(F)cc1)c1ccccc1; emitting sentinel -1.0
2026-05-12 10:00:44,120 [WARNING] ms-clip dropped SMILES Cc1ccnc(-c2cc(C)cc(-c3cc(C)ccn3)n2)c1.OCc1cccc(CO)n1.[Ru]; emitting sentinel -1.0
2026-05-12 10:00:44,120 [WARNING] ms-clip dropped SMILES Cc1cccc(C(=O)O[Ga](OC(=O)c2cccc(C)c2C)OC(=O)c2cccc(C)c2C)c1C; emitting sentinel -1.0
2026-05-12 10:00:44,121 [WARNING] ms-clip dropped SMILES CCc1ccc(C(=O)O[Ga](OC(=O)c2ccc(CC)cc2)OC(=O)c2ccc(CC)cc2)cc1; emitting sentinel -1.0
2026-05-12 10:00:44,271 [INFO] ms-clip: auto-picked GPU 7 (free 20364 MiB)
2026-05-12 10:00:44,271 [INFO] ms-clip: using CUDA_VISIBLE_DEVICES=7
2026-05-12 10:00:44,272 [INFO] ms-clip: launching predict_smi (n_candidates=256)
2026-05-12 10:00:56,175 [WARNING] ms-clip dropped SMILES CCCCCCCCCCCCc1ccc(S(=O)(=O)[O-])cc1.CCCCCCCCCCCCc1ccc(S(=O)(=O)[O-])cc1.[Zn+2]; emitting sentinel -1.0
2026-05-12 10:00:56,175 [WARNING] ms-clip dropped SMILES CCOP(=O)(O)Cc1cc(C(C)(C)C)c(O)c(C(C)(C)C)c1.CCOP(=O)(O)Cc1cc(C(C)(C)C)c(O)c(C(C)(C)C)c1.[Ni]; emitting sentinel -1.0
2026-05-12 10:00:56,327 [INFO] ms-clip: auto-picked GPU 7 (free 17392 MiB)
2026-05-12 10:00:56,327 [INFO] ms-clip: using CUDA_VISIBLE_DEVICES=7
2026-05-12 10:00:56,327 [INFO] ms-clip: launching predict_smi (n_candidates=256)
2026-05-12 10:01:08,440 [WARNING] ms-clip dropped SMILES CC.CCCC(CC)C(C)O[N-]CCc1ccccc1.[Y]; emitting sentinel -1.0
2026-05-12 10:01:08,458 [INFO] spec 230/500  MassSpecGymID0376453  pool=256  pred=IBJSSWIFVCITFA  correct=False  t=12.3s
2026-05-12 10:01:08,591 [INFO] ms-clip: auto-picked GPU 7 (free 17392 MiB)
2026-05-12 10:01:08,591 [INFO] ms-clip: using CUDA_VISIBLE_DEVICES=7
2026-05-12 10:01:08,591 [INFO] ms-clip: launching predict_smi (n_candidates=256)
2026-05-12 10:01:20,424 [WARNING] ms-clip dropped SMILES C1=CC2C=CC1C2.CC(C)[PH+](c1ccccc1CCc1ccccc1[PH+](C(C)C)C(C)C)C(C)C.F[B-](F)(F)F.[Rh]; emitting sentinel -1.0
2026-05-12 10:01:20,424 [WARNING] ms-clip dropped SMILES CC1[CH-]C2=CCCCC(C)(C)C2C1.CC1[CH-]C2=CCCCC(C)(C)C2C1.Cl.Cl.[Si]=[Zr].[c-]1ccccc1.[c-]1ccccc1; emitting sentinel -1.0
2026-05-12 10:01:20,424 [WARNING] ms-clip dropped SMILES C=CC1(O)CCN(C(=O)OCc2ccccc2)CC1.CCOCC.O=C1CCN(C(=O)OCc2ccccc2)CC1.[Br-].[H][C-]=C.[Mg+2]; emitting sentinel -1.0
2026-05-12 10:01:20,425 [WARNING] ms-clip dropped SMILES [2H]C([2H])([2H])n1c(=[Pt])n(-c2[c-]c(Oc3[c-]c4c(cc3)C(C)CCN4c3cc(C(C)(C)C)ccn3)ccc2)c2ccccc21; emitting sentinel -1.0
2026-05-12 10:01:20,425 [WARNING] ms-clip dropped SMILES CO.COCC(=O)[C@@H]1CC(=O)N([C@H](C)c2ccccc2)C1.COCCC(=O)[C@@H]1CC(=O)N([C@H](C)c2ccccc2)C1.[Br-].[H][C-]=C.[Mg+2]; emitting sentinel -1.0
2026-05-12 10:01:20,425 [WARNING] ms-clip dropped SMILES CC(=O)[O-].CC(=O)[O-].CCCCCCCC[Sn+2]CCCCCCCC.CCCC[Sn+2]CCCC; emitting sentinel -1.0
2026-05-12 10:01:20,579 [INFO] ms-clip: auto-picked GPU 7 (free 17392 MiB)
2026-05-12 10:01:20,579 [INFO] ms-clip: using CUDA_VISIBLE_DEVICES=7
2026-05-12 10:01:20,579 [INFO] ms-clip: launching predict_smi (n_candidates=256)
2026-05-12 10:01:32,286 [INFO] ms-clip: auto-picked GPU 7 (free 20364 MiB)
2026-05-12 10:01:32,286 [INFO] ms-clip: using CUDA_VISIBLE_DEVICES=7
2026-05-12 10:01:32,286 [INFO] ms-clip: launching predict_smi (n_candidates=256)
2026-05-12 10:01:44,017 [WARNING] ms-clip dropped SMILES C[NH-].[CH2-]CC(C)(C)OC(C)(C)C(COCC)CC(C)(C)O.[U+2]; emitting sentinel -1.0
2026-05-12 10:01:44,143 [INFO] ms-clip: auto-picked GPU 7 (free 20364 MiB)
2026-05-12 10:01:44,143 [INFO] ms-clip: using CUDA_VISIBLE_DEVICES=7
2026-05-12 10:01:44,144 [INFO] ms-clip: launching predict_smi (n_candidates=256)
2026-05-12 10:01:55,874 [WARNING] ms-clip dropped SMILES C[C-]1C(C)(C)C=CC(C)(C)C1(C)C.[W]; emitting sentinel -1.0
2026-05-12 10:01:55,985 [INFO] ms-clip: auto-picked GPU 7 (free 20364 MiB)
2026-05-12 10:01:55,985 [INFO] ms-clip: using CUDA_VISIBLE_DEVICES=7
2026-05-12 10:01:55,985 [INFO] ms-clip: launching predict_smi (n_candidates=256)
2026-05-12 10:02:07,934 [WARNING] ms-clip dropped SMILES CC(C)(CO)/N=C/c1ccccc1O.CC(C)(CO)/N=C/c1ccccc1O.[Ni]; emitting sentinel -1.0
2026-05-12 10:02:07,934 [WARNING] ms-clip dropped SMILES CNCCNC(C)(O)C(C)(C)CCOC(C)(C)CN1C(=O)C=CC1=O.[Y]; emitting sentinel -1.0
2026-05-12 10:02:08,063 [INFO] ms-clip: auto-picked GPU 7 (free 20364 MiB)
2026-05-12 10:02:08,063 [INFO] ms-clip: using CUDA_VISIBLE_DEVICES=7
2026-05-12 10:02:08,063 [INFO] ms-clip: launching predict_smi (n_candidates=256)
2026-05-12 10:02:19,551 [INFO] ms-clip: auto-picked GPU 7 (free 20364 MiB)
2026-05-12 10:02:19,551 [INFO] ms-clip: using CUDA_VISIBLE_DEVICES=7
2026-05-12 10:02:19,551 [INFO] ms-clip: launching predict_smi (n_candidates=256)
2026-05-12 10:02:31,258 [WARNING] ms-clip dropped SMILES CCCCC(C)(O)C/C=C/[C@@H]1[C@H]2c3cccc(CCC)c3O[C@H]2C[C@H]1O.[Ac]; emitting sentinel -1.0
2026-05-12 10:02:31,259 [WARNING] ms-clip dropped SMILES CCCCCCCCOc1ccc(/C=N/CC/N=C/c2ccc(OCCCCCCCC)cc2[O-])c([O-])c1.[Cu+2]; emitting sentinel -1.0
2026-05-12 10:02:31,413 [INFO] ms-clip: auto-picked GPU 7 (free 20364 MiB)
2026-05-12 10:02:31,413 [INFO] ms-clip: using CUDA_VISIBLE_DEVICES=7
2026-05-12 10:02:31,413 [INFO] ms-clip: launching predict_smi (n_candidates=256)
2026-05-12 10:02:42,912 [WARNING] ms-clip dropped SMILES COc1ccc(C(=O)[O-])c(O)c1.COc1ccc(C(=O)[O-])c(O)c1.[Mg+2]; emitting sentinel -1.0
2026-05-12 10:02:42,912 [WARNING] ms-clip dropped SMILES CCCCS[Sn](Cl)(CCCC)CCCC; emitting sentinel -1.0
2026-05-12 10:02:42,912 [WARNING] ms-clip dropped SMILES CC.CN(C)C(=O)O.C[CH-]c1ccccc1[N+](=O)[O-].[Y]; emitting sentinel -1.0
2026-05-12 10:02:43,045 [INFO] ms-clip: auto-picked GPU 7 (free 20364 MiB)
2026-05-12 10:02:43,046 [INFO] ms-clip: using CUDA_VISIBLE_DEVICES=7
2026-05-12 10:02:43,046 [INFO] ms-clip: launching predict_smi (n_candidates=256)
2026-05-12 10:02:54,991 [WARNING] ms-clip dropped SMILES CC(C)C(=O)/C=C(\O)c1ccccc1.CC(C)C(=O)/C=C(\O)c1ccccc1.[Cu]; emitting sentinel -1.0
2026-05-12 10:02:55,127 [INFO] ms-clip: auto-picked GPU 7 (free 20364 MiB)
2026-05-12 10:02:55,127 [INFO] ms-clip: using CUDA_VISIBLE_DEVICES=7
2026-05-12 10:02:55,127 [INFO] ms-clip: launching predict_smi (n_candidates=256)
2026-05-12 10:03:07,153 [WARNING] ms-clip dropped SMILES C=Cc1c2[n-]c(c1C)CC1[N-]/C(=C3\c4[n-]c(c(C)c4C(=O)[C@@H]3C(=O)OC)/C=c3\[n-]/c(c(C)c3CC)=C\2)[C@@H](CCC(=O)OC/C=C/C)[C@@H]1C.[Mg+2]; emitting sentinel -1.0
2026-05-12 10:03:07,153 [WARNING] ms-clip dropped SMILES C1CCC(C2CCCC[N-]2)[N-]C1.C1CCC(C2CCCC[N-]2)[N-]C1.Cl[Os].NCCc1cnc[nH]1; emitting sentinel -1.0
2026-05-12 10:03:07,153 [WARNING] ms-clip dropped SMILES CCCCCCCC[Sn+2]CCCCCCCC.O=C([O-])CCCC(Cc1ccccc1)(Cc1ccccc1)C(=O)[O-]; emitting sentinel -1.0
2026-05-12 10:03:07,154 [WARNING] ms-clip dropped SMILES CC(C)(C)OCC1(C)C=C2/C=C3/CC(C)(C)/C(=C/C4=N/C(=C\C5=N/C(=C\C1=N2)C(C)(C)C5)C(C)(COC(C)(C)C)C4)[N-]3.Cl[Zn+]; emitting sentinel -1.0
2026-05-12 10:03:07,154 [WARNING] ms-clip dropped SMILES Cc1ccc([C@H]2C[C@@H]3CC[C@H]([C@H]2C(=O)NCCCCCC2CNCC/N=C(\[O-])CCNCCNC2)N3C)cc1.O=[99Tc+]=O; emitting sentinel -1.0
2026-05-12 10:03:07,154 [WARNING] ms-clip dropped SMILES CN(C)CC[N-]C([N-][Si](C)(C)C)c1ccccc1.C[Si](C)(C)[CH-][Si](C)(C)C.C[Si](C)(C)[CH-][Si](C)(C)C.[Y]; emitting sentinel -1.0
2026-05-12 10:03:07,154 [WARNING] ms-clip dropped SMILES CC1(C)CC(NC(=O)c2ccccc2)C(Cc2ccccc2)C(NC(=O)c2ccccc2)C1.[CH2-]c1ccccc1.[CH2-]c1ccccc1.[Ti+2]; emitting sentinel -1.0
2026-05-12 10:03:07,154 [WARNING] ms-clip dropped SMILES C=Cc1c2[n-]c(c1C)/C=C1\[N-]C([C@@H](CCC(=O)OC/C=C\C)[C@@H]1C)[C@H]1c3[n-]c(c(C)c3C(=O)[C@@H]1C(=O)OC)/C=c1\[n-]/c(c(C)c1CC)=C\2.[Mg+2]; emitting sentinel -1.0
2026-05-12 10:03:07,154 [WARNING] ms-clip dropped SMILES C=Cc1c2[n-]c(c1C)/C=C1\[N-]/C(=C3\c4[n-]c(c(C)c4C(=O)[C@@H]3C(=O)OC)/C=c3\[n-]/c(c(C)c3CC)=C\2)[C@@H](CCC(O)OC/C=C/C)[C@@H]1C.[Mg+2]; emitting sentinel -1.0
2026-05-12 10:03:07,179 [INFO] spec 240/500  MassSpecGymID0372011  pool=256  pred=VYTUJXKQBGJYKL  correct=False  t=12.2s
2026-05-12 10:03:07,317 [INFO] ms-clip: auto-picked GPU 7 (free 17392 MiB)
2026-05-12 10:03:07,317 [INFO] ms-clip: using CUDA_VISIBLE_DEVICES=7
2026-05-12 10:03:07,317 [INFO] ms-clip: launching predict_smi (n_candidates=256)
2026-05-12 10:03:19,066 [WARNING] ms-clip dropped SMILES CCCCCCCCCCCCCCCCCC(=O)O.S=C(Nc1ccccc1)c1ccccc1.[Pb]; emitting sentinel -1.0
2026-05-12 10:03:19,066 [WARNING] ms-clip dropped SMILES CCCC[Sn](CCCC)(CCCC)[C@@H]1[C@H](Cn2cnc3ccccc32)N1C(c1ccccc1)(c1ccccc1)c1ccccc1; emitting sentinel -1.0
2026-05-12 10:03:19,231 [INFO] ms-clip: auto-picked GPU 7 (free 20046 MiB)
2026-05-12 10:03:19,231 [INFO] ms-clip: using CUDA_VISIBLE_DEVICES=7
2026-05-12 10:03:19,231 [INFO] ms-clip: launching predict_smi (n_candidates=256)
2026-05-12 10:03:30,821 [WARNING] ms-clip dropped SMILES CC(=S)SC(C)(C)C(C)(C)C(C)(C)C(C)(C)[C-](C)C.[Rf]; emitting sentinel -1.0
2026-05-12 10:03:30,976 [INFO] ms-clip: auto-picked GPU 7 (free 17392 MiB)
2026-05-12 10:03:30,976 [INFO] ms-clip: using CUDA_VISIBLE_DEVICES=7
2026-05-12 10:03:30,976 [INFO] ms-clip: launching predict_smi (n_candidates=256)
2026-05-12 10:03:43,508 [INFO] ms-clip: auto-picked GPU 7 (free 17393 MiB)
2026-05-12 10:03:43,508 [INFO] ms-clip: using CUDA_VISIBLE_DEVICES=7
2026-05-12 10:03:43,508 [INFO] ms-clip: launching predict_smi (n_candidates=256)
2026-05-12 10:03:55,405 [WARNING] ms-clip dropped SMILES CC(C)(C)OC(=O)N1Cc2ccc([Sn](C)(C)C)nc2C1=O; emitting sentinel -1.0
2026-05-12 10:03:55,555 [INFO] ms-clip: auto-picked GPU 7 (free 17392 MiB)
2026-05-12 10:03:55,556 [INFO] ms-clip: using CUDA_VISIBLE_DEVICES=7
2026-05-12 10:03:55,556 [INFO] ms-clip: launching predict_smi (n_candidates=256)
2026-05-12 10:04:07,422 [WARNING] ms-clip dropped SMILES CCCC/C1=C2/N=C(C(CC)=C2CC)C(c2ccccc2)C2=N/C(=C(/CCCC)c3[n-]c(c(CC)c3CC)C(CCCC)c3[n-]c1c(CC)c3CC)C(CC)=C2CC.[Ni+2]; emitting sentinel -1.0
2026-05-12 10:04:07,423 [WARNING] ms-clip dropped SMILES CCCC/C1=C2/N=C(C(CC)=C2CC)[C@H](CCCC)c2[n-]c(c(CC)c2CC)/C(CCCC)=C2\N=C(C(CC)=C2CC)[C@H](c2ccccc2)c2[n-]c1c(CC)c2CC.[Ni+2]; emitting sentinel -1.0
2026-05-12 10:04:07,555 [INFO] ms-clip: auto-picked GPU 7 (free 24092 MiB)
2026-05-12 10:04:07,556 [INFO] ms-clip: using CUDA_VISIBLE_DEVICES=7
2026-05-12 10:04:07,556 [INFO] ms-clip: launching predict_smi (n_candidates=256)
2026-05-12 10:04:20,059 [INFO] ms-clip: auto-picked GPU 7 (free 24092 MiB)
2026-05-12 10:04:20,060 [INFO] ms-clip: using CUDA_VISIBLE_DEVICES=7
2026-05-12 10:04:20,060 [INFO] ms-clip: launching predict_smi (n_candidates=256)
2026-05-12 10:04:31,701 [WARNING] ms-clip dropped SMILES CCCCCCCC[Sn]CCCCCCCC.ClCCl; emitting sentinel -1.0
2026-05-12 10:04:31,827 [INFO] ms-clip: auto-picked GPU 7 (free 24092 MiB)
2026-05-12 10:04:31,827 [INFO] ms-clip: using CUDA_VISIBLE_DEVICES=7
2026-05-12 10:04:31,828 [INFO] ms-clip: launching predict_smi (n_candidates=256)
2026-05-12 10:04:43,729 [INFO] ms-clip: auto-picked GPU 7 (free 24092 MiB)
2026-05-12 10:04:43,729 [INFO] ms-clip: using CUDA_VISIBLE_DEVICES=7
2026-05-12 10:04:43,729 [INFO] ms-clip: launching predict_smi (n_candidates=256)
2026-05-12 10:04:55,963 [WARNING] ms-clip dropped SMILES CCC/C(=C/C(=O)OCC)[Te]1(Cl)CC23CCC(CC2O1)C3(C)C; emitting sentinel -1.0
2026-05-12 10:04:55,963 [WARNING] ms-clip dropped SMILES C=C.[Ni].c1ccc(Pc2ccccc2)cc1.c1ccc(Pc2ccccc2)cc1; emitting sentinel -1.0
2026-05-12 10:04:55,963 [WARNING] ms-clip dropped SMILES CC(=O)/C=C(/C)O.CC(=O)/C=C(/C)O.CC(=O)/C=C(\C)O.[Gd]; emitting sentinel -1.0
2026-05-12 10:04:55,964 [WARNING] ms-clip dropped SMILES CC(=O)C(CCC(=O)CN)[N-]C(=O)c1[c-]cc(C)cc1.[W+2]; emitting sentinel -1.0
2026-05-12 10:04:55,964 [WARNING] ms-clip dropped SMILES CC(C)N1[C]N(C(C)C)C=C1.C[C]1[CH][CH][C](C(C)C)[CH][CH]1.Cl[Ru]Cl; emitting sentinel -1.0
2026-05-12 10:04:56,094 [INFO] ms-clip: auto-picked GPU 7 (free 24092 MiB)
2026-05-12 10:04:56,094 [INFO] ms-clip: using CUDA_VISIBLE_DEVICES=7
2026-05-12 10:04:56,095 [INFO] ms-clip: launching predict_smi (n_candidates=256)
2026-05-12 10:05:08,683 [INFO] spec 250/500  MassSpecGymID0211202  pool=256  pred=OYFCDWLVIVPEDW  correct=True  t=12.7s
2026-05-12 10:05:08,791 [INFO] ms-clip: auto-picked GPU 7 (free 24092 MiB)
2026-05-12 10:05:08,792 [INFO] ms-clip: using CUDA_VISIBLE_DEVICES=7
2026-05-12 10:05:08,792 [INFO] ms-clip: launching predict_smi (n_candidates=256)
2026-05-12 10:05:20,934 [WARNING] ms-clip dropped SMILES CC(C)(C)/N=C/c1ccc(C(C)(C)c2ccc(/C=N/C(C)(C)C)[n-]2)[n-]1.CC(C)(C)/N=C/c1ccc(C(C)(C)c2ccc(/C=N/C(C)(C)C)[n-]2)[n-]1.[Mn+2].[Mn+2]; emitting sentinel -1.0
2026-05-12 10:05:20,934 [WARNING] ms-clip dropped SMILES CC1CC2C(c3ccc(C(C)(C)C)cc3)CCCC2C1[Si](C)(C)C1C(C)CC2C(c3ccc(C(C)(C)C)cc3)CCCC21.Cl[Zr+2]Cl.[CH3-].[CH3-]; emitting sentinel -1.0
2026-05-12 10:05:20,934 [WARNING] ms-clip dropped SMILES COc1c(C(C)(C)C)cc(C2CCCC3C2CCC3[Si](C)(C)[Si](C)(C)C2CCC(CC(C)(C)C)C2)cc1C(C)(C)C.Cl[Zr+2]Cl.[CH3-].[CH3-]; emitting sentinel -1.0
2026-05-12 10:05:20,934 [WARNING] ms-clip dropped SMILES C/[C-]=C\CC(C)C.CC(C)(C)c1cccc(-c2cccc3[cH-]ccc23)c1.CC(C)(C)c1cccc(-c2cccc3[cH-]ccc23)c1.[CH3-].[Hf+4]; emitting sentinel -1.0
2026-05-12 10:05:20,934 [WARNING] ms-clip dropped SMILES CC1CCCN1C(=S)Nc1cc2c(c3c1=CC=C[N-]3)[N-]C=CC=2.CN1CCCCC1C1CCCC[N-]1.CN1CCCCC1C1CCCC[N-]1.[Ru+4]; emitting sentinel -1.0
2026-05-12 10:05:20,935 [WARNING] ms-clip dropped SMILES C#Cc1ccc(-c2c3nc(c(-c4c(C)cc(C)cc4C)c4ccc([n-]4)c(-c4c(C)cc(C)cc4C)c4nc(c(-c5c(C)cc(C)cc5C)c5ccc2[n-]5)C=C4)C=C3)cc1.[Mg+2]; emitting sentinel -1.0
2026-05-12 10:05:21,092 [INFO] ms-clip: auto-picked GPU 7 (free 17392 MiB)
2026-05-12 10:05:21,092 [INFO] ms-clip: using CUDA_VISIBLE_DEVICES=7
2026-05-12 10:05:21,092 [INFO] ms-clip: launching predict_smi (n_candidates=256)
2026-05-12 10:05:33,973 [WARNING] ms-clip dropped SMILES CCCOc1ccc(PC(=O)c2c(OC)cc(OC)cc2OC)c(C)c1.[Li]; emitting sentinel -1.0
2026-05-12 10:05:33,973 [WARNING] ms-clip dropped SMILES COc1cc(OC)c(C(=O)Pc2ccc(OC(C)(C)C)cc2)c(OC)c1.[Li+]; emitting sentinel -1.0
2026-05-12 10:05:34,101 [INFO] ms-clip: auto-picked GPU 7 (free 24092 MiB)
2026-05-12 10:05:34,101 [INFO] ms-clip: using CUDA_VISIBLE_DEVICES=7
2026-05-12 10:05:34,101 [INFO] ms-clip: launching predict_smi (n_candidates=256)
2026-05-12 10:05:46,377 [WARNING] ms-clip dropped SMILES C[N-]C.C[N-]C.C[N-]C.[Zr+4].c1cc[c-](C2CCC2)c1; emitting sentinel -1.0
2026-05-12 10:05:46,528 [INFO] ms-clip: auto-picked GPU 7 (free 24092 MiB)
2026-05-12 10:05:46,528 [INFO] ms-clip: using CUDA_VISIBLE_DEVICES=7
2026-05-12 10:05:46,528 [INFO] ms-clip: launching predict_smi (n_candidates=256)
2026-05-12 10:05:57,700 [WARNING] ms-clip dropped SMILES O=C(O)c1ccccc1[TlH2]; emitting sentinel -1.0
2026-05-12 10:05:57,700 [WARNING] ms-clip dropped SMILES Nc1c(F)cccc1F.[CH3-].[W]; emitting sentinel -1.0
[10:05:57] WARNING: not removing hydrogen atom without neighbors
2026-05-12 10:05:57,825 [INFO] ms-clip: auto-picked GPU 7 (free 24092 MiB)
2026-05-12 10:05:57,826 [INFO] ms-clip: using CUDA_VISIBLE_DEVICES=7
2026-05-12 10:05:57,826 [INFO] ms-clip: launching predict_smi (n_candidates=256)
2026-05-12 10:06:10,458 [WARNING] ms-clip dropped SMILES CC(C)(CO)/N=C/c1ccccc1O.CC(C)(CO)/N=C/c1ccccc1O.[Ni]; emitting sentinel -1.0
2026-05-12 10:06:10,459 [WARNING] ms-clip dropped SMILES CC(C)(CO)N/C=C1/C=CC=CC1=O.CC(C)(CO)N/C=C1/C=CC=CC1=O.[Ni]; emitting sentinel -1.0
2026-05-12 10:06:10,589 [INFO] ms-clip: auto-picked GPU 7 (free 24092 MiB)
2026-05-12 10:06:10,590 [INFO] ms-clip: using CUDA_VISIBLE_DEVICES=7
2026-05-12 10:06:10,590 [INFO] ms-clip: launching predict_smi (n_candidates=256)
2026-05-12 10:06:23,386 [WARNING] ms-clip dropped SMILES CC(C)(C)c1ccnc(-c2cc(C(C)(C)C)ccn2)c1.C[SiH](C)c1ccccc1[SiH](C)C.C[Si](C)c1ccccc1[Si](C)C.[CH3-].[CH3-].[Ru+2]; emitting sentinel -1.0
2026-05-12 10:06:23,386 [WARNING] ms-clip dropped SMILES Cl[Ru](Cl)=C=Cc1ccccc1.c1cn(C2CCCCC2)c(=P(C2CCCCC2)(C2CCCCC2)C2CCCCC2)n1C1CCCCC1; emitting sentinel -1.0
2026-05-12 10:06:23,386 [WARNING] ms-clip dropped SMILES CC(C)(C)C1=[C-]C(C)(C)c2cc3c(cc21)-c1cc2c(cc1C3)C(C)(C)C=C2C(C)(C)C.Cc1cc(C(C)(C)C)c[cH-]1.[Cl-].[Cl-].[Zr+2]=C1CCCCC1; emitting sentinel -1.0
2026-05-12 10:06:23,386 [WARNING] ms-clip dropped SMILES CC(C)c1cccc(C(C)C)c1[N-]C(c1cccc(-c2[c-]cccc2)n1)c1cc2ccccc2c2ccccc12.C[N-]C.C[N-]C.[Hf]; emitting sentinel -1.0
2026-05-12 10:06:23,386 [WARNING] ms-clip dropped SMILES CC(C)(C)/C(C(=O)O)=C(\Cc1ccccc1)C(=O)O.CC(C)(C)/C(C(=O)O)=C(\Cc1ccccc1)C(=O)O.CCCCCC[Sn]CCCC; emitting sentinel -1.0
2026-05-12 10:06:23,386 [WARNING] ms-clip dropped SMILES CC(C)(C)c1cc([N-]c2ccccc2Oc2ccccc2)c([S-])c(C(C)(C)C)c1.Cc1ccccc1[N-]c1cc(C(C)(C)C)cc(C(C)(C)C)c1[S-].[Ni]; emitting sentinel -1.0
2026-05-12 10:06:23,386 [WARNING] ms-clip dropped SMILES CC(C)c1cc(C(C)C)c(-c2ccccc2[PH+](C2CCCCC2)C2CCCCC2)c(C(C)C)c1.Cl[Pd+].Nc1ccccc1-c1[c-]cccc1; emitting sentinel -1.0
2026-05-12 10:06:23,386 [WARNING] ms-clip dropped SMILES CC(C)c1cc(C(C)C)c(-c2cccc(P(C3CCCCC3)C3CCCCC3)c2)c(C(C)C)c1.Nc1ccccc1-c1ccccc1.[Cl-].[Pd]; emitting sentinel -1.0
2026-05-12 10:06:23,387 [WARNING] ms-clip dropped SMILES CC(C)=[Zr+2].C[C-]1C2=C3Cc4ccccc4C3=C3C=CCCC3C2(C)C(C)(C)C(C)(C)C1(C)C.[Cl-].[Cl-].c1cc(C23CC4CC(CC(C4)C2)C3)c[cH-]1; emitting sentinel -1.0
2026-05-12 10:06:23,527 [INFO] ms-clip: auto-picked GPU 7 (free 24092 MiB)
2026-05-12 10:06:23,527 [INFO] ms-clip: using CUDA_VISIBLE_DEVICES=7
2026-05-12 10:06:23,527 [INFO] ms-clip: launching predict_smi (n_candidates=256)
2026-05-12 10:06:35,946 [WARNING] ms-clip dropped SMILES CC[Si](CC)(CC)c1ccc(C(=[Zr+2])c2ccc([Si](CC)(CC)CC)cc2)cc1.c1ccc2[cH-]ccc2c1.c1ccc2[cH-]ccc2c1; emitting sentinel -1.0
2026-05-12 10:06:35,946 [WARNING] ms-clip dropped SMILES CCCC[Sn](CCCC)(CCCC)CC[Si]1(c2ccccc2)CC[Sn](CCCC)(CCCC)CC1; emitting sentinel -1.0
2026-05-12 10:06:35,946 [WARNING] ms-clip dropped SMILES CC(C)c1cc(-c2ccc(-c3ccc([Ge](C)(C)C)cc3)cc2)cc(C(C)C)c1-n1c(-c2cccc3c2oc2ccccc23)nc2ccccc21; emitting sentinel -1.0
2026-05-12 10:06:35,947 [WARNING] ms-clip dropped SMILES CCOc1cc(CN(O)c2ccc(-c3ccccc3F)cc2NC)ccc1OC.CSC.O.[U]; emitting sentinel -1.0
2026-05-12 10:06:36,085 [INFO] ms-clip: auto-picked GPU 7 (free 24092 MiB)
2026-05-12 10:06:36,086 [INFO] ms-clip: using CUDA_VISIBLE_DEVICES=7
2026-05-12 10:06:36,086 [INFO] ms-clip: launching predict_smi (n_candidates=256)
2026-05-12 10:06:47,947 [WARNING] ms-clip dropped SMILES CC(C)(C)[PH+](CCNCC[PH+](C(C)(C)C)C(C)(C)C)C(C)(C)C.CC(O)CC(C)O.[Rh]; emitting sentinel -1.0
2026-05-12 10:06:48,083 [INFO] ms-clip: auto-picked GPU 7 (free 24092 MiB)
2026-05-12 10:06:48,084 [INFO] ms-clip: using CUDA_VISIBLE_DEVICES=7
2026-05-12 10:06:48,084 [INFO] ms-clip: launching predict_smi (n_candidates=256)
2026-05-12 10:06:59,849 [WARNING] ms-clip dropped SMILES CCCCCC(=O)O.CCCCCC(=O)O.[Rh]; emitting sentinel -1.0
2026-05-12 10:06:59,850 [WARNING] ms-clip dropped SMILES CN(C)c1cccc2cccc([Sn](C)(C)C)c12; emitting sentinel -1.0
2026-05-12 10:06:59,977 [INFO] ms-clip: auto-picked GPU 7 (free 24092 MiB)
2026-05-12 10:06:59,978 [INFO] ms-clip: using CUDA_VISIBLE_DEVICES=7
2026-05-12 10:06:59,978 [INFO] ms-clip: launching predict_smi (n_candidates=256)
2026-05-12 10:07:11,971 [WARNING] ms-clip dropped SMILES C=CCCCCCCCC(=O)[O-].C=CCCCCCCCC(=O)[O-].[Ca+2]; emitting sentinel -1.0
2026-05-12 10:07:11,972 [WARNING] ms-clip dropped SMILES CCCCCCCCCCCCC/C=C/CC(CC(=O)[O-])C(=O)[O-].[Ca+2]; emitting sentinel -1.0
2026-05-12 10:07:11,990 [INFO] spec 260/500  MassSpecGymID0206353  pool=256  pred=MLYPKMKIOXLVAN  correct=False  t=12.1s
2026-05-12 10:07:12,096 [INFO] ms-clip: auto-picked GPU 7 (free 24092 MiB)
2026-05-12 10:07:12,097 [INFO] ms-clip: using CUDA_VISIBLE_DEVICES=7
2026-05-12 10:07:12,097 [INFO] ms-clip: launching predict_smi (n_candidates=256)
2026-05-12 10:07:24,225 [WARNING] ms-clip dropped SMILES CCCCOC(CC)C(=O)CC(=O)[O-].CCCCOC(CC)C(=O)CC(=O)[O-].CCCCOC(CC)C(=O)CC(=O)[O-].[Al+3]; emitting sentinel -1.0
2026-05-12 10:07:24,356 [INFO] ms-clip: auto-picked GPU 7 (free 24092 MiB)
2026-05-12 10:07:24,357 [INFO] ms-clip: using CUDA_VISIBLE_DEVICES=7
2026-05-12 10:07:24,357 [INFO] ms-clip: launching predict_smi (n_candidates=256)
2026-05-12 10:07:36,769 [INFO] ms-clip: auto-picked GPU 7 (free 24092 MiB)
2026-05-12 10:07:36,770 [INFO] ms-clip: using CUDA_VISIBLE_DEVICES=7
2026-05-12 10:07:36,770 [INFO] ms-clip: launching predict_smi (n_candidates=256)
2026-05-12 10:07:49,308 [WARNING] ms-clip dropped SMILES CC(C)(C)C1CCCC1.CC(C)(C)C1CCCC1.Cl[Zr+2]Cl.[CH3-].[CH3-]; emitting sentinel -1.0
2026-05-12 10:07:49,507 [INFO] ms-clip: auto-picked GPU 7 (free 24092 MiB)
2026-05-12 10:07:49,507 [INFO] ms-clip: using CUDA_VISIBLE_DEVICES=7
2026-05-12 10:07:49,507 [INFO] ms-clip: launching predict_smi (n_candidates=256)
2026-05-12 10:08:02,436 [WARNING] ms-clip dropped SMILES CN(C)C1=CC2=C3C=C(N(C)C)C=CN3CCCN2C=C1.CN1c2ccccc2N(C)C12CCCCC21N(C)c2ccccc2N1C.[Li+].[O-]c1cccc2ccc[nH+]c12; emitting sentinel -1.0
2026-05-12 10:08:02,568 [INFO] ms-clip: auto-picked GPU 7 (free 24092 MiB)
2026-05-12 10:08:02,569 [INFO] ms-clip: using CUDA_VISIBLE_DEVICES=7
2026-05-12 10:08:02,569 [INFO] ms-clip: launching predict_smi (n_candidates=256)
2026-05-12 10:08:14,481 [WARNING] ms-clip dropped SMILES CC(C)=CCC/C(C)=C/CC/C(C)=C/CCN(C)CCOP(=O)([O-])OP(=O)([O-])O.[Mg+2]; emitting sentinel -1.0
2026-05-12 10:08:14,608 [INFO] ms-clip: auto-picked GPU 7 (free 24092 MiB)
2026-05-12 10:08:14,608 [INFO] ms-clip: using CUDA_VISIBLE_DEVICES=7
2026-05-12 10:08:14,608 [INFO] ms-clip: launching predict_smi (n_candidates=256)
2026-05-12 10:08:26,518 [INFO] ms-clip: auto-picked GPU 7 (free 24092 MiB)
2026-05-12 10:08:26,518 [INFO] ms-clip: using CUDA_VISIBLE_DEVICES=7
2026-05-12 10:08:26,519 [INFO] ms-clip: launching predict_smi (n_candidates=256)
2026-05-12 10:08:38,466 [WARNING] ms-clip dropped SMILES C=CCc1cc(O)cc2c1C[C@@H]1[C@@H]3CCCC[C@]23CCN1[Sn](CCCC)(CCCC)CCCC; emitting sentinel -1.0
2026-05-12 10:08:38,466 [WARNING] ms-clip dropped SMILES CCCCCC[Sn](CCCCCC)(CCCCCC)Sc1nc(NCC)nc(NCC)n1; emitting sentinel -1.0
2026-05-12 10:08:38,466 [WARNING] ms-clip dropped SMILES CCOC(=O)C1CCN(Cc2ccccc2)C1.CON(C)C(=O)C1CCN(Cc2ccccc2)C1.C[Al](C)Cl; emitting sentinel -1.0
2026-05-12 10:08:38,619 [INFO] ms-clip: auto-picked GPU 7 (free 24092 MiB)
2026-05-12 10:08:38,619 [INFO] ms-clip: using CUDA_VISIBLE_DEVICES=7
2026-05-12 10:08:38,619 [INFO] ms-clip: launching predict_smi (n_candidates=256)
2026-05-12 10:08:51,197 [INFO] ms-clip: auto-picked GPU 7 (free 24092 MiB)
2026-05-12 10:08:51,197 [INFO] ms-clip: using CUDA_VISIBLE_DEVICES=7
2026-05-12 10:08:51,197 [INFO] ms-clip: launching predict_smi (n_candidates=256)
2026-05-12 10:09:03,426 [WARNING] ms-clip dropped SMILES CCCCCCCCCCCC[Sn+](CCCCCCCCCCCC)CCCCCCCCCCCC.CN(C)C(=S)[S-]; emitting sentinel -1.0
2026-05-12 10:09:03,426 [WARNING] ms-clip dropped SMILES CC(C)(C)c1cc(CN(Cc2cc(C(C)(C)C)cc(C(C)(C)C)c2[O-])Cc2cc(C(C)(C)C)cc(C(C)(C)C)c2[O-])c([O-])c(C(C)(C)C)c1.C[O-].[Ti+4]; emitting sentinel -1.0
2026-05-12 10:09:03,427 [WARNING] ms-clip dropped SMILES C[CH-]c1[c-]c(C(=O)c2cccs2)ccc1.[Y].[Y].[Y].[Y].[Y].[Y]; emitting sentinel -1.0
2026-05-12 10:09:03,427 [WARNING] ms-clip dropped SMILES [CH2-]C[CH-]CC[CH2-].[CH2-]C[CH2-].[Y].[Y].[Y].[Y].[Y].[Y].[Y]; emitting sentinel -1.0
2026-05-12 10:09:03,427 [WARNING] ms-clip dropped SMILES C[CH-]CC1CCCCC1.[Y].[Y].[Y].[Y].[Y].[Y].[Y]; emitting sentinel -1.0
2026-05-12 10:09:03,555 [INFO] ms-clip: auto-picked GPU 7 (free 24092 MiB)
2026-05-12 10:09:03,556 [INFO] ms-clip: using CUDA_VISIBLE_DEVICES=7
2026-05-12 10:09:03,556 [INFO] ms-clip: launching predict_smi (n_candidates=256)
2026-05-12 10:09:15,616 [INFO] spec 270/500  MassSpecGymID0012652  pool=256  pred=OJYUSGQDUGFHOF  correct=False  t=12.2s
2026-05-12 10:09:15,729 [INFO] ms-clip: auto-picked GPU 7 (free 24092 MiB)
2026-05-12 10:09:15,729 [INFO] ms-clip: using CUDA_VISIBLE_DEVICES=7
2026-05-12 10:09:15,729 [INFO] ms-clip: launching predict_smi (n_candidates=256)
2026-05-12 10:09:27,185 [WARNING] ms-clip dropped SMILES CC(C)c1cccc(C(C)C)c1N1[CH-]C2(CC1(C)C)C1CC3CC(C1)CC2C3.Cl[Ag]; emitting sentinel -1.0
2026-05-12 10:09:27,186 [WARNING] ms-clip dropped SMILES CCC1=[C-]CC=C1.CCC1=[C-]CC=C1.CCc1cccc(O)c1.CCc1cccc(O)c1.[Zr+2]; emitting sentinel -1.0
2026-05-12 10:09:27,186 [WARNING] ms-clip dropped SMILES CCCCC1=[C-]CC=C1.CCCCC1=[C-]CC=C1.Oc1ccccc1.Oc1ccccc1.[Zr+2]; emitting sentinel -1.0
2026-05-12 10:09:27,186 [WARNING] ms-clip dropped SMILES CC[c-]1cccc1.CC[c-]1cccc1.CCc1ccccc1O.CCc1ccccc1O.[Zr+2]; emitting sentinel -1.0
2026-05-12 10:09:27,315 [INFO] ms-clip: auto-picked GPU 7 (free 24092 MiB)
2026-05-12 10:09:27,315 [INFO] ms-clip: using CUDA_VISIBLE_DEVICES=7
2026-05-12 10:09:27,315 [INFO] ms-clip: launching predict_smi (n_candidates=256)
2026-05-12 10:09:38,986 [INFO] ms-clip: auto-picked GPU 7 (free 24092 MiB)
2026-05-12 10:09:38,986 [INFO] ms-clip: using CUDA_VISIBLE_DEVICES=7
2026-05-12 10:09:38,986 [INFO] ms-clip: launching predict_smi (n_candidates=256)
2026-05-12 10:09:51,088 [WARNING] ms-clip dropped SMILES CCCCCCCCCCCCCCCCOP(=O)([O-])[O-].CCCCCCCCCCCCCCCCOS(=O)(=O)c1cccc2cc3ccccc3cc12.[Mn+2]; emitting sentinel -1.0
2026-05-12 10:09:51,088 [WARNING] ms-clip dropped SMILES Cc1c(C)[n+](C)c(-c2c3nc(c(-c4n(C)c(C)c(C)[n+]4C)c4ccc([nH]4)c(-c4n(C)c(C)c(C)[n+]4C)c4nc(c(-c5n(C)c(C)c(C)[n+]5C)c5ccc2[nH]5)C=C4)C=C3)n1C.[Mn+3]; emitting sentinel -1.0
2026-05-12 10:09:51,088 [WARNING] ms-clip dropped SMILES CCn1cc[n+](CC)c1-c1c2nc(c(-c3n(CC)cc[n+]3CC)c3ccc([nH]3)c(-c3n(CC)cc[n+]3CC)c3ccc([nH]3)c(-c3n(CC)cc[n+]3CC)c3nc1C=C3)C=C2.[Mn+3]; emitting sentinel -1.0
2026-05-12 10:09:51,088 [WARNING] ms-clip dropped SMILES CC(C)c1cccc(C(C)C)c1N1C=CN(c2c(C(C)C)cccc2C(C)C)B1/C=C(\[Sn]N(c1c(C(C)C)cccc1C(C)C)[Si](C)(C)C)c1ccccc1; emitting sentinel -1.0
2026-05-12 10:09:51,089 [WARNING] ms-clip dropped SMILES CCn1cc[n+](CC)c1-c1c2nc(c(-c3n(CC)cc[n+]3CC)c3ccc([nH]3)c(-c3n(CC)cc[n+]3CC)c3nc(c(-c4n(CC)cc[n+]4CC)c4ccc1[nH]4)C=C3)C=C2.[Mn+3]; emitting sentinel -1.0
[10:09:51] WARNING: not removing hydrogen atom without neighbors
[10:09:51] WARNING: not removing hydrogen atom without neighbors
2026-05-12 10:09:51,225 [INFO] ms-clip: auto-picked GPU 7 (free 24092 MiB)
2026-05-12 10:09:51,225 [INFO] ms-clip: using CUDA_VISIBLE_DEVICES=7
2026-05-12 10:09:51,225 [INFO] ms-clip: launching predict_smi (n_candidates=256)
2026-05-12 10:10:02,984 [WARNING] ms-clip dropped SMILES Cl.Nc1nc2nc[nH]c2c(=O)[nH]1.O=[Bi]; emitting sentinel -1.0
2026-05-12 10:10:02,985 [WARNING] ms-clip dropped SMILES O=[Ge](OC1=C(O)C(C(O)CO)OC1)OC1=C(O)COC1C(O)CO; emitting sentinel -1.0
2026-05-12 10:10:02,985 [WARNING] ms-clip dropped SMILES C1CCOC1.C1CCOC1.CC(C)(C)C=[Nb](Cl)(Cl)Cl; emitting sentinel -1.0
2026-05-12 10:10:03,115 [INFO] ms-clip: auto-picked GPU 7 (free 24092 MiB)
2026-05-12 10:10:03,115 [INFO] ms-clip: using CUDA_VISIBLE_DEVICES=7
2026-05-12 10:10:03,115 [INFO] ms-clip: launching predict_smi (n_candidates=256)
2026-05-12 10:10:14,997 [WARNING] ms-clip dropped SMILES Cc1ccc(N(c2ccc(N(c3ccccc3)c3ccccc3)cc2)c2ccc([Ge](c3ccccc3)(c3ccccc3)c3ccccc3)cc2)cc1; emitting sentinel -1.0
2026-05-12 10:10:14,997 [WARNING] ms-clip dropped SMILES CCCCC(CC)COC(=O)CS[Sb](SCC(=O)OCC(CC)CCCC)SCC(=O)OCC(CC)CCCC; emitting sentinel -1.0
2026-05-12 10:10:14,997 [WARNING] ms-clip dropped SMILES CC(O)CC(C)O.CN1[CH-]N(c2[c-]cccc2)c2ccccc21.[CH2-]C=C[PH+](c1ccccc1)c1ccccc1.[Os]; emitting sentinel -1.0
2026-05-12 10:10:15,157 [INFO] ms-clip: auto-picked GPU 7 (free 24092 MiB)
2026-05-12 10:10:15,158 [INFO] ms-clip: using CUDA_VISIBLE_DEVICES=7
2026-05-12 10:10:15,158 [INFO] ms-clip: launching predict_smi (n_candidates=256)
2026-05-12 10:10:27,184 [INFO] ms-clip: auto-picked GPU 7 (free 24092 MiB)
2026-05-12 10:10:27,184 [INFO] ms-clip: using CUDA_VISIBLE_DEVICES=7
2026-05-12 10:10:27,184 [INFO] ms-clip: launching predict_smi (n_candidates=256)
2026-05-12 10:10:39,037 [WARNING] ms-clip dropped SMILES CCC(C)OC(OC(C)CC1CCCCC1)c1ccc(C(=O)NC(CCSC)C(=O)O)c(-c2ccccc2C)c1.[Li]; emitting sentinel -1.0
2026-05-12 10:10:39,037 [WARNING] ms-clip dropped SMILES C.C=C(C(C)=O)N1CCC(CC(=O)OC)CC1.C=C(C(C)=O)N1CCC(CC(=O)OC)CC1.CC.[CH2-]C.[V]; emitting sentinel -1.0
2026-05-12 10:10:39,037 [WARNING] ms-clip dropped SMILES CC(C)(C)[Si](C)(C)O.CC(C)(C)[Si](C)(C)O.CC(C)(C)[Si](C)(C)O.CC(C)(C)[Si](C)(C)O.[Ti]; emitting sentinel -1.0
2026-05-12 10:10:39,172 [INFO] ms-clip: auto-picked GPU 7 (free 24092 MiB)
2026-05-12 10:10:39,172 [INFO] ms-clip: using CUDA_VISIBLE_DEVICES=7
2026-05-12 10:10:39,172 [INFO] ms-clip: launching predict_smi (n_candidates=256)
2026-05-12 10:10:51,487 [INFO] ms-clip: auto-picked GPU 7 (free 24092 MiB)
2026-05-12 10:10:51,487 [INFO] ms-clip: using CUDA_VISIBLE_DEVICES=7
2026-05-12 10:10:51,487 [INFO] ms-clip: launching predict_smi (n_candidates=256)
2026-05-12 10:11:02,967 [WARNING] ms-clip dropped SMILES COC([O-])(CC(NC(=O)OC(C)(C)C)C1COC(C)(C)O1)c1cccs1.[Li+]; emitting sentinel -1.0
2026-05-12 10:11:03,092 [INFO] ms-clip: auto-picked GPU 7 (free 24092 MiB)
2026-05-12 10:11:03,092 [INFO] ms-clip: using CUDA_VISIBLE_DEVICES=7
2026-05-12 10:11:03,092 [INFO] ms-clip: launching predict_smi (n_candidates=256)
2026-05-12 10:11:15,938 [WARNING] ms-clip dropped SMILES [CH2-]C(C)=O.[CH2-]CN1CC2CCN(C)C2C1.[W+2]; emitting sentinel -1.0
2026-05-12 10:11:15,938 [WARNING] ms-clip dropped SMILES C1=CC2OC[n+]3c(sc4ccccc43)C2C=C1.[Li+].[O-]c1cccc2ccc[nH+]c12; emitting sentinel -1.0
2026-05-12 10:11:16,084 [INFO] spec 280/500  MassSpecGymID0247776  pool=256  pred=KQIXOBKAGZBVGB  correct=True  t=13.1s
2026-05-12 10:11:16,217 [INFO] ms-clip: auto-picked GPU 7 (free 23008 MiB)
2026-05-12 10:11:16,218 [INFO] ms-clip: using CUDA_VISIBLE_DEVICES=7
2026-05-12 10:11:16,218 [INFO] ms-clip: launching predict_smi (n_candidates=256)
2026-05-12 10:11:28,386 [INFO] ms-clip: auto-picked GPU 7 (free 22094 MiB)
2026-05-12 10:11:28,387 [INFO] ms-clip: using CUDA_VISIBLE_DEVICES=7
2026-05-12 10:11:28,387 [INFO] ms-clip: launching predict_smi (n_candidates=256)
2026-05-12 10:11:40,113 [WARNING] ms-clip dropped SMILES CC#N.CC(C)c1cc(C(C)C)n([B-](n2nc(C(C)C)cc2C(C)C)n2nc(C(C)C)cc2C(C)C)n1.[Cu+]; emitting sentinel -1.0
2026-05-12 10:11:40,297 [INFO] ms-clip: auto-picked GPU 7 (free 23700 MiB)
2026-05-12 10:11:40,297 [INFO] ms-clip: using CUDA_VISIBLE_DEVICES=7
2026-05-12 10:11:40,297 [INFO] ms-clip: launching predict_smi (n_candidates=256)
2026-05-12 10:11:53,400 [WARNING] ms-clip dropped SMILES Cn1c2nc3nc(nc4[n-]c(nc5nc(nc1c1cc6ccccc6cc12)-c1cc2ccccc2cc1-5)c1cc2ccccc2cc41)-c1cc2ccccc2cc1-3.O=[V]; emitting sentinel -1.0
2026-05-12 10:11:53,400 [WARNING] ms-clip dropped SMILES C=CCN(C)Cc1cccc(N)c1.C=CCN(C)Cc1cccc([N+](=O)[O-])c1.C=CCNC.Cl[Sn]Cl.O=Cc1cccc([N+](=O)[O-])c1; emitting sentinel -1.0
2026-05-12 10:11:53,400 [WARNING] ms-clip dropped SMILES Cc1cc(Oc2[c-]c3c(cc2)c2ccccc2n3-c2cc(F)ccn2)[c-]c(-n2nc(-c3ccccc3)c(-c3c(C)cccc3C)c2-c2ccccc2)c1.[Pd+2]; emitting sentinel -1.0
2026-05-12 10:11:53,400 [WARNING] ms-clip dropped SMILES CCOC(=O)C(C(=O)OCC)=C(C)C.CCOC(=O)C(C(=O)OCC)C(C)(C)c1ccc(C(F)(F)F)cc1.FC(F)(F)c1cc[c-]cc1.[Br-].[Mg+2]; emitting sentinel -1.0
2026-05-12 10:11:53,400 [WARNING] ms-clip dropped SMILES Cc1cc(C)c(/N=C2C(=N/c3c(C)cc(C)cc3-c3cccc4ccccc34)/c3c(C)c(Cl)cc4cccc/2c34)c(-c2cccc3ccccc23)c1.[Pd]; emitting sentinel -1.0
2026-05-12 10:11:53,400 [WARNING] ms-clip dropped SMILES Fc1c[c-]c(-c2cccc(-c3[c-]cc(F)cc3F)n2)c(F)c1.[Au+3].[C-]#Cc1c(C)cc(N(c2ccccc2)c2ccccc2)cc1C; emitting sentinel -1.0
2026-05-12 10:11:53,400 [WARNING] ms-clip dropped SMILES Cc1ccc([C+]2c3ccc([n-]3)[C+](c3ccc([N+](=O)[O-])cc3)c3ccc([n-]3)[C+](c3ccc(C)cc3)c3ccc([n-]3)[C+](c3ccc([N+](=O)[O-])cc3)c3ccc2[n-]3)cc1.[Zn]; emitting sentinel -1.0
2026-05-12 10:11:53,400 [WARNING] ms-clip dropped SMILES CCSC(=S)NCCC1C(=O)O[C-]2CN(C)C3[CH-]CN(Cc4cccc(n4)CN1C2)C(CCNC(=S)SCC[C@H](N)C(=O)O)C(=O)OC3.[Mn+2]; emitting sentinel -1.0
2026-05-12 10:11:53,401 [WARNING] ms-clip dropped SMILES CCCCC(CC)Cc1nc2c3cc([Sn](C)(C)C)sc3c3sc([Sn](C)(C)C)cc3c2nc1CC(CC)CCCC; emitting sentinel -1.0
2026-05-12 10:11:53,401 [WARNING] ms-clip dropped SMILES O=C1C=CC(=C2c3ccc([n-]3)C(=C3C=CC(=O)C=C3)c3ccc([nH]3)C(=C3C=Cc4ccccc4N3)c3ccc([n-]3)C(=C3C=CC(=O)C=C3)c3ccc2[nH]3)C=C1.[OH3+].[Zn+2]; emitting sentinel -1.0
2026-05-12 10:11:53,401 [WARNING] ms-clip dropped SMILES [Hf].c1ccc(-c2ccc(-c3cc4c(ccc5ccccc54)[cH-]3)o2)cc1.c1ccc(-c2ccc(-c3cc4c(ccc5ccccc54)[cH-]3)o2)cc1; emitting sentinel -1.0
2026-05-12 10:11:53,401 [WARNING] ms-clip dropped SMILES C=CCOP(=NC)(N=P(N=P(N=P(N=P(C)(O)OCC)(OCC)OCC)(OCC)OCC)(OCC)OCC)OCC.[NH2-].[Y]; emitting sentinel -1.0
2026-05-12 10:11:53,401 [WARNING] ms-clip dropped SMILES Cc1ccc2c(c1)C(=O)C(c1nc3c4cccnc4c4ncccc4c3[nH]1)CO2.[Ru].c1ccc(-c2ccccn2)nc1.c1ccc(-c2ccccn2)nc1; emitting sentinel -1.0
2026-05-12 10:11:53,401 [WARNING] ms-clip dropped SMILES C.CCOC(=O)C(=O)c1c(Cl)c(C(=O)Nc2ccc(F)c(C#N)c2)n(C)c1C.Cc1c(C(=O)C(=O)O)c(Cl)c(C(=O)Nc2ccc(F)c(C#N)c2)n1C.[Li+].[OH-]; emitting sentinel -1.0
2026-05-12 10:11:53,401 [WARNING] ms-clip dropped SMILES COc1ccc(NC(=O)C(c2ccccc2C)N(CCNC(=O)OCc2ccccc2)C(=O)Cn2cc(C)c(=O)[nH]c2=O)c([N+](=O)[O-])c1.[C-]#[O+].[C-]#[O+].[C-]#[O+].[Cr]; emitting sentinel -1.0
2026-05-12 10:11:53,401 [WARNING] ms-clip dropped SMILES Oc1ccc(-c2c3nc(c(-c4ccc(O)cc4)c4ccc([n-]4)c(-c4ccc5ccccc5n4)c4nc(c(-c5ccc(O)cc5)c5ccc2[n-]5)C=C4)C=C3)cc1.[OH3+].[Zn+2]; emitting sentinel -1.0
2026-05-12 10:11:53,401 [WARNING] ms-clip dropped SMILES CCOc1ccc(C(=N\N=C(/[S-])NC)/C(=N/N=C(\[S-])NCCOC[P+](c2ccccc2)(c2ccccc2)c2ccccc2)c2ccccc2)cc1.[Cu+2]; emitting sentinel -1.0
2026-05-12 10:11:53,557 [INFO] ms-clip: auto-picked GPU 7 (free 23088 MiB)
2026-05-12 10:11:53,558 [INFO] ms-clip: using CUDA_VISIBLE_DEVICES=7
2026-05-12 10:11:53,558 [INFO] ms-clip: launching predict_smi (n_candidates=256)
2026-05-12 10:12:05,213 [WARNING] ms-clip dropped SMILES CCOC(C)Oc1ccc(PC(=O)c2c(OC)cc(OC)cc2OC)cc1.[Li+]; emitting sentinel -1.0
2026-05-12 10:12:05,213 [WARNING] ms-clip dropped SMILES [CH][N+]1(C)CC[N+]([CH])(CCCN2c3ccccc3Sc3ccc(Cl)cc32)CC1; emitting sentinel -1.0
2026-05-12 10:12:05,213 [WARNING] ms-clip dropped SMILES CCCC/[C-]=C(\CCCC)C(C)=[N-].[CH]1[CH][CH][CH][CH]1.[CH]1[CH][CH][CH][CH]1.[Zr+2]; emitting sentinel -1.0
2026-05-12 10:12:05,346 [INFO] ms-clip: auto-picked GPU 7 (free 23056 MiB)
2026-05-12 10:12:05,346 [INFO] ms-clip: using CUDA_VISIBLE_DEVICES=7
2026-05-12 10:12:05,346 [INFO] ms-clip: launching predict_smi (n_candidates=256)
2026-05-12 10:12:17,207 [INFO] ms-clip: auto-picked GPU 7 (free 24092 MiB)
2026-05-12 10:12:17,207 [INFO] ms-clip: using CUDA_VISIBLE_DEVICES=7
2026-05-12 10:12:17,208 [INFO] ms-clip: launching predict_smi (n_candidates=108)
2026-05-12 10:12:28,867 [WARNING] ms-clip dropped SMILES CCCCCCCCCCCCCCCCCC(=O)NCCCCC(N)C(=O)[O-].CCCCCCCCCCCCCCCCCC(=O)NCCCCC(N)C(=O)[O-].[Ca+2]; emitting sentinel -1.0
2026-05-12 10:12:28,867 [WARNING] ms-clip dropped SMILES CCCCCCCCCCCCCCCCC/C([O-])=N/CCCC[C@H](N)C(=O)[O-].CCCCCCCCCCCCCCCCCC(=O)NCCCC[C@H](N)C(=O)O.[Ca+2]; emitting sentinel -1.0
2026-05-12 10:12:28,868 [WARNING] ms-clip dropped SMILES [Cu+2].[O-]c1c(Br)cc(Br)cc1/C=N/Cc1ccccc1Cl.[O-]c1c(Br)cc(Br)cc1/C=N/Cc1ccccc1Cl; emitting sentinel -1.0
2026-05-12 10:12:28,868 [WARNING] ms-clip dropped SMILES CCCCCCCCCCCCCCCCCC(=O)NCCCC[C@H](N)C(=O)[O-].CCCCCCCCCCCCCCCCCC(=O)NCCCC[C@H](N)C(=O)[O-].[Ca+2]; emitting sentinel -1.0
2026-05-12 10:12:29,005 [INFO] ms-clip: auto-picked GPU 7 (free 24092 MiB)
2026-05-12 10:12:29,005 [INFO] ms-clip: using CUDA_VISIBLE_DEVICES=7
2026-05-12 10:12:29,005 [INFO] ms-clip: launching predict_smi (n_candidates=256)
2026-05-12 10:12:40,538 [WARNING] ms-clip dropped SMILES [CH2]CCC.[CH2]CCC.[CH2]CCC.[CH]=CN1CCOC1=O.[Sn]; emitting sentinel -1.0
2026-05-12 10:12:40,668 [INFO] ms-clip: auto-picked GPU 7 (free 24092 MiB)
2026-05-12 10:12:40,668 [INFO] ms-clip: using CUDA_VISIBLE_DEVICES=7
2026-05-12 10:12:40,668 [INFO] ms-clip: launching predict_smi (n_candidates=256)
2026-05-12 10:12:52,653 [WARNING] ms-clip dropped SMILES C[C@H](c1ccccc1)N1C[C-]1C1=NC(C)(C)CO1.[Li+]; emitting sentinel -1.0
2026-05-12 10:12:52,653 [WARNING] ms-clip dropped SMILES C[C@H](c1ccccc1)N1CC1=C1[N]C(C)(C)CO1.[Li]; emitting sentinel -1.0
2026-05-12 10:12:52,768 [INFO] ms-clip: auto-picked GPU 7 (free 24092 MiB)
2026-05-12 10:12:52,769 [INFO] ms-clip: using CUDA_VISIBLE_DEVICES=7
2026-05-12 10:12:52,769 [INFO] ms-clip: launching predict_smi (n_candidates=53)
2026-05-12 10:13:04,662 [WARNING] ms-clip dropped SMILES CC.CC[CH-]c1[c-]cc(C(C)C)cc1.[CH3-].[Y].[Y].[Y].[Y].[Y].[Y]; emitting sentinel -1.0
2026-05-12 10:13:04,865 [INFO] ms-clip: auto-picked GPU 7 (free 24092 MiB)
2026-05-12 10:13:04,865 [INFO] ms-clip: using CUDA_VISIBLE_DEVICES=7
2026-05-12 10:13:04,865 [INFO] ms-clip: launching predict_smi (n_candidates=256)
2026-05-12 10:13:16,560 [INFO] spec 290/500  MassSpecGymID0215817  pool=256  pred=ATZKNJQPPLSNBB  correct=True  t=11.9s
2026-05-12 10:13:16,673 [INFO] ms-clip: auto-picked GPU 7 (free 24092 MiB)
2026-05-12 10:13:16,673 [INFO] ms-clip: using CUDA_VISIBLE_DEVICES=7
2026-05-12 10:13:16,673 [INFO] ms-clip: launching predict_smi (n_candidates=256)
2026-05-12 10:13:29,415 [WARNING] ms-clip dropped SMILES CCCCc1cccc2c1[cH-]c1ccccc12.CCCCc1cccc2c1[cH-]c1ccccc12.Clc1cc[c-]cc1.[CH2-]CCCC.[CH3-].[Ti]; emitting sentinel -1.0
2026-05-12 10:13:29,568 [INFO] ms-clip: auto-picked GPU 7 (free 23200 MiB)
2026-05-12 10:13:29,568 [INFO] ms-clip: using CUDA_VISIBLE_DEVICES=7
2026-05-12 10:13:29,568 [INFO] ms-clip: launching predict_smi (n_candidates=256)
2026-05-12 10:13:40,971 [WARNING] ms-clip dropped SMILES CC[C@H]1O[C@H]1CCCC/C=C\CCCCCCCCCC(=O)OC.CC[C@H]1O[C@H]1CCCCC#CCCCCCCCCCC(=O)OC.[H][H].[Ni].[PH-2]; emitting sentinel -1.0
2026-05-12 10:13:40,972 [WARNING] ms-clip dropped SMILES CCCCCCCC/C=C\CCCCCCCC(=O)O.CCCCCCCC/C=C\CCCCCCCC(=O)O.[Hg]; emitting sentinel -1.0
2026-05-12 10:13:40,972 [WARNING] ms-clip dropped SMILES CCCCC(CC)C(=O)[O-].CCCCC(CC)C(=O)[O-].CCCCC(CC)C(=O)[O-].CCCCC(CC)C(=O)[O-].CCCCC(CC)C(=O)[O-].[V]; emitting sentinel -1.0
2026-05-12 10:13:40,972 [WARNING] ms-clip dropped SMILES [Au].[Cd].[Cd].[Cd].[Cd].[Cd]; emitting sentinel -1.0
2026-05-12 10:13:40,972 [WARNING] ms-clip dropped SMILES C1CCC([PH+](C2CCCCC2)C2CCCCC2)CC1.C1CCC([PH+](C2CCCCC2)C2CCCCC2)CC1.C1CCOC1.[CH3-].[CH3-].[Ru+2]; emitting sentinel -1.0
2026-05-12 10:13:40,972 [WARNING] ms-clip dropped SMILES CCCCCCCC(=O)[O-].CCCCCCCC(=O)[O-].CCCCCCCC(=O)[O-].CCCCCCCC(=O)[O-].CCCCCCCC(=O)[O-].[V]; emitting sentinel -1.0
2026-05-12 10:13:41,100 [INFO] ms-clip: auto-picked GPU 7 (free 23508 MiB)
2026-05-12 10:13:41,100 [INFO] ms-clip: using CUDA_VISIBLE_DEVICES=7
2026-05-12 10:13:41,100 [INFO] ms-clip: launching predict_smi (n_candidates=256)
2026-05-12 10:13:53,343 [WARNING] ms-clip dropped SMILES C#C[In]1C[C@H](CC)CC[C@H]1[C@H](O)c1ccnc2ccc(OC)cc12; emitting sentinel -1.0
2026-05-12 10:13:53,344 [WARNING] ms-clip dropped SMILES CC1=C(C(=O)Nc2cc(C(=O)O)ccn2)C(c2ccc(C)cc2Cl)N=C(N[Al])N1; emitting sentinel -1.0
2026-05-12 10:13:53,344 [WARNING] ms-clip dropped SMILES Cc1cc(=O)oc2cc(OP(=O)(O)OC3[C@H](O)[C@H](O)C(O)[C@H](O)[C@H]3O)ccc12.[Li]; emitting sentinel -1.0
2026-05-12 10:13:53,498 [INFO] ms-clip: auto-picked GPU 7 (free 22234 MiB)
2026-05-12 10:13:53,499 [INFO] ms-clip: using CUDA_VISIBLE_DEVICES=7
2026-05-12 10:13:53,499 [INFO] ms-clip: launching predict_smi (n_candidates=256)
2026-05-12 10:14:05,201 [WARNING] ms-clip dropped SMILES [CH2+][C@@H]1CC(COC)(COC)C[C@H]1[CH2-].[CH]1C=CC=C1.[CH]1C=CC=C1.[Zr]; emitting sentinel -1.0
2026-05-12 10:14:05,356 [INFO] ms-clip: auto-picked GPU 7 (free 22864 MiB)
2026-05-12 10:14:05,356 [INFO] ms-clip: using CUDA_VISIBLE_DEVICES=7
2026-05-12 10:14:05,356 [INFO] ms-clip: launching predict_smi (n_candidates=256)
2026-05-12 10:14:17,107 [WARNING] ms-clip dropped SMILES Cc1cccc(C)c1/N=C1\SCCS\C1=N/c1c(C)cccc1C.[Ni]; emitting sentinel -1.0
2026-05-12 10:14:17,107 [WARNING] ms-clip dropped SMILES CN(C)CCN(C)C.[C-]#[O+].[C-]#[O+].[C-]#[O+].[C-]#[O+].[W+2]; emitting sentinel -1.0
2026-05-12 10:14:17,107 [WARNING] ms-clip dropped SMILES Cc1ccc(-c2[c-]cccc2)[c-]c1-c1n(-c2ccccc2)cc[n+]1C.[Y]; emitting sentinel -1.0
2026-05-12 10:14:17,107 [WARNING] ms-clip dropped SMILES CC1=C(C)C(C)C([N-]C(C)(C)C)=C1C.C[Si](C)=[Zr].Cl.Cl; emitting sentinel -1.0
2026-05-12 10:14:17,107 [WARNING] ms-clip dropped SMILES CC(=O)O[Hg]C1C2CC3C(C2OC(C)=O)C31; emitting sentinel -1.0
2026-05-12 10:14:17,107 [WARNING] ms-clip dropped SMILES C=CC(=O)c1ccc(F)[c-]c1F.C=CC(=O)c1ccc(F)[c-]c1F.[CH3-].[CH3-].[Ti+4]; emitting sentinel -1.0
2026-05-12 10:14:17,107 [WARNING] ms-clip dropped SMILES [Ce+4].[c-]1ccccc1.c1cc[cH-]c1.c1cc[cH-]c1.c1cc[cH-]c1; emitting sentinel -1.0
2026-05-12 10:14:17,257 [INFO] ms-clip: auto-picked GPU 7 (free 23312 MiB)
2026-05-12 10:14:17,258 [INFO] ms-clip: using CUDA_VISIBLE_DEVICES=7
2026-05-12 10:14:17,258 [INFO] ms-clip: launching predict_smi (n_candidates=256)
2026-05-12 10:14:28,955 [WARNING] ms-clip dropped SMILES Cc1cscc1S[At]; emitting sentinel -1.0
2026-05-12 10:14:28,955 [WARNING] ms-clip dropped SMILES Cl.Cl.[CH3-].[CH3-].[Si]=[Zr].c1cc2c([cH-]1)CCCC2; emitting sentinel -1.0
2026-05-12 10:14:29,097 [INFO] ms-clip: auto-picked GPU 7 (free 22992 MiB)
2026-05-12 10:14:29,097 [INFO] ms-clip: using CUDA_VISIBLE_DEVICES=7
2026-05-12 10:14:29,097 [INFO] ms-clip: launching predict_smi (n_candidates=256)
2026-05-12 10:14:41,707 [INFO] ms-clip: auto-picked GPU 7 (free 22186 MiB)
2026-05-12 10:14:41,707 [INFO] ms-clip: using CUDA_VISIBLE_DEVICES=7
2026-05-12 10:14:41,707 [INFO] ms-clip: launching predict_smi (n_candidates=256)
2026-05-12 10:14:53,462 [INFO] ms-clip: auto-picked GPU 7 (free 23700 MiB)
2026-05-12 10:14:53,462 [INFO] ms-clip: using CUDA_VISIBLE_DEVICES=7
2026-05-12 10:14:53,462 [INFO] ms-clip: launching predict_smi (n_candidates=256)
2026-05-12 10:15:05,437 [INFO] ms-clip: auto-picked GPU 7 (free 24092 MiB)
2026-05-12 10:15:05,438 [INFO] ms-clip: using CUDA_VISIBLE_DEVICES=7
2026-05-12 10:15:05,438 [INFO] ms-clip: launching predict_smi (n_candidates=256)
2026-05-12 10:15:17,071 [WARNING] ms-clip dropped SMILES CC1=Cc2c(cc3c4c(cccc24)CC3)C1=[Ti]=C1C(C)=Cc2c1cc1c3c(cccc23)CC1.C[CH-]CCC(C)=[Si].[CH2-]CCC; emitting sentinel -1.0
2026-05-12 10:15:17,072 [WARNING] ms-clip dropped SMILES CC(C)(C)OC(=O)N/C(=B/OC#N)N1CCCCC1.O=[C-]NCC(=O)O.[Fm]; emitting sentinel -1.0
2026-05-12 10:15:17,093 [INFO] spec 300/500  MassSpecGymID0381365  pool=256  pred=BUTLALRVMIWSAK  correct=False  t=11.8s
2026-05-12 10:15:17,275 [INFO] ms-clip: auto-picked GPU 7 (free 24073 MiB)
2026-05-12 10:15:17,276 [INFO] ms-clip: using CUDA_VISIBLE_DEVICES=7
2026-05-12 10:15:17,276 [INFO] ms-clip: launching predict_smi (n_candidates=256)
2026-05-12 10:15:30,052 [WARNING] ms-clip dropped SMILES [CH2]CCC.[CH2]CCC.[CH2]CCC.[CH]=C1C[C@H]2C(=O)N(c3ccc(OC)cc3)[C@H]2[C@@H]1CC(=O)OC.[Sn]; emitting sentinel -1.0
2026-05-12 10:15:30,052 [WARNING] ms-clip dropped SMILES [CH2]CCC.[CH2]CCC.[CH2]CCC.[CH]=C1[C@H](CC(=O)OC)CN2C(=O)[C@@H](OCc3ccccc3)[C@@H]12.[Sn]; emitting sentinel -1.0
2026-05-12 10:15:30,053 [WARNING] ms-clip dropped SMILES C/C(=C\c1csc(C)n1)C1C[CH-]C(C)(C)CCCC(C)C(C)C(C)C(=O)C(C)(C)C(C)CC(=O)O1.[Y]; emitting sentinel -1.0
2026-05-12 10:15:30,053 [WARNING] ms-clip dropped SMILES CCCC[Sn](/C=C1\CN2C(=O)[C@H](OCc3ccccc3)[C@@H]2[C@H]1CC(=O)OC)(CCCC)CCCC; emitting sentinel -1.0
2026-05-12 10:15:30,214 [INFO] ms-clip: auto-picked GPU 7 (free 22250 MiB)
2026-05-12 10:15:30,214 [INFO] ms-clip: using CUDA_VISIBLE_DEVICES=7
2026-05-12 10:15:30,214 [INFO] ms-clip: launching predict_smi (n_candidates=256)
2026-05-12 10:15:41,902 [WARNING] ms-clip dropped SMILES CCCC[Sn](CCCC)CCCC.Oc1ccc2c(c1)OCO2; emitting sentinel -1.0
2026-05-12 10:15:42,062 [INFO] ms-clip: auto-picked GPU 7 (free 22186 MiB)
2026-05-12 10:15:42,062 [INFO] ms-clip: using CUDA_VISIBLE_DEVICES=7
2026-05-12 10:15:42,062 [INFO] ms-clip: launching predict_smi (n_candidates=256)
2026-05-12 10:15:53,975 [INFO] ms-clip: auto-picked GPU 7 (free 22030 MiB)
2026-05-12 10:15:53,975 [INFO] ms-clip: using CUDA_VISIBLE_DEVICES=7
2026-05-12 10:15:53,976 [INFO] ms-clip: launching predict_smi (n_candidates=256)
2026-05-12 10:16:05,742 [INFO] ms-clip: auto-picked GPU 7 (free 23008 MiB)
2026-05-12 10:16:05,743 [INFO] ms-clip: using CUDA_VISIBLE_DEVICES=7
2026-05-12 10:16:05,743 [INFO] ms-clip: launching predict_smi (n_candidates=256)
2026-05-12 10:16:17,768 [INFO] ms-clip: auto-picked GPU 7 (free 22698 MiB)
2026-05-12 10:16:17,768 [INFO] ms-clip: using CUDA_VISIBLE_DEVICES=7
2026-05-12 10:16:17,768 [INFO] ms-clip: launching predict_smi (n_candidates=256)
2026-05-12 10:16:30,300 [INFO] ms-clip: auto-picked GPU 7 (free 21368 MiB)
2026-05-12 10:16:30,300 [INFO] ms-clip: using CUDA_VISIBLE_DEVICES=7
2026-05-12 10:16:30,300 [INFO] ms-clip: launching predict_smi (n_candidates=256)
2026-05-12 10:16:42,613 [WARNING] ms-clip dropped SMILES CC(C)(C)c1cc(-c2cc3cc(C(C)(C)C)ccc3[cH-]2)cc(C(C)(C)C)c1.CC(C)(C)c1cc(-c2cc3cc(C(C)(C)C)ccc3[cH-]2)cc(C(C)(C)C)c1.[Hf+4]; emitting sentinel -1.0
[10:16:42] WARNING: not removing hydrogen atom without neighbors
2026-05-12 10:16:42,778 [INFO] ms-clip: auto-picked GPU 7 (free 20808 MiB)
2026-05-12 10:16:42,779 [INFO] ms-clip: using CUDA_VISIBLE_DEVICES=7
2026-05-12 10:16:42,779 [INFO] ms-clip: launching predict_smi (n_candidates=256)
2026-05-12 10:16:55,528 [INFO] ms-clip: auto-picked GPU 7 (free 20808 MiB)
2026-05-12 10:16:55,528 [INFO] ms-clip: using CUDA_VISIBLE_DEVICES=7
2026-05-12 10:16:55,528 [INFO] ms-clip: launching predict_smi (n_candidates=256)
2026-05-12 10:17:07,479 [INFO] ms-clip: auto-picked GPU 7 (free 20364 MiB)
2026-05-12 10:17:07,480 [INFO] ms-clip: using CUDA_VISIBLE_DEVICES=7
2026-05-12 10:17:07,480 [INFO] ms-clip: launching predict_smi (n_candidates=256)
2026-05-12 10:17:19,197 [WARNING] ms-clip dropped SMILES C[N-]C.C[N-]C.C[N-]C.[C]1=CC=CC1.[Hf]; emitting sentinel -1.0
2026-05-12 10:17:19,197 [WARNING] ms-clip dropped SMILES C/C(=C\C(C)[Sn](C)(C)C)OC(=O)N(C(C)C)C(C)C; emitting sentinel -1.0
2026-05-12 10:17:19,214 [INFO] spec 310/500  MassSpecGymID0215427  pool=256  pred=RGZNJUVMQCOEOI  correct=True  t=11.8s
2026-05-12 10:17:19,347 [INFO] ms-clip: auto-picked GPU 7 (free 20364 MiB)
2026-05-12 10:17:19,347 [INFO] ms-clip: using CUDA_VISIBLE_DEVICES=7
2026-05-12 10:17:19,347 [INFO] ms-clip: launching predict_smi (n_candidates=256)
2026-05-12 10:17:31,017 [WARNING] ms-clip dropped SMILES CC(C)CCCCC(=O)[O-].CC(C)CCCCC(=O)[O-].CC(C)CCCCC(=O)[O-].[Rh+3]; emitting sentinel -1.0
2026-05-12 10:17:31,175 [INFO] ms-clip: auto-picked GPU 7 (free 20364 MiB)
2026-05-12 10:17:31,175 [INFO] ms-clip: using CUDA_VISIBLE_DEVICES=7
2026-05-12 10:17:31,175 [INFO] ms-clip: launching predict_smi (n_candidates=256)
2026-05-12 10:17:43,278 [WARNING] ms-clip dropped SMILES Cc1ccnc(-n2c3cc(Oc4cncc(-n5c(=[Pt])n(C)c6ccccc65)c4)ccc3c3ccc4c(c32)C(C)(C)C(C)(C)C4(C)C)c1; emitting sentinel -1.0
2026-05-12 10:17:43,279 [WARNING] ms-clip dropped SMILES CC(C)(C)C(=O)N1C(=O)C2C3CC(C(OC(=O)C4CCCCC4)C31)C2C(=O)O[CH-]C(F)(F)S(=O)(=O)[O-].[Rf]; emitting sentinel -1.0
2026-05-12 10:17:43,279 [WARNING] ms-clip dropped SMILES CC.CC.CC.CCCCN1CCC(C(C(N)=O)(c2ccccc2)c2ccccc2)C1.[Re].[Re]; emitting sentinel -1.0
2026-05-12 10:17:43,279 [WARNING] ms-clip dropped SMILES Cc1ccnc(-n2c3cc(Oc4cncc(-n5c(=[Pt])n(C)c6ccccc65)c4)ccc3c3cc4c(cc32)C(C)(C)C(C)(C)C4(C)C)c1; emitting sentinel -1.0
2026-05-12 10:17:43,279 [WARNING] ms-clip dropped SMILES CO[C@H]1[C@@H](c2ccccc2)[C@@H]1[C@@H](O[Ge](c1c(C)cc(C)cc1C)c1c(C)cc(C)cc1C)[Ge](c1c(C)cc(C)cc1C)c1c(C)cc(C)cc1C; emitting sentinel -1.0
2026-05-12 10:17:43,279 [WARNING] ms-clip dropped SMILES C.C.COc1cccc(-c2ccc(NC(=O)C3=C(C(=O)[O-])CCC3)c(F)c2)c1.COc1cccc(-c2ccc(NC(=O)C3=C(C(=O)[O-])CCC3)c(F)c2)c1.O.[Ca+2].[H-].[H-]; emitting sentinel -1.0
2026-05-12 10:17:43,279 [WARNING] ms-clip dropped SMILES Cc1ccnc(-n2c3cc(Oc4cncc(-n5c(=[Pt])n(C)c6ccccc65)c4)ccc3c3c4c(ccc32)C(C)(C)C(C)(C)C4(C)C)c1; emitting sentinel -1.0
2026-05-12 10:17:43,279 [WARNING] ms-clip dropped SMILES C=C(C)[C@@H]1CC[C@@H](C)/C(=C/C(=O)OCC)C1.C=C(C)[C@@H]1CC[C@@H](C)/C(=C/CO)C1.CCOCC.C[CH-]I.[AlH3].[CH2-]C.[H-].[Li+].[V].[V]; emitting sentinel -1.0
2026-05-12 10:17:43,279 [WARNING] ms-clip dropped SMILES CCCCCCC(CCCCC)(CCCCOC(=O)/C=C\C(=O)[O-])OC(=O)/C=C\C(=O)OCCCC.CCCCOC(=O)/C=C\C(=O)[O-].[Sn+2]; emitting sentinel -1.0
2026-05-12 10:17:43,437 [INFO] ms-clip: auto-picked GPU 7 (free 20364 MiB)
2026-05-12 10:17:43,437 [INFO] ms-clip: using CUDA_VISIBLE_DEVICES=7
2026-05-12 10:17:43,437 [INFO] ms-clip: launching predict_smi (n_candidates=256)
2026-05-12 10:17:55,330 [WARNING] ms-clip dropped SMILES CCCCCCC(=O)O.CCCCCCC(=O)O.CCCCCCC(=O)[O-].[U]; emitting sentinel -1.0
2026-05-12 10:17:55,330 [WARNING] ms-clip dropped SMILES CCCCCCCCCCCCCCCCCCO.O=[V].Oc1cccc2cccnc12.Oc1cccc2cccnc12; emitting sentinel -1.0
2026-05-12 10:17:55,483 [INFO] ms-clip: auto-picked GPU 7 (free 20364 MiB)
2026-05-12 10:17:55,483 [INFO] ms-clip: using CUDA_VISIBLE_DEVICES=7
2026-05-12 10:17:55,483 [INFO] ms-clip: launching predict_smi (n_candidates=256)
2026-05-12 10:18:07,912 [INFO] ms-clip: auto-picked GPU 7 (free 20364 MiB)
2026-05-12 10:18:07,912 [INFO] ms-clip: using CUDA_VISIBLE_DEVICES=7
2026-05-12 10:18:07,912 [INFO] ms-clip: launching predict_smi (n_candidates=256)
2026-05-12 10:18:19,959 [WARNING] ms-clip dropped SMILES Nc1ccn([C@@H]2O[C@H](CO[TlH2])[C@@H]3O[C@@H]32)c(=O)n1; emitting sentinel -1.0
2026-05-12 10:18:19,960 [WARNING] ms-clip dropped SMILES CC(=O)/C=C(/C)O.COc1c[c-]c(-c2cc(C)ccn2)c(OC)c1.[Rh]; emitting sentinel -1.0
2026-05-12 10:18:19,960 [WARNING] ms-clip dropped SMILES Nc1n[n+]([O-])c2cc([N+](=O)[O-])ccc2[n+]1[O-].O=[N+]([O-])c1ccc2c(c1)[n+]([O-])nc[n+]2[O-]; emitting sentinel -1.0
2026-05-12 10:18:20,105 [INFO] ms-clip: auto-picked GPU 7 (free 18502 MiB)
2026-05-12 10:18:20,105 [INFO] ms-clip: using CUDA_VISIBLE_DEVICES=7
2026-05-12 10:18:20,105 [INFO] ms-clip: launching predict_smi (n_candidates=256)
2026-05-12 10:18:32,164 [INFO] ms-clip: auto-picked GPU 7 (free 17392 MiB)
2026-05-12 10:18:32,164 [INFO] ms-clip: using CUDA_VISIBLE_DEVICES=7
2026-05-12 10:18:32,164 [INFO] ms-clip: launching predict_smi (n_candidates=256)
2026-05-12 10:18:44,549 [INFO] ms-clip: auto-picked GPU 7 (free 18386 MiB)
2026-05-12 10:18:44,549 [INFO] ms-clip: using CUDA_VISIBLE_DEVICES=7
2026-05-12 10:18:44,549 [INFO] ms-clip: launching predict_smi (n_candidates=256)
2026-05-12 10:18:56,232 [INFO] ms-clip: auto-picked GPU 7 (free 20364 MiB)
2026-05-12 10:18:56,232 [INFO] ms-clip: using CUDA_VISIBLE_DEVICES=7
2026-05-12 10:18:56,232 [INFO] ms-clip: launching predict_smi (n_candidates=256)
2026-05-12 10:19:08,183 [WARNING] ms-clip dropped SMILES CCCCOC(=O)c1ccccc1C(=O)[O-].CCCCOC(=O)c1ccccc1C(=O)[O-].[Ca+2]; emitting sentinel -1.0
2026-05-12 10:19:08,311 [INFO] ms-clip: auto-picked GPU 7 (free 20292 MiB)
2026-05-12 10:19:08,311 [INFO] ms-clip: using CUDA_VISIBLE_DEVICES=7
2026-05-12 10:19:08,311 [INFO] ms-clip: launching predict_smi (n_candidates=256)
2026-05-12 10:19:20,897 [INFO] spec 320/500  MassSpecGymID0336431  pool=256  pred=MHQYDMDJLVIBKF  correct=False  t=12.7s
2026-05-12 10:19:21,008 [INFO] ms-clip: auto-picked GPU 7 (free 24092 MiB)
2026-05-12 10:19:21,008 [INFO] ms-clip: using CUDA_VISIBLE_DEVICES=7
2026-05-12 10:19:21,008 [INFO] ms-clip: launching predict_smi (n_candidates=256)
2026-05-12 10:19:32,677 [WARNING] ms-clip dropped SMILES Cc1cc(C)c([Ge](c2c(C)cc(C)cc2C)(c2c(C)cc(C)cc2C)N2C[N-]2)c(C)c1.[Li+]; emitting sentinel -1.0
2026-05-12 10:19:32,807 [INFO] ms-clip: auto-picked GPU 7 (free 24092 MiB)
2026-05-12 10:19:32,807 [INFO] ms-clip: using CUDA_VISIBLE_DEVICES=7
2026-05-12 10:19:32,807 [INFO] ms-clip: launching predict_smi (n_candidates=256)
2026-05-12 10:19:44,350 [INFO] ms-clip: auto-picked GPU 7 (free 24092 MiB)
2026-05-12 10:19:44,350 [INFO] ms-clip: using CUDA_VISIBLE_DEVICES=7
2026-05-12 10:19:44,351 [INFO] ms-clip: launching predict_smi (n_candidates=256)
2026-05-12 10:19:55,965 [WARNING] ms-clip dropped SMILES CC(C)(C)c1ccnc(O[n+]2[c-]n(-c3cccc(Oc4ccc5c(c4)oc4ccccc45)c3)c3ccccc32)c1; emitting sentinel -1.0
2026-05-12 10:19:55,965 [WARNING] ms-clip dropped SMILES Cc1ccc(-c2ccc(C34CC5CC(CC(C5)C3)C4)cc2)c2cc(CC3CCCCC3)[cH-]c12.[Zr]; emitting sentinel -1.0
2026-05-12 10:19:55,965 [WARNING] ms-clip dropped SMILES O=C([O-])C1=C=C=C(C2=C=C(C3=C=C=C(C(=O)[O-])C#C3)[C-]=C(C3=C=C=C(C(=O)[O-])C#C3)[C+]2)C#C1.[Li].[Li].[Li].[Li].[Li].[Li].[Li].[Li].[Li].[Li].[Li].[Li].[Li].[Li].[Li]; emitting sentinel -1.0
2026-05-12 10:19:56,095 [INFO] ms-clip: auto-picked GPU 7 (free 24092 MiB)
2026-05-12 10:19:56,095 [INFO] ms-clip: using CUDA_VISIBLE_DEVICES=7
2026-05-12 10:19:56,095 [INFO] ms-clip: launching predict_smi (n_candidates=256)
2026-05-12 10:20:08,476 [WARNING] ms-clip dropped SMILES CCC1=C(CC)C(NC(=O)[O-])SS1.CCC1=C(CC)C(NC(=O)[O-])SS1.[Zn+2]; emitting sentinel -1.0
2026-05-12 10:20:08,476 [WARNING] ms-clip dropped SMILES Oc1c(C(c2ccsc2)c2ccc3ccccc3c2O)ccc2ccccc12.[Cl-].[Cl-].[Ti+2]; emitting sentinel -1.0
2026-05-12 10:20:08,477 [WARNING] ms-clip dropped SMILES COc1c(C(=O)C2=CN3C(=CC(=O)NC3[O-])N=C2)c(O)c(OC)c2occc12.O.[Cl-].[Cu+2]; emitting sentinel -1.0
2026-05-12 10:20:08,477 [WARNING] ms-clip dropped SMILES Cc1[c-]c(C)c(C)c(C)[c-]1.[W].[W]; emitting sentinel -1.0
2026-05-12 10:20:08,477 [WARNING] ms-clip dropped SMILES Cl[Ni]Cl.c1ccc(Pc2ccccc2)cc1.c1ccc(Pc2ccccc2)cc1; emitting sentinel -1.0
2026-05-12 10:20:08,477 [WARNING] ms-clip dropped SMILES CN(C(=S)[S-])C1(C)CCS(=O)(=O)C1.CN(C(=S)[S-])C1(C)CCS(=O)(=O)C1.[Mg+2]; emitting sentinel -1.0
2026-05-12 10:20:08,477 [WARNING] ms-clip dropped SMILES CCC(=O)CCCCC[C@H](N)C1=C(Br)N=C(c2ccc(F)cc2)[Sn]1; emitting sentinel -1.0
2026-05-12 10:20:08,477 [WARNING] ms-clip dropped SMILES O.O.O.O.O.O.O.O.O.O=C([O-])C(=O)O[Al]1OC(=O)C(=O)O1.O=C([O-])C(=O)[O-].[Mg+2].[Na+]; emitting sentinel -1.0
2026-05-12 10:20:08,477 [WARNING] ms-clip dropped SMILES O=[N+](O)N([N+](=O)O)[Te](c1ccccc1)(c1ccccc1)N([N+](=O)O)[N+](=O)O; emitting sentinel -1.0
2026-05-12 10:20:08,477 [WARNING] ms-clip dropped SMILES CC(=O)O.O=S(=O)([N-]c1cccc2ccc3cccnc3c12)c1ccccn1.[Pd]; emitting sentinel -1.0
2026-05-12 10:20:08,603 [INFO] ms-clip: auto-picked GPU 7 (free 24092 MiB)
2026-05-12 10:20:08,603 [INFO] ms-clip: using CUDA_VISIBLE_DEVICES=7
2026-05-12 10:20:08,603 [INFO] ms-clip: launching predict_smi (n_candidates=256)
2026-05-12 10:20:20,278 [WARNING] ms-clip dropped SMILES O=C(O)c1ccccc1[TlH2]; emitting sentinel -1.0
2026-05-12 10:20:20,279 [WARNING] ms-clip dropped SMILES Nc1c(F)cccc1F.[CH3-].[W]; emitting sentinel -1.0
2026-05-12 10:20:20,408 [INFO] ms-clip: auto-picked GPU 7 (free 24092 MiB)
2026-05-12 10:20:20,408 [INFO] ms-clip: using CUDA_VISIBLE_DEVICES=7
2026-05-12 10:20:20,408 [INFO] ms-clip: launching predict_smi (n_candidates=256)
2026-05-12 10:20:33,181 [WARNING] ms-clip dropped SMILES C/C(=C/C(=O)O)C(=O)O.CCCCCCCC[Sn]CCCCCCCC; emitting sentinel -1.0
2026-05-12 10:20:33,181 [WARNING] ms-clip dropped SMILES CCCC[Sn](/C=C\C(=O)OCCCCCC(=O)O)(CCCC)CCCC; emitting sentinel -1.0
2026-05-12 10:20:33,379 [INFO] ms-clip: auto-picked GPU 7 (free 24092 MiB)
2026-05-12 10:20:33,379 [INFO] ms-clip: using CUDA_VISIBLE_DEVICES=7
2026-05-12 10:20:33,379 [INFO] ms-clip: launching predict_smi (n_candidates=256)
2026-05-12 10:20:45,552 [WARNING] ms-clip dropped SMILES COc1ccc2c(c1)cc(S(=O)[O-])n2C(=O)OC(C)(C)C.[Li+]; emitting sentinel -1.0
2026-05-12 10:20:45,678 [INFO] ms-clip: auto-picked GPU 7 (free 24092 MiB)
2026-05-12 10:20:45,678 [INFO] ms-clip: using CUDA_VISIBLE_DEVICES=7
2026-05-12 10:20:45,678 [INFO] ms-clip: launching predict_smi (n_candidates=256)
2026-05-12 10:20:58,202 [WARNING] ms-clip dropped SMILES NCCCC[C@H](N)C(=O)[O-].NCCCC[C@H](N)C(=O)[O-].[Ca+2]; emitting sentinel -1.0
2026-05-12 10:20:58,334 [INFO] ms-clip: auto-picked GPU 7 (free 24092 MiB)
2026-05-12 10:20:58,334 [INFO] ms-clip: using CUDA_VISIBLE_DEVICES=7
2026-05-12 10:20:58,334 [INFO] ms-clip: launching predict_smi (n_candidates=256)
2026-05-12 10:21:10,421 [WARNING] ms-clip dropped SMILES Cc1ccccc1N1[CH-]N(c2ccccc2C)C(C)(C)C1(C)C.Cl[Ru+2]Cl.[CH2-]c1ccccc1[OH+]C(C)C; emitting sentinel -1.0
2026-05-12 10:21:10,421 [WARNING] ms-clip dropped SMILES C=CC1CCC[N+](CCC2=CCNc3ccc(OC)cc32)(Cc2cc(C(F)(F)F)cc(C(F)(F)F)c2)C1.[CH3-].[Y]; emitting sentinel -1.0
2026-05-12 10:21:10,422 [WARNING] ms-clip dropped SMILES CN/C=C\c1c(C=O)ncc2c1c(CNCc1cccc([Hg])c1)cn2Cc1ccc(F)cc1; emitting sentinel -1.0
2026-05-12 10:21:10,422 [WARNING] ms-clip dropped SMILES COc1ccc(Cc2ccc(O[C-]=O)c(C)c2)cc1C.C[C-]=O.Cc1cc(Cc2ccc(O)c(C)c2)ccc1O.[Y]; emitting sentinel -1.0
2026-05-12 10:21:10,576 [INFO] ms-clip: auto-picked GPU 7 (free 17392 MiB)
2026-05-12 10:21:10,576 [INFO] ms-clip: using CUDA_VISIBLE_DEVICES=7
2026-05-12 10:21:10,576 [INFO] ms-clip: launching predict_smi (n_candidates=256)
2026-05-12 10:21:22,113 [WARNING] ms-clip dropped SMILES CN(C)[Sn](c1ccccc1)(c1ccccc1)c1ccccc1; emitting sentinel -1.0
2026-05-12 10:21:22,130 [INFO] spec 330/500  MassSpecGymID0236749  pool=256  pred=ZNLVYSJQUMALEO  correct=True  t=11.7s
2026-05-12 10:21:22,255 [INFO] ms-clip: auto-picked GPU 7 (free 17392 MiB)
2026-05-12 10:21:22,255 [INFO] ms-clip: using CUDA_VISIBLE_DEVICES=7
2026-05-12 10:21:22,255 [INFO] ms-clip: launching predict_smi (n_candidates=256)
2026-05-12 10:21:35,270 [INFO] ms-clip: auto-picked GPU 7 (free 17392 MiB)
2026-05-12 10:21:35,271 [INFO] ms-clip: using CUDA_VISIBLE_DEVICES=7
2026-05-12 10:21:35,271 [INFO] ms-clip: launching predict_smi (n_candidates=256)
2026-05-12 10:21:47,747 [WARNING] ms-clip dropped SMILES C1=CCC(N=P(C2CCCCC2)(C2CCCCC2)C2CCCCC2)=C1.CC(=CC(C)C)C(C)=CC(C)C.[Ti]; emitting sentinel -1.0
2026-05-12 10:21:47,747 [WARNING] ms-clip dropped SMILES CCCCCCCCCCCCCCCC(=O)[O-].CCCCCCCCCCCCCCCC(=O)[O-].[Cu+2]; emitting sentinel -1.0
2026-05-12 10:21:47,748 [WARNING] ms-clip dropped SMILES CCCCC(CCCC)c1cc(C)c2c(c1)/C=N/CC/N=C/c1cc(C(CCCC)CCCC)cc(C)c1O[Al]O2; emitting sentinel -1.0
2026-05-12 10:21:47,748 [WARNING] ms-clip dropped SMILES C1=CCC(N=P(C2CCCCC2)(C2CCCCC2)C2CCCCC2)=C1.CC(C)(C)C=CC=CC(C)(C)C.[Ti]; emitting sentinel -1.0
2026-05-12 10:21:47,923 [INFO] ms-clip: auto-picked GPU 7 (free 24092 MiB)
2026-05-12 10:21:47,923 [INFO] ms-clip: using CUDA_VISIBLE_DEVICES=7
2026-05-12 10:21:47,923 [INFO] ms-clip: launching predict_smi (n_candidates=256)
2026-05-12 10:21:59,726 [WARNING] ms-clip dropped SMILES Cc1cc(C)cc(-c2ccc3c([Ge](C)(C)C)cccc3[n+]2[O-])c1; emitting sentinel -1.0
2026-05-12 10:21:59,726 [WARNING] ms-clip dropped SMILES CCCC[P+](CCCC)(CCCC)CC(=O)O.[Pd]; emitting sentinel -1.0
2026-05-12 10:21:59,727 [WARNING] ms-clip dropped SMILES CC(C)(C)c1ccc2c(c1)[cH-]c1cc(C(C)(C)C)ccc12.[Zr+2]; emitting sentinel -1.0
2026-05-12 10:21:59,869 [INFO] ms-clip: auto-picked GPU 7 (free 17796 MiB)
2026-05-12 10:21:59,870 [INFO] ms-clip: using CUDA_VISIBLE_DEVICES=7
2026-05-12 10:21:59,870 [INFO] ms-clip: launching predict_smi (n_candidates=256)
2026-05-12 10:22:12,323 [INFO] ms-clip: auto-picked GPU 7 (free 24092 MiB)
2026-05-12 10:22:12,324 [INFO] ms-clip: using CUDA_VISIBLE_DEVICES=7
2026-05-12 10:22:12,324 [INFO] ms-clip: launching predict_smi (n_candidates=256)
2026-05-12 10:22:24,540 [INFO] ms-clip: auto-picked GPU 7 (free 17392 MiB)
2026-05-12 10:22:24,540 [INFO] ms-clip: using CUDA_VISIBLE_DEVICES=7
2026-05-12 10:22:24,541 [INFO] ms-clip: launching predict_smi (n_candidates=256)
2026-05-12 10:22:36,395 [WARNING] ms-clip dropped SMILES CC1=[C-]Cc2ccc3c(c21)-c1c(ccc2ccc([AlH2])c(C)c12)C3.[Bk]; emitting sentinel -1.0
2026-05-12 10:22:36,395 [WARNING] ms-clip dropped SMILES C[n+]1[c-]n(-c2cccc(Oc3ccc4c5ccccc5n(-c5cc6c(cn5)oc5ccccc56)c4c3)c2)c2ccccc21; emitting sentinel -1.0
2026-05-12 10:22:36,395 [WARNING] ms-clip dropped SMILES C[n+]1[c-]n(-c2cccc(Oc3ccc4c5ccccc5n(-c5cc6oc7ccccc7c6cn5)c4c3)c2)c2ccccc21; emitting sentinel -1.0
2026-05-12 10:22:36,571 [INFO] ms-clip: auto-picked GPU 7 (free 24092 MiB)
2026-05-12 10:22:36,571 [INFO] ms-clip: using CUDA_VISIBLE_DEVICES=7
2026-05-12 10:22:36,572 [INFO] ms-clip: launching predict_smi (n_candidates=256)
2026-05-12 10:22:49,247 [WARNING] ms-clip dropped SMILES CCCCC1CCC(C)C1.CCCCC1CCC(C)C1.Cl[Zr]Cl; emitting sentinel -1.0
2026-05-12 10:22:49,247 [WARNING] ms-clip dropped SMILES CC(C)CCCCCS[Sn](C)(C)SCCCCCC(C)C; emitting sentinel -1.0
2026-05-12 10:22:49,247 [WARNING] ms-clip dropped SMILES C=CC=C.C[c-]1[c-](C)[c-](C)[c-](C)[c-]1C.Cc1c(C)c(C)[c-](C)c1C.[Ni].[Ni]; emitting sentinel -1.0
2026-05-12 10:22:49,378 [INFO] ms-clip: auto-picked GPU 7 (free 24092 MiB)
2026-05-12 10:22:49,378 [INFO] ms-clip: using CUDA_VISIBLE_DEVICES=7
2026-05-12 10:22:49,378 [INFO] ms-clip: launching predict_smi (n_candidates=256)
2026-05-12 10:23:01,662 [INFO] ms-clip: auto-picked GPU 7 (free 24092 MiB)
2026-05-12 10:23:01,662 [INFO] ms-clip: using CUDA_VISIBLE_DEVICES=7
2026-05-12 10:23:01,663 [INFO] ms-clip: launching predict_smi (n_candidates=256)
2026-05-12 10:23:13,534 [WARNING] ms-clip dropped SMILES CCOC(=O)C=C(C)O[Al](OC(C)=CC(C)=O)OC(C)=CC(=O)OCC; emitting sentinel -1.0
2026-05-12 10:23:13,534 [WARNING] ms-clip dropped SMILES CC#Cc1ccccc1.CP(C)C.CP(C)C.[CH]1C=CC=C1.[V]; emitting sentinel -1.0
2026-05-12 10:23:13,690 [INFO] ms-clip: auto-picked GPU 7 (free 17392 MiB)
2026-05-12 10:23:13,690 [INFO] ms-clip: using CUDA_VISIBLE_DEVICES=7
2026-05-12 10:23:13,690 [INFO] ms-clip: launching predict_smi (n_candidates=256)
2026-05-12 10:23:26,929 [WARNING] ms-clip dropped SMILES CC1=[C-]Cc2ccc3c(c21)-c1c(ccc2ccc([AlH2])c(C)c12)C3.[Bk]; emitting sentinel -1.0
2026-05-12 10:23:26,929 [WARNING] ms-clip dropped SMILES C[n+]1[c-]n(-c2cccc(Oc3ccc4c5ccccc5n(-c5cc6c(cn5)oc5ccccc56)c4c3)c2)c2ccccc21; emitting sentinel -1.0
2026-05-12 10:23:26,929 [WARNING] ms-clip dropped SMILES C[n+]1[c-]n(-c2cccc(Oc3ccc4c5ccccc5n(-c5cc6oc7ccccc7c6cn5)c4c3)c2)c2ccccc21; emitting sentinel -1.0
2026-05-12 10:23:26,947 [INFO] spec 340/500  MassSpecGymID0300352  pool=256  pred=OUGNWRCWQLUXHX  correct=True  t=13.4s
2026-05-12 10:23:27,060 [INFO] ms-clip: auto-picked GPU 7 (free 24092 MiB)
2026-05-12 10:23:27,061 [INFO] ms-clip: using CUDA_VISIBLE_DEVICES=7
2026-05-12 10:23:27,061 [INFO] ms-clip: launching predict_smi (n_candidates=256)
2026-05-12 10:23:39,330 [WARNING] ms-clip dropped SMILES O=C([CH-]C(=O)C(F)(F)F)c1ccccc1.O=C([CH-]C(=O)C(F)(F)F)c1ccccc1.[Cu+2]; emitting sentinel -1.0
2026-05-12 10:23:39,330 [WARNING] ms-clip dropped SMILES CCn1ccn(CC)c1=O.I.[B].[CH2-]n1ccn(CC)c1=O.[Y]; emitting sentinel -1.0
2026-05-12 10:23:39,330 [WARNING] ms-clip dropped SMILES Cn1ccc2c3ccccc3[cH-]c21.[Cl-].[Cl-].[Zr+4].[c-]1cccc2c1Cc1ccccc1-2; emitting sentinel -1.0
2026-05-12 10:23:39,482 [INFO] ms-clip: auto-picked GPU 7 (free 24092 MiB)
2026-05-12 10:23:39,482 [INFO] ms-clip: using CUDA_VISIBLE_DEVICES=7
2026-05-12 10:23:39,482 [INFO] ms-clip: launching predict_smi (n_candidates=256)
2026-05-12 10:23:51,639 [INFO] ms-clip: auto-picked GPU 7 (free 24092 MiB)
2026-05-12 10:23:51,639 [INFO] ms-clip: using CUDA_VISIBLE_DEVICES=7
2026-05-12 10:23:51,640 [INFO] ms-clip: launching predict_smi (n_candidates=256)
2026-05-12 10:24:03,718 [WARNING] ms-clip dropped SMILES C.CC.CC.CC(C)(C)C.CC(C)(C)[C-]=O.CC(C)(C)[C-]=O.CNC(C)(C)C.CN[C-]=O.C[C-]=O.[Y].[Y]; emitting sentinel -1.0
2026-05-12 10:24:03,718 [WARNING] ms-clip dropped SMILES CCOC(C)OC[C@@H]1C[C@H](C(=O)OC(C)(C)C)N(C(=O)OC(C)(C)C)[C@H]1[C@@H]([NH-])C(=O)CC.[Ac]; emitting sentinel -1.0
2026-05-12 10:24:03,719 [WARNING] ms-clip dropped SMILES CCCC[Sn](CCCC)(CCCC)[C@@H](CN(C/C=C/CCl)Cc1ccccc1)OC(=O)N1C(C)(C)COC1(C)C; emitting sentinel -1.0
2026-05-12 10:24:03,719 [WARNING] ms-clip dropped SMILES CCCCP(CCCC)CCCC.O=S(=O)([O-])C(F)(F)F.[CH2-]CCO.[CH]1[CH]CC[CH][CH]CC1.[CH]1[CH]CC[CH][CH]CC1.[Ni+2]; emitting sentinel -1.0
2026-05-12 10:24:03,719 [WARNING] ms-clip dropped SMILES CC(C)(C)n1[c-][n+](-c2cccc(Oc3ccnc(-c4cc(Oc5cccc(-[n+]6[c-]n(C(C)(C)C)c7ccccc76)c5)ccn4)c3)c2)c2ccccc21; emitting sentinel -1.0
2026-05-12 10:24:03,719 [WARNING] ms-clip dropped SMILES CCC/C(C)=C\COC(=O)CC[C@@H]1/C2=C3/c4[n-]c(c(C)c4C(=O)[C@@H]3C(=O)OC)/C=c3\[n-]/c(c(C)c3C)=C\c3[n-]c(c(C)c3C)/C=C(\[N-]2)[C@H]1C.[Mg+2]; emitting sentinel -1.0
2026-05-12 10:24:03,719 [WARNING] ms-clip dropped SMILES C=Cc1c(C)c2cc3[nH+]c(c4c5[nH+]c(cc6[n-]c(cc1[n-]2)c(C)c6CC)C(C)=C5C(=O)C4C(=O)OC)C(CCC(=O)OCC=C(C)C)C3C.[Mg+2]; emitting sentinel -1.0
2026-05-12 10:24:03,719 [WARNING] ms-clip dropped SMILES C=Cc1c2[n-]c(c1C)/C=C1\[N-]C(C3=c4[n-]/c(c(C)c4C(=O)[C@@H]3C(=O)OC)=C\[C@H]3[N-]/C(=C\2)C(C)=C3CC)[C@@H](CCC(=O)OCC=C(C)C)[C@@H]1C.[Mg+2]; emitting sentinel -1.0
2026-05-12 10:24:03,719 [WARNING] ms-clip dropped SMILES CCCC[Sn](CCCC)(CCCC)c1cc2c(cn1)cnn2-c1cccc(N2CCCN(C(=O)OC(C)(C)C)CC2)n1; emitting sentinel -1.0
2026-05-12 10:24:03,858 [INFO] ms-clip: auto-picked GPU 7 (free 24092 MiB)
2026-05-12 10:24:03,859 [INFO] ms-clip: using CUDA_VISIBLE_DEVICES=7
2026-05-12 10:24:03,859 [INFO] ms-clip: launching predict_smi (n_candidates=256)
2026-05-12 10:24:15,659 [WARNING] ms-clip dropped SMILES CCCCCCCCCCCCc1sccc1[Sn](CCCC)(CCCC)CCCC; emitting sentinel -1.0
2026-05-12 10:24:15,659 [WARNING] ms-clip dropped SMILES CC.CC.CC.Cc1ccc(C(C)NC(=O)C2CC(O)CN2C(=O)C(N[C-]=O)C(C)(C)C)cc1.[Zn]; emitting sentinel -1.0
2026-05-12 10:24:15,660 [WARNING] ms-clip dropped SMILES CCCCCCCCCCCCc1cc[c]s1.[CH2]CCC.[CH2]CCC.[CH2]CCC.[Sn]; emitting sentinel -1.0
2026-05-12 10:24:15,660 [WARNING] ms-clip dropped SMILES CCCC1=C(c2ccc(C3=C(CCC)C(c4ccccc4)=[C-][Si]3(C)C)cc2)[Si](C)(C)[C-]=C1c1ccccc1.[Li+].[Li+]; emitting sentinel -1.0
2026-05-12 10:24:15,791 [INFO] ms-clip: auto-picked GPU 7 (free 24092 MiB)
2026-05-12 10:24:15,791 [INFO] ms-clip: using CUDA_VISIBLE_DEVICES=7
2026-05-12 10:24:15,792 [INFO] ms-clip: launching predict_smi (n_candidates=256)
2026-05-12 10:24:27,763 [WARNING] ms-clip dropped SMILES CN(C)C1=CC2=C3C=C(N(C)C)C=CN3CCCN2C=C1.CN1c2ccccc2N(C)C12CCCCC21N(C)c2ccccc2N1C.[Li+].[O-]c1cccc2ccc[nH+]c12; emitting sentinel -1.0
2026-05-12 10:24:27,764 [WARNING] ms-clip dropped SMILES CCCCCCCCCCCCCCCCCCCC#CC(=O)[O-].CCCCCCCCCCCCCCCCCCCC#CC(=O)[O-].[Cd+2]; emitting sentinel -1.0
2026-05-12 10:24:27,926 [INFO] ms-clip: auto-picked GPU 7 (free 24092 MiB)
2026-05-12 10:24:27,926 [INFO] ms-clip: using CUDA_VISIBLE_DEVICES=7
2026-05-12 10:24:27,927 [INFO] ms-clip: launching predict_smi (n_candidates=256)
2026-05-12 10:24:40,040 [WARNING] ms-clip dropped SMILES CCCC/C1=C2/N=C(C(CC)=C2CC)C(c2ccccc2)C2=N/C(=C(/CCCC)c3[n-]c(c(CC)c3CC)C(CCCC)c3[n-]c1c(CC)c3CC)C(CC)=C2CC.[Ni+2]; emitting sentinel -1.0
2026-05-12 10:24:40,040 [WARNING] ms-clip dropped SMILES C.CCOC(=O)CC1(O)CCN(C(=O)CCCCc2ccc3c(n2)NCCC3)CC1.O.O=C(O)CC1(O)CCN(C(=O)CCCCc2ccc3c(n2)NCCC3)CC1.[Li+].[OH-]; emitting sentinel -1.0
2026-05-12 10:24:40,178 [INFO] ms-clip: auto-picked GPU 7 (free 24092 MiB)
2026-05-12 10:24:40,178 [INFO] ms-clip: using CUDA_VISIBLE_DEVICES=7
2026-05-12 10:24:40,178 [INFO] ms-clip: launching predict_smi (n_candidates=256)
2026-05-12 10:24:52,406 [INFO] ms-clip: auto-picked GPU 7 (free 24092 MiB)
2026-05-12 10:24:52,407 [INFO] ms-clip: using CUDA_VISIBLE_DEVICES=7
2026-05-12 10:24:52,407 [INFO] ms-clip: launching predict_smi (n_candidates=256)
2026-05-12 10:25:04,850 [WARNING] ms-clip dropped SMILES CC[Sn](CC)(CC)C(=C=O)[Sn](CC)(CC)CC; emitting sentinel -1.0
2026-05-12 10:25:04,851 [WARNING] ms-clip dropped SMILES CC1=CC=C=C[CH]1.CC1=CC=C=C[CH]1.Cc1ccc(C([O-])=S)cc1.[Sb]; emitting sentinel -1.0
2026-05-12 10:25:04,851 [WARNING] ms-clip dropped SMILES [B][C@H]1[CH-][C@H](C)C([CH2-])(CC)O1.[CH2-]C1(CC)O[C@@H](C)[CH-][C@H]1C.[Y].[Y]; emitting sentinel -1.0
2026-05-12 10:25:04,851 [WARNING] ms-clip dropped SMILES CC(O)c1c(-c2cccc3c2Cc2ccccc2-3)ccc2ccccc12.[Cl-].[Cl-].[Ti+2]; emitting sentinel -1.0
2026-05-12 10:25:04,998 [INFO] ms-clip: auto-picked GPU 7 (free 23492 MiB)
2026-05-12 10:25:04,999 [INFO] ms-clip: using CUDA_VISIBLE_DEVICES=7
2026-05-12 10:25:04,999 [INFO] ms-clip: launching predict_smi (n_candidates=256)
2026-05-12 10:25:16,769 [WARNING] ms-clip dropped SMILES C[Ga]c1c(-c2c(C)cc(C)cc2C)cccc1-c1c(C)cc(C)cc1C; emitting sentinel -1.0
2026-05-12 10:25:16,925 [INFO] ms-clip: auto-picked GPU 7 (free 23428 MiB)
2026-05-12 10:25:16,926 [INFO] ms-clip: using CUDA_VISIBLE_DEVICES=7
2026-05-12 10:25:16,926 [INFO] ms-clip: launching predict_smi (n_candidates=256)
2026-05-12 10:25:29,055 [WARNING] ms-clip dropped SMILES Cc1cc(C)cc(-c2nccc3cc(Br)ccc23)c1.Cc1cc(C)cc(-c2nccc3cc(C4CCCC4)ccc23)c1.[CH-]1CCCC1.[CH-]1CCCC1.[Zn+2]; emitting sentinel -1.0
2026-05-12 10:25:29,056 [WARNING] ms-clip dropped SMILES C/C(=C\C(C)=N\c1c(C(C)C)cccc1C(C)C)[N-]c1c(C(C)C)cccc1C(C)C.[H][H].[H][H].[O-]C(c1ccccc1)c1c(F)c(F)c(F)c(F)c1F.[Sn+2]; emitting sentinel -1.0
2026-05-12 10:25:29,056 [WARNING] ms-clip dropped SMILES CC[C@@H](C=O)NC(=O)[C@H]1CC[C@H]([NH-])C1.CC[C@@H](CNNC(=O)NCC1CCC(C(=O)NC)CC1)NC(=O)[C@H]1CC[C@H]([NH-])C1.[CH3-].[CH3-].[Y].[Y]; emitting sentinel -1.0
2026-05-12 10:25:29,056 [WARNING] ms-clip dropped SMILES CO.COc1c2n3c(c(C(=O)CO)c1=O)CCC3CN(Cc1ccc(F)cc1)C2=O.COc1c2n3c(c(C(=O)O)c1=O)CCC3CN(Cc1ccc(F)cc1)C2=O.[Li+].[OH-]; emitting sentinel -1.0
2026-05-12 10:25:29,056 [WARNING] ms-clip dropped SMILES C1CCOC1.C1CCOC1.[Er+3].c1ccc([N-]c2ccccc2)cc1.c1ccc([N-]c2ccccc2)cc1.c1ccc([N-]c2ccccc2)cc1; emitting sentinel -1.0
2026-05-12 10:25:29,078 [INFO] spec 350/500  MassSpecGymID0356723  pool=256  pred=CDTJHKDWCUQBPD  correct=False  t=12.3s
2026-05-12 10:25:29,212 [INFO] ms-clip: auto-picked GPU 7 (free 23698 MiB)
2026-05-12 10:25:29,213 [INFO] ms-clip: using CUDA_VISIBLE_DEVICES=7
2026-05-12 10:25:29,213 [INFO] ms-clip: launching predict_smi (n_candidates=256)
2026-05-12 10:25:41,362 [WARNING] ms-clip dropped SMILES CCCC[Sn](/C=C1\[C@H]2OC(C)(C)O[C@H]2[C@@H](O[Si](C)(C)C(C)(C)C)C[C@@H]1O)(CCCC)CCCC; emitting sentinel -1.0
2026-05-12 10:25:41,362 [WARNING] ms-clip dropped SMILES CC(C)(C)C1=C/C(=C/Nc2ccccc2N/C=C2/C=C(C(C)(C)C)C=C(C(C)(C)C)C2=O)C(=O)C(C(C)(C)C)=C1.[Zn]; emitting sentinel -1.0
2026-05-12 10:25:41,362 [WARNING] ms-clip dropped SMILES CCCCCCCCCCOc1ccc(-c2ccc(C(=O)Oc3ccc(C[Ge](CC)(CC)CC)cc3)cc2)cc1; emitting sentinel -1.0
2026-05-12 10:25:41,362 [WARNING] ms-clip dropped SMILES CCCCCCCCCCCC(=O)[O-].CCCCCCCCCCCCCCCCCC(=O)[O-].[Ni+2].[Zn+2]; emitting sentinel -1.0
2026-05-12 10:25:41,513 [INFO] ms-clip: auto-picked GPU 7 (free 23248 MiB)
2026-05-12 10:25:41,513 [INFO] ms-clip: using CUDA_VISIBLE_DEVICES=7
2026-05-12 10:25:41,513 [INFO] ms-clip: launching predict_smi (n_candidates=256)
2026-05-12 10:25:53,460 [WARNING] ms-clip dropped SMILES CC(C)O.CC(C)O.COC(C)(C)CO.COC(C)(C)CO.[Hf]; emitting sentinel -1.0
2026-05-12 10:25:53,612 [INFO] ms-clip: auto-picked GPU 7 (free 21608 MiB)
2026-05-12 10:25:53,613 [INFO] ms-clip: using CUDA_VISIBLE_DEVICES=7
2026-05-12 10:25:53,613 [INFO] ms-clip: launching predict_smi (n_candidates=256)
2026-05-12 10:26:06,464 [INFO] ms-clip: auto-picked GPU 7 (free 20808 MiB)
2026-05-12 10:26:06,464 [INFO] ms-clip: using CUDA_VISIBLE_DEVICES=7
2026-05-12 10:26:06,464 [INFO] ms-clip: launching predict_smi (n_candidates=256)
2026-05-12 10:26:17,670 [INFO] ms-clip: auto-picked GPU 7 (free 20808 MiB)
2026-05-12 10:26:17,671 [INFO] ms-clip: using CUDA_VISIBLE_DEVICES=7
2026-05-12 10:26:17,671 [INFO] ms-clip: launching predict_smi (n_candidates=256)
2026-05-12 10:26:29,873 [INFO] ms-clip: auto-picked GPU 7 (free 20808 MiB)
2026-05-12 10:26:29,874 [INFO] ms-clip: using CUDA_VISIBLE_DEVICES=7
2026-05-12 10:26:29,874 [INFO] ms-clip: launching predict_smi (n_candidates=256)
2026-05-12 10:26:41,356 [WARNING] ms-clip dropped SMILES Cc1ccc(COc2c[c-]c(C)c(C)c2)cc1.[Y+3]; emitting sentinel -1.0
2026-05-12 10:26:41,356 [WARNING] ms-clip dropped SMILES [Mn].c1ccc([Si](c2ccccc2)c2ccccc2)cc1; emitting sentinel -1.0
2026-05-12 10:26:41,356 [WARNING] ms-clip dropped SMILES COC(=O)Cc1cccc([Sn](C)(C)C)c1; emitting sentinel -1.0
2026-05-12 10:26:41,356 [WARNING] ms-clip dropped SMILES CCc1cc(C)ccc1Oc1c[c-]c(C)cc1.[Y]; emitting sentinel -1.0
2026-05-12 10:26:41,357 [WARNING] ms-clip dropped SMILES CC1(C)Oc2ccc([Sn](C)(C)C)cc2O1; emitting sentinel -1.0
2026-05-12 10:26:41,502 [INFO] ms-clip: auto-picked GPU 7 (free 22442 MiB)
2026-05-12 10:26:41,502 [INFO] ms-clip: using CUDA_VISIBLE_DEVICES=7
2026-05-12 10:26:41,502 [INFO] ms-clip: launching predict_smi (n_candidates=256)
2026-05-12 10:26:53,495 [WARNING] ms-clip dropped SMILES CC1=C(C(=O)NC2=[C-]N=[C-]C2)N(C)S(=O)(=O)c2ccc(C)[c-]c21.[Y].[Y].[Y].[Y].[Y].[Y]; emitting sentinel -1.0
2026-05-12 10:26:53,496 [WARNING] ms-clip dropped SMILES CC(C)(C)c1ccnc(-c2cc(C(C)(C)C)ccn2)c1.CC(C)c1cccc(C(C)C)c1[N-]c1cc(C(C)(C)C)cc(C(C)(C)C)c1[O-].[Ni+2].c1ccccc1.c1ccccc1; emitting sentinel -1.0
2026-05-12 10:26:53,496 [WARNING] ms-clip dropped SMILES C/C(NC1=[C-]N=[C-]C1)=C1\C(=O)c2[c-]c(C)ccc2S(=O)(=O)N1C.[Y].[Y].[Y].[Y].[Y].[Y]; emitting sentinel -1.0
2026-05-12 10:26:53,659 [INFO] ms-clip: auto-picked GPU 7 (free 22062 MiB)
2026-05-12 10:26:53,659 [INFO] ms-clip: using CUDA_VISIBLE_DEVICES=7
2026-05-12 10:26:53,660 [INFO] ms-clip: launching predict_smi (n_candidates=256)
2026-05-12 10:27:05,158 [INFO] ms-clip: auto-picked GPU 7 (free 23152 MiB)
2026-05-12 10:27:05,159 [INFO] ms-clip: using CUDA_VISIBLE_DEVICES=7
2026-05-12 10:27:05,159 [INFO] ms-clip: launching predict_smi (n_candidates=256)
2026-05-12 10:27:16,811 [WARNING] ms-clip dropped SMILES Cc1cc(-c2ccccc2)nn1[C-](n1nc(-c2ccccc2)cc1C)n1nc(-c2ccccc2)cc1C.[H]/[C-]=C\C=C.[Mn+2]; emitting sentinel -1.0
2026-05-12 10:27:16,811 [WARNING] ms-clip dropped SMILES C1CCC2=C(C1)c1nc2nc2[n-]c(nc3nc(nc4[n-]c(n1)c1c4CCCC1)C1=C3CCCC1)c1c2CCCC1.[Cu+2]; emitting sentinel -1.0
2026-05-12 10:27:16,811 [WARNING] ms-clip dropped SMILES CCCC[N+](CCCC)(CCCC)CCCC.[C-]#[O+].[C-]#[O+].[C-]#[O+].[C-]#[O+].[C-]#[O+].[C-]#[O+].[Ta]; emitting sentinel -1.0
2026-05-12 10:27:16,951 [INFO] ms-clip: auto-picked GPU 7 (free 24092 MiB)
2026-05-12 10:27:16,951 [INFO] ms-clip: using CUDA_VISIBLE_DEVICES=7
2026-05-12 10:27:16,951 [INFO] ms-clip: launching predict_smi (n_candidates=256)
2026-05-12 10:27:29,437 [INFO] spec 360/500  MassSpecGymID0070651  pool=256  pred=CRFYLQMIDWBKRT  correct=True  t=12.6s
2026-05-12 10:27:29,563 [INFO] ms-clip: auto-picked GPU 7 (free 22960 MiB)
2026-05-12 10:27:29,563 [INFO] ms-clip: using CUDA_VISIBLE_DEVICES=7
2026-05-12 10:27:29,563 [INFO] ms-clip: launching predict_smi (n_candidates=256)
2026-05-12 10:27:41,381 [WARNING] ms-clip dropped SMILES C/C(=C\C1CCCC1)[Si](C)(C)C.[CH2]CCC.[CH2]CCC.[CH2]CCC.[Sn]; emitting sentinel -1.0
2026-05-12 10:27:41,531 [INFO] ms-clip: auto-picked GPU 7 (free 22960 MiB)
2026-05-12 10:27:41,532 [INFO] ms-clip: using CUDA_VISIBLE_DEVICES=7
2026-05-12 10:27:41,532 [INFO] ms-clip: launching predict_smi (n_candidates=256)
2026-05-12 10:27:54,198 [WARNING] ms-clip dropped SMILES CC(C)=[Zr+2].CCC1[C-]=CC(C(C)(C)C)=C1.[Cl-].[Cl-].c1ccc2c(c1)[cH-]c1ccccc12; emitting sentinel -1.0
2026-05-12 10:27:54,198 [WARNING] ms-clip dropped SMILES CC(C)C(=[Zr+2])C(C)C.Cc1ccc(C)[cH-]1.[Cl-].[Cl-].[c-]1cccc2c1Cc1ccccc1-2; emitting sentinel -1.0
2026-05-12 10:27:54,198 [WARNING] ms-clip dropped SMILES CC1=CC2CC(SC3CC4C=C(C)C(C)=CC4C3)CC2C=C1C.Cl[Zr+2]Cl.[CH3-].[CH3-]; emitting sentinel -1.0
2026-05-12 10:27:54,199 [WARNING] ms-clip dropped SMILES CC(C)CC(=[Zr+2])CC(C)C.[Cl-].[Cl-].[c-]1cccc2c1Cc1ccccc1-2.c1cc[cH-]c1; emitting sentinel -1.0
2026-05-12 10:27:54,199 [WARNING] ms-clip dropped SMILES CC(C)=[Zr+2].CC(C)c1c[c-]c2c(c1)-c1cc(C(C)C)ccc1C2.[Cl-].[Cl-].c1cc[cH-]c1; emitting sentinel -1.0
2026-05-12 10:27:54,199 [WARNING] ms-clip dropped SMILES CC(C)=[Zr](Cl)Cl.CCCc1cc2ccccc2[cH-]1.CCCc1cc2ccccc2[cH-]1; emitting sentinel -1.0
2026-05-12 10:27:54,199 [WARNING] ms-clip dropped SMILES [C-]1=CC=CC1=C(C1CCCCC1)C1CCCCC1.[Cl-].[Cl-].[Zr+4].c1ccc2[cH-]ccc2c1; emitting sentinel -1.0
2026-05-12 10:27:54,199 [WARNING] ms-clip dropped SMILES C=[Zr+2].CC(C)Cc1cc2ccccc2[cH-]1.CC(C)Cc1cc2ccccc2[cH-]1.[Cl-].[Cl-]; emitting sentinel -1.0
2026-05-12 10:27:54,199 [WARNING] ms-clip dropped SMILES C[CH-][P+]([O])(OCC)OCC.[Sn].[c]1ccccc1.[c]1ccccc1.[c]1ccccc1; emitting sentinel -1.0
2026-05-12 10:27:54,199 [WARNING] ms-clip dropped SMILES CC(C)=[Zr+2].CCc1cc(C(C)(C)C)c[cH-]1.[Cl-].[Cl-].[c-]1cccc2c1Cc1ccccc1-2; emitting sentinel -1.0
2026-05-12 10:27:54,357 [INFO] ms-clip: auto-picked GPU 7 (free 20808 MiB)
2026-05-12 10:27:54,357 [INFO] ms-clip: using CUDA_VISIBLE_DEVICES=7
2026-05-12 10:27:54,358 [INFO] ms-clip: launching predict_smi (n_candidates=256)
2026-05-12 10:28:06,203 [WARNING] ms-clip dropped SMILES [CH2]C(C)C(=O)CC(=O)C(C)C.[CH2]C(C)C(=O)CC(=O)C(C)C.[CH2]C(C)C(=O)CC(=O)C(C)C.[Y]; emitting sentinel -1.0
2026-05-12 10:28:06,356 [INFO] ms-clip: auto-picked GPU 7 (free 20808 MiB)
2026-05-12 10:28:06,357 [INFO] ms-clip: using CUDA_VISIBLE_DEVICES=7
2026-05-12 10:28:06,357 [INFO] ms-clip: launching predict_smi (n_candidates=256)
2026-05-12 10:28:18,333 [INFO] ms-clip: auto-picked GPU 7 (free 20808 MiB)
2026-05-12 10:28:18,334 [INFO] ms-clip: using CUDA_VISIBLE_DEVICES=7
2026-05-12 10:28:18,334 [INFO] ms-clip: launching predict_smi (n_candidates=256)
2026-05-12 10:28:30,440 [WARNING] ms-clip dropped SMILES Cn1c(=[Pt])n(-c2[c-]c(Oc3[c-]c4c(cc3)C3CCCCC3CN4c3cc(C(C)(C)C)ccn3)ccc2)c2ccccc21; emitting sentinel -1.0
2026-05-12 10:28:30,590 [INFO] ms-clip: auto-picked GPU 7 (free 20808 MiB)
2026-05-12 10:28:30,590 [INFO] ms-clip: using CUDA_VISIBLE_DEVICES=7
2026-05-12 10:28:30,590 [INFO] ms-clip: launching predict_smi (n_candidates=256)
2026-05-12 10:28:42,364 [WARNING] ms-clip dropped SMILES [CH]N1CCN(CC)CCN(CC(=O)N[C@H](CCC(N)=O)C(=O)NC)CCN(CC(=O)O)CC1; emitting sentinel -1.0
2026-05-12 10:28:42,517 [INFO] ms-clip: auto-picked GPU 7 (free 20364 MiB)
2026-05-12 10:28:42,518 [INFO] ms-clip: using CUDA_VISIBLE_DEVICES=7
2026-05-12 10:28:42,518 [INFO] ms-clip: launching predict_smi (n_candidates=256)
2026-05-12 10:28:54,337 [WARNING] ms-clip dropped SMILES CCCCc1cccc2c1[cH-]c1ccccc12.CCCCc1cccc2c1[cH-]c1ccccc12.Clc1cc[c-]cc1.[CH2-]CCCC.[CH3-].[Ti]; emitting sentinel -1.0
2026-05-12 10:28:54,495 [INFO] ms-clip: auto-picked GPU 7 (free 20808 MiB)
2026-05-12 10:28:54,496 [INFO] ms-clip: using CUDA_VISIBLE_DEVICES=7
2026-05-12 10:28:54,496 [INFO] ms-clip: launching predict_smi (n_candidates=256)
2026-05-12 10:29:06,591 [INFO] ms-clip: auto-picked GPU 7 (free 20808 MiB)
2026-05-12 10:29:06,591 [INFO] ms-clip: using CUDA_VISIBLE_DEVICES=7
2026-05-12 10:29:06,591 [INFO] ms-clip: launching predict_smi (n_candidates=256)
2026-05-12 10:29:18,265 [WARNING] ms-clip dropped SMILES CC(C)(C)c1[c-]c(C2=CC=CC2)c(C(C)(C)C)[nH]1.[Cl-].[Cl-].[Zr+3]; emitting sentinel -1.0
2026-05-12 10:29:18,413 [INFO] ms-clip: auto-picked GPU 7 (free 20808 MiB)
2026-05-12 10:29:18,413 [INFO] ms-clip: using CUDA_VISIBLE_DEVICES=7
2026-05-12 10:29:18,413 [INFO] ms-clip: launching predict_smi (n_candidates=256)
2026-05-12 10:29:30,198 [WARNING] ms-clip dropped SMILES CC(C)C(=[Ti+2])C(C)C.[C-]1=CC=CC1.[c-]1cccc2c1Cc1ccccc1-2; emitting sentinel -1.0
2026-05-12 10:29:30,199 [WARNING] ms-clip dropped SMILES CC1=[C-]C(=C(C)C)C=C1NC(C)(C)C.C[N-]C.C[N-]C.[Mo+3]; emitting sentinel -1.0
2026-05-12 10:29:30,218 [INFO] spec 370/500  MassSpecGymID0216416  pool=256  pred=JMXVCIRSULFZLE  correct=True  t=11.9s
2026-05-12 10:29:30,349 [INFO] ms-clip: auto-picked GPU 7 (free 20808 MiB)
2026-05-12 10:29:30,349 [INFO] ms-clip: using CUDA_VISIBLE_DEVICES=7
2026-05-12 10:29:30,349 [INFO] ms-clip: launching predict_smi (n_candidates=256)
2026-05-12 10:29:42,151 [WARNING] ms-clip dropped SMILES CCCC/C1=C2/N=C(C(CC)=C2CC)C(c2ccccc2)C2=N/C(=C(/CCCC)c3[n-]c(c(CC)c3CC)C(CCCC)c3[n-]c1c(CC)c3CC)C(CC)=C2CC.[Ni+2]; emitting sentinel -1.0
2026-05-12 10:29:42,152 [WARNING] ms-clip dropped SMILES C.CCOC(=O)CC1(O)CCN(C(=O)CCCCc2ccc3c(n2)NCCC3)CC1.O.O=C(O)CC1(O)CCN(C(=O)CCCCc2ccc3c(n2)NCCC3)CC1.[Li+].[OH-]; emitting sentinel -1.0
2026-05-12 10:29:42,311 [INFO] ms-clip: auto-picked GPU 7 (free 20808 MiB)
2026-05-12 10:29:42,311 [INFO] ms-clip: using CUDA_VISIBLE_DEVICES=7
2026-05-12 10:29:42,311 [INFO] ms-clip: launching predict_smi (n_candidates=256)
2026-05-12 10:29:54,356 [WARNING] ms-clip dropped SMILES CCCCCCCCCCCCc1sccc1[Sn](CCCC)(CCCC)CCCC; emitting sentinel -1.0
2026-05-12 10:29:54,356 [WARNING] ms-clip dropped SMILES CC.CC.CC.Cc1ccc(C(C)NC(=O)C2CC(O)CN2C(=O)C(N[C-]=O)C(C)(C)C)cc1.[Zn]; emitting sentinel -1.0
2026-05-12 10:29:54,356 [WARNING] ms-clip dropped SMILES CCCCCCCCCCCCc1cc[c]s1.[CH2]CCC.[CH2]CCC.[CH2]CCC.[Sn]; emitting sentinel -1.0
2026-05-12 10:29:54,357 [WARNING] ms-clip dropped SMILES CCCC1=C(c2ccc(C3=C(CCC)C(c4ccccc4)=[C-][Si]3(C)C)cc2)[Si](C)(C)[C-]=C1c1ccccc1.[Li+].[Li+]; emitting sentinel -1.0
2026-05-12 10:29:54,497 [INFO] ms-clip: auto-picked GPU 7 (free 20364 MiB)
2026-05-12 10:29:54,497 [INFO] ms-clip: using CUDA_VISIBLE_DEVICES=7
2026-05-12 10:29:54,497 [INFO] ms-clip: launching predict_smi (n_candidates=256)
2026-05-12 10:30:06,847 [WARNING] ms-clip dropped SMILES CCCCC(CC)C(=O)[O-].CCCCC(CC)C(=O)[O-].CCCCC(CC)C(=O)[O-].CCCCC(CC)C(=O)[O-].CCCCC(CC)C(=O)[O-].[V]; emitting sentinel -1.0
2026-05-12 10:30:06,848 [WARNING] ms-clip dropped SMILES CC(C)CCCCC(=O)[O-].CC(C)CCCCC(=O)[O-].CC(C)CCCCC(=O)[O-].CC(C)CCCCC(=O)[O-].CC(C)CCCCC(=O)[O-].[V]; emitting sentinel -1.0
2026-05-12 10:30:06,848 [WARNING] ms-clip dropped SMILES CCCCCCCCCCCCCCCCCC(=O)[O-].CCCCCCCCCCCCCCCCCC(=O)[O-].Cc1cc(O)ccc1Cl.[Ni+2]; emitting sentinel -1.0
2026-05-12 10:30:06,848 [WARNING] ms-clip dropped SMILES CCCCCCCC/C=C\CCCCCCCC(=O)O.CCCCCCCC/C=C\CCCCCCCC(=O)O.[Hg]; emitting sentinel -1.0
2026-05-12 10:30:06,848 [WARNING] ms-clip dropped SMILES CCCCCCCC(=O)[O-].CCCCCCCC(=O)[O-].CCCCCCCC(=O)[O-].CCCCCCCC(=O)[O-].CCCCCCCC(=O)[O-].[V]; emitting sentinel -1.0
2026-05-12 10:30:06,848 [WARNING] ms-clip dropped SMILES [Au].[Cd].[Cd].[Cd].[Cd].[Cd]; emitting sentinel -1.0
2026-05-12 10:30:06,848 [WARNING] ms-clip dropped SMILES C1CCC([PH+](C2CCCCC2)C2CCCCC2)CC1.C1CCC([PH+](C2CCCCC2)C2CCCCC2)CC1.C1CCOC1.[CH3-].[CH3-].[Ru+2]; emitting sentinel -1.0
2026-05-12 10:30:06,998 [INFO] ms-clip: auto-picked GPU 7 (free 20364 MiB)
2026-05-12 10:30:06,998 [INFO] ms-clip: using CUDA_VISIBLE_DEVICES=7
2026-05-12 10:30:06,999 [INFO] ms-clip: launching predict_smi (n_candidates=256)
2026-05-12 10:30:18,441 [WARNING] ms-clip dropped SMILES C/C(=N\C(CC(=O)[O-])c1ccccc1)c1ccccc1/N=C(\[O-])CCCC[N-]Cc1ccccc1.[Ni+3]; emitting sentinel -1.0
2026-05-12 10:30:18,581 [INFO] ms-clip: auto-picked GPU 7 (free 20364 MiB)
2026-05-12 10:30:18,581 [INFO] ms-clip: using CUDA_VISIBLE_DEVICES=7
2026-05-12 10:30:18,581 [INFO] ms-clip: launching predict_smi (n_candidates=256)
2026-05-12 10:30:30,328 [INFO] ms-clip: auto-picked GPU 7 (free 20364 MiB)
2026-05-12 10:30:30,329 [INFO] ms-clip: using CUDA_VISIBLE_DEVICES=7
2026-05-12 10:30:30,329 [INFO] ms-clip: launching predict_smi (n_candidates=256)
2026-05-12 10:30:42,244 [WARNING] ms-clip dropped SMILES CCCCC(CC)C(=O)[O-].CCCCC(CC)C(=O)[O-].CCCCC(CC)C(=O)[O-].CCCCC(CC)C(=O)[O-].CCCCC(CC)C(=O)[O-].[V]; emitting sentinel -1.0
2026-05-12 10:30:42,244 [WARNING] ms-clip dropped SMILES CC(C)CCCCC(=O)[O-].CC(C)CCCCC(=O)[O-].CC(C)CCCCC(=O)[O-].CC(C)CCCCC(=O)[O-].CC(C)CCCCC(=O)[O-].[V]; emitting sentinel -1.0
2026-05-12 10:30:42,244 [WARNING] ms-clip dropped SMILES CCCCCCCCCCCCCCCCCC(=O)[O-].CCCCCCCCCCCCCCCCCC(=O)[O-].Cc1cc(O)ccc1Cl.[Ni+2]; emitting sentinel -1.0
2026-05-12 10:30:42,244 [WARNING] ms-clip dropped SMILES CCCCCCCC/C=C\CCCCCCCC(=O)O.CCCCCCCC/C=C\CCCCCCCC(=O)O.[Hg]; emitting sentinel -1.0
2026-05-12 10:30:42,244 [WARNING] ms-clip dropped SMILES CCCCCCCC(=O)[O-].CCCCCCCC(=O)[O-].CCCCCCCC(=O)[O-].CCCCCCCC(=O)[O-].CCCCCCCC(=O)[O-].[V]; emitting sentinel -1.0
2026-05-12 10:30:42,244 [WARNING] ms-clip dropped SMILES [Au].[Cd].[Cd].[Cd].[Cd].[Cd]; emitting sentinel -1.0
2026-05-12 10:30:42,245 [WARNING] ms-clip dropped SMILES C1CCC([PH+](C2CCCCC2)C2CCCCC2)CC1.C1CCC([PH+](C2CCCCC2)C2CCCCC2)CC1.C1CCOC1.[CH3-].[CH3-].[Ru+2]; emitting sentinel -1.0
2026-05-12 10:30:42,381 [INFO] ms-clip: auto-picked GPU 7 (free 20364 MiB)
2026-05-12 10:30:42,381 [INFO] ms-clip: using CUDA_VISIBLE_DEVICES=7
2026-05-12 10:30:42,381 [INFO] ms-clip: launching predict_smi (n_candidates=256)
2026-05-12 10:30:54,492 [WARNING] ms-clip dropped SMILES CNC(=O)c1nnc(Nc2nc(N3CC(C)OC(C)C3)ncc2F)cc1-c1ccc([C-]=O)cc1.[Fm]; emitting sentinel -1.0
2026-05-12 10:30:54,493 [WARNING] ms-clip dropped SMILES C.CCc1ncc2c(=O)[nH]c(C3CN(Cc4ccccc4)CC3C)nn12.CCc1ncc2c(=O)[nH]c(C3CNCC3C)nn12.[CH3-].[Pd]; emitting sentinel -1.0
2026-05-12 10:30:54,658 [INFO] ms-clip: auto-picked GPU 7 (free 20364 MiB)
2026-05-12 10:30:54,658 [INFO] ms-clip: using CUDA_VISIBLE_DEVICES=7
2026-05-12 10:30:54,659 [INFO] ms-clip: launching predict_smi (n_candidates=256)
2026-05-12 10:31:06,140 [WARNING] ms-clip dropped SMILES CCCCc1cccc2c1[cH-]c1ccccc12.CCCCc1cccc2c1[cH-]c1ccccc12.Clc1cc[c-]cc1.[CH2-]CCCC.[CH3-].[Ti]; emitting sentinel -1.0
2026-05-12 10:31:06,285 [INFO] ms-clip: auto-picked GPU 7 (free 20364 MiB)
2026-05-12 10:31:06,285 [INFO] ms-clip: using CUDA_VISIBLE_DEVICES=7
2026-05-12 10:31:06,285 [INFO] ms-clip: launching predict_smi (n_candidates=256)
2026-05-12 10:31:18,304 [WARNING] ms-clip dropped SMILES CC(C)(COC(C)(C)CCNc1cccc2c1C(=O)NC2=O)NC(=O)CNC1CCCC1.CCC(CC)c1c[c-]n2nccc2n1.CCCCC=O.CNC=O.[Na+]; emitting sentinel -1.0
2026-05-12 10:31:18,304 [WARNING] ms-clip dropped SMILES CCCC[Sn](CCCC)(CCCC)COCC1=C[C@@]2(C)CC[C@@H](O[Si](CC)(CC)CC)[C@@](C)(CCCO[Si](C)(C)C(C)(C)C)[C@@H]2CC1; emitting sentinel -1.0
2026-05-12 10:31:18,304 [WARNING] ms-clip dropped SMILES COCCOCCOC.COCCOCCOC.COCCOCCOC.COCCOCCOC.[Li].[Li].c1cc2ccc3ccc4ccc5ccc1c1c2c3c4c51; emitting sentinel -1.0
2026-05-12 10:31:18,466 [INFO] ms-clip: auto-picked GPU 7 (free 17930 MiB)
2026-05-12 10:31:18,466 [INFO] ms-clip: using CUDA_VISIBLE_DEVICES=7
2026-05-12 10:31:18,467 [INFO] ms-clip: launching predict_smi (n_candidates=256)
2026-05-12 10:31:30,475 [WARNING] ms-clip dropped SMILES O=[Sb](CC1CCCC1)(CC1CCCC1)CC1CCCC1; emitting sentinel -1.0
2026-05-12 10:31:30,491 [INFO] spec 380/500  MassSpecGymID0204379  pool=256  pred=JRASSONTPQQYOK  correct=True  t=12.2s
2026-05-12 10:31:30,636 [INFO] ms-clip: auto-picked GPU 7 (free 17392 MiB)
2026-05-12 10:31:30,636 [INFO] ms-clip: using CUDA_VISIBLE_DEVICES=7
2026-05-12 10:31:30,636 [INFO] ms-clip: launching predict_smi (n_candidates=256)
2026-05-12 10:31:43,039 [INFO] ms-clip: auto-picked GPU 7 (free 17392 MiB)
2026-05-12 10:31:43,039 [INFO] ms-clip: using CUDA_VISIBLE_DEVICES=7
2026-05-12 10:31:43,039 [INFO] ms-clip: launching predict_smi (n_candidates=256)
2026-05-12 10:31:55,427 [INFO] ms-clip: auto-picked GPU 7 (free 20292 MiB)
2026-05-12 10:31:55,427 [INFO] ms-clip: using CUDA_VISIBLE_DEVICES=7
2026-05-12 10:31:55,427 [INFO] ms-clip: launching predict_smi (n_candidates=256)
2026-05-12 10:32:08,265 [WARNING] ms-clip dropped SMILES CCCCC(CC)C(=O)[O-].CCCCC(CC)C(=O)[O-].CCCCC(CC)C(=O)[O-].CCCCC(CC)C(=O)[O-].CCCCC(CC)C(=O)[O-].[V]; emitting sentinel -1.0
2026-05-12 10:32:08,265 [WARNING] ms-clip dropped SMILES CC(C)CCCCC(=O)[O-].CC(C)CCCCC(=O)[O-].CC(C)CCCCC(=O)[O-].CC(C)CCCCC(=O)[O-].CC(C)CCCCC(=O)[O-].[V]; emitting sentinel -1.0
2026-05-12 10:32:08,265 [WARNING] ms-clip dropped SMILES CCCCCCCCCCCCCCCCCC(=O)[O-].CCCCCCCCCCCCCCCCCC(=O)[O-].Cc1cc(O)ccc1Cl.[Ni+2]; emitting sentinel -1.0
2026-05-12 10:32:08,265 [WARNING] ms-clip dropped SMILES CCCCCCCC/C=C\CCCCCCCC(=O)O.CCCCCCCC/C=C\CCCCCCCC(=O)O.[Hg]; emitting sentinel -1.0
2026-05-12 10:32:08,265 [WARNING] ms-clip dropped SMILES CCCCCCCC(=O)[O-].CCCCCCCC(=O)[O-].CCCCCCCC(=O)[O-].CCCCCCCC(=O)[O-].CCCCCCCC(=O)[O-].[V]; emitting sentinel -1.0
2026-05-12 10:32:08,265 [WARNING] ms-clip dropped SMILES [Au].[Cd].[Cd].[Cd].[Cd].[Cd]; emitting sentinel -1.0
2026-05-12 10:32:08,266 [WARNING] ms-clip dropped SMILES C1CCC([PH+](C2CCCCC2)C2CCCCC2)CC1.C1CCC([PH+](C2CCCCC2)C2CCCCC2)CC1.C1CCOC1.[CH3-].[CH3-].[Ru+2]; emitting sentinel -1.0
2026-05-12 10:32:08,429 [INFO] ms-clip: auto-picked GPU 7 (free 17392 MiB)
2026-05-12 10:32:08,429 [INFO] ms-clip: using CUDA_VISIBLE_DEVICES=7
2026-05-12 10:32:08,429 [INFO] ms-clip: launching predict_smi (n_candidates=256)
2026-05-12 10:32:20,739 [WARNING] ms-clip dropped SMILES CC(C)(C)c1cc(-c2cc3cc(C(C)(C)C)ccc3[cH-]2)cc(C(C)(C)C)c1.CC(C)(C)c1cc(-c2cc3cc(C(C)(C)C)ccc3[cH-]2)cc(C(C)(C)C)c1.[Hf+4]; emitting sentinel -1.0
2026-05-12 10:32:20,740 [WARNING] ms-clip dropped SMILES CC1CC2C(c3ccc(C(C)(C)C)cc3)CC(C(C)(C)C)CC2C1[Si](C)(C)C1C(C)CC2C(c3ccc(C(C)(C)C)cc3)CC(C(C)(C)C)CC21.Cl[Zr+2]Cl.[CH3-].[CH3-]; emitting sentinel -1.0
2026-05-12 10:32:20,892 [INFO] ms-clip: auto-picked GPU 7 (free 17392 MiB)
2026-05-12 10:32:20,893 [INFO] ms-clip: using CUDA_VISIBLE_DEVICES=7
2026-05-12 10:32:20,893 [INFO] ms-clip: launching predict_smi (n_candidates=256)
2026-05-12 10:32:32,995 [WARNING] ms-clip dropped SMILES [NH3+]c1cc[c-]cc1CC1CNC(=O)CN(C(=O)NC(C(=O)O)c2ccccc2)C1=O.[U]; emitting sentinel -1.0
2026-05-12 10:32:32,995 [WARNING] ms-clip dropped SMILES C(=C\C1[CH-]CCC1)\C1[CH-]CCC1.C1CCCC1.C1CCCC1.CCCC[Sn+2]CCCC.[Fe+2].[Fe+2]; emitting sentinel -1.0
2026-05-12 10:32:32,995 [WARNING] ms-clip dropped SMILES CCC1=C(C)/C2=C/c3c(CC)c(C)c4n3[Sn](F)(F)n3/c(c(C)c(CC)/c3=C/C3=N/C(=C\4)C(CC)=C3CC)=C\C1=N2; emitting sentinel -1.0
2026-05-12 10:32:32,995 [WARNING] ms-clip dropped SMILES C.CN1C[C@H]2c3ccccc3Oc3ccc(Cl)cc3[C@@H]2C1.O=CNC[C@H]1c2cc(Cl)ccc2Oc2ccccc2[C@@H]1CO.[AlH3]; emitting sentinel -1.0
2026-05-12 10:32:33,152 [INFO] ms-clip: auto-picked GPU 7 (free 17392 MiB)
2026-05-12 10:32:33,152 [INFO] ms-clip: using CUDA_VISIBLE_DEVICES=7
2026-05-12 10:32:33,152 [INFO] ms-clip: launching predict_smi (n_candidates=256)
2026-05-12 10:32:45,167 [INFO] ms-clip: auto-picked GPU 7 (free 19954 MiB)
2026-05-12 10:32:45,168 [INFO] ms-clip: using CUDA_VISIBLE_DEVICES=7
2026-05-12 10:32:45,168 [INFO] ms-clip: launching predict_smi (n_candidates=256)
2026-05-12 10:32:56,958 [INFO] ms-clip: auto-picked GPU 7 (free 19378 MiB)
2026-05-12 10:32:56,958 [INFO] ms-clip: using CUDA_VISIBLE_DEVICES=7
2026-05-12 10:32:56,958 [INFO] ms-clip: launching predict_smi (n_candidates=256)
2026-05-12 10:33:09,381 [INFO] ms-clip: auto-picked GPU 7 (free 24092 MiB)
2026-05-12 10:33:09,382 [INFO] ms-clip: using CUDA_VISIBLE_DEVICES=7
2026-05-12 10:33:09,382 [INFO] ms-clip: launching predict_smi (n_candidates=256)
2026-05-12 10:33:21,543 [INFO] ms-clip: auto-picked GPU 7 (free 24092 MiB)
2026-05-12 10:33:21,543 [INFO] ms-clip: using CUDA_VISIBLE_DEVICES=7
2026-05-12 10:33:21,544 [INFO] ms-clip: launching predict_smi (n_candidates=256)
2026-05-12 10:33:33,733 [INFO] spec 390/500  MassSpecGymID0231398  pool=256  pred=KQQLBXFPTDVFAJ  correct=True  t=12.3s
2026-05-12 10:33:33,845 [INFO] ms-clip: auto-picked GPU 7 (free 24092 MiB)
2026-05-12 10:33:33,845 [INFO] ms-clip: using CUDA_VISIBLE_DEVICES=7
2026-05-12 10:33:33,845 [INFO] ms-clip: launching predict_smi (n_candidates=256)
2026-05-12 10:33:46,609 [WARNING] ms-clip dropped SMILES [CH2-]C(CC(C)(C)C)C(=O)C(C)(C)C.[CH2-]CCOCC1C2CC/C=C\CCC21.[Y]; emitting sentinel -1.0
2026-05-12 10:33:46,775 [INFO] ms-clip: auto-picked GPU 7 (free 24092 MiB)
2026-05-12 10:33:46,775 [INFO] ms-clip: using CUDA_VISIBLE_DEVICES=7
2026-05-12 10:33:46,775 [INFO] ms-clip: launching predict_smi (n_candidates=256)
2026-05-12 10:33:58,278 [WARNING] ms-clip dropped SMILES CCCCCCCCCC[S-].CCCCCCCCCC[S-].[Pb+2]; emitting sentinel -1.0
2026-05-12 10:33:58,426 [INFO] ms-clip: auto-picked GPU 7 (free 24092 MiB)
2026-05-12 10:33:58,426 [INFO] ms-clip: using CUDA_VISIBLE_DEVICES=7
2026-05-12 10:33:58,426 [INFO] ms-clip: launching predict_smi (n_candidates=256)
2026-05-12 10:34:11,361 [INFO] ms-clip: auto-picked GPU 7 (free 24092 MiB)
2026-05-12 10:34:11,361 [INFO] ms-clip: using CUDA_VISIBLE_DEVICES=7
2026-05-12 10:34:11,361 [INFO] ms-clip: launching predict_smi (n_candidates=256)
2026-05-12 10:34:23,034 [WARNING] ms-clip dropped SMILES CCCC/C1=C2/N=C(C(CC)=C2CC)C(c2ccccc2)C2=N/C(=C(/CCCC)c3[n-]c(c(CC)c3CC)C(CCCC)c3[n-]c1c(CC)c3CC)C(CC)=C2CC.[Ni+2]; emitting sentinel -1.0
2026-05-12 10:34:23,034 [WARNING] ms-clip dropped SMILES CCCC/C1=C2/N=C(C(CC)=C2CC)[C@H](CCCC)c2[n-]c(c(CC)c2CC)/C(CCCC)=C2\N=C(C(CC)=C2CC)[C@H](c2ccccc2)c2[n-]c1c(CC)c2CC.[Ni+2]; emitting sentinel -1.0
2026-05-12 10:34:23,156 [INFO] ms-clip: auto-picked GPU 7 (free 24092 MiB)
2026-05-12 10:34:23,156 [INFO] ms-clip: using CUDA_VISIBLE_DEVICES=7
2026-05-12 10:34:23,157 [INFO] ms-clip: launching predict_smi (n_candidates=256)
2026-05-12 10:34:34,659 [WARNING] ms-clip dropped SMILES CN1CCCN(C)CN2C3=[Pt]=C4N(CCN3c3ccccc32)c2ccccc2N4C1; emitting sentinel -1.0
2026-05-12 10:34:34,795 [INFO] ms-clip: auto-picked GPU 7 (free 24092 MiB)
2026-05-12 10:34:34,796 [INFO] ms-clip: using CUDA_VISIBLE_DEVICES=7
2026-05-12 10:34:34,796 [INFO] ms-clip: launching predict_smi (n_candidates=256)
2026-05-12 10:34:46,465 [WARNING] ms-clip dropped SMILES [CH2]CCC.[CH2]CCC.[CH2]CCC.[CH2]OCC1=C[C@]2(C)CC[C@@H](O[Si](CC)(CC)CC)[C@@](C)(CCCO[Si](C)(C)C(C)(C)C)[C@@H]2CC1.[Sn]; emitting sentinel -1.0
2026-05-12 10:34:46,622 [INFO] ms-clip: auto-picked GPU 7 (free 24092 MiB)
2026-05-12 10:34:46,623 [INFO] ms-clip: using CUDA_VISIBLE_DEVICES=7
2026-05-12 10:34:46,623 [INFO] ms-clip: launching predict_smi (n_candidates=256)
2026-05-12 10:34:59,380 [INFO] ms-clip: auto-picked GPU 7 (free 24092 MiB)
2026-05-12 10:34:59,380 [INFO] ms-clip: using CUDA_VISIBLE_DEVICES=7
2026-05-12 10:34:59,381 [INFO] ms-clip: launching predict_smi (n_candidates=256)
2026-05-12 10:35:11,231 [WARNING] ms-clip dropped SMILES C1CCC2CCCC2C1.C1CCC2CCCC2C1.Oc1cccc2ccccc12.Oc1cccc2ccccc12.[Ti]; emitting sentinel -1.0
2026-05-12 10:35:11,362 [INFO] ms-clip: auto-picked GPU 7 (free 24092 MiB)
2026-05-12 10:35:11,363 [INFO] ms-clip: using CUDA_VISIBLE_DEVICES=7
2026-05-12 10:35:11,363 [INFO] ms-clip: launching predict_smi (n_candidates=256)
2026-05-12 10:35:22,870 [WARNING] ms-clip dropped SMILES CC(C)(C)OO.CC(C)O.CC(C)O.CC(C)O.CC(C)O.CC(C)OC(=O)[C@@H](O)[C@@H](O)C(=O)OC(C)C.[Ti]; emitting sentinel -1.0
2026-05-12 10:35:22,871 [WARNING] ms-clip dropped SMILES CCCCC1CCC([SiH](C)[SiH](C)C2C(C)CC3C2CC2CCCC2C3[Si](C)(C)C)C1.[CH3-].[CH3-].[CH3-].[CH3-].[Zr+4]; emitting sentinel -1.0
2026-05-12 10:35:22,999 [INFO] ms-clip: auto-picked GPU 7 (free 24092 MiB)
2026-05-12 10:35:23,000 [INFO] ms-clip: using CUDA_VISIBLE_DEVICES=7
2026-05-12 10:35:23,000 [INFO] ms-clip: launching predict_smi (n_candidates=256)
2026-05-12 10:35:34,208 [WARNING] ms-clip dropped SMILES Cc1cc(C)c([Ge](c2c(C)cc(C)cc2C)(c2c(C)cc(C)cc2C)N2C[N-]2)c(C)c1.[Li+]; emitting sentinel -1.0
2026-05-12 10:35:34,225 [INFO] spec 400/500  MassSpecGymID0153813  pool=256  pred=NCDAYDGRZHIDGV  correct=False  t=11.3s
2026-05-12 10:35:34,364 [INFO] ms-clip: auto-picked GPU 7 (free 24092 MiB)
2026-05-12 10:35:34,364 [INFO] ms-clip: using CUDA_VISIBLE_DEVICES=7
2026-05-12 10:35:34,364 [INFO] ms-clip: launching predict_smi (n_candidates=256)
2026-05-12 10:35:45,783 [WARNING] ms-clip dropped SMILES CCCCCCCCO.CCCCCCCCO.CCCCCCCCO.[Y]; emitting sentinel -1.0
2026-05-12 10:35:45,916 [INFO] ms-clip: auto-picked GPU 7 (free 24092 MiB)
2026-05-12 10:35:45,916 [INFO] ms-clip: using CUDA_VISIBLE_DEVICES=7
2026-05-12 10:35:45,916 [INFO] ms-clip: launching predict_smi (n_candidates=256)
2026-05-12 10:35:57,864 [WARNING] ms-clip dropped SMILES C1CCOC1.CC(C)(C)[Si](C)(C)C1CC(Cc2ccccc2)C2C=CC=CC21.[CH2-][Si](C)(C)C.[CH2-][Si](C)(C)C.[CH3-].[Sc+3]; emitting sentinel -1.0
2026-05-12 10:35:58,018 [INFO] ms-clip: auto-picked GPU 7 (free 24092 MiB)
2026-05-12 10:35:58,019 [INFO] ms-clip: using CUDA_VISIBLE_DEVICES=7
2026-05-12 10:35:58,019 [INFO] ms-clip: launching predict_smi (n_candidates=256)
2026-05-12 10:36:10,092 [WARNING] ms-clip dropped SMILES CN(C)C1=CC2=C3C=C(N(C)C)C=CN3CCCN2C=C1.CN1c2ccccc2N(C)C12CCCCC21N(C)c2ccccc2N1C.[Li+].[O-]c1cccc2ccc[nH+]c12; emitting sentinel -1.0
2026-05-12 10:36:10,092 [WARNING] ms-clip dropped SMILES CCCCCCCCCCCCCCCCCCCC#CC(=O)[O-].CCCCCCCCCCCCCCCCCCCC#CC(=O)[O-].[Cd+2]; emitting sentinel -1.0
2026-05-12 10:36:10,224 [INFO] ms-clip: auto-picked GPU 7 (free 24092 MiB)
2026-05-12 10:36:10,225 [INFO] ms-clip: using CUDA_VISIBLE_DEVICES=7
2026-05-12 10:36:10,225 [INFO] ms-clip: launching predict_smi (n_candidates=256)
2026-05-12 10:36:21,504 [WARNING] ms-clip dropped SMILES CCC(=O)O.[Hg].c1ccccc1; emitting sentinel -1.0
2026-05-12 10:36:21,627 [INFO] ms-clip: auto-picked GPU 7 (free 24092 MiB)
2026-05-12 10:36:21,628 [INFO] ms-clip: using CUDA_VISIBLE_DEVICES=7
2026-05-12 10:36:21,628 [INFO] ms-clip: launching predict_smi (n_candidates=256)
2026-05-12 10:36:33,252 [WARNING] ms-clip dropped SMILES CC(C)[SiH2+](C)CCOCn1cc(C(N)=O)c2c(Cl)nc(Cl)nc21; emitting sentinel -1.0
2026-05-12 10:36:33,253 [WARNING] ms-clip dropped SMILES C=CCC1C[N-]CC[N-]CC[N-]CC[N-]CC[N-]1.Cl[Mn]Cl; emitting sentinel -1.0
2026-05-12 10:36:33,380 [INFO] ms-clip: auto-picked GPU 7 (free 24092 MiB)
2026-05-12 10:36:33,380 [INFO] ms-clip: using CUDA_VISIBLE_DEVICES=7
2026-05-12 10:36:33,380 [INFO] ms-clip: launching predict_smi (n_candidates=256)
2026-05-12 10:36:45,522 [INFO] ms-clip: auto-picked GPU 7 (free 24092 MiB)
2026-05-12 10:36:45,522 [INFO] ms-clip: using CUDA_VISIBLE_DEVICES=7
2026-05-12 10:36:45,523 [INFO] ms-clip: launching predict_smi (n_candidates=256)
2026-05-12 10:36:57,222 [WARNING] ms-clip dropped SMILES C/C=C(\O[C@H](Cc1cc(C)[c-]c(C)c1)C(=O)N1CN(C2CCN(CCC(=O)OCC)CC2)C1)N1CCC(C2CCc3ccccc3NC(O)CC2)CC1.[Mn]; emitting sentinel -1.0
2026-05-12 10:36:57,222 [WARNING] ms-clip dropped SMILES CCCC[Sn](CCCC)(CCCC)c1ccc(OCCC[C@@H](C[C@H](NC(=O)OC(C)(C)C)C(=O)OC(C)(C)C)C(=O)OC(C)(C)C)cc1; emitting sentinel -1.0
2026-05-12 10:36:57,222 [WARNING] ms-clip dropped SMILES CCCCCCC(O)CCCC.CCCCCCC(O)CCCC.OCCCCCCN(CCO)CCCCCCO.[Y].[Y]; emitting sentinel -1.0
2026-05-12 10:36:57,222 [WARNING] ms-clip dropped SMILES Brc1ccc2ccccc2c1.C1CCOC1.CC(C)O.CC1(C)OB(c2ccc3ccccc3c2)OC1(C)C.CC1(C)O[B]OC1(C)C.[CH2-]CCC.[Li+]; emitting sentinel -1.0
2026-05-12 10:36:57,222 [WARNING] ms-clip dropped SMILES C1CCOC1.Cc1cc(C)c(-c2cccc(-c3c(C)cc(C)cc3C)c2[NH-])c(C)c1.Cc1cc(C)c(-c2cccc(-c3c(C)cc(C)cc3C)c2[NH-])c(C)c1.[Mn+2]; emitting sentinel -1.0
2026-05-12 10:36:57,361 [INFO] ms-clip: auto-picked GPU 7 (free 24092 MiB)
2026-05-12 10:36:57,362 [INFO] ms-clip: using CUDA_VISIBLE_DEVICES=7
2026-05-12 10:36:57,362 [INFO] ms-clip: launching predict_smi (n_candidates=256)
2026-05-12 10:37:08,979 [WARNING] ms-clip dropped SMILES Cc1ccc(S(=O)(=O)OCCC(B2C3CCCC2CCC3)[B-]2(C)C3CCCC2CCC3)cc1.[Li+]; emitting sentinel -1.0
2026-05-12 10:37:09,105 [INFO] ms-clip: auto-picked GPU 7 (free 24092 MiB)
2026-05-12 10:37:09,105 [INFO] ms-clip: using CUDA_VISIBLE_DEVICES=7
2026-05-12 10:37:09,106 [INFO] ms-clip: launching predict_smi (n_candidates=256)
2026-05-12 10:37:20,880 [WARNING] ms-clip dropped SMILES [CH-]1C2CCCCC2C2CCCCC12.[CH-]1C2CCCCC2C2CCCCC12.[W+2]; emitting sentinel -1.0
2026-05-12 10:37:20,880 [WARNING] ms-clip dropped SMILES CC12c3cccc(c3)C3(C)N4C=CN(C4)C(C)(c4cccc(c4)C(C)(c4cccc1c4)[n+]1[c-]n3cc1)N1C=CN2C1; emitting sentinel -1.0
2026-05-12 10:37:21,008 [INFO] ms-clip: auto-picked GPU 7 (free 24092 MiB)
2026-05-12 10:37:21,008 [INFO] ms-clip: using CUDA_VISIBLE_DEVICES=7
2026-05-12 10:37:21,008 [INFO] ms-clip: launching predict_smi (n_candidates=256)
2026-05-12 10:37:32,205 [WARNING] ms-clip dropped SMILES CN([Si])[Si](C)(C)N(C)[Si](C)(C)N(C)[Si](C)(C)C; emitting sentinel -1.0
2026-05-12 10:37:32,220 [INFO] spec 410/500  MassSpecGymID0207318  pool=256  pred=VICZYZVNJKFTNP  correct=True  t=11.3s
2026-05-12 10:37:32,332 [INFO] ms-clip: auto-picked GPU 7 (free 24092 MiB)
2026-05-12 10:37:32,332 [INFO] ms-clip: using CUDA_VISIBLE_DEVICES=7
2026-05-12 10:37:32,333 [INFO] ms-clip: launching predict_smi (n_candidates=256)
2026-05-12 10:37:44,025 [INFO] ms-clip: auto-picked GPU 7 (free 24092 MiB)
2026-05-12 10:37:44,025 [INFO] ms-clip: using CUDA_VISIBLE_DEVICES=7
2026-05-12 10:37:44,026 [INFO] ms-clip: launching predict_smi (n_candidates=256)
2026-05-12 10:37:55,942 [INFO] ms-clip: auto-picked GPU 7 (free 24092 MiB)
2026-05-12 10:37:55,943 [INFO] ms-clip: using CUDA_VISIBLE_DEVICES=7
2026-05-12 10:37:55,943 [INFO] ms-clip: launching predict_smi (n_candidates=256)
2026-05-12 10:38:07,538 [WARNING] ms-clip dropped SMILES C1CCOC1.COc1ccc(C#C[Ge]2(C#Cc3ccc(OC)cc3)C(c3ccccc3)=C(c3ccccc3)C(c3ccccc3)=C2c2ccccc2)cc1; emitting sentinel -1.0
2026-05-12 10:38:07,538 [WARNING] ms-clip dropped SMILES C1=CCC=C1.C1=Cc2ccccc2C1.[H]/[C-]=C/c1[c-]cccc1.[W+2].c1ccc2c(c1)cnc1ccccc12.c1ccc2c[nH]cc2c1; emitting sentinel -1.0
2026-05-12 10:38:07,538 [WARNING] ms-clip dropped SMILES CC/C=C/[C@]1(CC)O[C@@H]2OC(C)(C)O[C@@H]2[C@@H]1C.CCCC[C@]1(CC)O[C@@H]2OC(C)(C)O[C@@H]2[C@@H]1C.CO.Cl[Ni]Cl.O=C=O.O=C=O.[B].[Na]; emitting sentinel -1.0
2026-05-12 10:38:07,538 [WARNING] ms-clip dropped SMILES C(C=Cc1ccccc1)=Cc1ccccc1.C[Si]C.Cc1cc2c(-c3ccccc3)cccc2[cH-]1.Cc1cc2c(-c3ccccc3)cccc2[cH-]1.[Zr+2]; emitting sentinel -1.0
2026-05-12 10:38:07,539 [WARNING] ms-clip dropped SMILES Cl[Ru].[C-]#[O+].c1cc(CP(C2CCCCC2)C2CCCCC2)c2nc3c(CP(C4CCCCC4)C4CCCCC4)cccc3cc2c1; emitting sentinel -1.0
2026-05-12 10:38:07,539 [WARNING] ms-clip dropped SMILES CNc1ccccc1-c1[c-]cccc1.CNc1ccccc1-c1ccccc1[PH+](C1CCCCC1)C1CCCCC1.CS(=O)(=O)O.[Pd+2]; emitting sentinel -1.0
2026-05-12 10:38:07,539 [WARNING] ms-clip dropped SMILES CC(C)(C)c1ccc2c(c1)[cH-]c1cc(C(C)(C)C)ccc12.[Cl-].[Cl-].[Hf+2]=C(c1ccccc1)C1CCCCC1.c1cc[cH-]c1; emitting sentinel -1.0
2026-05-12 10:38:07,539 [WARNING] ms-clip dropped SMILES C(/C=C/c1ccccc1)=C\c1ccccc1.C[Si]C.Cc1cc2c(-c3ccccc3)cccc2[cH-]1.Cc1cc2c(-c3ccccc3)cccc2[cH-]1.[Zr+2]; emitting sentinel -1.0
2026-05-12 10:38:07,539 [WARNING] ms-clip dropped SMILES C=CCCCCC(=[Hf+2])c1ccccc1.CC(C)(C)c1ccc2c(c1)[cH-]c1cc(C(C)(C)C)ccc12.[Cl-].[Cl-].c1cc[cH-]c1; emitting sentinel -1.0
2026-05-12 10:38:07,675 [INFO] ms-clip: auto-picked GPU 7 (free 24092 MiB)
2026-05-12 10:38:07,675 [INFO] ms-clip: using CUDA_VISIBLE_DEVICES=7
2026-05-12 10:38:07,675 [INFO] ms-clip: launching predict_smi (n_candidates=256)
2026-05-12 10:38:19,317 [WARNING] ms-clip dropped SMILES Cc1ccnc(-n2c3cc(Oc4cncc(-n5c(=[Pt])n(C)c6ccccc65)c4)ccc3c3ccc4c(c32)C(C)(C)C(C)(C)C4(C)C)c1; emitting sentinel -1.0
2026-05-12 10:38:19,317 [WARNING] ms-clip dropped SMILES CC(C)(C)C(=O)N1C(=O)C2C3CC(C(OC(=O)C4CCCCC4)C31)C2C(=O)O[CH-]C(F)(F)S(=O)(=O)[O-].[Rf]; emitting sentinel -1.0
2026-05-12 10:38:19,317 [WARNING] ms-clip dropped SMILES CC.CC.CC.CCCCN1CCC(C(C(N)=O)(c2ccccc2)c2ccccc2)C1.[Re].[Re]; emitting sentinel -1.0
2026-05-12 10:38:19,317 [WARNING] ms-clip dropped SMILES Cc1ccnc(-n2c3cc(Oc4cncc(-n5c(=[Pt])n(C)c6ccccc65)c4)ccc3c3cc4c(cc32)C(C)(C)C(C)(C)C4(C)C)c1; emitting sentinel -1.0
2026-05-12 10:38:19,317 [WARNING] ms-clip dropped SMILES CO[C@H]1[C@@H](c2ccccc2)[C@@H]1[C@@H](O[Ge](c1c(C)cc(C)cc1C)c1c(C)cc(C)cc1C)[Ge](c1c(C)cc(C)cc1C)c1c(C)cc(C)cc1C; emitting sentinel -1.0
2026-05-12 10:38:19,317 [WARNING] ms-clip dropped SMILES C.C.COc1cccc(-c2ccc(NC(=O)C3=C(C(=O)[O-])CCC3)c(F)c2)c1.COc1cccc(-c2ccc(NC(=O)C3=C(C(=O)[O-])CCC3)c(F)c2)c1.O.[Ca+2].[H-].[H-]; emitting sentinel -1.0
2026-05-12 10:38:19,317 [WARNING] ms-clip dropped SMILES Cc1ccnc(-n2c3cc(Oc4cncc(-n5c(=[Pt])n(C)c6ccccc65)c4)ccc3c3c4c(ccc32)C(C)(C)C(C)(C)C4(C)C)c1; emitting sentinel -1.0
2026-05-12 10:38:19,317 [WARNING] ms-clip dropped SMILES C=C(C)[C@@H]1CC[C@@H](C)/C(=C/C(=O)OCC)C1.C=C(C)[C@@H]1CC[C@@H](C)/C(=C/CO)C1.CCOCC.C[CH-]I.[AlH3].[CH2-]C.[H-].[Li+].[V].[V]; emitting sentinel -1.0
2026-05-12 10:38:19,317 [WARNING] ms-clip dropped SMILES CCCCCCC(CCCCC)(CCCCOC(=O)/C=C\C(=O)[O-])OC(=O)/C=C\C(=O)OCCCC.CCCCOC(=O)/C=C\C(=O)[O-].[Sn+2]; emitting sentinel -1.0
2026-05-12 10:38:19,451 [INFO] ms-clip: auto-picked GPU 7 (free 24092 MiB)
2026-05-12 10:38:19,451 [INFO] ms-clip: using CUDA_VISIBLE_DEVICES=7
2026-05-12 10:38:19,451 [INFO] ms-clip: launching predict_smi (n_candidates=256)
2026-05-12 10:38:31,485 [WARNING] ms-clip dropped SMILES Cc1ccnc(-n2c3cc(Oc4cncc(-n5c(=[Pt])n(C)c6ccccc65)c4)ccc3c3ccc4c(c32)C(C)(C)C(C)(C)C4(C)C)c1; emitting sentinel -1.0
2026-05-12 10:38:31,485 [WARNING] ms-clip dropped SMILES CC(C)(C)C(=O)N1C(=O)C2C3CC(C(OC(=O)C4CCCCC4)C31)C2C(=O)O[CH-]C(F)(F)S(=O)(=O)[O-].[Rf]; emitting sentinel -1.0
2026-05-12 10:38:31,485 [WARNING] ms-clip dropped SMILES CC.CC.CC.CCCCN1CCC(C(C(N)=O)(c2ccccc2)c2ccccc2)C1.[Re].[Re]; emitting sentinel -1.0
2026-05-12 10:38:31,485 [WARNING] ms-clip dropped SMILES Cc1ccnc(-n2c3cc(Oc4cncc(-n5c(=[Pt])n(C)c6ccccc65)c4)ccc3c3cc4c(cc32)C(C)(C)C(C)(C)C4(C)C)c1; emitting sentinel -1.0
2026-05-12 10:38:31,485 [WARNING] ms-clip dropped SMILES CO[C@H]1[C@@H](c2ccccc2)[C@@H]1[C@@H](O[Ge](c1c(C)cc(C)cc1C)c1c(C)cc(C)cc1C)[Ge](c1c(C)cc(C)cc1C)c1c(C)cc(C)cc1C; emitting sentinel -1.0
2026-05-12 10:38:31,485 [WARNING] ms-clip dropped SMILES C.C.COc1cccc(-c2ccc(NC(=O)C3=C(C(=O)[O-])CCC3)c(F)c2)c1.COc1cccc(-c2ccc(NC(=O)C3=C(C(=O)[O-])CCC3)c(F)c2)c1.O.[Ca+2].[H-].[H-]; emitting sentinel -1.0
2026-05-12 10:38:31,485 [WARNING] ms-clip dropped SMILES Cc1ccnc(-n2c3cc(Oc4cncc(-n5c(=[Pt])n(C)c6ccccc65)c4)ccc3c3c4c(ccc32)C(C)(C)C(C)(C)C4(C)C)c1; emitting sentinel -1.0
2026-05-12 10:38:31,486 [WARNING] ms-clip dropped SMILES C=C(C)[C@@H]1CC[C@@H](C)/C(=C/C(=O)OCC)C1.C=C(C)[C@@H]1CC[C@@H](C)/C(=C/CO)C1.CCOCC.C[CH-]I.[AlH3].[CH2-]C.[H-].[Li+].[V].[V]; emitting sentinel -1.0
2026-05-12 10:38:31,486 [WARNING] ms-clip dropped SMILES CCCCCCC(CCCCC)(CCCCOC(=O)/C=C\C(=O)[O-])OC(=O)/C=C\C(=O)OCCCC.CCCCOC(=O)/C=C\C(=O)[O-].[Sn+2]; emitting sentinel -1.0
2026-05-12 10:38:31,615 [INFO] ms-clip: auto-picked GPU 7 (free 24092 MiB)
2026-05-12 10:38:31,615 [INFO] ms-clip: using CUDA_VISIBLE_DEVICES=7
2026-05-12 10:38:31,616 [INFO] ms-clip: launching predict_smi (n_candidates=256)
2026-05-12 10:38:43,398 [INFO] ms-clip: auto-picked GPU 7 (free 24092 MiB)
2026-05-12 10:38:43,399 [INFO] ms-clip: using CUDA_VISIBLE_DEVICES=7
2026-05-12 10:38:43,399 [INFO] ms-clip: launching predict_smi (n_candidates=256)
2026-05-12 10:38:55,324 [WARNING] ms-clip dropped SMILES CNC(=O)c1nnc(Nc2nc(N3CC(C)OC(C)C3)ncc2F)cc1-c1ccc([C-]=O)cc1.[Fm]; emitting sentinel -1.0
2026-05-12 10:38:55,325 [WARNING] ms-clip dropped SMILES C.CCc1ncc2c(=O)[nH]c(C3CN(Cc4ccccc4)CC3C)nn12.CCc1ncc2c(=O)[nH]c(C3CNCC3C)nn12.[CH3-].[Pd]; emitting sentinel -1.0
2026-05-12 10:38:55,464 [INFO] ms-clip: auto-picked GPU 7 (free 24092 MiB)
2026-05-12 10:38:55,464 [INFO] ms-clip: using CUDA_VISIBLE_DEVICES=7
2026-05-12 10:38:55,464 [INFO] ms-clip: launching predict_smi (n_candidates=256)
2026-05-12 10:39:07,558 [WARNING] ms-clip dropped SMILES C=C/C1=C(C=C)/C(N)=C(/N(N)CCOO)c2ccccc2N(C(=O)CCNC)C1.CCCCC[NH-].CCCOCCC=O.[Y]; emitting sentinel -1.0
2026-05-12 10:39:07,689 [INFO] ms-clip: auto-picked GPU 7 (free 24092 MiB)
2026-05-12 10:39:07,689 [INFO] ms-clip: using CUDA_VISIBLE_DEVICES=7
2026-05-12 10:39:07,689 [INFO] ms-clip: launching predict_smi (n_candidates=256)
2026-05-12 10:39:19,556 [WARNING] ms-clip dropped SMILES CCN(CC)C(=O)c1ccccc1[Te]c1ccccc1C(=O)N(CC)CC; emitting sentinel -1.0
2026-05-12 10:39:19,556 [WARNING] ms-clip dropped SMILES C[Si](C)(C)[Si]([Si](C)(C)C)[Si](C)(C)C.[CH3-].[Zr+3].c1cc[cH-]c1.c1cc[cH-]c1; emitting sentinel -1.0
2026-05-12 10:39:19,683 [INFO] ms-clip: auto-picked GPU 7 (free 24092 MiB)
2026-05-12 10:39:19,684 [INFO] ms-clip: using CUDA_VISIBLE_DEVICES=7
2026-05-12 10:39:19,684 [INFO] ms-clip: launching predict_smi (n_candidates=256)
2026-05-12 10:39:31,686 [WARNING] ms-clip dropped SMILES CCC[Si](CCC)c1cccc2c1-c1nc(-c3[c-]c(-c4ccccn4)ccc3)ccc1[Ge]2(CCC)CCC.[Ni]; emitting sentinel -1.0
2026-05-12 10:39:31,686 [WARNING] ms-clip dropped SMILES CC(C)COC(=O)Oc1ccc(F)[c-]c1F.CC(C)COC(=O)Oc1ccc(F)[c-]c1F.[C-]1=CC=CC1.[C-]1=CC=CC1.[Ti+4]; emitting sentinel -1.0
2026-05-12 10:39:31,686 [WARNING] ms-clip dropped SMILES CCP(CC)CC.O=C(N[C@@H](C(=O)O)c1ccccc1)c1cccc(-c2[c-]nn[nH]2)c1.[Au+]; emitting sentinel -1.0
2026-05-12 10:39:31,686 [WARNING] ms-clip dropped SMILES C[N+]1=C=[N+](c2[c-]cc3oc4ccccc4c3c2)C=C1.Cc1c[c-]c(-c2cc(C)c(C)cn2)cc1.[Ir]; emitting sentinel -1.0
2026-05-12 10:39:31,686 [WARNING] ms-clip dropped SMILES CC(C)COC(=O)Oc1ccc(F)[c-]c1F.CC(C)COC(=O)Oc1ccc(F)[c-]c1F.[Ti+4].c1cc[cH-]c1.c1cc[cH-]c1; emitting sentinel -1.0
2026-05-12 10:39:31,686 [WARNING] ms-clip dropped SMILES CCCC[N+]1=C=[N+](c2[c-]cc3oc4ccccc4c3c2)C=C1.[Ir].[c-]1ccccc1-c1ccccn1; emitting sentinel -1.0
2026-05-12 10:39:31,686 [WARNING] ms-clip dropped SMILES Cc1ccnc([Bi]2c3ccccc3-c3ccc(-c4cccc(Oc5ncccc5C)c4)cc32)c1; emitting sentinel -1.0
2026-05-12 10:39:31,687 [WARNING] ms-clip dropped SMILES CC(C)C[N+]1=C=[N+](c2[c-]cc3c(c2)oc2ccccc23)C=C1.[Ir].[c-]1ccccc1-c1ccccn1; emitting sentinel -1.0
2026-05-12 10:39:31,710 [INFO] spec 420/500  MassSpecGymID0078302  pool=256  pred=NMVPEQXCMGEDNH  correct=False  t=12.1s
2026-05-12 10:39:31,849 [INFO] ms-clip: auto-picked GPU 7 (free 24092 MiB)
2026-05-12 10:39:31,849 [INFO] ms-clip: using CUDA_VISIBLE_DEVICES=7
2026-05-12 10:39:31,849 [INFO] ms-clip: launching predict_smi (n_candidates=256)
2026-05-12 10:39:43,803 [WARNING] ms-clip dropped SMILES O=C([O-])C1CCCC1.O=C([O-])C1CCCC1.O=C([O-])C1CCCC1.O=C([O-])C1CCCC1.[Ti+4]; emitting sentinel -1.0
2026-05-12 10:39:43,803 [WARNING] ms-clip dropped SMILES C[Si](C)(C)C([Si](C)(C)C)[Ge](C#N)(NC1=CCCC1)C([Si](C)(C)C)[Si](C)(C)C; emitting sentinel -1.0
2026-05-12 10:39:43,944 [INFO] ms-clip: auto-picked GPU 7 (free 24092 MiB)
2026-05-12 10:39:43,944 [INFO] ms-clip: using CUDA_VISIBLE_DEVICES=7
2026-05-12 10:39:43,944 [INFO] ms-clip: launching predict_smi (n_candidates=256)
2026-05-12 10:39:55,592 [WARNING] ms-clip dropped SMILES CC(C)(C)OCCCCCCC1CC([Si](C)(C)[N-]c2ccccc2)C2CCCCC12.Cl[Ti]Cl.[CH3-]; emitting sentinel -1.0
2026-05-12 10:39:55,723 [INFO] ms-clip: auto-picked GPU 7 (free 24092 MiB)
2026-05-12 10:39:55,723 [INFO] ms-clip: using CUDA_VISIBLE_DEVICES=7
2026-05-12 10:39:55,723 [INFO] ms-clip: launching predict_smi (n_candidates=256)
2026-05-12 10:40:08,156 [WARNING] ms-clip dropped SMILES CCCCCCCC[N-]CCCN1CCCN(CCC)CCCN(C)CC1.Cl[Mn]Cl; emitting sentinel -1.0
2026-05-12 10:40:08,156 [WARNING] ms-clip dropped SMILES C/C=C\[C@@H]1C[C@H](C(C)=O)N(C)[C@H]1[C@@H]([NH-])C(C)(CC)CC.[Ac]; emitting sentinel -1.0
2026-05-12 10:40:08,372 [INFO] ms-clip: auto-picked GPU 7 (free 24072 MiB)
2026-05-12 10:40:08,372 [INFO] ms-clip: using CUDA_VISIBLE_DEVICES=7
2026-05-12 10:40:08,372 [INFO] ms-clip: launching predict_smi (n_candidates=256)
2026-05-12 10:40:20,751 [INFO] ms-clip: auto-picked GPU 7 (free 23556 MiB)
2026-05-12 10:40:20,751 [INFO] ms-clip: using CUDA_VISIBLE_DEVICES=7
2026-05-12 10:40:20,751 [INFO] ms-clip: launching predict_smi (n_candidates=256)
2026-05-12 10:40:33,020 [INFO] ms-clip: auto-picked GPU 7 (free 23492 MiB)
2026-05-12 10:40:33,021 [INFO] ms-clip: using CUDA_VISIBLE_DEVICES=7
2026-05-12 10:40:33,021 [INFO] ms-clip: launching predict_smi (n_candidates=256)
2026-05-12 10:40:45,388 [WARNING] ms-clip dropped SMILES CC(C)=C[Si]N(CCCCCC[Si](C)(Cl)Cl)[Si]C=C(C)C; emitting sentinel -1.0
2026-05-12 10:40:45,533 [INFO] ms-clip: auto-picked GPU 7 (free 21774 MiB)
2026-05-12 10:40:45,533 [INFO] ms-clip: using CUDA_VISIBLE_DEVICES=7
2026-05-12 10:40:45,533 [INFO] ms-clip: launching predict_smi (n_candidates=256)
2026-05-12 10:40:58,166 [WARNING] ms-clip dropped SMILES C[Ge](C)(C)c1cc2oc3cc4ccccc4nc3c3cc4ccccc4c4oc(c1)c2c34; emitting sentinel -1.0
2026-05-12 10:40:58,314 [INFO] ms-clip: auto-picked GPU 7 (free 20808 MiB)
2026-05-12 10:40:58,314 [INFO] ms-clip: using CUDA_VISIBLE_DEVICES=7
2026-05-12 10:40:58,314 [INFO] ms-clip: launching predict_smi (n_candidates=256)
2026-05-12 10:41:10,260 [INFO] ms-clip: auto-picked GPU 7 (free 20364 MiB)
2026-05-12 10:41:10,260 [INFO] ms-clip: using CUDA_VISIBLE_DEVICES=7
2026-05-12 10:41:10,260 [INFO] ms-clip: launching predict_smi (n_candidates=256)
2026-05-12 10:41:22,274 [WARNING] ms-clip dropped SMILES CC(C)(CO)/N=C/c1ccccc1O.CC(C)(CO)/N=C/c1ccccc1O.[Ni]; emitting sentinel -1.0
2026-05-12 10:41:22,274 [WARNING] ms-clip dropped SMILES CNCCNC(C)(O)C(C)(C)CCOC(C)(C)CN1C(=O)C=CC1=O.[Y]; emitting sentinel -1.0
2026-05-12 10:41:22,415 [INFO] ms-clip: auto-picked GPU 7 (free 20364 MiB)
2026-05-12 10:41:22,415 [INFO] ms-clip: using CUDA_VISIBLE_DEVICES=7
2026-05-12 10:41:22,415 [INFO] ms-clip: launching predict_smi (n_candidates=256)
2026-05-12 10:41:34,239 [WARNING] ms-clip dropped SMILES CCCCC1CCC(C)C1.CCCCC1CCC(C)C1.Cl[Zr]Cl; emitting sentinel -1.0
2026-05-12 10:41:34,239 [WARNING] ms-clip dropped SMILES CC(C)CCCCCS[Sn](C)(C)SCCCCCC(C)C; emitting sentinel -1.0
2026-05-12 10:41:34,239 [WARNING] ms-clip dropped SMILES C=CC=C.C[c-]1[c-](C)[c-](C)[c-](C)[c-]1C.Cc1c(C)c(C)[c-](C)c1C.[Ni].[Ni]; emitting sentinel -1.0
2026-05-12 10:41:34,253 [INFO] spec 430/500  MassSpecGymID0028423  pool=256  pred=HTQMVQVXFRQIKW  correct=True  t=12.0s
2026-05-12 10:41:34,381 [INFO] ms-clip: auto-picked GPU 7 (free 20364 MiB)
2026-05-12 10:41:34,381 [INFO] ms-clip: using CUDA_VISIBLE_DEVICES=7
2026-05-12 10:41:34,381 [INFO] ms-clip: launching predict_smi (n_candidates=256)
2026-05-12 10:41:46,285 [INFO] ms-clip: auto-picked GPU 7 (free 20364 MiB)
2026-05-12 10:41:46,285 [INFO] ms-clip: using CUDA_VISIBLE_DEVICES=7
2026-05-12 10:41:46,286 [INFO] ms-clip: launching predict_smi (n_candidates=256)
2026-05-12 10:41:58,395 [INFO] ms-clip: auto-picked GPU 7 (free 20364 MiB)
2026-05-12 10:41:58,395 [INFO] ms-clip: using CUDA_VISIBLE_DEVICES=7
2026-05-12 10:41:58,395 [INFO] ms-clip: launching predict_smi (n_candidates=256)
2026-05-12 10:42:10,384 [INFO] ms-clip: auto-picked GPU 7 (free 20364 MiB)
2026-05-12 10:42:10,385 [INFO] ms-clip: using CUDA_VISIBLE_DEVICES=7
2026-05-12 10:42:10,385 [INFO] ms-clip: launching predict_smi (n_candidates=256)
2026-05-12 10:42:22,210 [WARNING] ms-clip dropped SMILES CC(C)Cc1cc(-c2cc(C(C)C)c3c(c2)c2cccc4c5ccccc5n3c42)ncc1[Ge](C)(C)C; emitting sentinel -1.0
2026-05-12 10:42:22,210 [WARNING] ms-clip dropped SMILES CC[C@@H](NC1=C([N-]c2cccc(C(=O)N(C)C)c2O)C(=O)N(c2ccccc2)C1=O)c1ccc2c(c1)OCO2.[Li+]; emitting sentinel -1.0
2026-05-12 10:42:22,358 [INFO] ms-clip: auto-picked GPU 7 (free 20364 MiB)
2026-05-12 10:42:22,359 [INFO] ms-clip: using CUDA_VISIBLE_DEVICES=7
2026-05-12 10:42:22,359 [INFO] ms-clip: launching predict_smi (n_candidates=256)
2026-05-12 10:42:34,546 [WARNING] ms-clip dropped SMILES CC(C/C=N/OCc1ccccc1)C(O)C1C(=O)CCCCCCCCCCN1C.[Ac]; emitting sentinel -1.0
2026-05-12 10:42:34,547 [WARNING] ms-clip dropped SMILES [CH2]C(CC(=C)C#N)C(=O)O[C@@H]1C[C@H](C)CC[C@H]1C(C)(C)c1ccccc1.[CH2]CCC.[CH2]CCC.[CH2]CCC.[Sn]; emitting sentinel -1.0
2026-05-12 10:42:34,547 [WARNING] ms-clip dropped SMILES CCCC[Sn](CCCC)(CCCC)[C@@H](c1ccccc1)[C@@H](c1ccccc1NC(=O)OC(C)(C)C)C(C)(C)C; emitting sentinel -1.0
2026-05-12 10:42:34,547 [WARNING] ms-clip dropped SMILES C=C(C#N)C[C@@H](C[Sn](CCCC)(CCCC)CCCC)C(=O)O[C@@H]1C[C@H](C)CC[C@H]1C(C)(C)c1ccccc1; emitting sentinel -1.0
2026-05-12 10:42:34,705 [INFO] ms-clip: auto-picked GPU 7 (free 20364 MiB)
2026-05-12 10:42:34,705 [INFO] ms-clip: using CUDA_VISIBLE_DEVICES=7
2026-05-12 10:42:34,705 [INFO] ms-clip: launching predict_smi (n_candidates=256)
2026-05-12 10:42:47,420 [WARNING] ms-clip dropped SMILES COC(=O)c1ccc(CN2CCc3ccc(C(=O)CCC4CC[N-]CC4)cc3CC2)cc1.[Ac]; emitting sentinel -1.0
2026-05-12 10:42:47,420 [WARNING] ms-clip dropped SMILES COC(=O)c1cccc(CN2CCc3ccc(C(=O)CCC4CC[N-]CC4)cc3CC2)c1.[Ac]; emitting sentinel -1.0
2026-05-12 10:42:47,421 [WARNING] ms-clip dropped SMILES [CH2]CCC.[CH2]CCC.[CH2]CCC.[CH2]CCC.[CH2]CCC.[CH2]CCC.[H]/[C+]=C/C=C\C=[C-]\[H].[Sn].[Sn]; emitting sentinel -1.0
2026-05-12 10:42:47,421 [WARNING] ms-clip dropped SMILES CCCCCCCC[Sn]CCCCCCCC.O=C(CC(O)C(=O)OCc1ccccc1)OCc1ccccc1; emitting sentinel -1.0
2026-05-12 10:42:47,572 [INFO] ms-clip: auto-picked GPU 7 (free 20364 MiB)
2026-05-12 10:42:47,573 [INFO] ms-clip: using CUDA_VISIBLE_DEVICES=7
2026-05-12 10:42:47,573 [INFO] ms-clip: launching predict_smi (n_candidates=256)
2026-05-12 10:42:59,216 [INFO] ms-clip: auto-picked GPU 7 (free 19724 MiB)
2026-05-12 10:42:59,217 [INFO] ms-clip: using CUDA_VISIBLE_DEVICES=7
2026-05-12 10:42:59,217 [INFO] ms-clip: launching predict_smi (n_candidates=256)
2026-05-12 10:43:11,137 [WARNING] ms-clip dropped SMILES CC(C)(COC(C)(C)CCNc1cccc2c1C(=O)NC2=O)NC(=O)CNC1CCCC1.CCC(CC)c1c[c-]n2nccc2n1.CCCCC=O.CNC=O.[Na+]; emitting sentinel -1.0
2026-05-12 10:43:11,137 [WARNING] ms-clip dropped SMILES CCCC[Sn](CCCC)(CCCC)COCC1=C[C@@]2(C)CC[C@@H](O[Si](CC)(CC)CC)[C@@](C)(CCCO[Si](C)(C)C(C)(C)C)[C@@H]2CC1; emitting sentinel -1.0
2026-05-12 10:43:11,137 [WARNING] ms-clip dropped SMILES COCCOCCOC.COCCOCCOC.COCCOCCOC.COCCOCCOC.[Li].[Li].c1cc2ccc3ccc4ccc5ccc1c1c2c3c4c51; emitting sentinel -1.0
2026-05-12 10:43:11,299 [INFO] ms-clip: auto-picked GPU 7 (free 17392 MiB)
2026-05-12 10:43:11,299 [INFO] ms-clip: using CUDA_VISIBLE_DEVICES=7
2026-05-12 10:43:11,299 [INFO] ms-clip: launching predict_smi (n_candidates=256)
2026-05-12 10:43:23,006 [INFO] ms-clip: auto-picked GPU 7 (free 17392 MiB)
2026-05-12 10:43:23,007 [INFO] ms-clip: using CUDA_VISIBLE_DEVICES=7
2026-05-12 10:43:23,007 [INFO] ms-clip: launching predict_smi (n_candidates=256)
2026-05-12 10:43:34,542 [INFO] spec 440/500  MassSpecGymID0276021  pool=256  pred=CDJAEKWAWWXNAX  correct=False  t=11.6s
2026-05-12 10:43:34,655 [INFO] ms-clip: auto-picked GPU 7 (free 17392 MiB)
2026-05-12 10:43:34,655 [INFO] ms-clip: using CUDA_VISIBLE_DEVICES=7
2026-05-12 10:43:34,655 [INFO] ms-clip: launching predict_smi (n_candidates=256)
2026-05-12 10:43:47,297 [WARNING] ms-clip dropped SMILES C[C@@H]1C[C@@H](OC(=O)c2cccnc2)CC(C)(C)C1.[Ni]; emitting sentinel -1.0
2026-05-12 10:43:47,297 [WARNING] ms-clip dropped SMILES CCCCCCCC[Sn]1CCCCO1; emitting sentinel -1.0
2026-05-12 10:43:47,297 [WARNING] ms-clip dropped SMILES O=C([O-])CCCCNC(=S)SCCCCC(=O)[O-].[Li+].[Li+]; emitting sentinel -1.0
2026-05-12 10:43:47,422 [INFO] ms-clip: auto-picked GPU 7 (free 24092 MiB)
2026-05-12 10:43:47,422 [INFO] ms-clip: using CUDA_VISIBLE_DEVICES=7
2026-05-12 10:43:47,423 [INFO] ms-clip: launching predict_smi (n_candidates=256)
2026-05-12 10:44:00,092 [WARNING] ms-clip dropped SMILES CC(C)COP(=O)([O-])OCC(C)C.CC(C)COP(=O)([O-])OCC(C)C.[Zn+2]; emitting sentinel -1.0
2026-05-12 10:44:00,235 [INFO] ms-clip: auto-picked GPU 7 (free 24092 MiB)
2026-05-12 10:44:00,236 [INFO] ms-clip: using CUDA_VISIBLE_DEVICES=7
2026-05-12 10:44:00,236 [INFO] ms-clip: launching predict_smi (n_candidates=100)
2026-05-12 10:44:11,811 [WARNING] ms-clip dropped SMILES ClC(Cl)=CCOC1C=C(Cl)C(OCCCBr)=C([TlH2])C1; emitting sentinel -1.0
2026-05-12 10:44:11,811 [WARNING] ms-clip dropped SMILES Nc1nc2c(ncn2[C@@H]2O[C@H](CO[PH](=O)O)C3OP(=O)(O)OC32)c(=O)[nH]1.O=[PH](O)O.[Y]; emitting sentinel -1.0
2026-05-12 10:44:11,811 [WARNING] ms-clip dropped SMILES COCOc1cc([S-])cnc1OCOC.O=c1[nH]cc([S-])cc1O.[CH3-].[CH3-].[Y].[Y]; emitting sentinel -1.0
2026-05-12 10:44:11,939 [INFO] ms-clip: auto-picked GPU 7 (free 24092 MiB)
2026-05-12 10:44:11,940 [INFO] ms-clip: using CUDA_VISIBLE_DEVICES=7
2026-05-12 10:44:11,940 [INFO] ms-clip: launching predict_smi (n_candidates=256)
2026-05-12 10:44:23,504 [WARNING] ms-clip dropped SMILES CC.CCC.CCCC(=O)c1cc(C)c(-c2cc3cnc(N(C)O)cc3n3ccnc23)cn1.[U]; emitting sentinel -1.0
2026-05-12 10:44:23,638 [INFO] ms-clip: auto-picked GPU 7 (free 24092 MiB)
2026-05-12 10:44:23,638 [INFO] ms-clip: using CUDA_VISIBLE_DEVICES=7
2026-05-12 10:44:23,638 [INFO] ms-clip: launching predict_smi (n_candidates=256)
2026-05-12 10:44:35,098 [WARNING] ms-clip dropped SMILES C[Si](C(C)(C)C)C(C)(C)C.C[Si](C(C)(C)C)C(C)(C)C.C[Si](C(C)(C)C)C(C)(C)C.[GeH]; emitting sentinel -1.0
2026-05-12 10:44:35,257 [INFO] ms-clip: auto-picked GPU 7 (free 24092 MiB)
2026-05-12 10:44:35,257 [INFO] ms-clip: using CUDA_VISIBLE_DEVICES=7
2026-05-12 10:44:35,257 [INFO] ms-clip: launching predict_smi (n_candidates=256)
2026-05-12 10:44:46,765 [WARNING] ms-clip dropped SMILES CC(=O)/C=C(/C)O.CC(=O)/C=C(\C)O.[Cd]; emitting sentinel -1.0
2026-05-12 10:44:46,766 [WARNING] ms-clip dropped SMILES C[Si](C)(C)c1cccc(C=O)c1.[C-]#[O+].[C-]#[O+].[C-]#[O+].[Cr]; emitting sentinel -1.0
2026-05-12 10:44:46,766 [WARNING] ms-clip dropped SMILES [CH2-]C1CCCO1.[CH2-]C1CCCO1.[O-2].[O-2].[O-2].[Ti+4].[Ti+4]; emitting sentinel -1.0
2026-05-12 10:44:46,766 [WARNING] ms-clip dropped SMILES Nc1cccc([Te]c2cccc(N)c2)c1; emitting sentinel -1.0
2026-05-12 10:44:46,766 [WARNING] ms-clip dropped SMILES Cc1ccc(C(=O)Nc2cc[c-]nc2)cc1C.[Y+3]; emitting sentinel -1.0
2026-05-12 10:44:46,906 [INFO] ms-clip: auto-picked GPU 7 (free 24092 MiB)
2026-05-12 10:44:46,906 [INFO] ms-clip: using CUDA_VISIBLE_DEVICES=7
2026-05-12 10:44:46,906 [INFO] ms-clip: launching predict_smi (n_candidates=256)
2026-05-12 10:44:58,387 [INFO] ms-clip: auto-picked GPU 7 (free 24092 MiB)
2026-05-12 10:44:58,387 [INFO] ms-clip: using CUDA_VISIBLE_DEVICES=7
2026-05-12 10:44:58,387 [INFO] ms-clip: launching predict_smi (n_candidates=256)
2026-05-12 10:45:10,821 [WARNING] ms-clip dropped SMILES COc1ccc([Bi](c2ccc(OC)cc2)c2cc[n+](C)c(-c3cc(C(C)(C)C)c4ccccc4c3C)c2)cc1; emitting sentinel -1.0
2026-05-12 10:45:10,822 [WARNING] ms-clip dropped SMILES CCCCC1=C(C)c2cc3[n-]c(cc4nc(cc5[n-]c(cc1n2)c(CCCC)c5C)-c1ccc2ccccc2c1-4)c1c2ccccc2ccc31.[Zn+2]; emitting sentinel -1.0
2026-05-12 10:45:10,822 [WARNING] ms-clip dropped SMILES CN(C)Cc1[c-]cccc1.Cc1cc(C)c(N2CCN(c3c(C)cc(C)cc3C)C2=[Pd])c(C)c1.F[B-](F)(F)F.c1ccncc1; emitting sentinel -1.0
2026-05-12 10:45:10,822 [WARNING] ms-clip dropped SMILES CC(C)(C)c1ccc(-c2c3nc(c(-c4ccccc4)c4ccc([n-]4)c(-c4ccc(C(C)(C)C)cc4)c4nc(cc5ccc2[n-]5)C=C4)C=C3)cc1.[Zn+2]; emitting sentinel -1.0
2026-05-12 10:45:10,822 [WARNING] ms-clip dropped SMILES [2H]C([2H])([2H])n1c(=[Pt])n(-c2[c-]c(Oc3[c-]c4c(cc3)C(C)(C)CCN4c3cc(C(C)(C)C)ccn3)ccc2)c2ccccc21; emitting sentinel -1.0
2026-05-12 10:45:10,956 [INFO] ms-clip: auto-picked GPU 7 (free 24092 MiB)
2026-05-12 10:45:10,956 [INFO] ms-clip: using CUDA_VISIBLE_DEVICES=7
2026-05-12 10:45:10,956 [INFO] ms-clip: launching predict_smi (n_candidates=256)
2026-05-12 10:45:23,384 [WARNING] ms-clip dropped SMILES CCCCCCCCCCCCC/C=C/S(=O)(=O)NCC(=O)[O-].CCCCCCCCCCCCC/C=C/S(=O)(=O)NCC(=O)[O-].[Ca+2]; emitting sentinel -1.0
2026-05-12 10:45:23,384 [WARNING] ms-clip dropped SMILES CCCCCCCCCCC/C=C/C(=O)NCCCS(=O)(=O)O.CCCCCCCCCCC/C=C/C([O-])=N/CCCS(=O)(=O)[O-].[Ca+2]; emitting sentinel -1.0
2026-05-12 10:45:23,384 [WARNING] ms-clip dropped SMILES CCCCCCCCCC/C=C/C(=O)N(C)CCCS(=O)(=O)[O-].CCCCCCCCCC/C=C/C(=O)N(C)CCCS(=O)(=O)[O-].[Ca+2]; emitting sentinel -1.0
2026-05-12 10:45:23,385 [WARNING] ms-clip dropped SMILES CCCCC1C(C(=O)O)C(c2ccc(F)cc2)=NN1c1ccccc1.CCCCC1C(C(=O)OCC)C(c2ccc(F)cc2)=NN1c1ccccc1.[Li+].[OH-]; emitting sentinel -1.0
2026-05-12 10:45:23,385 [WARNING] ms-clip dropped SMILES C.C.C.C.C.CC.CC.CC.Oc1ccccc1.Oc1ccccc1.Oc1ccccc1.[CH2-]C.[CH2-]C.[CH2-]C.[CH3-].[Y].[Y]; emitting sentinel -1.0
2026-05-12 10:45:23,385 [WARNING] ms-clip dropped SMILES CCCCCCCCCCCC/C=C/S(=O)(=O)NCCC(=O)[O-].CCCCCCCCCCCC/C=C/S(=O)(=O)NCCC(=O)[O-].[Ca+2]; emitting sentinel -1.0
2026-05-12 10:45:23,517 [INFO] ms-clip: auto-picked GPU 7 (free 24092 MiB)
2026-05-12 10:45:23,517 [INFO] ms-clip: using CUDA_VISIBLE_DEVICES=7
2026-05-12 10:45:23,517 [INFO] ms-clip: launching predict_smi (n_candidates=256)
2026-05-12 10:45:35,776 [WARNING] ms-clip dropped SMILES CC(C)C(=O)/C=C(\O)c1ccccc1.CC(C)C(=O)/C=C(\O)c1ccccc1.[Cu]; emitting sentinel -1.0
2026-05-12 10:45:35,795 [INFO] spec 450/500  MassSpecGymID0047463  pool=256  pred=FROBCXTULYFHEJ  correct=True  t=12.4s
2026-05-12 10:45:35,901 [INFO] ms-clip: auto-picked GPU 7 (free 24092 MiB)
2026-05-12 10:45:35,902 [INFO] ms-clip: using CUDA_VISIBLE_DEVICES=7
2026-05-12 10:45:35,902 [INFO] ms-clip: launching predict_smi (n_candidates=256)
2026-05-12 10:45:47,443 [WARNING] ms-clip dropped SMILES CC(=O)Oc1ccccc1C(=O)[O-].C[NH+](C)C.O=S(=O)([O-])[O-].[Mg+2]; emitting sentinel -1.0
2026-05-12 10:45:47,443 [WARNING] ms-clip dropped SMILES CCCCN1C/C(=C\[Te]c2ccc(C)cc2)C1=O; emitting sentinel -1.0
2026-05-12 10:45:47,444 [WARNING] ms-clip dropped SMILES O=CCc1ccc2c(c1)CC[N-]2.[CH3-].[W+2]; emitting sentinel -1.0
2026-05-12 10:45:47,567 [INFO] ms-clip: auto-picked GPU 7 (free 24092 MiB)
2026-05-12 10:45:47,568 [INFO] ms-clip: using CUDA_VISIBLE_DEVICES=7
2026-05-12 10:45:47,568 [INFO] ms-clip: launching predict_smi (n_candidates=256)
2026-05-12 10:45:59,774 [WARNING] ms-clip dropped SMILES CCCCCCCCCCCC[Sn]1(CCCCCCCCCCCC)CCC(OC(C)=O)(OC(C)=O)C(F)(F)O1; emitting sentinel -1.0
2026-05-12 10:45:59,775 [WARNING] ms-clip dropped SMILES CCCCC(C)(CCC)C(=O)[O-].CCCCCCC(C)(C)C(=O)[O-].CCCCCCC(C)(C)C(=O)[O-].[Tm+3]; emitting sentinel -1.0
2026-05-12 10:45:59,775 [WARNING] ms-clip dropped SMILES CCCCCC(C)(CC)C(=O)[O-].CCCCCC(C)(CC)C(=O)[O-].CCCCCC(C)(CC)C(=O)[O-].[Tm+3]; emitting sentinel -1.0
2026-05-12 10:45:59,775 [WARNING] ms-clip dropped SMILES CCCCC(C)(CCC)C(=O)[O-].CCCCCC(C)(CC)C(=O)[O-].CCCCCCC(C)(C)C(=O)[O-].[Tm+3]; emitting sentinel -1.0
2026-05-12 10:45:59,914 [INFO] ms-clip: auto-picked GPU 7 (free 24092 MiB)
2026-05-12 10:45:59,914 [INFO] ms-clip: using CUDA_VISIBLE_DEVICES=7
2026-05-12 10:45:59,914 [INFO] ms-clip: launching predict_smi (n_candidates=256)
2026-05-12 10:46:11,528 [INFO] ms-clip: auto-picked GPU 7 (free 24092 MiB)
2026-05-12 10:46:11,528 [INFO] ms-clip: using CUDA_VISIBLE_DEVICES=7
2026-05-12 10:46:11,528 [INFO] ms-clip: launching predict_smi (n_candidates=256)
2026-05-12 10:46:23,377 [WARNING] ms-clip dropped SMILES C=C(C)C(=O)O.C=C(C)C(=O)O.CC(C)O.CCCCCCCCCCCCO.[Ti]; emitting sentinel -1.0
2026-05-12 10:46:23,531 [INFO] ms-clip: auto-picked GPU 7 (free 24092 MiB)
2026-05-12 10:46:23,531 [INFO] ms-clip: using CUDA_VISIBLE_DEVICES=7
2026-05-12 10:46:23,531 [INFO] ms-clip: launching predict_smi (n_candidates=256)
2026-05-12 10:46:35,970 [WARNING] ms-clip dropped SMILES CCCCCCCCCCCCC/C=C/S(=O)(=O)NCC(=O)[O-].CCCCCCCCCCCCC/C=C/S(=O)(=O)NCC(=O)[O-].[Ca+2]; emitting sentinel -1.0
2026-05-12 10:46:35,971 [WARNING] ms-clip dropped SMILES CCCCCCCCCCC/C=C/C(=O)NCCCS(=O)(=O)O.CCCCCCCCCCC/C=C/C([O-])=N/CCCS(=O)(=O)[O-].[Ca+2]; emitting sentinel -1.0
2026-05-12 10:46:35,971 [WARNING] ms-clip dropped SMILES CCCCCCCCCC/C=C/C(=O)N(C)CCCS(=O)(=O)[O-].CCCCCCCCCC/C=C/C(=O)N(C)CCCS(=O)(=O)[O-].[Ca+2]; emitting sentinel -1.0
2026-05-12 10:46:35,971 [WARNING] ms-clip dropped SMILES CCCCC1C(C(=O)O)C(c2ccc(F)cc2)=NN1c1ccccc1.CCCCC1C(C(=O)OCC)C(c2ccc(F)cc2)=NN1c1ccccc1.[Li+].[OH-]; emitting sentinel -1.0
2026-05-12 10:46:35,971 [WARNING] ms-clip dropped SMILES C.C.C.C.C.CC.CC.CC.Oc1ccccc1.Oc1ccccc1.Oc1ccccc1.[CH2-]C.[CH2-]C.[CH2-]C.[CH3-].[Y].[Y]; emitting sentinel -1.0
2026-05-12 10:46:35,971 [WARNING] ms-clip dropped SMILES CCCCCCCCCCCC/C=C/S(=O)(=O)NCCC(=O)[O-].CCCCCCCCCCCC/C=C/S(=O)(=O)NCCC(=O)[O-].[Ca+2]; emitting sentinel -1.0
2026-05-12 10:46:36,131 [INFO] ms-clip: auto-picked GPU 7 (free 24092 MiB)
2026-05-12 10:46:36,132 [INFO] ms-clip: using CUDA_VISIBLE_DEVICES=7
2026-05-12 10:46:36,132 [INFO] ms-clip: launching predict_smi (n_candidates=256)
2026-05-12 10:46:47,944 [INFO] ms-clip: auto-picked GPU 7 (free 24092 MiB)
2026-05-12 10:46:47,944 [INFO] ms-clip: using CUDA_VISIBLE_DEVICES=7
2026-05-12 10:46:47,944 [INFO] ms-clip: launching predict_smi (n_candidates=256)
2026-05-12 10:46:59,801 [WARNING] ms-clip dropped SMILES C1=C\CC/C=C\CC/1.C[C@H](c1ccccc1P1[C@H](C)CC[C@H]1C)N(C)C.F[P-](F)(F)(F)(F)F.[Rh]; emitting sentinel -1.0
2026-05-12 10:46:59,802 [WARNING] ms-clip dropped SMILES CCC(=O)CCCc1ccc(N)cc1F.Cl[Zn]Cl.[C-]#[N+]C(C)(C)Cc1ccc(CCCC(=O)NC)c(F)c1; emitting sentinel -1.0
2026-05-12 10:46:59,802 [WARNING] ms-clip dropped SMILES CCC.[Cu+2].c1ccc2c(c1)-c1nc-2nc2[n-]c(nc3nc(nc4[n-]c(n1)c1ccccc41)-c1ccccc1-3)c1ccccc21; emitting sentinel -1.0
2026-05-12 10:46:59,940 [INFO] ms-clip: auto-picked GPU 7 (free 24092 MiB)
2026-05-12 10:46:59,940 [INFO] ms-clip: using CUDA_VISIBLE_DEVICES=7
2026-05-12 10:46:59,940 [INFO] ms-clip: launching predict_smi (n_candidates=256)
2026-05-12 10:47:11,785 [WARNING] ms-clip dropped SMILES COCCOCC(COCCOC)OCC(COC(COCCOC)COCCOC)OCCCS(=O)(=O)[O-].[Li+]; emitting sentinel -1.0
2026-05-12 10:47:11,786 [WARNING] ms-clip dropped SMILES Cc1c(C)c(C)c(C(=O)[O-])c(C)c1C.Cc1c(C)c(C)c(C(=O)[O-])c(C)c1C.Cc1c(C)c(C)c(C(=O)[O-])c(C)c1C.[Al+3]; emitting sentinel -1.0
2026-05-12 10:47:11,786 [WARNING] ms-clip dropped SMILES CN1C=CN(c2ccc3c(c2)N(c2cccc(-n4[c-][n+](C)c5ccccc54)c2)c2cccc4c5cc(C(C)(C)C)ccc5n-3c24)C1; emitting sentinel -1.0
2026-05-12 10:47:11,920 [INFO] ms-clip: auto-picked GPU 7 (free 24092 MiB)
2026-05-12 10:47:11,921 [INFO] ms-clip: using CUDA_VISIBLE_DEVICES=7
2026-05-12 10:47:11,921 [INFO] ms-clip: launching predict_smi (n_candidates=256)
2026-05-12 10:47:23,849 [WARNING] ms-clip dropped SMILES CC1=Cc2c(cc3c4c(cccc24)CC3)C1=[Ti]=C1C(C)=Cc2c1cc1c3c(cccc23)CC1.C[CH-]CCC(C)=[Si].[CH2-]CCC; emitting sentinel -1.0
2026-05-12 10:47:23,849 [WARNING] ms-clip dropped SMILES CC(C)(C)OC(=O)N/C(=B/OC#N)N1CCCCC1.O=[C-]NCC(=O)O.[Fm]; emitting sentinel -1.0
2026-05-12 10:47:23,981 [INFO] ms-clip: auto-picked GPU 7 (free 24092 MiB)
2026-05-12 10:47:23,981 [INFO] ms-clip: using CUDA_VISIBLE_DEVICES=7
2026-05-12 10:47:23,982 [INFO] ms-clip: launching predict_smi (n_candidates=256)
2026-05-12 10:47:35,624 [WARNING] ms-clip dropped SMILES CCCCCCC(=O)O.CCCCCCC(=O)O.CCCCCCC(=O)[O-].[U]; emitting sentinel -1.0
2026-05-12 10:47:35,624 [WARNING] ms-clip dropped SMILES CCCCCCCCCCCCCCCCCCO.O=[V].Oc1cccc2cccnc12.Oc1cccc2cccnc12; emitting sentinel -1.0
2026-05-12 10:47:35,644 [INFO] spec 460/500  MassSpecGymID0335151  pool=256  pred=YYJYGODXEBDMHX  correct=False  t=11.8s
2026-05-12 10:47:35,759 [INFO] ms-clip: auto-picked GPU 7 (free 24092 MiB)
2026-05-12 10:47:35,760 [INFO] ms-clip: using CUDA_VISIBLE_DEVICES=7
2026-05-12 10:47:35,760 [INFO] ms-clip: launching predict_smi (n_candidates=256)
2026-05-12 10:47:47,415 [WARNING] ms-clip dropped SMILES COc1ccc(OC2(c3ccc(OC)cc3)[Te]CCCC2(c2ccc(N(C)C)cc2)c2ccc(N(C)C)cc2)cc1; emitting sentinel -1.0
2026-05-12 10:47:47,415 [WARNING] ms-clip dropped SMILES Cn1cc(Nc2nccc(-c3ccc(COC([NH-])=O)c(CCO[Si](C)(C)C(C)(C)C)c3)n2)cn1.[CH3-].[CH3-].[CH3-].[Ce+4]; emitting sentinel -1.0
2026-05-12 10:47:47,415 [WARNING] ms-clip dropped SMILES CCCC[Sn](CCCC)(CCCC)c1cccc(CNC(=O)C2=C(COC(C)=O)CS[C@@H]3[C@@H](OC)C(=O)N23)c1; emitting sentinel -1.0
2026-05-12 10:47:47,415 [WARNING] ms-clip dropped SMILES [CH2-]c1ncc2cc(-c3cc(NC(=O)N4CCC(C(F)(F)F)C4)ccc3C)c(C)nc2n1.[U]; emitting sentinel -1.0
2026-05-12 10:47:47,551 [INFO] ms-clip: auto-picked GPU 7 (free 24092 MiB)
2026-05-12 10:47:47,551 [INFO] ms-clip: using CUDA_VISIBLE_DEVICES=7
2026-05-12 10:47:47,551 [INFO] ms-clip: launching predict_smi (n_candidates=256)
2026-05-12 10:47:59,168 [WARNING] ms-clip dropped SMILES C.CC.CC.CC(C)(C)C.CC(C)(C)[C-]=O.CC(C)(C)[C-]=O.CNC(C)(C)C.CN[C-]=O.C[C-]=O.[Y].[Y]; emitting sentinel -1.0
2026-05-12 10:47:59,168 [WARNING] ms-clip dropped SMILES CCOC(C)OC[C@@H]1C[C@H](C(=O)OC(C)(C)C)N(C(=O)OC(C)(C)C)[C@H]1[C@@H]([NH-])C(=O)CC.[Ac]; emitting sentinel -1.0
2026-05-12 10:47:59,168 [WARNING] ms-clip dropped SMILES CCCC[Sn](CCCC)(CCCC)[C@@H](CN(C/C=C/CCl)Cc1ccccc1)OC(=O)N1C(C)(C)COC1(C)C; emitting sentinel -1.0
2026-05-12 10:47:59,168 [WARNING] ms-clip dropped SMILES CCCCP(CCCC)CCCC.O=S(=O)([O-])C(F)(F)F.[CH2-]CCO.[CH]1[CH]CC[CH][CH]CC1.[CH]1[CH]CC[CH][CH]CC1.[Ni+2]; emitting sentinel -1.0
2026-05-12 10:47:59,168 [WARNING] ms-clip dropped SMILES CC(C)(C)n1[c-][n+](-c2cccc(Oc3ccnc(-c4cc(Oc5cccc(-[n+]6[c-]n(C(C)(C)C)c7ccccc76)c5)ccn4)c3)c2)c2ccccc21; emitting sentinel -1.0
2026-05-12 10:47:59,168 [WARNING] ms-clip dropped SMILES CCC/C(C)=C\COC(=O)CC[C@@H]1/C2=C3/c4[n-]c(c(C)c4C(=O)[C@@H]3C(=O)OC)/C=c3\[n-]/c(c(C)c3C)=C\c3[n-]c(c(C)c3C)/C=C(\[N-]2)[C@H]1C.[Mg+2]; emitting sentinel -1.0
2026-05-12 10:47:59,169 [WARNING] ms-clip dropped SMILES C=Cc1c(C)c2cc3[nH+]c(c4c5[nH+]c(cc6[n-]c(cc1[n-]2)c(C)c6CC)C(C)=C5C(=O)C4C(=O)OC)C(CCC(=O)OCC=C(C)C)C3C.[Mg+2]; emitting sentinel -1.0
2026-05-12 10:47:59,169 [WARNING] ms-clip dropped SMILES C=Cc1c2[n-]c(c1C)/C=C1\[N-]C(C3=c4[n-]/c(c(C)c4C(=O)[C@@H]3C(=O)OC)=C\[C@H]3[N-]/C(=C\2)C(C)=C3CC)[C@@H](CCC(=O)OCC=C(C)C)[C@@H]1C.[Mg+2]; emitting sentinel -1.0
2026-05-12 10:47:59,169 [WARNING] ms-clip dropped SMILES CCCC[Sn](CCCC)(CCCC)c1cc2c(cn1)cnn2-c1cccc(N2CCCN(C(=O)OC(C)(C)C)CC2)n1; emitting sentinel -1.0
2026-05-12 10:47:59,304 [INFO] ms-clip: auto-picked GPU 7 (free 24092 MiB)
2026-05-12 10:47:59,304 [INFO] ms-clip: using CUDA_VISIBLE_DEVICES=7
2026-05-12 10:47:59,304 [INFO] ms-clip: launching predict_smi (n_candidates=256)
2026-05-12 10:48:11,072 [INFO] ms-clip: auto-picked GPU 7 (free 24092 MiB)
2026-05-12 10:48:11,072 [INFO] ms-clip: using CUDA_VISIBLE_DEVICES=7
2026-05-12 10:48:11,073 [INFO] ms-clip: launching predict_smi (n_candidates=256)
2026-05-12 10:48:22,615 [WARNING] ms-clip dropped SMILES CCC1CC(O)C1CC(C)C.OO.OO.OO.OO.OO.OOO.[CH3-].[Db]; emitting sentinel -1.0
2026-05-12 10:48:22,754 [INFO] ms-clip: auto-picked GPU 7 (free 24092 MiB)
2026-05-12 10:48:22,754 [INFO] ms-clip: using CUDA_VISIBLE_DEVICES=7
2026-05-12 10:48:22,754 [INFO] ms-clip: launching predict_smi (n_candidates=256)
2026-05-12 10:48:34,472 [WARNING] ms-clip dropped SMILES CCCC[O-].CCCC[O-].CSC[Sn+2]CCCCN; emitting sentinel -1.0
2026-05-12 10:48:34,601 [INFO] ms-clip: auto-picked GPU 7 (free 24092 MiB)
2026-05-12 10:48:34,601 [INFO] ms-clip: using CUDA_VISIBLE_DEVICES=7
2026-05-12 10:48:34,601 [INFO] ms-clip: launching predict_smi (n_candidates=256)
2026-05-12 10:48:46,195 [INFO] ms-clip: auto-picked GPU 7 (free 24092 MiB)
2026-05-12 10:48:46,196 [INFO] ms-clip: using CUDA_VISIBLE_DEVICES=7
2026-05-12 10:48:46,196 [INFO] ms-clip: launching predict_smi (n_candidates=256)
2026-05-12 10:48:57,588 [WARNING] ms-clip dropped SMILES CC(C)c1[c]c(C(C)C)cc(C(C)C)c1.[H][H].[H][H].[H][H].[Pb]; emitting sentinel -1.0
2026-05-12 10:48:57,736 [INFO] ms-clip: auto-picked GPU 7 (free 24092 MiB)
2026-05-12 10:48:57,736 [INFO] ms-clip: using CUDA_VISIBLE_DEVICES=7
2026-05-12 10:48:57,736 [INFO] ms-clip: launching predict_smi (n_candidates=256)
2026-05-12 10:49:09,461 [WARNING] ms-clip dropped SMILES COCCCOc1cc(C[C@@H](C[C@H]([NH-])[C@@H]2C[C@@H](C(C)C)C(=O)O2)C(C)C)ccc1OC.[W]; emitting sentinel -1.0
2026-05-12 10:49:09,461 [WARNING] ms-clip dropped SMILES CC(=NNC(N)=O)C1=CC=CC(C(C)=NNC(N)=O)[N-]1.CC(=NNC(N)=O)C1CCCC(C(C)=NNC(N)=O)[N-]1.[Ni+2]; emitting sentinel -1.0
2026-05-12 10:49:09,592 [INFO] ms-clip: auto-picked GPU 7 (free 24092 MiB)
2026-05-12 10:49:09,593 [INFO] ms-clip: using CUDA_VISIBLE_DEVICES=7
2026-05-12 10:49:09,593 [INFO] ms-clip: launching predict_smi (n_candidates=256)
2026-05-12 10:49:21,100 [INFO] ms-clip: auto-picked GPU 7 (free 24092 MiB)
2026-05-12 10:49:21,100 [INFO] ms-clip: using CUDA_VISIBLE_DEVICES=7
2026-05-12 10:49:21,100 [INFO] ms-clip: launching predict_smi (n_candidates=256)
2026-05-12 10:49:32,657 [INFO] spec 470/500  MassSpecGymID0211895  pool=256  pred=ATIGZAVIJDTRMU  correct=False  t=11.7s
2026-05-12 10:49:32,794 [INFO] ms-clip: auto-picked GPU 7 (free 24092 MiB)
2026-05-12 10:49:32,794 [INFO] ms-clip: using CUDA_VISIBLE_DEVICES=7
2026-05-12 10:49:32,794 [INFO] ms-clip: launching predict_smi (n_candidates=256)
2026-05-12 10:49:45,098 [WARNING] ms-clip dropped SMILES CCCCCCCCCCC(=O)[O-].CCCCCCCCCCC(=O)[O-].[Cd+2]; emitting sentinel -1.0
2026-05-12 10:49:45,231 [INFO] ms-clip: auto-picked GPU 7 (free 24092 MiB)
2026-05-12 10:49:45,231 [INFO] ms-clip: using CUDA_VISIBLE_DEVICES=7
2026-05-12 10:49:45,231 [INFO] ms-clip: launching predict_smi (n_candidates=256)
2026-05-12 10:49:57,165 [WARNING] ms-clip dropped SMILES CCC(=O)N(c1cccc(NC(=O)NCC(=O)NCC(=O)NCC(=O)NCC(=O)[O-])c1)C1CCN(CCc2ccccc2)CC1.[Li+]; emitting sentinel -1.0
2026-05-12 10:49:57,292 [INFO] ms-clip: auto-picked GPU 7 (free 24092 MiB)
2026-05-12 10:49:57,293 [INFO] ms-clip: using CUDA_VISIBLE_DEVICES=7
2026-05-12 10:49:57,293 [INFO] ms-clip: launching predict_smi (n_candidates=256)
2026-05-12 10:50:09,026 [INFO] ms-clip: auto-picked GPU 7 (free 24092 MiB)
2026-05-12 10:50:09,026 [INFO] ms-clip: using CUDA_VISIBLE_DEVICES=7
2026-05-12 10:50:09,026 [INFO] ms-clip: launching predict_smi (n_candidates=256)
2026-05-12 10:50:20,647 [WARNING] ms-clip dropped SMILES CC[Si](CC)(c1cc(C)cc(C(C)(C)C)c1O)C1C2C=Cc3ccccc3C2C(C)[C@H]1C.Cl[Ti]Cl.[CH3-]; emitting sentinel -1.0
2026-05-12 10:50:20,779 [INFO] ms-clip: auto-picked GPU 7 (free 24092 MiB)
2026-05-12 10:50:20,780 [INFO] ms-clip: using CUDA_VISIBLE_DEVICES=7
2026-05-12 10:50:20,780 [INFO] ms-clip: launching predict_smi (n_candidates=256)
2026-05-12 10:50:32,402 [INFO] ms-clip: auto-picked GPU 7 (free 24092 MiB)
2026-05-12 10:50:32,402 [INFO] ms-clip: using CUDA_VISIBLE_DEVICES=7
2026-05-12 10:50:32,403 [INFO] ms-clip: launching predict_smi (n_candidates=256)
2026-05-12 10:50:44,171 [INFO] ms-clip: auto-picked GPU 7 (free 24092 MiB)
2026-05-12 10:50:44,171 [INFO] ms-clip: using CUDA_VISIBLE_DEVICES=7
2026-05-12 10:50:44,172 [INFO] ms-clip: launching predict_smi (n_candidates=256)
2026-05-12 10:50:56,223 [WARNING] ms-clip dropped SMILES C.CCCCC(=O)c1ccc2c(c1)N=C(C1CCCCC1)c1ccccc1S2.CON(C)C(=O)c1ccc2c(c1)N=C(Cl)c1ccccc1S2.[CH-]1CCCCC1.[Cl-].[Mg+2]; emitting sentinel -1.0
2026-05-12 10:50:56,223 [WARNING] ms-clip dropped SMILES CC(C)(C)c1ccc2[n-]c3c(-c4ccc5c6ccccc6n(-c6[c-]c(-c7[c-]cccc7)cc(-c7ccccc7)c6)c5n4)cc(C(C)(C)C)cc3c2c1.[Au+3]; emitting sentinel -1.0
2026-05-12 10:50:56,223 [WARNING] ms-clip dropped SMILES CC(C)(C)c1c[c-]c(-c2[c-]c(-n3c4ccccc4c4ccc(-c5cccc6c5[n-]c5ccccc56)nc43)cc(-c3ccc(C(C)(C)C)cc3)c2)cc1.[Au+3]; emitting sentinel -1.0
2026-05-12 10:50:56,223 [WARNING] ms-clip dropped SMILES CC(C)c1cccc(C(C)C)c1N1[CH-]N(c2c(C(C)C)cccc2C(C)C)CC1.COc1ccc(C(=O)N2C(=O)C(C)Oc3c(/C=[Ru]\Cl)cccc32)c(OC)c1; emitting sentinel -1.0
2026-05-12 10:50:56,223 [WARNING] ms-clip dropped SMILES CN(C)P(N(C)C)N(C)C.CN(C)P(N(C)C)N(C)C.Cc1ccccc1[Bi]c1ccccc1C.O=S(=O)(O)C(F)(F)F; emitting sentinel -1.0
2026-05-12 10:50:56,223 [WARNING] ms-clip dropped SMILES C[Si](C)(C)[N-][Si](C)(C)C.C[Si](C)(C)[N-][Si](C)(C)C.C[Si](C)(C)[N-][Si](C)(C)C.O=S(=O)([O-])C(F)(F)F.[U+4]; emitting sentinel -1.0
2026-05-12 10:50:56,384 [INFO] ms-clip: auto-picked GPU 7 (free 24092 MiB)
2026-05-12 10:50:56,384 [INFO] ms-clip: using CUDA_VISIBLE_DEVICES=7
2026-05-12 10:50:56,384 [INFO] ms-clip: launching predict_smi (n_candidates=256)
2026-05-12 10:51:08,855 [INFO] ms-clip: auto-picked GPU 7 (free 24092 MiB)
2026-05-12 10:51:08,855 [INFO] ms-clip: using CUDA_VISIBLE_DEVICES=7
2026-05-12 10:51:08,855 [INFO] ms-clip: launching predict_smi (n_candidates=256)
2026-05-12 10:51:20,548 [WARNING] ms-clip dropped SMILES CCO[Si]C.Cc1[cH-]c2ccccc2c1C.Cc1[cH-]c2ccccc2c1C.[Zr+2]; emitting sentinel -1.0
2026-05-12 10:51:20,549 [WARNING] ms-clip dropped SMILES Cc1ccc(C(C)C)cc1.Cl[Os].[CH3-].[NH-]CCC(=O)O; emitting sentinel -1.0
2026-05-12 10:51:20,699 [INFO] ms-clip: auto-picked GPU 7 (free 24092 MiB)
2026-05-12 10:51:20,700 [INFO] ms-clip: using CUDA_VISIBLE_DEVICES=7
2026-05-12 10:51:20,700 [INFO] ms-clip: launching predict_smi (n_candidates=256)
2026-05-12 10:51:32,200 [WARNING] ms-clip dropped SMILES CC[N+]1(C2(C(=O)Nc3c(C)cccc3C)CC2)CCCCCC1.Cc1ccccc1.[Y]; emitting sentinel -1.0
2026-05-12 10:51:32,214 [INFO] spec 480/500  MassSpecGymID0163129  pool=256  pred=AWQGLBLHBVKMKF  correct=False  t=11.6s
2026-05-12 10:51:32,318 [INFO] ms-clip: auto-picked GPU 7 (free 24092 MiB)
2026-05-12 10:51:32,319 [INFO] ms-clip: using CUDA_VISIBLE_DEVICES=7
2026-05-12 10:51:32,319 [INFO] ms-clip: launching predict_smi (n_candidates=256)
2026-05-12 10:51:44,660 [WARNING] ms-clip dropped SMILES C1CCOC1.C1CCOC1.C1CCOC1.C1CCOC1.C1CCOC1.C1CCOC1.Cc1cc(C)cc([B-](c2ccccc2)(c2cc(C)cc(C)c2)c2cc(C)cc(C)c2)c1.[Cl-].[Cl-].[Cl-].[Mg+2].[Mg+2]; emitting sentinel -1.0
2026-05-12 10:51:44,660 [WARNING] ms-clip dropped SMILES CCCCCCCC/C=C/CCCCCCCC(=O)OC(C)C(=O)OC(C)C(=O)[O-].CCCCCCCC/C=C/CCCCCCCC(=O)OC(C)C(=O)OC(C)C(=O)[O-].[Ba+2]; emitting sentinel -1.0
2026-05-12 10:51:44,660 [WARNING] ms-clip dropped SMILES C=C.C=C.CC(C)c1cccc(C(C)C)c1-c1[c]c(-c2c(C(C)C)cccc2C(C)C)ccc1.CC(C)c1cccc(C(C)C)c1-c1[c]c(-c2c(C(C)C)cccc2C(C)C)ccc1.[Ga].[Ga]; emitting sentinel -1.0
2026-05-12 10:51:44,660 [WARNING] ms-clip dropped SMILES CC(C)Cn1cnnn1.CC(C)Cn1cnnn1.CC(C)Cn1cnnn1.CC(C)Cn1cnnn1.CC(C)Cn1cnnn1.CC(C)Cn1cnnn1.F[B-](F)(F)F.F[B-](F)(F)F.[Ni+2]; emitting sentinel -1.0
2026-05-12 10:51:44,660 [WARNING] ms-clip dropped SMILES CC(C)(C)C.CCC(C)C(=O)CN(CC(=O)OC(C)(C)C)Cc1cc(C2=NNC(c3cc(F)cc(CN(CC(=O)OC(C)(C)C)CC(=O)OC(C)(C)C)c3)=NN2)cc([Sn](C)(C)C)c1; emitting sentinel -1.0
2026-05-12 10:51:44,660 [WARNING] ms-clip dropped SMILES [2H]c1c([2H])c([2H])c(-c2cccc(-c3c([2H])c([2H])c([2H])c([2H])c3[2H])c2-[n+]2[c-]n(-c3cccc(Oc4cc5c(cc4-c4cc(-c6ccccc6)cc(-c6ccccc6)c4C)c4ccccc4n5-c4cc(C(C)(C)C)ccn4)c3)c3ccccc32)c([2H])c1[2H]; emitting sentinel -1.0
2026-05-12 10:51:44,660 [WARNING] ms-clip dropped SMILES C1CCC([PH+](C2CCCCC2)C2CCCCC2)CC1.CC(C)(C)c1cc(N2C=CN(c3cc(C(C)(C)C)cc(C(C)(C)C)c3)[CH-]2)cc(C(C)(C)C)c1.Cl[Ru](Cl)=Cc1ccccc1; emitting sentinel -1.0
2026-05-12 10:51:44,660 [WARNING] ms-clip dropped SMILES CCC1(CC)c2cc(C)ccc2-c2ccc([Ge](c3ccccc3)(c3ccccc3)c3ccc4c(c3)C(CC)(CC)c3cc(-c5cc(C(C)(C)C)cc6c5-c5ccc(C(C)(C)C)cc5C6(C)C)ccc3-4)cc21; emitting sentinel -1.0
2026-05-12 10:51:44,661 [WARNING] ms-clip dropped SMILES CC(C)c1c(C(=O)Nc2ccccc2)c(-c2ccccc2)c(-c2ccc(F)cc2)n1CC[C@@H](O)C[C@@H](O)CC(=O)[O-].C[C@H](CCC(=O)[O-])[C@H]1CC[C@H]2[C@@H]3[C@@H](O)C[C@@H]4C[C@H](O)CC[C@]4(C)[C@H]3CC[C@]12C.[Ca+2]; emitting sentinel -1.0
2026-05-12 10:51:44,661 [WARNING] ms-clip dropped SMILES [2H]c1c([2H])c([2H])c(-c2cccc(-c3c([2H])c([2H])c([2H])c([2H])c3[2H])c2-[n+]2[c-]n(-c3cc(Oc4ccc5c6ccccc6n(-c6cc(C(C)(C)C)ccn6)c5c4)cc(-c4cc(-c5ccccc5)cc(-c5ccccc5)c4C)c3)c3ccccc32)c([2H])c1[2H]; emitting sentinel -1.0
[10:51:44] WARNING: not removing hydrogen atom without neighbors
2026-05-12 10:51:44,802 [INFO] ms-clip: auto-picked GPU 7 (free 24092 MiB)
2026-05-12 10:51:44,802 [INFO] ms-clip: using CUDA_VISIBLE_DEVICES=7
2026-05-12 10:51:44,802 [INFO] ms-clip: launching predict_smi (n_candidates=256)
2026-05-12 10:51:56,629 [WARNING] ms-clip dropped SMILES C=CCC[c-]1cccc1.C=CCC[c-]1cccc1.[F-].[F-].[Zr+4]; emitting sentinel -1.0
2026-05-12 10:51:56,629 [WARNING] ms-clip dropped SMILES CC(=O)/C=C(/C)O.Oc1ccccc1/N=N/c1ccccc1O.[Cr]; emitting sentinel -1.0
2026-05-12 10:51:56,629 [WARNING] ms-clip dropped SMILES C[C]1[CH][CH][CH][CH]1.C[C]1[CH][CH][CH][CH]1.[C-]#[O+].[CH2-][Si](C)(C)C.[Nb]; emitting sentinel -1.0
2026-05-12 10:51:56,760 [INFO] ms-clip: auto-picked GPU 7 (free 24092 MiB)
2026-05-12 10:51:56,760 [INFO] ms-clip: using CUDA_VISIBLE_DEVICES=7
2026-05-12 10:51:56,760 [INFO] ms-clip: launching predict_smi (n_candidates=256)
2026-05-12 10:52:08,789 [WARNING] ms-clip dropped SMILES CN(C)C1=CC2=C3C=C(N(C)C)C=CN3CCCN2C=C1.CN1c2ccccc2N(C)C12CCCCC21N(C)c2ccccc2N1C.[Li+].[O-]c1cccc2ccc[nH+]c12; emitting sentinel -1.0
2026-05-12 10:52:08,790 [WARNING] ms-clip dropped SMILES CCCCCCCCCCCCCCCCCCCC#CC(=O)[O-].CCCCCCCCCCCCCCCCCCCC#CC(=O)[O-].[Cd+2]; emitting sentinel -1.0
2026-05-12 10:52:08,926 [INFO] ms-clip: auto-picked GPU 7 (free 24092 MiB)
2026-05-12 10:52:08,927 [INFO] ms-clip: using CUDA_VISIBLE_DEVICES=7
2026-05-12 10:52:08,927 [INFO] ms-clip: launching predict_smi (n_candidates=256)
2026-05-12 10:52:20,662 [INFO] ms-clip: auto-picked GPU 7 (free 24092 MiB)
2026-05-12 10:52:20,662 [INFO] ms-clip: using CUDA_VISIBLE_DEVICES=7
2026-05-12 10:52:20,662 [INFO] ms-clip: launching predict_smi (n_candidates=256)
2026-05-12 10:52:32,510 [WARNING] ms-clip dropped SMILES C.C=C(C)C(=O)O[CH2-].[Rf]; emitting sentinel -1.0
2026-05-12 10:52:32,659 [INFO] ms-clip: auto-picked GPU 7 (free 24092 MiB)
2026-05-12 10:52:32,659 [INFO] ms-clip: using CUDA_VISIBLE_DEVICES=7
2026-05-12 10:52:32,659 [INFO] ms-clip: launching predict_smi (n_candidates=256)
2026-05-12 10:52:44,453 [WARNING] ms-clip dropped SMILES C[Si](C)(C)C([Si](C)(C)C)[Ge]1(C([Si](C)(C)C)[Si](C)(C)C)C=CC=C1; emitting sentinel -1.0
2026-05-12 10:52:44,454 [WARNING] ms-clip dropped SMILES Oc1ccccc1/C=N/CCN1CC1.Oc1ccccc1C=NCCN1CC1.[Zn+2]; emitting sentinel -1.0
2026-05-12 10:52:44,454 [WARNING] ms-clip dropped SMILES C=[Hf+2].CC(C)O.CC(C)O.[C-]1=CC=CC1.[C-]1=CC=CC1; emitting sentinel -1.0
2026-05-12 10:52:44,454 [WARNING] ms-clip dropped SMILES CC(C)(CO)/N=C/c1ccccc1O.CC(C)(CO)/N=C/c1ccccc1O.[Ni]; emitting sentinel -1.0
2026-05-12 10:52:44,583 [INFO] ms-clip: auto-picked GPU 7 (free 24092 MiB)
2026-05-12 10:52:44,584 [INFO] ms-clip: using CUDA_VISIBLE_DEVICES=7
2026-05-12 10:52:44,584 [INFO] ms-clip: launching predict_smi (n_candidates=256)
2026-05-12 10:52:56,672 [WARNING] ms-clip dropped SMILES COC1=CC=c2c([n+](-c3ccccc3)c(N(CCC[N+](C)(C)C)CCC[N+](C)(C)C)cc2=Cc2sc3ccccc3[n+]2C)C1.[Y]; emitting sentinel -1.0
2026-05-12 10:52:56,672 [WARNING] ms-clip dropped SMILES COC(=O)[C@@](/C=[C]/F)(CCCCNC(=O)c1ccccc1)NC(=O)c1ccccc1.[CH2]CCC.[CH2]CCC.[CH2]CCC.[Sn]; emitting sentinel -1.0
2026-05-12 10:52:56,940 [INFO] ms-clip: auto-picked GPU 7 (free 24092 MiB)
2026-05-12 10:52:56,940 [INFO] ms-clip: using CUDA_VISIBLE_DEVICES=7
2026-05-12 10:52:56,940 [INFO] ms-clip: launching predict_smi (n_candidates=256)
2026-05-12 10:53:09,323 [INFO] ms-clip: auto-picked GPU 7 (free 24092 MiB)
2026-05-12 10:53:09,323 [INFO] ms-clip: using CUDA_VISIBLE_DEVICES=7
2026-05-12 10:53:09,324 [INFO] ms-clip: launching predict_smi (n_candidates=256)
2026-05-12 10:53:20,983 [INFO] ms-clip: auto-picked GPU 7 (free 24092 MiB)
2026-05-12 10:53:20,983 [INFO] ms-clip: using CUDA_VISIBLE_DEVICES=7
2026-05-12 10:53:20,983 [INFO] ms-clip: launching predict_smi (n_candidates=256)
2026-05-12 10:53:32,829 [WARNING] ms-clip dropped SMILES CC(C)[Ge](c1cccc2nc(-c3ccccc3)ccc12)(C(C)C)C(C)C; emitting sentinel -1.0
2026-05-12 10:53:32,847 [INFO] spec 490/500  MassSpecGymID0366974  pool=256  pred=WGWWOYPDRCLXSX  correct=False  t=12.0s
2026-05-12 10:53:32,953 [INFO] ms-clip: auto-picked GPU 7 (free 24092 MiB)
2026-05-12 10:53:32,954 [INFO] ms-clip: using CUDA_VISIBLE_DEVICES=7
2026-05-12 10:53:32,954 [INFO] ms-clip: launching predict_smi (n_candidates=256)
2026-05-12 10:53:44,867 [WARNING] ms-clip dropped SMILES [2H]C(C)(C)c1cc(-c2[c-]ccc3c2oc2cc(F)ccc23)ncc1F.[2H]C([2H])([2H])c1c[c-]c(-c2cc(C([2H])(C)C)c([Ge](C)(C)C)cn2)cc1.[Ir]; emitting sentinel -1.0
2026-05-12 10:53:44,867 [WARNING] ms-clip dropped SMILES CCn1c(-c2[c-]ccc3c2oc2ccccc23)nc2ccccc21.[2H]C([2H])(c1cc(-c2[c-]cccc2)ncc1[Ge](C)(C)C)C(C)(C)C.[Ir]; emitting sentinel -1.0
2026-05-12 10:53:44,867 [WARNING] ms-clip dropped SMILES CCOCC.Cc1ccc2cccc(/N=C(/C=C(\[O-])c3ccccc3)C(F)(F)F)c2n1.Cc1ccc2cccc(N=C(/C=C(\[O-])c3ccccc3)C(F)(F)F)c2n1.[Zn+2]; emitting sentinel -1.0
2026-05-12 10:53:44,867 [WARNING] ms-clip dropped SMILES O=C(/[C-]=C/c1ccccc1)[Si](c1ccccc1)(c1ccccc1)c1ccccc1.O=C(/[C-]=C\c1ccccc1)[Si](c1ccccc1)(c1ccccc1)c1ccccc1.[Cu+].[Li+]; emitting sentinel -1.0
2026-05-12 10:53:44,867 [WARNING] ms-clip dropped SMILES [2H]C(C)(C)c1ccnc(-c2[c-]cc(F)c3c2oc2cc(F)ccc23)c1.[2H]C([2H])([2H])c1c[c-]c(-c2cc(C([2H])(C)C)c([Ge](C)(C)C)cn2)cc1.[Ir]; emitting sentinel -1.0
2026-05-12 10:53:44,867 [WARNING] ms-clip dropped SMILES c1ccc(N2c3ccccc3C(c3ccccc3)(c3cccc(N4c5ccccc5[Sn](c5ccccc5)(c5ccccc5)c5ccccc54)c3)c3ccccc32)cc1; emitting sentinel -1.0
2026-05-12 10:53:44,867 [WARNING] ms-clip dropped SMILES Cc1nn(-c2ccc(-c3ccncc3)cc2)c(O)c1/C=N/c1ccccc1C(=O)O.Cc1nn(-c2ccc(-c3ccncc3)cc2)c(O)c1/C=N\c1ccccc1C(=O)O.[Cr]; emitting sentinel -1.0
2026-05-12 10:53:44,868 [WARNING] ms-clip dropped SMILES CCN(CC)c1ccc(/N=N/c2c3ccccc3n(C)[n+]2C)cc1.CCN(CC)c1ccc(/N=N/c2c3ccccc3n(C)[n+]2C)cc1.[Cl-].[Cl-].[Cl-].[Cl-].[Zn+2]; emitting sentinel -1.0
2026-05-12 10:53:44,868 [WARNING] ms-clip dropped SMILES CC(C)(C)/C(F)=C(\F)[Ge](c1ccccc1)(c1ccccc1)c1ccccc1.CC(C)(C)/C(F)=C(\F)[Ge](c1ccccc1)(c1ccccc1)c1ccccc1; emitting sentinel -1.0
2026-05-12 10:53:44,868 [WARNING] ms-clip dropped SMILES C[N-]C([N-]C)c1ccccc1.C[N-]C([N-]C)c1ccccc1.C[N-]C([N-]C)c1ccccc1.C[N-]C([N-]C)c1ccccc1.[C-]#N.[C-]#N.[Ru+5].[Ru+5]; emitting sentinel -1.0
2026-05-12 10:53:44,868 [WARNING] ms-clip dropped SMILES c1ccc(N2c3ccccc3C(c3ccccc3)(c3ccc(N4c5ccccc5[Sn](c5ccccc5)(c5ccccc5)c5ccccc54)cc3)c3ccccc32)cc1; emitting sentinel -1.0
2026-05-12 10:53:44,868 [WARNING] ms-clip dropped SMILES CCOc1ccc(C)c(/C([S-])=C(/[S-])c2cc3c4c(c2)CCCN4CCC3)c1.CCOc1ccc(C)cc1/C([S-])=C(/[S-])c1cc2c3c(c1)CCCN3CCC2.[Ni]; emitting sentinel -1.0
2026-05-12 10:53:44,868 [WARNING] ms-clip dropped SMILES C[Ge](C)(C)c1ccc(N(c2ccc3ccccc3c2)c2c3ccccc3c(N(c3ccc([Ge](C)(C)C)cc3)c3ccc4ccccc4c3)c3ccccc23)cc1; emitting sentinel -1.0
2026-05-12 10:53:44,868 [WARNING] ms-clip dropped SMILES CC(=O)O.COc1c[c-]c(-c2cc(-c3ccc(P(=O)(c4ccccc4)c4ccccc4)cc3)cc(-c3[c-]cc(C(C)(C)C)cc3)n2)cc1.[Au]; emitting sentinel -1.0
2026-05-12 10:53:44,868 [WARNING] ms-clip dropped SMILES CCCCCCOc1c(F)c(F)c(C(=C2CCC[N-]2)C2CCC[N-]2)c(F)c1F.Cl.[Ru+2].c1ccc(-c2ccccn2)nc1.c1ccc(-c2ccccn2)nc1; emitting sentinel -1.0
2026-05-12 10:53:44,868 [WARNING] ms-clip dropped SMILES CC(C)(C)[Si](C)(C)C.CCOO.CCOO.COc1ccc(C(C)(c2ccccc2)c2ccccc2)cc1.OCOO.[CH3-].[CH3-].[Pd].[Pd]; emitting sentinel -1.0
2026-05-12 10:53:44,868 [WARNING] ms-clip dropped SMILES COc1ccc2c(c1)c1ncc(CCCl)n1c1c(Br)cc(C(C)C)cc21.COc1ccc2c(c1)c1ncc3n1c1c(cc(C(C)C)cc21)CC3.C[CH-]C.[Cl-].[Mg+2]; emitting sentinel -1.0
2026-05-12 10:53:45,015 [INFO] ms-clip: auto-picked GPU 7 (free 24092 MiB)
2026-05-12 10:53:45,015 [INFO] ms-clip: using CUDA_VISIBLE_DEVICES=7
2026-05-12 10:53:45,015 [INFO] ms-clip: launching predict_smi (n_candidates=256)
2026-05-12 10:53:56,558 [WARNING] ms-clip dropped SMILES O.O.O.[K+].[OH-].[Re]; emitting sentinel -1.0
2026-05-12 10:53:56,558 [WARNING] ms-clip dropped SMILES F[W](F)(F)(F)F.O; emitting sentinel -1.0
2026-05-12 10:53:56,679 [INFO] ms-clip: auto-picked GPU 7 (free 24092 MiB)
2026-05-12 10:53:56,679 [INFO] ms-clip: using CUDA_VISIBLE_DEVICES=7
2026-05-12 10:53:56,679 [INFO] ms-clip: launching predict_smi (n_candidates=256)
2026-05-12 10:54:08,556 [WARNING] ms-clip dropped SMILES C=C(/C=C\C(=C/CC)OC)C(=O)[Ge](CC)(CC)C(=O)c1ccc(OC)cc1; emitting sentinel -1.0
2026-05-12 10:54:08,556 [WARNING] ms-clip dropped SMILES CCC1=[C-]C(CC)C=C1.CCc1ccc2c(c1)[cH-]c1cc(CC)ccc12.[Zr+2]; emitting sentinel -1.0
2026-05-12 10:54:08,712 [INFO] ms-clip: auto-picked GPU 7 (free 24092 MiB)
2026-05-12 10:54:08,712 [INFO] ms-clip: using CUDA_VISIBLE_DEVICES=7
2026-05-12 10:54:08,712 [INFO] ms-clip: launching predict_smi (n_candidates=256)
2026-05-12 10:54:20,422 [WARNING] ms-clip dropped SMILES C1CCOC1.CC(C)(C)[Si](C)(C)C1CC(Cc2ccccc2)C2C=CC=CC21.[CH2-][Si](C)(C)C.[CH2-][Si](C)(C)C.[CH3-].[Sc+3]; emitting sentinel -1.0
2026-05-12 10:54:20,577 [INFO] ms-clip: auto-picked GPU 7 (free 18386 MiB)
2026-05-12 10:54:20,577 [INFO] ms-clip: using CUDA_VISIBLE_DEVICES=7
2026-05-12 10:54:20,577 [INFO] ms-clip: launching predict_smi (n_candidates=256)
2026-05-12 10:54:32,741 [WARNING] ms-clip dropped SMILES CN(C)C1=CC2=C3C=C(N(C)C)C=CN3CCCN2C=C1.CN1c2ccccc2N(C)C12CCCCC21N(C)c2ccccc2N1C.[Li+].[O-]c1cccc2ccc[nH+]c12; emitting sentinel -1.0
2026-05-12 10:54:32,923 [INFO] ms-clip: auto-picked GPU 7 (free 24092 MiB)
2026-05-12 10:54:32,923 [INFO] ms-clip: using CUDA_VISIBLE_DEVICES=7
2026-05-12 10:54:32,923 [INFO] ms-clip: launching predict_smi (n_candidates=256)
2026-05-12 10:54:45,349 [WARNING] ms-clip dropped SMILES Cn1[c-][n+](-c2cccc(Oc3cc(C#N)c4c5ccccc5n(-c5cc(C(C)(C)C)ccn5)c4c3)c2)c2ccccc21; emitting sentinel -1.0
2026-05-12 10:54:45,350 [WARNING] ms-clip dropped SMILES CCCCC(CC)O/C(C=[W])=N/C(=CC(N)=O)NC1CCCC(C)CCC1; emitting sentinel -1.0
2026-05-12 10:54:45,487 [INFO] ms-clip: auto-picked GPU 7 (free 24092 MiB)
2026-05-12 10:54:45,488 [INFO] ms-clip: using CUDA_VISIBLE_DEVICES=7
2026-05-12 10:54:45,488 [INFO] ms-clip: launching predict_smi (n_candidates=256)
2026-05-12 10:54:58,349 [WARNING] ms-clip dropped SMILES CN(C)C1=CC2=C3C=C(N(C)C)C=CN3CCCN2C=C1.CN1c2ccccc2N(C)C12CCCCC21N(C)c2ccccc2N1C.[Li+].[O-]c1cccc2ccc[nH+]c12; emitting sentinel -1.0
2026-05-12 10:54:58,349 [WARNING] ms-clip dropped SMILES CCCCCCCCCCCCCCCCCCCC#CC(=O)[O-].CCCCCCCCCCCCCCCCCCCC#CC(=O)[O-].[Cd+2]; emitting sentinel -1.0
2026-05-12 10:54:58,477 [INFO] ms-clip: auto-picked GPU 7 (free 24092 MiB)
2026-05-12 10:54:58,477 [INFO] ms-clip: using CUDA_VISIBLE_DEVICES=7
2026-05-12 10:54:58,477 [INFO] ms-clip: launching predict_smi (n_candidates=256)
2026-05-12 10:55:10,084 [WARNING] ms-clip dropped SMILES C=Cc1c2[n-]c(c1C)CC1[N-]/C(=C3\c4[n-]c(c(C)c4C(=O)[C@@H]3C(=O)OC)/C=c3\[n-]/c(c(C)c3CC)=C\2)[C@@H](CCC(=O)OC/C=C/C)[C@@H]1C.[Mg+2]; emitting sentinel -1.0
2026-05-12 10:55:10,085 [WARNING] ms-clip dropped SMILES C1CCC(C2CCCC[N-]2)[N-]C1.C1CCC(C2CCCC[N-]2)[N-]C1.Cl[Os].NCCc1cnc[nH]1; emitting sentinel -1.0
2026-05-12 10:55:10,085 [WARNING] ms-clip dropped SMILES CCCCCCCC[Sn+2]CCCCCCCC.O=C([O-])CCCC(Cc1ccccc1)(Cc1ccccc1)C(=O)[O-]; emitting sentinel -1.0
2026-05-12 10:55:10,085 [WARNING] ms-clip dropped SMILES CC(C)(C)OCC1(C)C=C2/C=C3/CC(C)(C)/C(=C/C4=N/C(=C\C5=N/C(=C\C1=N2)C(C)(C)C5)C(C)(COC(C)(C)C)C4)[N-]3.Cl[Zn+]; emitting sentinel -1.0
2026-05-12 10:55:10,085 [WARNING] ms-clip dropped SMILES Cc1ccc([C@H]2C[C@@H]3CC[C@H]([C@H]2C(=O)NCCCCCC2CNCC/N=C(\[O-])CCNCCNC2)N3C)cc1.O=[99Tc+]=O; emitting sentinel -1.0
2026-05-12 10:55:10,085 [WARNING] ms-clip dropped SMILES CN(C)CC[N-]C([N-][Si](C)(C)C)c1ccccc1.C[Si](C)(C)[CH-][Si](C)(C)C.C[Si](C)(C)[CH-][Si](C)(C)C.[Y]; emitting sentinel -1.0
2026-05-12 10:55:10,085 [WARNING] ms-clip dropped SMILES CC1(C)CC(NC(=O)c2ccccc2)C(Cc2ccccc2)C(NC(=O)c2ccccc2)C1.[CH2-]c1ccccc1.[CH2-]c1ccccc1.[Ti+2]; emitting sentinel -1.0
2026-05-12 10:55:10,085 [WARNING] ms-clip dropped SMILES C=Cc1c2[n-]c(c1C)/C=C1\[N-]C([C@@H](CCC(=O)OC/C=C\C)[C@@H]1C)[C@H]1c3[n-]c(c(C)c3C(=O)[C@@H]1C(=O)OC)/C=c1\[n-]/c(c(C)c1CC)=C\2.[Mg+2]; emitting sentinel -1.0
2026-05-12 10:55:10,085 [WARNING] ms-clip dropped SMILES C=Cc1c2[n-]c(c1C)/C=C1\[N-]/C(=C3\c4[n-]c(c(C)c4C(=O)[C@@H]3C(=O)OC)/C=c3\[n-]/c(c(C)c3CC)=C\2)[C@@H](CCC(O)OC/C=C/C)[C@@H]1C.[Mg+2]; emitting sentinel -1.0
2026-05-12 10:55:10,243 [INFO] ms-clip: auto-picked GPU 7 (free 24092 MiB)
2026-05-12 10:55:10,243 [INFO] ms-clip: using CUDA_VISIBLE_DEVICES=7
2026-05-12 10:55:10,243 [INFO] ms-clip: launching predict_smi (n_candidates=108)
2026-05-12 10:55:22,388 [WARNING] ms-clip dropped SMILES CCCCCCCCCCCCCCCCCC(=O)NCCCCC(N)C(=O)[O-].CCCCCCCCCCCCCCCCCC(=O)NCCCCC(N)C(=O)[O-].[Ca+2]; emitting sentinel -1.0
2026-05-12 10:55:22,388 [WARNING] ms-clip dropped SMILES CCCCCCCCCCCCCCCCC/C([O-])=N/CCCC[C@H](N)C(=O)[O-].CCCCCCCCCCCCCCCCCC(=O)NCCCC[C@H](N)C(=O)O.[Ca+2]; emitting sentinel -1.0
2026-05-12 10:55:22,388 [WARNING] ms-clip dropped SMILES [Cu+2].[O-]c1c(Br)cc(Br)cc1/C=N/Cc1ccccc1Cl.[O-]c1c(Br)cc(Br)cc1/C=N/Cc1ccccc1Cl; emitting sentinel -1.0
2026-05-12 10:55:22,388 [WARNING] ms-clip dropped SMILES CCCCCCCCCCCCCCCCCC(=O)NCCCC[C@H](N)C(=O)[O-].CCCCCCCCCCCCCCCCCC(=O)NCCCC[C@H](N)C(=O)[O-].[Ca+2]; emitting sentinel -1.0
2026-05-12 10:55:22,519 [INFO] ms-clip: auto-picked GPU 7 (free 24092 MiB)
2026-05-12 10:55:22,519 [INFO] ms-clip: using CUDA_VISIBLE_DEVICES=7
2026-05-12 10:55:22,519 [INFO] ms-clip: launching predict_smi (n_candidates=256)
2026-05-12 10:55:34,571 [WARNING] ms-clip dropped SMILES COC(C)C.[B]C1CCC(COC(C)C)C1.[CH2-]C.[CH3-].[CH3-].[V].[W+2]; emitting sentinel -1.0
2026-05-12 10:55:34,599 [INFO] spec 500/500  MassSpecGymID0236274  pool=256  pred=VIQCWEGEHRBLAC  correct=True  t=12.2s
2026-05-12 10:55:34,599 [INFO] ============================================================
2026-05-12 10:55:34,599 [INFO] MSG  pool=mass  reranker=none
2026-05-12 10:55:34,599 [INFO]   n=500  correct=240  id_acc=0.4800  elapsed=6073.3s
done none at 2026年 05月 12日 星期二 10:55:34 CST
=== mass / conditional ===
2026-05-12 10:55:36,402 [INFO] METAGENT_MSCLIP_CKPT = /home/weiwentao/workspace/reconstruct/ms-pred/results/v4_msg_retrain_20260511_200835/version_0/best.ckpt
2026-05-12 10:55:36,402 [INFO] candidate pool = mass (/home/weiwentao/workspace/ms-pred/data/spec_datasets/msg/retrieval/MassSpecGym_retrieval_candidates_mass.json)
2026-05-12 10:55:36,402 [INFO] reranker = conditional
2026-05-12 10:55:36,691 [INFO] MSG: 17556 total test spectra
2026-05-12 10:55:36,692 [INFO] MSG: sampled 500 spectra (seed=42)
2026-05-12 10:55:37,529 [INFO] MSG: loaded 500 spectra (of 500 sampled)
2026-05-12 10:55:37,529 [INFO] running 500 MSG spectra
2026-05-12 10:55:37,529 [INFO] loading MSG candidates from /home/weiwentao/workspace/ms-pred/data/spec_datasets/msg/retrieval/MassSpecGym_retrieval_candidates_mass.json
2026-05-12 10:55:39,194 [INFO] loaded 32010 compound entries
2026-05-12 10:55:39,362 [INFO] ms-clip: auto-picked GPU 7 (free 20808 MiB)
2026-05-12 10:55:39,362 [INFO] ms-clip: using CUDA_VISIBLE_DEVICES=7
2026-05-12 10:55:39,362 [INFO] ms-clip: launching predict_smi (n_candidates=256)
2026-05-12 10:55:51,457 [INFO] ms-clip: auto-picked GPU 7 (free 20808 MiB)
2026-05-12 10:55:51,457 [INFO] ms-clip: using CUDA_VISIBLE_DEVICES=7
2026-05-12 10:55:51,457 [INFO] ms-clip: launching predict_smi (n_candidates=256)
2026-05-12 10:56:02,986 [WARNING] ms-clip dropped SMILES CCCCC1CCC(C)C1.CCCCC1CCC(C)C1.Cl[Zr]Cl; emitting sentinel -1.0
2026-05-12 10:56:02,987 [WARNING] ms-clip dropped SMILES CC(C)CCCCCS[Sn](C)(C)SCCCCCC(C)C; emitting sentinel -1.0
2026-05-12 10:56:02,987 [WARNING] ms-clip dropped SMILES C=CC=C.C[c-]1[c-](C)[c-](C)[c-](C)[c-]1C.Cc1c(C)c(C)[c-](C)c1C.[Ni].[Ni]; emitting sentinel -1.0
2026-05-12 10:56:03,142 [INFO] ms-clip: auto-picked GPU 7 (free 20808 MiB)
2026-05-12 10:56:03,142 [INFO] ms-clip: using CUDA_VISIBLE_DEVICES=7
2026-05-12 10:56:03,142 [INFO] ms-clip: launching predict_smi (n_candidates=256)
2026-05-12 10:56:15,480 [INFO] ms-clip: auto-picked GPU 7 (free 20808 MiB)
2026-05-12 10:56:15,480 [INFO] ms-clip: using CUDA_VISIBLE_DEVICES=7
2026-05-12 10:56:15,480 [INFO] ms-clip: launching predict_smi (n_candidates=256)
2026-05-12 10:56:27,249 [INFO] ms-clip: auto-picked GPU 7 (free 21160 MiB)
2026-05-12 10:56:27,249 [INFO] ms-clip: using CUDA_VISIBLE_DEVICES=7
2026-05-12 10:56:27,249 [INFO] ms-clip: launching predict_smi (n_candidates=256)
2026-05-12 10:56:39,994 [WARNING] ms-clip dropped SMILES CCC(CC(C)C#N)c1ccc(S(=O)(=O)C(C)S(=O)(=O)C(F)(F)F)cc1.[Li+]; emitting sentinel -1.0
2026-05-12 10:56:40,143 [INFO] ms-clip: auto-picked GPU 7 (free 20808 MiB)
2026-05-12 10:56:40,143 [INFO] ms-clip: using CUDA_VISIBLE_DEVICES=7
2026-05-12 10:56:40,144 [INFO] ms-clip: launching predict_smi (n_candidates=256)
2026-05-12 10:56:51,991 [WARNING] ms-clip dropped SMILES O=C(OB(OC(=O)C(O)(c1ccccc1)c1ccccc1)OC(=O)C(O)(c1ccccc1)c1ccccc1)C(O)(c1ccccc1)c1ccccc1.O=C([O-])C(O)(c1ccccc1)c1ccccc1.[Li+]; emitting sentinel -1.0
2026-05-12 10:56:51,991 [WARNING] ms-clip dropped SMILES CC1(C)c2ccc(Oc3cccc(-n4c5cc6c7c(c5c5cccnc54)Oc4cccc5c4B7c4c(cccc4O6)O5)c3)cc2-n2[c-][n+](-c3c(-c4ccccc4)cccc3-c3ccccc3)c3cccc1c32; emitting sentinel -1.0
2026-05-12 10:56:51,991 [WARNING] ms-clip dropped SMILES C.[C]1=C[Se]C(=C2[Se]C=C[Se]2)[Se]1.[C]1=C[Se]C(=C2[Se]C=C[Se]2)[Se]1.[Sb]; emitting sentinel -1.0
2026-05-12 10:56:51,991 [WARNING] ms-clip dropped SMILES C1=C/CC/C=C/CC/1.[BH3-][P+](Cp1c2ccccc2c2ccccc21)(c1ccccc1)c1ccccc1.[Rh].c1ccc([B-](c2ccccc2)(c2ccccc2)c2ccccc2)cc1; emitting sentinel -1.0
2026-05-12 10:56:51,991 [WARNING] ms-clip dropped SMILES [2H]C([2H])([2H])c1c[c-]c(-c2cc(C([2H])([2H])C(C)(C)C)c([Ge](C)(C)C)cn2)c(F)c1.[2H]C([2H])([2H])c1ccnc(-c2[c-]cc(C([2H])([2H])[2H])c3c2oc2cc(-c4ccccc4)ccc23)c1.[Ir]; emitting sentinel -1.0
2026-05-12 10:56:51,991 [WARNING] ms-clip dropped SMILES Cc1ccc([N+]2=C=[N+](c3[c-]c(Oc4[c-]c5c(cc4-c4nc(C(C)(C)C)nc(C(C)(C)C)n4)c4ccccc4n5-c4ccccn4)ccc3)c3ccccc32)cc1.[Pt+2]; emitting sentinel -1.0
2026-05-12 10:56:51,991 [WARNING] ms-clip dropped SMILES [2H]c1c([2H])c([2H])c(-c2cccc(-c3c([2H])c([2H])c([2H])c([2H])c3[2H])c2-[n+]2[c-]n(-c3[c-]c(Oc4[c-]c5c(cc4)c4ccccc4n5-c4cc(N(C)C)ccn4)ccc3)c3ccccc32)c([2H])c1[2H].[Pt]; emitting sentinel -1.0
2026-05-12 10:56:51,991 [WARNING] ms-clip dropped SMILES COC1CC2OC[C@@]2(O)C2(C)[C@H](C)C3(O)CC(O)C(C)=C(C(O)C(=O)[C@]12C)C3(C)C.CS.[Ac].[Ac]; emitting sentinel -1.0
2026-05-12 10:56:51,992 [WARNING] ms-clip dropped SMILES CC(C)c1c(-c2cnn(C)c2)nc(-c2cncs2)[nH]c1=O.CCCC[Sn](CCCC)(CCCC)c1cncs1.Cc1nc(Cl)nc(-c2cnn(C)c2)c1C(C)C; emitting sentinel -1.0
2026-05-12 10:56:51,992 [WARNING] ms-clip dropped SMILES C1CCOC1.C1CCOC1.CC(C)(C)/C([O-])=C/C(=O)c1cccc(C(=O)/C=C(\[O-])C(C)(C)C)c1.CC(C)(C)/C([O-])=C/C(=O)c1cccc(C(=O)/C=C(\[O-])C(C)(C)C)c1.[Cu+2].[Cu+2]; emitting sentinel -1.0
2026-05-12 10:56:52,159 [INFO] ms-clip: auto-picked GPU 7 (free 20808 MiB)
2026-05-12 10:56:52,159 [INFO] ms-clip: using CUDA_VISIBLE_DEVICES=7
2026-05-12 10:56:52,159 [INFO] ms-clip: launching predict_smi (n_candidates=256)
2026-05-12 10:57:04,111 [WARNING] ms-clip dropped SMILES Cc1ccccc1N1[CH-]N(c2ccccc2C)C(C)(C)C1(C)C.Cl[Ru+2]Cl.[CH2-]c1ccccc1[OH+]C(C)C; emitting sentinel -1.0
2026-05-12 10:57:04,111 [WARNING] ms-clip dropped SMILES C=CC1CCC[N+](CCC2=CCNc3ccc(OC)cc32)(Cc2cc(C(F)(F)F)cc(C(F)(F)F)c2)C1.[CH3-].[Y]; emitting sentinel -1.0
2026-05-12 10:57:04,111 [WARNING] ms-clip dropped SMILES CN/C=C\c1c(C=O)ncc2c1c(CNCc1cccc([Hg])c1)cn2Cc1ccc(F)cc1; emitting sentinel -1.0
2026-05-12 10:57:04,111 [WARNING] ms-clip dropped SMILES COc1ccc(Cc2ccc(O[C-]=O)c(C)c2)cc1C.C[C-]=O.Cc1cc(Cc2ccc(O)c(C)c2)ccc1O.[Y]; emitting sentinel -1.0
2026-05-12 10:57:04,261 [INFO] ms-clip: auto-picked GPU 7 (free 20808 MiB)
2026-05-12 10:57:04,262 [INFO] ms-clip: using CUDA_VISIBLE_DEVICES=7
2026-05-12 10:57:04,262 [INFO] ms-clip: launching predict_smi (n_candidates=256)
2026-05-12 10:57:15,915 [WARNING] ms-clip dropped SMILES Cc1c(C)c(C)[c-](C)c1C.Cc1c(C)c(C)[c-](C)c1C.O=[Zr+2]; emitting sentinel -1.0
2026-05-12 10:57:16,058 [INFO] ms-clip: auto-picked GPU 7 (free 20808 MiB)
2026-05-12 10:57:16,058 [INFO] ms-clip: using CUDA_VISIBLE_DEVICES=7
2026-05-12 10:57:16,058 [INFO] ms-clip: launching predict_smi (n_candidates=256)
2026-05-12 10:57:27,924 [WARNING] ms-clip dropped SMILES O=C([O-])[C@@H](/N=C(\c1ccccc1)c1ccccc1/N=C(/[O-])[C@@H]1CCCN1Cc1ccccc1)[C@@H]1c2ccccc2CCN1c1ccccc1.[Ni+2]; emitting sentinel -1.0
2026-05-12 10:57:27,924 [WARNING] ms-clip dropped SMILES CCN(CC)CCOC(=S)[S-].CCN(CC)CCOC(=S)[S-].CCN(CC)CC[Sn+2]CCN(CC)CC; emitting sentinel -1.0
2026-05-12 10:57:27,924 [WARNING] ms-clip dropped SMILES C[CH-]C.Cc1ccc(C)c(-c2cccc3[cH-]ccc23)c1.Cc1ccc(C)c(-c2cccc3[cH-]ccc23)c1.[H][C-]=[SiH2].[Hf+4]; emitting sentinel -1.0
2026-05-12 10:57:27,924 [WARNING] ms-clip dropped SMILES CCCC[Sn](CCCC)(CCCC)c1ccc(CN2C(=O)C(=O)c3cc(S(=O)(=O)N4CCC[C@H]4COC)ccc32)cc1; emitting sentinel -1.0
2026-05-12 10:57:27,924 [WARNING] ms-clip dropped SMILES O=C([O-])[C@@H](/N=C(\c1ccccc1)c1ccccc1/N=C(\[O-])[C@@H]1CCCN1Cc1ccccc1)[C@@H]1c2ccccc2CCN1c1ccccc1.[Ni+3]; emitting sentinel -1.0
2026-05-12 10:57:27,924 [WARNING] ms-clip dropped SMILES C=C.C[Pb]SN1C=C1C#CCOc1ccc(C2CCCN2Cc2ccc(CC3=CCCC=C3)cc2)cc1; emitting sentinel -1.0
2026-05-12 10:57:27,924 [WARNING] ms-clip dropped SMILES O=C([O-])[C@@H](/N=C(\c1ccccc1)c1ccccc1/N=C(/[O-])[C@@H]1CCCN1Cc1ccccc1)[C@H]1c2ccccc2CCN1c1ccccc1.[Ni+2]; emitting sentinel -1.0
2026-05-12 10:57:27,924 [WARNING] ms-clip dropped SMILES Cl[Al](Cl)Cl.c1ccc(CCc2ccc(CCc3ccc(CCc4ccccc4)cc3)cc2)cc1.c1ccc(CCc2ccccc2)cc1; emitting sentinel -1.0
2026-05-12 10:57:27,924 [WARNING] ms-clip dropped SMILES CN1CN(C)CN(C)CN(C)C1.C[N-]CN(C)CN(C)C[N-]C.[Re].[Re]; emitting sentinel -1.0
2026-05-12 10:57:27,925 [WARNING] ms-clip dropped SMILES C/C(=N/N=C([S-])N(C)C)c1ncccc1CN1CCOCC1.C/C(=N\N=C([S-])N(C)C)c1ncccc1CN1CCOCC1.[Zn+2]; emitting sentinel -1.0
2026-05-12 10:57:28,094 [INFO] ms-clip: auto-picked GPU 7 (free 20968 MiB)
2026-05-12 10:57:28,095 [INFO] ms-clip: using CUDA_VISIBLE_DEVICES=7
2026-05-12 10:57:28,095 [INFO] ms-clip: launching predict_smi (n_candidates=256)
2026-05-12 10:57:39,739 [WARNING] ms-clip dropped SMILES [3H]c1ccc(CC(CN)C(=O)CC([C-]=O)CCC/N=C(\C)N)cc1.[Y]; emitting sentinel -1.0
2026-05-12 10:57:39,756 [INFO] spec 10/500  MassSpecGymID0034879  pool=256  pred=MFFMDFFZMYYVKS  correct=True  t=11.8s
2026-05-12 10:57:39,899 [INFO] ms-clip: auto-picked GPU 7 (free 22330 MiB)
2026-05-12 10:57:39,899 [INFO] ms-clip: using CUDA_VISIBLE_DEVICES=7
2026-05-12 10:57:39,899 [INFO] ms-clip: launching predict_smi (n_candidates=256)
2026-05-12 10:57:51,740 [WARNING] ms-clip dropped SMILES CCCC1=CC[N-]C=C1.CCCC1CC[N-]CC1.CCCC1CC[N-]CC1.CCCC1CC[N-]CC1.Cl[Ni]Cl; emitting sentinel -1.0
2026-05-12 10:57:51,902 [INFO] ms-clip: auto-picked GPU 7 (free 21902 MiB)
2026-05-12 10:57:51,903 [INFO] ms-clip: using CUDA_VISIBLE_DEVICES=7
2026-05-12 10:57:51,903 [INFO] ms-clip: launching predict_smi (n_candidates=256)
2026-05-12 10:58:04,516 [INFO] ms-clip: auto-picked GPU 7 (free 20968 MiB)
2026-05-12 10:58:04,516 [INFO] ms-clip: using CUDA_VISIBLE_DEVICES=7
2026-05-12 10:58:04,516 [INFO] ms-clip: launching predict_smi (n_candidates=256)
2026-05-12 10:58:16,505 [WARNING] ms-clip dropped SMILES CC1CC=CC1.[U]; emitting sentinel -1.0
2026-05-12 10:58:16,655 [INFO] ms-clip: auto-picked GPU 7 (free 20808 MiB)
2026-05-12 10:58:16,656 [INFO] ms-clip: using CUDA_VISIBLE_DEVICES=7
2026-05-12 10:58:16,656 [INFO] ms-clip: launching predict_smi (n_candidates=256)
2026-05-12 10:58:28,556 [INFO] ms-clip: auto-picked GPU 7 (free 20968 MiB)
2026-05-12 10:58:28,556 [INFO] ms-clip: using CUDA_VISIBLE_DEVICES=7
2026-05-12 10:58:28,556 [INFO] ms-clip: launching predict_smi (n_candidates=256)
2026-05-12 10:58:40,750 [WARNING] ms-clip dropped SMILES CC1=Cc2c(cc3c4c(cccc24)CC3)C1=[Ti]=C1C(C)=Cc2c1cc1c3c(cccc23)CC1.C[CH-]CCC(C)=[Si].[CH2-]CCC; emitting sentinel -1.0
2026-05-12 10:58:40,750 [WARNING] ms-clip dropped SMILES CC(C)(C)OC(=O)N/C(=B/OC#N)N1CCCCC1.O=[C-]NCC(=O)O.[Fm]; emitting sentinel -1.0
2026-05-12 10:58:40,901 [INFO] ms-clip: auto-picked GPU 7 (free 20808 MiB)
2026-05-12 10:58:40,901 [INFO] ms-clip: using CUDA_VISIBLE_DEVICES=7
2026-05-12 10:58:40,902 [INFO] ms-clip: launching predict_smi (n_candidates=256)
2026-05-12 10:58:52,652 [WARNING] ms-clip dropped SMILES CCCCC1CCC(C)C1.CCCCC1CCC(C)C1.Cl[Zr]Cl; emitting sentinel -1.0
2026-05-12 10:58:52,652 [WARNING] ms-clip dropped SMILES CC(C)CCCCCS[Sn](C)(C)SCCCCCC(C)C; emitting sentinel -1.0
2026-05-12 10:58:52,652 [WARNING] ms-clip dropped SMILES C=CC=C.C[c-]1[c-](C)[c-](C)[c-](C)[c-]1C.Cc1c(C)c(C)[c-](C)c1C.[Ni].[Ni]; emitting sentinel -1.0
2026-05-12 10:58:52,819 [INFO] ms-clip: auto-picked GPU 7 (free 20364 MiB)
2026-05-12 10:58:52,820 [INFO] ms-clip: using CUDA_VISIBLE_DEVICES=7
2026-05-12 10:58:52,820 [INFO] ms-clip: launching predict_smi (n_candidates=256)
2026-05-12 10:59:04,339 [INFO] ms-clip: auto-picked GPU 7 (free 20364 MiB)
2026-05-12 10:59:04,340 [INFO] ms-clip: using CUDA_VISIBLE_DEVICES=7
2026-05-12 10:59:04,340 [INFO] ms-clip: launching predict_smi (n_candidates=256)
2026-05-12 10:59:16,214 [WARNING] ms-clip dropped SMILES C1CCOC1.CC(C)(C)[Si](C)(C)C1CC(Cc2ccccc2)C2C=CC=CC21.[CH2-][Si](C)(C)C.[CH2-][Si](C)(C)C.[CH3-].[Sc+3]; emitting sentinel -1.0
2026-05-12 10:59:16,382 [INFO] ms-clip: auto-picked GPU 7 (free 20364 MiB)
2026-05-12 10:59:16,383 [INFO] ms-clip: using CUDA_VISIBLE_DEVICES=7
2026-05-12 10:59:16,383 [INFO] ms-clip: launching predict_smi (n_candidates=256)
2026-05-12 10:59:28,650 [INFO] ms-clip: auto-picked GPU 7 (free 20364 MiB)
2026-05-12 10:59:28,650 [INFO] ms-clip: using CUDA_VISIBLE_DEVICES=7
2026-05-12 10:59:28,650 [INFO] ms-clip: launching predict_smi (n_candidates=256)
2026-05-12 10:59:40,598 [WARNING] ms-clip dropped SMILES CCC1CC(O)C1CC(C)C.OO.OO.OO.OO.OO.OOO.[CH3-].[Db]; emitting sentinel -1.0
2026-05-12 10:59:40,618 [INFO] spec 20/500  MassSpecGymID0345113  pool=256  pred=SOBKPGZZCBRXBJ  correct=False  t=12.1s
2026-05-12 10:59:40,768 [INFO] ms-clip: auto-picked GPU 7 (free 20364 MiB)
2026-05-12 10:59:40,768 [INFO] ms-clip: using CUDA_VISIBLE_DEVICES=7
2026-05-12 10:59:40,768 [INFO] ms-clip: launching predict_smi (n_candidates=256)
2026-05-12 10:59:52,675 [WARNING] ms-clip dropped SMILES CC(C)=[Zr+2].CCCC[c-]1cccc1.CCCC[c-]1cccc1.[Cl-].[Cl-]; emitting sentinel -1.0
2026-05-12 10:59:52,676 [WARNING] ms-clip dropped SMILES CC1=[C-]C(C)(C)C(C)=C1C.CCC1=[C-]C(CC)C(C)=C1C.Cl[Zr+2]Cl; emitting sentinel -1.0
2026-05-12 10:59:52,833 [INFO] ms-clip: auto-picked GPU 7 (free 20364 MiB)
2026-05-12 10:59:52,834 [INFO] ms-clip: using CUDA_VISIBLE_DEVICES=7
2026-05-12 10:59:52,834 [INFO] ms-clip: launching predict_smi (n_candidates=108)
2026-05-12 11:00:04,707 [WARNING] ms-clip dropped SMILES CCCCCCCCCCCCCCCCCC(=O)NCCCCC(N)C(=O)[O-].CCCCCCCCCCCCCCCCCC(=O)NCCCCC(N)C(=O)[O-].[Ca+2]; emitting sentinel -1.0
2026-05-12 11:00:04,707 [WARNING] ms-clip dropped SMILES CCCCCCCCCCCCCCCCC/C([O-])=N/CCCC[C@H](N)C(=O)[O-].CCCCCCCCCCCCCCCCCC(=O)NCCCC[C@H](N)C(=O)O.[Ca+2]; emitting sentinel -1.0
2026-05-12 11:00:04,707 [WARNING] ms-clip dropped SMILES [Cu+2].[O-]c1c(Br)cc(Br)cc1/C=N/Cc1ccccc1Cl.[O-]c1c(Br)cc(Br)cc1/C=N/Cc1ccccc1Cl; emitting sentinel -1.0
2026-05-12 11:00:04,707 [WARNING] ms-clip dropped SMILES CCCCCCCCCCCCCCCCCC(=O)NCCCC[C@H](N)C(=O)[O-].CCCCCCCCCCCCCCCCCC(=O)NCCCC[C@H](N)C(=O)[O-].[Ca+2]; emitting sentinel -1.0
2026-05-12 11:00:04,870 [INFO] ms-clip: auto-picked GPU 7 (free 17392 MiB)
2026-05-12 11:00:04,871 [INFO] ms-clip: using CUDA_VISIBLE_DEVICES=7
2026-05-12 11:00:04,871 [INFO] ms-clip: launching predict_smi (n_candidates=256)
2026-05-12 11:00:17,167 [WARNING] ms-clip dropped SMILES Cc1cc(C)c(-c2ccc(CN(Cc3ccc(-c4c(C)cc(C)cc4C)[n-]3)Cc3ccc(-c4c(C)cc(C)cc4C)[n-]3)[n-]2)c(C)c1.[N-]=[N+]=O.[V+4]; emitting sentinel -1.0
2026-05-12 11:00:17,167 [WARNING] ms-clip dropped SMILES Cc1cc(C)c(-c2cccc([N-]CCCCC[N-]c3cccc(-c4c(C)cc(C)cc4C)n3)n2)c(C)c1.[CH3-].[CH3-].[Hf+4]; emitting sentinel -1.0
2026-05-12 11:00:17,167 [WARNING] ms-clip dropped SMILES CCCC[Sn](CCCC)(CCCC)[C@@H]1[C@@H](C#C[Si](C)(C)C)[C@@H]1COC(c1ccccc1)(c1ccccc1)c1ccccc1; emitting sentinel -1.0
2026-05-12 11:00:17,167 [WARNING] ms-clip dropped SMILES CCc1c2[n-]c(c1C)/C=C1\[N-]/C(=C3\c4[n-]c(c(C)c4C(=O)[C@@H]3C(=O)OC)/C=c3\[n-]/c(c(C=O)c3CC)=C\2)[C@@H](CCC(=O)OCCC(C)C)[C@@H]1C.[Mg+2]; emitting sentinel -1.0
2026-05-12 11:00:17,167 [WARNING] ms-clip dropped SMILES C=[Zr].CC1=[C-]C(C)(C)c2cc3c(cc21)-c1cc2c(cc1C3)C(C)(C)C=C2C.CC1=[C-]C(C)C=C1[Si](C)(C)C.[CH2-]C.[c-]1ccccc1; emitting sentinel -1.0
2026-05-12 11:00:17,167 [WARNING] ms-clip dropped SMILES CCCC[Sn](CCCC)(CCCC)Cc1ccc(C)cc1C[Sn](CCCC)(CCCC)CCCC; emitting sentinel -1.0
2026-05-12 11:00:17,167 [WARNING] ms-clip dropped SMILES CCCC[Sn](CCCC)(CCCC)Cc1cccc(C)c1C[Sn](CCCC)(CCCC)CCCC; emitting sentinel -1.0
2026-05-12 11:00:17,168 [WARNING] ms-clip dropped SMILES C=[Zr].CC1=[C-]C(C)(C)c2cc3c(cc21)-c1cc2c(cc1C3)C(C)(C)C=C2C.CC1=[C-]C(C)C=C1[Si](C)(C)C.Cc1cc[c-]cc1.[CH3-]; emitting sentinel -1.0
2026-05-12 11:00:17,168 [WARNING] ms-clip dropped SMILES CC.CC.[CH2-][N+]1=C(C=CC=CC=C2N(CC(C)=O)c3ccc4ccccc4c3C2(C)C)C(C)(C)c2ccccc21.[Y].[c-]1ccccc1; emitting sentinel -1.0
2026-05-12 11:00:17,330 [INFO] ms-clip: auto-picked GPU 7 (free 17392 MiB)
2026-05-12 11:00:17,330 [INFO] ms-clip: using CUDA_VISIBLE_DEVICES=7
2026-05-12 11:00:17,330 [INFO] ms-clip: launching predict_smi (n_candidates=256)
2026-05-12 11:00:29,044 [WARNING] ms-clip dropped SMILES CC1=C(C(C)O)c2cc3nc(cc4[n-]c(cc5[n-]c(cc1n2)c(C)c5CCC(=O)[O-])c(CCC(=O)[O-])c4C)C(C(C)O)=C3C.[H+].[Mn+3]; emitting sentinel -1.0
2026-05-12 11:00:29,044 [WARNING] ms-clip dropped SMILES O=C1NC=CC=CC(=[W])c2nccn2CCCCCCOc2ccc(-c3ccc(C4CC4)nc3)cc21; emitting sentinel -1.0
2026-05-12 11:00:29,044 [WARNING] ms-clip dropped SMILES CC#N.CC#N.[Cu+].c1ccc(P(c2ccccc2)c2ccccc2)cc1.c1ccc([C-](c2ccccc2)c2ccccc2)cc1; emitting sentinel -1.0
2026-05-12 11:00:29,044 [WARNING] ms-clip dropped SMILES Cc1[c]c(C(C)(C)C)cc(C(C)(C)C)c1.Cc1[c]c(C(C)(C)C)cc(C(C)(C)C)c1.[I-].[InH2+]; emitting sentinel -1.0
2026-05-12 11:00:29,045 [WARNING] ms-clip dropped SMILES CCCC[Si]1([C-]2CCC3CC=CC=C23)CCC1.CCCC[Si]1([C-]2CCC3CC=CC=C23)CCC1.[Cl-].[Cl-].[Zr+4]; emitting sentinel -1.0
2026-05-12 11:00:29,045 [WARNING] ms-clip dropped SMILES Cc1[c-]c2c(cc1C(C)(C)C)-c1cc(C(C)(C)C)c(C)cc1C2.[CH3-].[CH3-].[CH3-].[CH3-].[Cl-].[Cl-].[SiH2]=[Zr]=[SiH2].c1cc[cH-]c1; emitting sentinel -1.0
2026-05-12 11:00:29,045 [WARNING] ms-clip dropped SMILES C[C@@H](Cl)[C@@H]1CN(C(=O)c2cc3cc(OCC4CCN(C)CC4)ccc3[nH]2)c2cc(O)c3ccccc3c21.[CH2-]C.[CH3-].[Y]; emitting sentinel -1.0
2026-05-12 11:00:29,194 [INFO] ms-clip: auto-picked GPU 7 (free 17392 MiB)
2026-05-12 11:00:29,195 [INFO] ms-clip: using CUDA_VISIBLE_DEVICES=7
2026-05-12 11:00:29,195 [INFO] ms-clip: launching predict_smi (n_candidates=256)
2026-05-12 11:00:41,129 [WARNING] ms-clip dropped SMILES C1CCC2=NCCCN2CC1.Cc1ccc([Bi](Cl)(Cl)c2ccc(C)cc2)cc1; emitting sentinel -1.0
2026-05-12 11:00:41,129 [WARNING] ms-clip dropped SMILES CC(C)(C)N1[CH]N(CP(C(C)(C)C)C(C)(C)C)C=C1.[Cl-].[Cl-].[H][H].[Ru+2].[c]1ccccn1.[c]1ccccn1; emitting sentinel -1.0
2026-05-12 11:00:41,279 [INFO] ms-clip: auto-picked GPU 7 (free 20364 MiB)
2026-05-12 11:00:41,279 [INFO] ms-clip: using CUDA_VISIBLE_DEVICES=7
2026-05-12 11:00:41,279 [INFO] ms-clip: launching predict_smi (n_candidates=256)
2026-05-12 11:00:53,108 [WARNING] ms-clip dropped SMILES [CH3-].[Cl-].[Cl-].[H][C-]=C(C)C.[Ti+4].[c-]1ccc[nH]1.c1ccc2[cH-]ccc2c1; emitting sentinel -1.0
2026-05-12 11:00:53,108 [WARNING] ms-clip dropped SMILES C=C(C)C(=O)OCCO[Po]OC; emitting sentinel -1.0
2026-05-12 11:00:53,108 [WARNING] ms-clip dropped SMILES [Cu+2].c1ccc(CC[SH+]CC[SH+]CCc2ccccn2)nc1; emitting sentinel -1.0
2026-05-12 11:00:53,108 [WARNING] ms-clip dropped SMILES C[Si](C)(C)O/C(=C\[Ge](C)(C)C)[P+](=O)O[Si](C)(C)C; emitting sentinel -1.0
2026-05-12 11:00:53,258 [INFO] ms-clip: auto-picked GPU 7 (free 19434 MiB)
2026-05-12 11:00:53,258 [INFO] ms-clip: using CUDA_VISIBLE_DEVICES=7
2026-05-12 11:00:53,258 [INFO] ms-clip: launching predict_smi (n_candidates=256)
2026-05-12 11:01:05,540 [WARNING] ms-clip dropped SMILES CC[N-]C.CC[N-]C.CC[N-]C.F[GeH2][c-]1cccc1.[Zr+4]; emitting sentinel -1.0
2026-05-12 11:01:05,683 [INFO] ms-clip: auto-picked GPU 7 (free 20200 MiB)
2026-05-12 11:01:05,683 [INFO] ms-clip: using CUDA_VISIBLE_DEVICES=7
2026-05-12 11:01:05,683 [INFO] ms-clip: launching predict_smi (n_candidates=256)
2026-05-12 11:01:18,141 [INFO] ms-clip: auto-picked GPU 7 (free 24092 MiB)
2026-05-12 11:01:18,141 [INFO] ms-clip: using CUDA_VISIBLE_DEVICES=7
2026-05-12 11:01:18,141 [INFO] ms-clip: launching predict_smi (n_candidates=256)
2026-05-12 11:01:30,617 [INFO] ms-clip: auto-picked GPU 7 (free 24092 MiB)
2026-05-12 11:01:30,618 [INFO] ms-clip: using CUDA_VISIBLE_DEVICES=7
2026-05-12 11:01:30,618 [INFO] ms-clip: launching predict_smi (n_candidates=256)
2026-05-12 11:01:42,133 [INFO] spec 30/500  MassSpecGymID0091919  pool=256  pred=VTAJRKSCSFAOJJ  correct=False  t=11.6s
2026-05-12 11:01:42,236 [INFO] ms-clip: auto-picked GPU 7 (free 24092 MiB)
2026-05-12 11:01:42,236 [INFO] ms-clip: using CUDA_VISIBLE_DEVICES=7
2026-05-12 11:01:42,236 [INFO] ms-clip: launching predict_smi (n_candidates=256)
2026-05-12 11:01:53,949 [WARNING] ms-clip dropped SMILES CC(C)O.CC(C)O.CC(C)O.Cc1cc[c-]cc1.[Zr]; emitting sentinel -1.0
2026-05-12 11:01:53,949 [WARNING] ms-clip dropped SMILES C.C.C.C=C(C)/[C]=C/B1OC(C)(C)C(C)(C)O1.[Sn]; emitting sentinel -1.0
2026-05-12 11:01:54,072 [INFO] ms-clip: auto-picked GPU 7 (free 24092 MiB)
2026-05-12 11:01:54,072 [INFO] ms-clip: using CUDA_VISIBLE_DEVICES=7
2026-05-12 11:01:54,072 [INFO] ms-clip: launching predict_smi (n_candidates=256)
2026-05-12 11:02:06,399 [WARNING] ms-clip dropped SMILES CN(C)C1=CC2=C3C=C(N(C)C)C=CN3CCCN2C=C1.CN1c2ccccc2N(C)C12CCCCC21N(C)c2ccccc2N1C.[Li+].[O-]c1cccc2ccc[nH+]c12; emitting sentinel -1.0
2026-05-12 11:02:06,399 [WARNING] ms-clip dropped SMILES CCCCCCCCCCCCCCCCCCCC#CC(=O)[O-].CCCCCCCCCCCCCCCCCCCC#CC(=O)[O-].[Cd+2]; emitting sentinel -1.0
2026-05-12 11:02:06,527 [INFO] ms-clip: auto-picked GPU 7 (free 24092 MiB)
2026-05-12 11:02:06,527 [INFO] ms-clip: using CUDA_VISIBLE_DEVICES=7
2026-05-12 11:02:06,527 [INFO] ms-clip: launching predict_smi (n_candidates=256)
2026-05-12 11:02:18,351 [INFO] ms-clip: auto-picked GPU 7 (free 24092 MiB)
2026-05-12 11:02:18,352 [INFO] ms-clip: using CUDA_VISIBLE_DEVICES=7
2026-05-12 11:02:18,352 [INFO] ms-clip: launching predict_smi (n_candidates=256)
2026-05-12 11:02:30,325 [WARNING] ms-clip dropped SMILES CCC1c2cc3[n-]c4c(c3C)C(=O)[C@H](C(=O)OC)c4c3nc(cc4[n-]c(cc(n2)C1C)c(C(C)O)c4C)[C@@H](C)[C@@H]3CCC(=O)O.[Mg+2]; emitting sentinel -1.0
2026-05-12 11:02:30,326 [WARNING] ms-clip dropped SMILES [CH2]C1(C#N)C=C2CN(S(=O)(=O)c3ccc(C)cc3)CC2C(C)(C)C1.[CH2]CCC.[CH2]CCC.[CH2]CCC.[Sn]; emitting sentinel -1.0
2026-05-12 11:02:30,326 [WARNING] ms-clip dropped SMILES C=C(C#N)CC(C)(C)C1CN(S(=O)(=O)c2ccc(C)cc2)C/C1=C\[Sn](CCCC)(CCCC)CCCC; emitting sentinel -1.0
2026-05-12 11:02:30,326 [WARNING] ms-clip dropped SMILES [CH2-]C1CC2C(=O)NC(B3OC4CC5CC(C5(C)C)C4(C)O3)CCCCC(NC(=O)OC(C)(C)C)C(=O)N2C1.[CH3-].[Y]; emitting sentinel -1.0
2026-05-12 11:02:30,326 [WARNING] ms-clip dropped SMILES CC[C@H]1/C2=C/c3[n-]c4c(c3C)C(=O)[C@H](C(=O)OC)/C4=C3/[N-]/C(=C\c4[n-]c(c(C(C)O)c4C)/C=C(\[N-]2)[C@@H]1C)[C@@H](C)[C@@H]3CCC(=O)O.[Mg+2]; emitting sentinel -1.0
2026-05-12 11:02:30,326 [WARNING] ms-clip dropped SMILES CCCCOP(=O)(O)CCCC.CCCCOP(=O)(O)CCCC.CCCCOP(=O)(O)CCCC.[Cr]; emitting sentinel -1.0
2026-05-12 11:02:30,457 [INFO] ms-clip: auto-picked GPU 7 (free 24092 MiB)
2026-05-12 11:02:30,457 [INFO] ms-clip: using CUDA_VISIBLE_DEVICES=7
2026-05-12 11:02:30,457 [INFO] ms-clip: launching predict_smi (n_candidates=256)
2026-05-12 11:02:42,252 [WARNING] ms-clip dropped SMILES C=C(C)C.C=C(C)O.CCCCC(CC)Cn1c(O)c(C#N)c(C)c(N)c1=O.Nc1ccc(SN(CCO)CCOC=O)cc1.[W]; emitting sentinel -1.0
2026-05-12 11:02:42,252 [WARNING] ms-clip dropped SMILES [Ni+2].[Ni+2].[Ni+2].[Ni+2].[Ni+2].[Ni+2].[Ni+2].[Ni+2].[O-][Si]([O-])([O-])[O-].[O-][Si]([O-])([O-])[O-].[O-][Si]([O-])([O-])[O-].[O-][Si]([O-])([O-])[O-]; emitting sentinel -1.0
2026-05-12 11:02:42,252 [WARNING] ms-clip dropped SMILES O=C(O)CN1CCN(CC(=O)O)CCN(CC(=O)O)CCN(CC(=O)O)CCN(CC(=O)O)CCN(CC(=O)O)CC1.[225Ac]; emitting sentinel -1.0
2026-05-12 11:02:42,409 [INFO] ms-clip: auto-picked GPU 7 (free 24092 MiB)
2026-05-12 11:02:42,409 [INFO] ms-clip: using CUDA_VISIBLE_DEVICES=7
2026-05-12 11:02:42,410 [INFO] ms-clip: launching predict_smi (n_candidates=256)
2026-05-12 11:02:54,612 [INFO] ms-clip: auto-picked GPU 7 (free 24092 MiB)
2026-05-12 11:02:54,613 [INFO] ms-clip: using CUDA_VISIBLE_DEVICES=7
2026-05-12 11:02:54,613 [INFO] ms-clip: launching predict_smi (n_candidates=226)
2026-05-12 11:03:06,602 [WARNING] ms-clip dropped SMILES CP(C)(=O)C1CC[C@H](CBr)O1.OC1CC[C@H](CBr)C1.[Ac]; emitting sentinel -1.0
2026-05-12 11:03:06,603 [WARNING] ms-clip dropped SMILES [Cr+3].[O-]c1ccc(Cl)cc1/N=N/c1c(O)ccc2ccccc12.[O-]c1ccc(Cl)cc1/N=N/c1c([O-])ccc2ccccc12; emitting sentinel -1.0
2026-05-12 11:03:06,603 [WARNING] ms-clip dropped SMILES O=C([O-])c1ccccc1[N+](=O)[O-].O=C([O-])c1ccccc1[N+](=O)[O-].[Cd+2].[OH3+].c1cnc2c(c1)ccc1cccnc12; emitting sentinel -1.0
2026-05-12 11:03:06,603 [WARNING] ms-clip dropped SMILES CC(C)(C[Sn](Cl)(CC(C)(C)c1ccccc1)c1cccc(C(F)(F)F)c1)c1ccccc1.[Br-]; emitting sentinel -1.0
2026-05-12 11:03:06,603 [WARNING] ms-clip dropped SMILES [Cl-].[Cl-].[Cl-].[NH2-].[Os+4].c1ccc(-c2ccnc3c2ccc2c(-c4ccccc4)ccnc23)cc1; emitting sentinel -1.0
2026-05-12 11:03:06,603 [WARNING] ms-clip dropped SMILES [CH2-]c1cc(N(C)C)c2c(c1[CH2-])C(O)=C1C(=O)C3(O)C(O)=C(C(N)=O)C(=O)C(N(C)C)[C@@H]3CC1C2.[Y].[Y]; emitting sentinel -1.0
2026-05-12 11:03:06,603 [WARNING] ms-clip dropped SMILES C#C.C=CC(=O)N1Cc2cc(Cl)sc2C1.CCn1cc(-c2ccccc2F)c(C(F)(F)F)n1.[CH3-].[Cs+]; emitting sentinel -1.0
2026-05-12 11:03:06,603 [WARNING] ms-clip dropped SMILES O=C(Cc1ccccc1Nc1c(Cl)cccc1Cl)O[Sn](c1ccccc1)(c1ccccc1)c1ccccc1; emitting sentinel -1.0
2026-05-12 11:03:06,603 [WARNING] ms-clip dropped SMILES [Cr+3].[H+].[O-]c1ccc(Cl)cc1/N=N/c1c([O-])ccc2ccccc12.[O-]c1ccc(Cl)cc1/N=N/c1c([O-])ccc2ccccc12; emitting sentinel -1.0
2026-05-12 11:03:06,762 [INFO] ms-clip: auto-picked GPU 7 (free 24092 MiB)
2026-05-12 11:03:06,762 [INFO] ms-clip: using CUDA_VISIBLE_DEVICES=7
2026-05-12 11:03:06,763 [INFO] ms-clip: launching predict_smi (n_candidates=256)
2026-05-12 11:03:18,722 [WARNING] ms-clip dropped SMILES CCc1c2[n-]c(c1CC)[C+](c1ccccc1)c1ccc([n-]1)[C+](c1ccccc1)c1ccc([n-]1)[C+](c1ccccc1)c1ccc([n-]1)[C+]2c1ccccc1.Cc1cccnc1.[Zn]; emitting sentinel -1.0
2026-05-12 11:03:18,723 [WARNING] ms-clip dropped SMILES CC.O=[C-]NCC(=O)N(c1ccc(NC=O)cc1)c1ncc([N+](=O)[O-])c(Nc2ccccc2C(=O)c2ccccc2)n1.[Fm]; emitting sentinel -1.0
2026-05-12 11:03:18,867 [INFO] ms-clip: auto-picked GPU 7 (free 24092 MiB)
2026-05-12 11:03:18,867 [INFO] ms-clip: using CUDA_VISIBLE_DEVICES=7
2026-05-12 11:03:18,867 [INFO] ms-clip: launching predict_smi (n_candidates=256)
2026-05-12 11:03:30,862 [WARNING] ms-clip dropped SMILES CCCC[Sn]CCCC.CCCOC(=O)/C=C\C(=O)O.CCCOC(=O)/C=C\C(=O)O; emitting sentinel -1.0
2026-05-12 11:03:30,862 [WARNING] ms-clip dropped SMILES CC(C)(C)[N-]CCNC(C)(C)C.CC(C)(C)[N-]CCNC(C)(C)C.Cl[Ga].Cl[Ga]; emitting sentinel -1.0
2026-05-12 11:03:31,004 [INFO] ms-clip: auto-picked GPU 7 (free 24092 MiB)
2026-05-12 11:03:31,005 [INFO] ms-clip: using CUDA_VISIBLE_DEVICES=7
2026-05-12 11:03:31,005 [INFO] ms-clip: launching predict_smi (n_candidates=256)
2026-05-12 11:03:42,805 [WARNING] ms-clip dropped SMILES CN(C)C1=CC2=C3C=C(N(C)C)C=CN3CCCN2C=C1.CN1c2ccccc2N(C)C12CCCCC21N(C)c2ccccc2N1C.[Li+].[O-]c1cccc2ccc[nH+]c12; emitting sentinel -1.0
2026-05-12 11:03:42,805 [WARNING] ms-clip dropped SMILES CCCCCCCCCCCCCCCCCCCC#CC(=O)[O-].CCCCCCCCCCCCCCCCCCCC#CC(=O)[O-].[Cd+2]; emitting sentinel -1.0
2026-05-12 11:03:42,832 [INFO] spec 40/500  MassSpecGymID0258453  pool=256  pred=QOVKKEKBURQILF  correct=True  t=11.9s
2026-05-12 11:03:42,957 [INFO] ms-clip: auto-picked GPU 7 (free 24092 MiB)
2026-05-12 11:03:42,958 [INFO] ms-clip: using CUDA_VISIBLE_DEVICES=7
2026-05-12 11:03:42,958 [INFO] ms-clip: launching predict_smi (n_candidates=256)
2026-05-12 11:03:54,708 [WARNING] ms-clip dropped SMILES CCc1[cH-]ccc1C.CCc1[cH-]ccc1C.C[Si](C)=[Ti](Cl)Cl; emitting sentinel -1.0
2026-05-12 11:03:54,708 [WARNING] ms-clip dropped SMILES CC1=NC2[CH-]CCC2C(C)=C1C(=O)NN.[W]; emitting sentinel -1.0
2026-05-12 11:03:54,708 [WARNING] ms-clip dropped SMILES C=C[Bi](c1ccccc1)c1ccccc1; emitting sentinel -1.0
2026-05-12 11:03:54,846 [INFO] ms-clip: auto-picked GPU 7 (free 24092 MiB)
2026-05-12 11:03:54,846 [INFO] ms-clip: using CUDA_VISIBLE_DEVICES=7
2026-05-12 11:03:54,846 [INFO] ms-clip: launching predict_smi (n_candidates=256)
2026-05-12 11:04:06,190 [WARNING] ms-clip dropped SMILES Cc1cc(C(C)(C)C)cc(C)c1C(=O)Pc1ccc(-c2ccccc2)cc1.[Li]; emitting sentinel -1.0
2026-05-12 11:04:06,324 [INFO] ms-clip: auto-picked GPU 7 (free 24092 MiB)
2026-05-12 11:04:06,324 [INFO] ms-clip: using CUDA_VISIBLE_DEVICES=7
2026-05-12 11:04:06,325 [INFO] ms-clip: launching predict_smi (n_candidates=256)
2026-05-12 11:04:17,938 [INFO] ms-clip: auto-picked GPU 7 (free 24092 MiB)
2026-05-12 11:04:17,938 [INFO] ms-clip: using CUDA_VISIBLE_DEVICES=7
2026-05-12 11:04:17,938 [INFO] ms-clip: launching predict_smi (n_candidates=256)
2026-05-12 11:04:29,534 [WARNING] ms-clip dropped SMILES CCCCC[Sn](C)C(=O)CC(=O)C(CCCC)(CCCC)CCCC; emitting sentinel -1.0
2026-05-12 11:04:29,673 [INFO] ms-clip: auto-picked GPU 7 (free 24092 MiB)
2026-05-12 11:04:29,673 [INFO] ms-clip: using CUDA_VISIBLE_DEVICES=7
2026-05-12 11:04:29,673 [INFO] ms-clip: launching predict_smi (n_candidates=256)
2026-05-12 11:04:41,571 [INFO] ms-clip: auto-picked GPU 7 (free 24092 MiB)
2026-05-12 11:04:41,571 [INFO] ms-clip: using CUDA_VISIBLE_DEVICES=7
2026-05-12 11:04:41,571 [INFO] ms-clip: launching predict_smi (n_candidates=256)
2026-05-12 11:04:53,537 [INFO] ms-clip: auto-picked GPU 7 (free 24092 MiB)
2026-05-12 11:04:53,537 [INFO] ms-clip: using CUDA_VISIBLE_DEVICES=7
2026-05-12 11:04:53,537 [INFO] ms-clip: launching predict_smi (n_candidates=256)
2026-05-12 11:05:05,796 [INFO] ms-clip: auto-picked GPU 7 (free 24092 MiB)
2026-05-12 11:05:05,796 [INFO] ms-clip: using CUDA_VISIBLE_DEVICES=7
2026-05-12 11:05:05,796 [INFO] ms-clip: launching predict_smi (n_candidates=256)
2026-05-12 11:05:18,086 [INFO] ms-clip: auto-picked GPU 7 (free 24092 MiB)
2026-05-12 11:05:18,087 [INFO] ms-clip: using CUDA_VISIBLE_DEVICES=7
2026-05-12 11:05:18,087 [INFO] ms-clip: launching predict_smi (n_candidates=256)
2026-05-12 11:05:29,875 [INFO] ms-clip: auto-picked GPU 7 (free 24092 MiB)
2026-05-12 11:05:29,876 [INFO] ms-clip: using CUDA_VISIBLE_DEVICES=7
2026-05-12 11:05:29,876 [INFO] ms-clip: launching predict_smi (n_candidates=256)
2026-05-12 11:05:41,506 [WARNING] ms-clip dropped SMILES C=CC1(O[Si](C)(C)C)C(=O)c2ccccc21.[C-]#[O+].[C-]#[O+].[C-]#[O+].[Cr+6]; emitting sentinel -1.0
2026-05-12 11:05:41,506 [WARNING] ms-clip dropped SMILES Oc1ccccc1[Sb](c1ccccc1)c1ccccc1; emitting sentinel -1.0
2026-05-12 11:05:41,506 [WARNING] ms-clip dropped SMILES CC/C=C/[Sn+](CCCC)CCCC.[Br-]; emitting sentinel -1.0
2026-05-12 11:05:41,506 [WARNING] ms-clip dropped SMILES [CH2-]CCN([CH2-])C1=NS(=O)(=O)c2cc(C)c(C)cc2N1.[Y]; emitting sentinel -1.0
2026-05-12 11:05:41,507 [WARNING] ms-clip dropped SMILES C1C[N-]CC[N-]CCC[N-]CC[N-]C1.Cl[Ru]Cl; emitting sentinel -1.0
2026-05-12 11:05:41,521 [INFO] spec 50/500  MassSpecGymID0210737  pool=256  pred=BURFVHLJIGXODD  correct=True  t=11.8s
2026-05-12 11:05:41,639 [INFO] ms-clip: auto-picked GPU 7 (free 24092 MiB)
2026-05-12 11:05:41,640 [INFO] ms-clip: using CUDA_VISIBLE_DEVICES=7
2026-05-12 11:05:41,640 [INFO] ms-clip: launching predict_smi (n_candidates=256)
2026-05-12 11:05:53,711 [WARNING] ms-clip dropped SMILES C=CCCCCC(O)(O)C(=O)[O-].C=CCCCCC(O)(O)C(=O)[O-].[Zn+2]; emitting sentinel -1.0
2026-05-12 11:05:53,848 [INFO] ms-clip: auto-picked GPU 7 (free 24092 MiB)
2026-05-12 11:05:53,848 [INFO] ms-clip: using CUDA_VISIBLE_DEVICES=7
2026-05-12 11:05:53,848 [INFO] ms-clip: launching predict_smi (n_candidates=256)
2026-05-12 11:06:05,864 [WARNING] ms-clip dropped SMILES CN(C)C1=CC2=C3C=C(N(C)C)C=CN3CCCN2C=C1.CN1c2ccccc2N(C)C12CCCCC21N(C)c2ccccc2N1C.[Li+].[O-]c1cccc2ccc[nH+]c12; emitting sentinel -1.0
2026-05-12 11:06:05,864 [WARNING] ms-clip dropped SMILES CCCCCCCCCCCCCCCCCCCC#CC(=O)[O-].CCCCCCCCCCCCCCCCCCCC#CC(=O)[O-].[Cd+2]; emitting sentinel -1.0
2026-05-12 11:06:06,030 [INFO] ms-clip: auto-picked GPU 7 (free 24092 MiB)
2026-05-12 11:06:06,030 [INFO] ms-clip: using CUDA_VISIBLE_DEVICES=7
2026-05-12 11:06:06,030 [INFO] ms-clip: launching predict_smi (n_candidates=256)
2026-05-12 11:06:17,711 [WARNING] ms-clip dropped SMILES [CH3-].[Cl-].[Cl-].[H][C-]=C(C)C.[Ti+4].[c-]1ccc[nH]1.c1ccc2[cH-]ccc2c1; emitting sentinel -1.0
2026-05-12 11:06:17,712 [WARNING] ms-clip dropped SMILES C=C(C)C(=O)OCCO[Po]OC; emitting sentinel -1.0
2026-05-12 11:06:17,712 [WARNING] ms-clip dropped SMILES [Cu+2].c1ccc(CC[SH+]CC[SH+]CCc2ccccn2)nc1; emitting sentinel -1.0
2026-05-12 11:06:17,712 [WARNING] ms-clip dropped SMILES C[Si](C)(C)O/C(=C\[Ge](C)(C)C)[P+](=O)O[Si](C)(C)C; emitting sentinel -1.0
2026-05-12 11:06:17,848 [INFO] ms-clip: auto-picked GPU 7 (free 24092 MiB)
2026-05-12 11:06:17,849 [INFO] ms-clip: using CUDA_VISIBLE_DEVICES=7
2026-05-12 11:06:17,849 [INFO] ms-clip: launching predict_smi (n_candidates=256)
2026-05-12 11:06:29,738 [WARNING] ms-clip dropped SMILES CC(C)(C)c1cccc(C(C)(C)C)c1O.C[C]1C(C)=C(C)C(C)=C1C.C[Si](C)(C)[CH-][Si](C)(C)C.[Y]; emitting sentinel -1.0
2026-05-12 11:06:29,739 [WARNING] ms-clip dropped SMILES CCCC[Sn](CCCC)(CCCC)c1c(CO[Si](C)(C)C(C)(C)C)nnn1C[Si](C)(C)C; emitting sentinel -1.0
2026-05-12 11:06:29,878 [INFO] ms-clip: auto-picked GPU 7 (free 24092 MiB)
2026-05-12 11:06:29,878 [INFO] ms-clip: using CUDA_VISIBLE_DEVICES=7
2026-05-12 11:06:29,878 [INFO] ms-clip: launching predict_smi (n_candidates=256)
2026-05-12 11:06:41,673 [INFO] ms-clip: auto-picked GPU 7 (free 24092 MiB)
2026-05-12 11:06:41,673 [INFO] ms-clip: using CUDA_VISIBLE_DEVICES=7
2026-05-12 11:06:41,673 [INFO] ms-clip: launching predict_smi (n_candidates=256)
2026-05-12 11:06:53,806 [INFO] ms-clip: auto-picked GPU 7 (free 24092 MiB)
2026-05-12 11:06:53,806 [INFO] ms-clip: using CUDA_VISIBLE_DEVICES=7
2026-05-12 11:06:53,806 [INFO] ms-clip: launching predict_smi (n_candidates=256)
2026-05-12 11:07:05,283 [WARNING] ms-clip dropped SMILES C[C]1[C](C)[C](C)[C](C)[C]1C.C[C]1[C](C)[C](C)[C](C)[C]1C.C[Si](C)(C)C#C[Si](C)(C)C.[Ti+2]; emitting sentinel -1.0
2026-05-12 11:07:05,418 [INFO] ms-clip: auto-picked GPU 7 (free 24092 MiB)
2026-05-12 11:07:05,419 [INFO] ms-clip: using CUDA_VISIBLE_DEVICES=7
2026-05-12 11:07:05,419 [INFO] ms-clip: launching predict_smi (n_candidates=256)
2026-05-12 11:07:17,721 [WARNING] ms-clip dropped SMILES CC(C)(C)c1cc([O-])c([O-])c(C(C)(C)C)c1.Cc1[c]c(C)cc(C)c1.[Sb]; emitting sentinel -1.0
2026-05-12 11:07:17,862 [INFO] ms-clip: auto-picked GPU 7 (free 24092 MiB)
2026-05-12 11:07:17,863 [INFO] ms-clip: using CUDA_VISIBLE_DEVICES=7
2026-05-12 11:07:17,863 [INFO] ms-clip: launching predict_smi (n_candidates=256)
2026-05-12 11:07:29,856 [INFO] ms-clip: auto-picked GPU 7 (free 24092 MiB)
2026-05-12 11:07:29,856 [INFO] ms-clip: using CUDA_VISIBLE_DEVICES=7
2026-05-12 11:07:29,856 [INFO] ms-clip: launching predict_smi (n_candidates=256)
2026-05-12 11:07:41,566 [INFO] spec 60/500  MassSpecGymID0217950  pool=256  pred=HGMGDQQJBVMKEI  correct=False  t=11.8s
2026-05-12 11:07:41,666 [INFO] ms-clip: auto-picked GPU 7 (free 24092 MiB)
2026-05-12 11:07:41,667 [INFO] ms-clip: using CUDA_VISIBLE_DEVICES=7
2026-05-12 11:07:41,667 [INFO] ms-clip: launching predict_smi (n_candidates=256)
2026-05-12 11:07:53,432 [WARNING] ms-clip dropped SMILES C1CCOC1.CC[BH-](CC)CC.Cc1cc(C(C)(C)C)nn1[BH-](n1nc(C(C)(C)C)cc1C)n1nc(C(C)(C)C)cc1C.[Tm]; emitting sentinel -1.0
2026-05-12 11:07:53,433 [WARNING] ms-clip dropped SMILES CCCC[N+](CCCC)(CCCC)CCCC.[Li].c1ccc2c(c1)-c1nc-2nc2[nH]c(nc3nc(nc4[nH]c(n1)c1ccccc41)-c1ccccc1-3)c1ccccc21; emitting sentinel -1.0
2026-05-12 11:07:53,433 [WARNING] ms-clip dropped SMILES CC(C)CCO.CCOCCCC(C)C.[B]C(C)=O.[B]n1ncc(CC(NC(=O)C(N)CSC2CC(=O)N(CCNC=O)C2=O)C(=O)C(C)C(C)C)n1; emitting sentinel -1.0
2026-05-12 11:07:53,433 [WARNING] ms-clip dropped SMILES CC(C)Cc1cc(/C=N/C2CCCCC2C)c(O)c(C(C)(C)C)c1.CC1CCCCC1/N=C/c1cc(C(C)(C)C)cc(C(C)(C)C)c1O.[CH3-].[Zr]; emitting sentinel -1.0
2026-05-12 11:07:53,433 [WARNING] ms-clip dropped SMILES C[CH-]COC1CCCCC1.[Y].[Y].[Y].[Y].[Y].[Y].[Y]; emitting sentinel -1.0
2026-05-12 11:07:53,659 [INFO] ms-clip: auto-picked GPU 7 (free 24072 MiB)
2026-05-12 11:07:53,659 [INFO] ms-clip: using CUDA_VISIBLE_DEVICES=7
2026-05-12 11:07:53,659 [INFO] ms-clip: launching predict_smi (n_candidates=190)
2026-05-12 11:08:05,568 [WARNING] ms-clip dropped SMILES CCCCCCCCCCCCCCCCCCCCCC(=O)O.CCCCCCCCCCCCCCCCCCCCCC(=O)O.[Ca]; emitting sentinel -1.0
2026-05-12 11:08:05,754 [INFO] ms-clip: auto-picked GPU 7 (free 23700 MiB)
2026-05-12 11:08:05,755 [INFO] ms-clip: using CUDA_VISIBLE_DEVICES=7
2026-05-12 11:08:05,755 [INFO] ms-clip: launching predict_smi (n_candidates=256)
2026-05-12 11:08:17,457 [WARNING] ms-clip dropped SMILES C.CC(C)(C)[PH+](C1CCCCC1)C(C)(C)C.CCC.Cl[Pd+].[CH3-]; emitting sentinel -1.0
2026-05-12 11:08:17,650 [INFO] ms-clip: auto-picked GPU 7 (free 24073 MiB)
2026-05-12 11:08:17,650 [INFO] ms-clip: using CUDA_VISIBLE_DEVICES=7
2026-05-12 11:08:17,650 [INFO] ms-clip: launching predict_smi (n_candidates=256)
2026-05-12 11:08:29,918 [INFO] ms-clip: auto-picked GPU 7 (free 23700 MiB)
2026-05-12 11:08:29,918 [INFO] ms-clip: using CUDA_VISIBLE_DEVICES=7
2026-05-12 11:08:29,918 [INFO] ms-clip: launching predict_smi (n_candidates=256)
2026-05-12 11:08:42,322 [INFO] ms-clip: auto-picked GPU 7 (free 23296 MiB)
2026-05-12 11:08:42,322 [INFO] ms-clip: using CUDA_VISIBLE_DEVICES=7
2026-05-12 11:08:42,323 [INFO] ms-clip: launching predict_smi (n_candidates=256)
2026-05-12 11:08:54,545 [WARNING] ms-clip dropped SMILES CC(C)C([C-]=O)n1cc(-c2ccc(Cl)s2)nn1.[CH2-][C@H](O)C[CH-]c1nc2ccccc2s1.[Li+]; emitting sentinel -1.0
2026-05-12 11:08:54,730 [INFO] ms-clip: auto-picked GPU 7 (free 23008 MiB)
2026-05-12 11:08:54,731 [INFO] ms-clip: using CUDA_VISIBLE_DEVICES=7
2026-05-12 11:08:54,731 [INFO] ms-clip: launching predict_smi (n_candidates=256)
2026-05-12 11:09:06,686 [WARNING] ms-clip dropped SMILES CN(C)C1=CC2=C3C=C(N(C)C)C=CN3CCCN2C=C1.CN1c2ccccc2N(C)C12CCCCC21N(C)c2ccccc2N1C.[Li+].[O-]c1cccc2ccc[nH+]c12; emitting sentinel -1.0
2026-05-12 11:09:06,686 [WARNING] ms-clip dropped SMILES CCCCCCCCCCCCCCCCCCCC#CC(=O)[O-].CCCCCCCCCCCCCCCCCCCC#CC(=O)[O-].[Cd+2]; emitting sentinel -1.0
2026-05-12 11:09:06,872 [INFO] ms-clip: auto-picked GPU 7 (free 24092 MiB)
2026-05-12 11:09:06,873 [INFO] ms-clip: using CUDA_VISIBLE_DEVICES=7
2026-05-12 11:09:06,873 [INFO] ms-clip: launching predict_smi (n_candidates=256)
2026-05-12 11:09:19,040 [WARNING] ms-clip dropped SMILES COc1cc(C)c(NC(=O)C2([P+](C)(C)C)CCC2)c(C)c1.[Y]; emitting sentinel -1.0
2026-05-12 11:09:19,245 [INFO] ms-clip: auto-picked GPU 7 (free 24000 MiB)
2026-05-12 11:09:19,245 [INFO] ms-clip: using CUDA_VISIBLE_DEVICES=7
2026-05-12 11:09:19,245 [INFO] ms-clip: launching predict_smi (n_candidates=256)
2026-05-12 11:09:31,229 [INFO] ms-clip: auto-picked GPU 7 (free 24092 MiB)
2026-05-12 11:09:31,229 [INFO] ms-clip: using CUDA_VISIBLE_DEVICES=7
2026-05-12 11:09:31,229 [INFO] ms-clip: launching predict_smi (n_candidates=256)
2026-05-12 11:09:42,970 [INFO] spec 70/500  MassSpecGymID0230073  pool=256  pred=ITYWLFANYGWSLX  correct=False  t=11.9s
2026-05-12 11:09:43,084 [INFO] ms-clip: auto-picked GPU 7 (free 24092 MiB)
2026-05-12 11:09:43,084 [INFO] ms-clip: using CUDA_VISIBLE_DEVICES=7
2026-05-12 11:09:43,084 [INFO] ms-clip: launching predict_smi (n_candidates=256)
2026-05-12 11:09:55,380 [WARNING] ms-clip dropped SMILES [Zr+3].c1ccc([SiH]c2ccccc2)cc1.c1ccc2[cH-]ccc2c1.c1ccc2[cH-]ccc2c1; emitting sentinel -1.0
2026-05-12 11:09:55,380 [WARNING] ms-clip dropped SMILES CCCCCCCCSSC1=CNN(SSCCCCCCCC)S1.[Cu]; emitting sentinel -1.0
2026-05-12 11:09:55,380 [WARNING] ms-clip dropped SMILES C.CC.CCc1ccnc2ccccc12.CCc1ccncc1.[CH3-].[Y].[Y]; emitting sentinel -1.0
2026-05-12 11:09:55,509 [INFO] ms-clip: auto-picked GPU 7 (free 24092 MiB)
2026-05-12 11:09:55,510 [INFO] ms-clip: using CUDA_VISIBLE_DEVICES=7
2026-05-12 11:09:55,510 [INFO] ms-clip: launching predict_smi (n_candidates=256)
2026-05-12 11:10:07,404 [INFO] ms-clip: auto-picked GPU 7 (free 24092 MiB)
2026-05-12 11:10:07,404 [INFO] ms-clip: using CUDA_VISIBLE_DEVICES=7
2026-05-12 11:10:07,404 [INFO] ms-clip: launching predict_smi (n_candidates=256)
2026-05-12 11:10:18,883 [WARNING] ms-clip dropped SMILES Cl[Mn]Cl.NN1CCN[C@@H]2CCCC[C@H]2/N=C\c2cccc(n2)/C=N/[C@@H]2CCCC[C@H]21; emitting sentinel -1.0
2026-05-12 11:10:19,018 [INFO] ms-clip: auto-picked GPU 7 (free 24092 MiB)
2026-05-12 11:10:19,018 [INFO] ms-clip: using CUDA_VISIBLE_DEVICES=7
2026-05-12 11:10:19,018 [INFO] ms-clip: launching predict_smi (n_candidates=256)
2026-05-12 11:10:31,097 [WARNING] ms-clip dropped SMILES CC.COC(C=O)C1OC(C)(C)OC1S[TlH2]; emitting sentinel -1.0
2026-05-12 11:10:31,097 [WARNING] ms-clip dropped SMILES Cc1cccc(C)c1NC(=O)C[n+]1cccc(C(=O)OC2CCCC2)c1.[Y]; emitting sentinel -1.0
2026-05-12 11:10:31,589 [INFO] ms-clip: auto-picked GPU 7 (free 24092 MiB)
2026-05-12 11:10:31,589 [INFO] ms-clip: using CUDA_VISIBLE_DEVICES=7
2026-05-12 11:10:31,590 [INFO] ms-clip: launching predict_smi (n_candidates=256)
2026-05-12 11:10:43,519 [WARNING] ms-clip dropped SMILES C1CCC2CCCC2C1.C1CCC2CCCC2C1.Oc1cccc2ccccc12.Oc1cccc2ccccc12.[Ti]; emitting sentinel -1.0
2026-05-12 11:10:43,659 [INFO] ms-clip: auto-picked GPU 7 (free 24092 MiB)
2026-05-12 11:10:43,659 [INFO] ms-clip: using CUDA_VISIBLE_DEVICES=7
2026-05-12 11:10:43,659 [INFO] ms-clip: launching predict_smi (n_candidates=256)
2026-05-12 11:10:55,602 [INFO] ms-clip: auto-picked GPU 7 (free 24092 MiB)
2026-05-12 11:10:55,602 [INFO] ms-clip: using CUDA_VISIBLE_DEVICES=7
2026-05-12 11:10:55,602 [INFO] ms-clip: launching predict_smi (n_candidates=256)
2026-05-12 11:11:07,401 [WARNING] ms-clip dropped SMILES CCCC[Sn](CCCC)(CCCC)c1ccc(-c2ccco2)o1; emitting sentinel -1.0
2026-05-12 11:11:07,402 [WARNING] ms-clip dropped SMILES CCN(CC)C1=C(N(CC)CC)C(OC)c2ccccc21.[C-]#[O+].[C-]#[O+].[C-]#[O+].[Cr]; emitting sentinel -1.0
2026-05-12 11:11:07,536 [INFO] ms-clip: auto-picked GPU 7 (free 24092 MiB)
2026-05-12 11:11:07,537 [INFO] ms-clip: using CUDA_VISIBLE_DEVICES=7
2026-05-12 11:11:07,537 [INFO] ms-clip: launching predict_smi (n_candidates=256)
2026-05-12 11:11:19,874 [INFO] ms-clip: auto-picked GPU 7 (free 24092 MiB)
2026-05-12 11:11:19,874 [INFO] ms-clip: using CUDA_VISIBLE_DEVICES=7
2026-05-12 11:11:19,875 [INFO] ms-clip: launching predict_smi (n_candidates=256)
2026-05-12 11:11:31,928 [INFO] ms-clip: auto-picked GPU 7 (free 24092 MiB)
2026-05-12 11:11:31,928 [INFO] ms-clip: using CUDA_VISIBLE_DEVICES=7
2026-05-12 11:11:31,928 [INFO] ms-clip: launching predict_smi (n_candidates=256)
2026-05-12 11:11:44,053 [INFO] spec 80/500  MassSpecGymID0207631  pool=256  pred=JEJVVLKQKGDPOE  correct=True  t=12.2s
2026-05-12 11:11:44,166 [INFO] ms-clip: auto-picked GPU 7 (free 24092 MiB)
2026-05-12 11:11:44,166 [INFO] ms-clip: using CUDA_VISIBLE_DEVICES=7
2026-05-12 11:11:44,166 [INFO] ms-clip: launching predict_smi (n_candidates=256)
2026-05-12 11:11:56,319 [INFO] ms-clip: auto-picked GPU 7 (free 24092 MiB)
2026-05-12 11:11:56,319 [INFO] ms-clip: using CUDA_VISIBLE_DEVICES=7
2026-05-12 11:11:56,319 [INFO] ms-clip: launching predict_smi (n_candidates=256)
2026-05-12 11:12:08,270 [WARNING] ms-clip dropped SMILES CN(C)C1=CC2=C3C=C(N(C)C)C=CN3CCCN2C=C1.CN1c2ccccc2N(C)C12CCCCC21N(C)c2ccccc2N1C.[Li+].[O-]c1cccc2ccc[nH+]c12; emitting sentinel -1.0
2026-05-12 11:12:08,414 [INFO] ms-clip: auto-picked GPU 7 (free 24092 MiB)
2026-05-12 11:12:08,414 [INFO] ms-clip: using CUDA_VISIBLE_DEVICES=7
2026-05-12 11:12:08,415 [INFO] ms-clip: launching predict_smi (n_candidates=256)
2026-05-12 11:12:20,374 [WARNING] ms-clip dropped SMILES C[Si](C)(C)CC1CCC([Si](C)(C)[Si](C)(C)C2CCC3CC4CCCC4CC32)C1.Cl[Zr+2]Cl.[CH3-].[CH3-]; emitting sentinel -1.0
2026-05-12 11:12:20,374 [WARNING] ms-clip dropped SMILES CC(C)[PH+](Cc1cccc(C[PH+](C(C)C)C(C)C)n1)C(C)C.F[B-](F)(F)F.Nc1ccccc1.[Rh+2]; emitting sentinel -1.0
2026-05-12 11:12:20,375 [WARNING] ms-clip dropped SMILES CCCC[Sn](CCCC)(Cc1ccc(C(=O)c2ccccc2)cc1)Cc1ccc(C(=O)c2ccccc2)cc1; emitting sentinel -1.0
2026-05-12 11:12:20,508 [INFO] ms-clip: auto-picked GPU 7 (free 24092 MiB)
2026-05-12 11:12:20,509 [INFO] ms-clip: using CUDA_VISIBLE_DEVICES=7
2026-05-12 11:12:20,509 [INFO] ms-clip: launching predict_smi (n_candidates=256)
2026-05-12 11:12:32,221 [WARNING] ms-clip dropped SMILES [3H]C1C[C@H]([C-]=O)N(C(=O)CNC(=O)[C@@H]2C[C@H]([3H])CN2C)C1.[Y]; emitting sentinel -1.0
2026-05-12 11:12:32,221 [WARNING] ms-clip dropped SMILES CCCC[Sn]CCCC.NSc1ccccc1; emitting sentinel -1.0
2026-05-12 11:12:32,221 [WARNING] ms-clip dropped SMILES C1CCCC1.C1CCCC1.Cc1cccc([Se])c1.[Ti+2]; emitting sentinel -1.0
2026-05-12 11:12:32,221 [WARNING] ms-clip dropped SMILES O=C(O)[C@@H]1CCCN1C([N-]c1ccccc1)c1ccccc1.[Zn]; emitting sentinel -1.0
2026-05-12 11:12:32,353 [INFO] ms-clip: auto-picked GPU 7 (free 24092 MiB)
2026-05-12 11:12:32,353 [INFO] ms-clip: using CUDA_VISIBLE_DEVICES=7
2026-05-12 11:12:32,354 [INFO] ms-clip: launching predict_smi (n_candidates=256)
2026-05-12 11:12:44,292 [INFO] ms-clip: auto-picked GPU 7 (free 24092 MiB)
2026-05-12 11:12:44,292 [INFO] ms-clip: using CUDA_VISIBLE_DEVICES=7
2026-05-12 11:12:44,292 [INFO] ms-clip: launching predict_smi (n_candidates=256)
2026-05-12 11:12:56,434 [WARNING] ms-clip dropped SMILES CC(C)(COC(C)(C)CCNc1cccc2c1C(=O)NC2=O)NC(=O)CNC1CCCC1.CCC(CC)c1c[c-]n2nccc2n1.CCCCC=O.CNC=O.[Na+]; emitting sentinel -1.0
2026-05-12 11:12:56,571 [INFO] ms-clip: auto-picked GPU 7 (free 24092 MiB)
2026-05-12 11:12:56,571 [INFO] ms-clip: using CUDA_VISIBLE_DEVICES=7
2026-05-12 11:12:56,571 [INFO] ms-clip: launching predict_smi (n_candidates=256)
2026-05-12 11:13:08,136 [WARNING] ms-clip dropped SMILES [CH2-]c1ccccc1.[CH2-]c1ccccc1.[Cl-].[Cl-].[Zr+4]; emitting sentinel -1.0
2026-05-12 11:13:08,136 [WARNING] ms-clip dropped SMILES O=C(O)O[O-].O=C(O)O[O-].O=C(O)O[O-].O=C(O)O[O-].[Al+3].[Li+]; emitting sentinel -1.0
2026-05-12 11:13:08,136 [WARNING] ms-clip dropped SMILES Cc1[c-]ccc(C(O)(C(F)(F)F)C(F)(F)F)c1.[Rb+]; emitting sentinel -1.0
2026-05-12 11:13:08,137 [WARNING] ms-clip dropped SMILES C[Ge](C)C.C[Ge](C)C.C[Ge]C; emitting sentinel -1.0
2026-05-12 11:13:08,137 [WARNING] ms-clip dropped SMILES COC(=O)[N-]CCc1ccc(S(=O)(=O)[O-])cc1.[Rb+]; emitting sentinel -1.0
2026-05-12 11:13:08,137 [WARNING] ms-clip dropped SMILES Cc1cc[c-]cc1.Cc1cc[c-]cc1.Cl[Zr+2]Cl; emitting sentinel -1.0
2026-05-12 11:13:08,137 [WARNING] ms-clip dropped SMILES Cl[Ti]Cl.[S-]c1cccc2ccccc12.c1cc[cH-]c1; emitting sentinel -1.0
2026-05-12 11:13:08,137 [WARNING] ms-clip dropped SMILES [C-]1=C(C/C=C\CC2=[C-]CC=C2)C=CC1.[Cl-].[Cl-].[Zr+4]; emitting sentinel -1.0
2026-05-12 11:13:08,137 [WARNING] ms-clip dropped SMILES C=C[c-]1cccc1.C=C[c-]1cccc1.[Cl-].[Cl-].[Zr+4]; emitting sentinel -1.0
2026-05-12 11:13:08,262 [INFO] ms-clip: auto-picked GPU 7 (free 24092 MiB)
2026-05-12 11:13:08,262 [INFO] ms-clip: using CUDA_VISIBLE_DEVICES=7
2026-05-12 11:13:08,262 [INFO] ms-clip: launching predict_smi (n_candidates=256)
2026-05-12 11:13:20,561 [INFO] ms-clip: auto-picked GPU 7 (free 24092 MiB)
2026-05-12 11:13:20,561 [INFO] ms-clip: using CUDA_VISIBLE_DEVICES=7
2026-05-12 11:13:20,561 [INFO] ms-clip: launching predict_smi (n_candidates=256)
2026-05-12 11:13:32,759 [WARNING] ms-clip dropped SMILES C.CC(C)C.CC(C)C.CC(C)C.CCOC(=S)[S-].Nc1ccccc1O.Nc1nc2ccccc2o1.S=c1[nH]c2ccccc2o1.[Ar].[K+]; emitting sentinel -1.0
2026-05-12 11:13:32,760 [WARNING] ms-clip dropped SMILES CC(C)Oc1ccccc1[Bi](Cl)(c1ccccc1OC(C)C)(c1ccccc1OC(C)C)c1ccccc1OC(C)C; emitting sentinel -1.0
2026-05-12 11:13:32,760 [WARNING] ms-clip dropped SMILES O=S(=O)([O-])O[C@@H](COCc1ccccc1)[C@@H](C[S+]1C[C@@H](OCc2ccccc2)[C@H](OCc2ccccc2)[C@H]1COCc1ccccc1)OCc1ccccc1; emitting sentinel -1.0
2026-05-12 11:13:32,760 [WARNING] ms-clip dropped SMILES CC(C)(C)c1cc(C[Si](C)(C)C)c([Ge]2=[Ge](c3c(C[Si](C)(C)C)cc(C(C)(C)C)cc3C[Si](C)(C)C)C=C2)c(C[Si](C)(C)C)c1; emitting sentinel -1.0
2026-05-12 11:13:32,760 [WARNING] ms-clip dropped SMILES CCCC[Sn](CCCC)(CCCC)c1cc2oc3c(c2o1)C(C)(C)c1cc(CO)c2c4c(cc(OC)c2c1-3)C(C)(C)c1c-4oc2cc(C)oc12; emitting sentinel -1.0
2026-05-12 11:13:32,901 [INFO] ms-clip: auto-picked GPU 7 (free 24092 MiB)
2026-05-12 11:13:32,901 [INFO] ms-clip: using CUDA_VISIBLE_DEVICES=7
2026-05-12 11:13:32,901 [INFO] ms-clip: launching predict_smi (n_candidates=256)
2026-05-12 11:13:44,946 [INFO] spec 90/500  MassSpecGymID0276007  pool=256  pred=CDJAEKWAWWXNAX  correct=False  t=12.2s
2026-05-12 11:13:45,060 [INFO] ms-clip: auto-picked GPU 7 (free 24092 MiB)
2026-05-12 11:13:45,060 [INFO] ms-clip: using CUDA_VISIBLE_DEVICES=7
2026-05-12 11:13:45,060 [INFO] ms-clip: launching predict_smi (n_candidates=256)
2026-05-12 11:13:56,701 [WARNING] ms-clip dropped SMILES C[C-](C)C(C)(C)C.[CH2-]P(C(C)(C)C)C(C)(C)C.[Hf].c1cc[cH-]c1; emitting sentinel -1.0
2026-05-12 11:13:56,836 [INFO] ms-clip: auto-picked GPU 7 (free 24092 MiB)
2026-05-12 11:13:56,836 [INFO] ms-clip: using CUDA_VISIBLE_DEVICES=7
2026-05-12 11:13:56,836 [INFO] ms-clip: launching predict_smi (n_candidates=256)
2026-05-12 11:14:08,441 [WARNING] ms-clip dropped SMILES O=[N+]1C(c2ccco2)=C(c2ccco2)N(O)[C@H]2CCCC[C@H]21; emitting sentinel -1.0
2026-05-12 11:14:08,442 [WARNING] ms-clip dropped SMILES O=C(O)c1ccc(COc2ccccc2-c2cnc[nH]2)cc1.[Li]; emitting sentinel -1.0
2026-05-12 11:14:08,442 [WARNING] ms-clip dropped SMILES CCOP(=O)(OCC)C(c1ccccc1)n1[c-]ncn1.[Li+]; emitting sentinel -1.0
2026-05-12 11:14:08,442 [WARNING] ms-clip dropped SMILES CC(C)C[Te+](CC(C)C)C(C)(C)C; emitting sentinel -1.0
2026-05-12 11:14:08,573 [INFO] ms-clip: auto-picked GPU 7 (free 24092 MiB)
2026-05-12 11:14:08,573 [INFO] ms-clip: using CUDA_VISIBLE_DEVICES=7
2026-05-12 11:14:08,574 [INFO] ms-clip: launching predict_smi (n_candidates=256)
2026-05-12 11:14:20,237 [WARNING] ms-clip dropped SMILES CCc1c(C)/c2[n-]/c1=C\c1[n-]c3c(c1C)C(=O)[C@H](C)/C3=C1/[N-]/C(=C\c3[n-]c(c(C)c3C)/C=2)C[C@@H]1CC.[Mg+2]; emitting sentinel -1.0
2026-05-12 11:14:20,386 [INFO] ms-clip: auto-picked GPU 7 (free 24092 MiB)
2026-05-12 11:14:20,387 [INFO] ms-clip: using CUDA_VISIBLE_DEVICES=7
2026-05-12 11:14:20,387 [INFO] ms-clip: launching predict_smi (n_candidates=256)
2026-05-12 11:14:32,200 [WARNING] ms-clip dropped SMILES [CH2]C(C)C(=O)CC(=O)C(C)C.[CH2]C(C)C(=O)CC(=O)C(C)C.[CH2]C(C)C(=O)CC(=O)C(C)C.[Y]; emitting sentinel -1.0
2026-05-12 11:14:32,342 [INFO] ms-clip: auto-picked GPU 7 (free 24092 MiB)
2026-05-12 11:14:32,342 [INFO] ms-clip: using CUDA_VISIBLE_DEVICES=7
2026-05-12 11:14:32,342 [INFO] ms-clip: launching predict_smi (n_candidates=256)
2026-05-12 11:14:43,995 [WARNING] ms-clip dropped SMILES CC(C)(C)c1ccc(Nc2ccc(C(C)(C)C)cc2)cc1.[Sr+2]; emitting sentinel -1.0
2026-05-12 11:14:44,132 [INFO] ms-clip: auto-picked GPU 7 (free 24092 MiB)
2026-05-12 11:14:44,132 [INFO] ms-clip: using CUDA_VISIBLE_DEVICES=7
2026-05-12 11:14:44,132 [INFO] ms-clip: launching predict_smi (n_candidates=256)
2026-05-12 11:14:55,780 [INFO] ms-clip: auto-picked GPU 7 (free 24092 MiB)
2026-05-12 11:14:55,780 [INFO] ms-clip: using CUDA_VISIBLE_DEVICES=7
2026-05-12 11:14:55,780 [INFO] ms-clip: launching predict_smi (n_candidates=256)
2026-05-12 11:15:07,755 [WARNING] ms-clip dropped SMILES Cl[Mn]Cl.Oc1ccccc1CC1CNCCNCCNCCNCCN1; emitting sentinel -1.0
2026-05-12 11:15:07,755 [WARNING] ms-clip dropped SMILES [B]c1ccc(S(=O)(=O)Nc2nc3ccccc3nc2Nc2cc(OC)cc(OC)c2)cc1; emitting sentinel -1.0
2026-05-12 11:15:07,888 [INFO] ms-clip: auto-picked GPU 7 (free 24092 MiB)
2026-05-12 11:15:07,888 [INFO] ms-clip: using CUDA_VISIBLE_DEVICES=7
2026-05-12 11:15:07,889 [INFO] ms-clip: launching predict_smi (n_candidates=256)
2026-05-12 11:15:19,544 [WARNING] ms-clip dropped SMILES [B]N1CC(COc2ccccc2OCc2ccccc2)CC(N(C(=O)c2ccc(OC)c(OCCCOC)c2)C(C)C)C1; emitting sentinel -1.0
2026-05-12 11:15:19,544 [WARNING] ms-clip dropped SMILES CCCC[Sn](/C=C/[C@@]12O[C@]1(C)C[C@@H](O[Si](C)(C)C(C)(C)C)CC2(C)C)(CCCC)CCCC; emitting sentinel -1.0
2026-05-12 11:15:19,544 [WARNING] ms-clip dropped SMILES CC(C)(C)[Si](C)(C)OCC/[C]=C/C(=O)C1CCCCC1.[CH2]CCC.[CH2]CCC.[CH2]CCC.[Sn]; emitting sentinel -1.0
2026-05-12 11:15:19,682 [INFO] ms-clip: auto-picked GPU 7 (free 24092 MiB)
2026-05-12 11:15:19,683 [INFO] ms-clip: using CUDA_VISIBLE_DEVICES=7
2026-05-12 11:15:19,683 [INFO] ms-clip: launching predict_smi (n_candidates=256)
2026-05-12 11:15:31,420 [INFO] ms-clip: auto-picked GPU 7 (free 24092 MiB)
2026-05-12 11:15:31,421 [INFO] ms-clip: using CUDA_VISIBLE_DEVICES=7
2026-05-12 11:15:31,421 [INFO] ms-clip: launching predict_smi (n_candidates=256)
2026-05-12 11:15:43,636 [WARNING] ms-clip dropped SMILES C=C/C=C/C.CCC(C)P(c1cc2ccccc2[cH-]1)C(C)CC.CCC(C)P(c1cc2ccccc2[cH-]1)C(C)CC.[Ti+2]; emitting sentinel -1.0
2026-05-12 11:15:43,637 [WARNING] ms-clip dropped SMILES CC(C)(C)[Si](C)(C)O[C@@H]1C=[C]OC[C@H]1O[Si](C)(C)C(C)(C)C.[CH2]CCC.[CH2]CCC.[CH2]CCC.[Sn]; emitting sentinel -1.0
2026-05-12 11:15:43,637 [WARNING] ms-clip dropped SMILES CC(C)(C)c1cc(/C=N/[C@H]2CCCC[C@@H]2/N=C/c2cc(C(C)(C)C)cc(C(C)(C)C)c2O)c(O)c(C(C)(C)C)c1.Cl.[Cr]; emitting sentinel -1.0
2026-05-12 11:15:43,637 [WARNING] ms-clip dropped SMILES [CH2-]C([CH2-])C1CCC(S(=O)(=O)N2C3C(C)CCCC3N(C)CC2(C)C)C(C)C1.[U+2]; emitting sentinel -1.0
2026-05-12 11:15:43,660 [INFO] spec 100/500  MassSpecGymID0189208  pool=256  pred=YUHHQTGJEOQYDV  correct=False  t=12.4s
2026-05-12 11:15:43,771 [INFO] ms-clip: auto-picked GPU 7 (free 24092 MiB)
2026-05-12 11:15:43,771 [INFO] ms-clip: using CUDA_VISIBLE_DEVICES=7
2026-05-12 11:15:43,771 [INFO] ms-clip: launching predict_smi (n_candidates=256)
2026-05-12 11:15:55,663 [WARNING] ms-clip dropped SMILES O=C([O-])[C@@H](/N=C(\c1ccccc1)c1ccccc1/N=C(/[O-])[C@@H]1CCCN1Cc1ccccc1)[C@@H]1c2ccccc2CCN1c1ccccc1.[Ni+2]; emitting sentinel -1.0
2026-05-12 11:15:55,664 [WARNING] ms-clip dropped SMILES CCN(CC)CCOC(=S)[S-].CCN(CC)CCOC(=S)[S-].CCN(CC)CC[Sn+2]CCN(CC)CC; emitting sentinel -1.0
2026-05-12 11:15:55,664 [WARNING] ms-clip dropped SMILES C[CH-]C.Cc1ccc(C)c(-c2cccc3[cH-]ccc23)c1.Cc1ccc(C)c(-c2cccc3[cH-]ccc23)c1.[H][C-]=[SiH2].[Hf+4]; emitting sentinel -1.0
2026-05-12 11:15:55,664 [WARNING] ms-clip dropped SMILES CCCC[Sn](CCCC)(CCCC)c1ccc(CN2C(=O)C(=O)c3cc(S(=O)(=O)N4CCC[C@H]4COC)ccc32)cc1; emitting sentinel -1.0
2026-05-12 11:15:55,664 [WARNING] ms-clip dropped SMILES O=C([O-])[C@@H](/N=C(\c1ccccc1)c1ccccc1/N=C(\[O-])[C@@H]1CCCN1Cc1ccccc1)[C@@H]1c2ccccc2CCN1c1ccccc1.[Ni+3]; emitting sentinel -1.0
2026-05-12 11:15:55,664 [WARNING] ms-clip dropped SMILES C=C.C[Pb]SN1C=C1C#CCOc1ccc(C2CCCN2Cc2ccc(CC3=CCCC=C3)cc2)cc1; emitting sentinel -1.0
2026-05-12 11:15:55,664 [WARNING] ms-clip dropped SMILES O=C([O-])[C@@H](/N=C(\c1ccccc1)c1ccccc1/N=C(/[O-])[C@@H]1CCCN1Cc1ccccc1)[C@H]1c2ccccc2CCN1c1ccccc1.[Ni+2]; emitting sentinel -1.0
2026-05-12 11:15:55,664 [WARNING] ms-clip dropped SMILES Cl[Al](Cl)Cl.c1ccc(CCc2ccc(CCc3ccc(CCc4ccccc4)cc3)cc2)cc1.c1ccc(CCc2ccccc2)cc1; emitting sentinel -1.0
2026-05-12 11:15:55,664 [WARNING] ms-clip dropped SMILES CN1CN(C)CN(C)CN(C)C1.C[N-]CN(C)CN(C)C[N-]C.[Re].[Re]; emitting sentinel -1.0
2026-05-12 11:15:55,664 [WARNING] ms-clip dropped SMILES C/C(=N/N=C([S-])N(C)C)c1ncccc1CN1CCOCC1.C/C(=N\N=C([S-])N(C)C)c1ncccc1CN1CCOCC1.[Zn+2]; emitting sentinel -1.0
2026-05-12 11:15:55,806 [INFO] ms-clip: auto-picked GPU 7 (free 24092 MiB)
2026-05-12 11:15:55,806 [INFO] ms-clip: using CUDA_VISIBLE_DEVICES=7
2026-05-12 11:15:55,807 [INFO] ms-clip: launching predict_smi (n_candidates=256)
2026-05-12 11:16:07,908 [WARNING] ms-clip dropped SMILES CC(C)c1cccc(C(C)C)c1N1[CH]N(c2c(C(C)C)cccc2C(C)C)CC1.CC[O-].[Cu+]; emitting sentinel -1.0
2026-05-12 11:16:08,040 [INFO] ms-clip: auto-picked GPU 7 (free 24092 MiB)
2026-05-12 11:16:08,040 [INFO] ms-clip: using CUDA_VISIBLE_DEVICES=7
2026-05-12 11:16:08,040 [INFO] ms-clip: launching predict_smi (n_candidates=256)
2026-05-12 11:16:19,890 [WARNING] ms-clip dropped SMILES CC(C)(COC(C)(C)CCNc1cccc2c1C(=O)NC2=O)NC(=O)CNC1CCCC1.CCC(CC)c1c[c-]n2nccc2n1.CCCCC=O.CNC=O.[Na+]; emitting sentinel -1.0
2026-05-12 11:16:19,891 [WARNING] ms-clip dropped SMILES CCCC[Sn](CCCC)(CCCC)COCC1=C[C@@]2(C)CC[C@@H](O[Si](CC)(CC)CC)[C@@](C)(CCCO[Si](C)(C)C(C)(C)C)[C@@H]2CC1; emitting sentinel -1.0
2026-05-12 11:16:19,891 [WARNING] ms-clip dropped SMILES COCCOCCOC.COCCOCCOC.COCCOCCOC.COCCOCCOC.[Li].[Li].c1cc2ccc3ccc4ccc5ccc1c1c2c3c4c51; emitting sentinel -1.0
2026-05-12 11:16:20,020 [INFO] ms-clip: auto-picked GPU 7 (free 24092 MiB)
2026-05-12 11:16:20,021 [INFO] ms-clip: using CUDA_VISIBLE_DEVICES=7
2026-05-12 11:16:20,021 [INFO] ms-clip: launching predict_smi (n_candidates=256)
2026-05-12 11:16:32,160 [WARNING] ms-clip dropped SMILES CN(C)C1=CC2=C3C=C(N(C)C)C=CN3CCCN2C=C1.CN1c2ccccc2N(C)C12CCCCC21N(C)c2ccccc2N1C.[Li+].[O-]c1cccc2ccc[nH+]c12; emitting sentinel -1.0
2026-05-12 11:16:32,161 [WARNING] ms-clip dropped SMILES CCCCCCCCCCCCCCCCCCCC#CC(=O)[O-].CCCCCCCCCCCCCCCCCCCC#CC(=O)[O-].[Cd+2]; emitting sentinel -1.0
2026-05-12 11:16:32,298 [INFO] ms-clip: auto-picked GPU 7 (free 23652 MiB)
2026-05-12 11:16:32,298 [INFO] ms-clip: using CUDA_VISIBLE_DEVICES=7
2026-05-12 11:16:32,298 [INFO] ms-clip: launching predict_smi (n_candidates=256)
2026-05-12 11:16:44,345 [WARNING] ms-clip dropped SMILES CC(=O)O[C@H]1CC[C@]23CO[C@@H](C[C@H]4[C@@H]5CC[C@H]([C@H](C)CCCC(C)C)[C@@]5(C)CC[C@@H]42)[C@@]3([Hg]Cl)C1; emitting sentinel -1.0
2026-05-12 11:16:44,345 [WARNING] ms-clip dropped SMILES Cc1nc(-c2ccc3c(c2)CC(N(C)O)C3)no1.N/C=N/C=C\C(N)=N\C1=NNC(C2CCCC2)C1.[NH-]C1CCCCC1.[Y]; emitting sentinel -1.0
2026-05-12 11:16:44,533 [INFO] ms-clip: auto-picked GPU 7 (free 24092 MiB)
2026-05-12 11:16:44,533 [INFO] ms-clip: using CUDA_VISIBLE_DEVICES=7
2026-05-12 11:16:44,533 [INFO] ms-clip: launching predict_smi (n_candidates=256)
2026-05-12 11:16:55,989 [WARNING] ms-clip dropped SMILES C.C.C.C.C.C.C.CCC=CCC(C(=O)O)C(CC=CCC(C(=O)[O-])C(C)C(=O)[O-])C(=O)O.[Li+].[Li+]; emitting sentinel -1.0
2026-05-12 11:16:56,113 [INFO] ms-clip: auto-picked GPU 7 (free 24092 MiB)
2026-05-12 11:16:56,114 [INFO] ms-clip: using CUDA_VISIBLE_DEVICES=7
2026-05-12 11:16:56,114 [INFO] ms-clip: launching predict_smi (n_candidates=256)
2026-05-12 11:17:07,518 [WARNING] ms-clip dropped SMILES Cc1c(C)n(C(C)C)c(=[Te])n1C(C)C; emitting sentinel -1.0
2026-05-12 11:17:07,518 [WARNING] ms-clip dropped SMILES C=C(C[CH2-])[C@H](C)CCOC1CCCCO1.Cl[Zn+]; emitting sentinel -1.0
2026-05-12 11:17:07,518 [WARNING] ms-clip dropped SMILES [CH2-]C(=O)OC(C)(C)C.[H]/[C-]=C/C(=C\C=[Ni])C1OCCO1; emitting sentinel -1.0
2026-05-12 11:17:07,647 [INFO] ms-clip: auto-picked GPU 7 (free 24092 MiB)
2026-05-12 11:17:07,647 [INFO] ms-clip: using CUDA_VISIBLE_DEVICES=7
2026-05-12 11:17:07,648 [INFO] ms-clip: launching predict_smi (n_candidates=256)
2026-05-12 11:17:19,064 [INFO] ms-clip: auto-picked GPU 7 (free 24092 MiB)
2026-05-12 11:17:19,064 [INFO] ms-clip: using CUDA_VISIBLE_DEVICES=7
2026-05-12 11:17:19,064 [INFO] ms-clip: launching predict_smi (n_candidates=256)
2026-05-12 11:17:31,367 [WARNING] ms-clip dropped SMILES CCCCc1cccc2c1[cH-]c1ccccc12.CCCCc1cccc2c1[cH-]c1ccccc12.Clc1cc[c-]cc1.[CH2-]CCCC.[CH3-].[Ti]; emitting sentinel -1.0
2026-05-12 11:17:31,529 [INFO] ms-clip: auto-picked GPU 7 (free 23460 MiB)
2026-05-12 11:17:31,530 [INFO] ms-clip: using CUDA_VISIBLE_DEVICES=7
2026-05-12 11:17:31,530 [INFO] ms-clip: launching predict_smi (n_candidates=256)
2026-05-12 11:17:43,692 [INFO] spec 110/500  MassSpecGymID0217685  pool=256  pred=IPJLKPWXBCNKLW  correct=True  t=12.3s
2026-05-12 11:17:43,831 [INFO] ms-clip: auto-picked GPU 7 (free 22924 MiB)
2026-05-12 11:17:43,832 [INFO] ms-clip: using CUDA_VISIBLE_DEVICES=7
2026-05-12 11:17:43,832 [INFO] ms-clip: launching predict_smi (n_candidates=256)
2026-05-12 11:17:56,207 [INFO] ms-clip: auto-picked GPU 7 (free 21886 MiB)
2026-05-12 11:17:56,207 [INFO] ms-clip: using CUDA_VISIBLE_DEVICES=7
2026-05-12 11:17:56,207 [INFO] ms-clip: launching predict_smi (n_candidates=256)
2026-05-12 11:18:08,896 [INFO] ms-clip: auto-picked GPU 7 (free 20808 MiB)
2026-05-12 11:18:08,897 [INFO] ms-clip: using CUDA_VISIBLE_DEVICES=7
2026-05-12 11:18:08,897 [INFO] ms-clip: launching predict_smi (n_candidates=256)
2026-05-12 11:18:20,913 [WARNING] ms-clip dropped SMILES CCCC[Sn](CCCC)OC(=O)/C=C/c1ccccc1F; emitting sentinel -1.0
2026-05-12 11:18:20,913 [WARNING] ms-clip dropped SMILES CC1CN2CC(C)(NC(=O)OC(C)(C)C)C(=O)N2C1(C)[C-]=O.[Y+3]; emitting sentinel -1.0
2026-05-12 11:18:21,068 [INFO] ms-clip: auto-picked GPU 7 (free 20808 MiB)
2026-05-12 11:18:21,068 [INFO] ms-clip: using CUDA_VISIBLE_DEVICES=7
2026-05-12 11:18:21,068 [INFO] ms-clip: launching predict_smi (n_candidates=256)
2026-05-12 11:18:32,520 [WARNING] ms-clip dropped SMILES CCCCC(CC)C(=O)[O-].CCCCC(CC)C(=O)[O-].CCCCC(CC)C(=O)[O-].CCCCC(CC)C(=O)[O-].CCCCC(CC)C(=O)[O-].[V]; emitting sentinel -1.0
2026-05-12 11:18:32,520 [WARNING] ms-clip dropped SMILES CC(C)CCCCC(=O)[O-].CC(C)CCCCC(=O)[O-].CC(C)CCCCC(=O)[O-].CC(C)CCCCC(=O)[O-].CC(C)CCCCC(=O)[O-].[V]; emitting sentinel -1.0
2026-05-12 11:18:32,520 [WARNING] ms-clip dropped SMILES CCCCCCCCCCCCCCCCCC(=O)[O-].CCCCCCCCCCCCCCCCCC(=O)[O-].Cc1cc(O)ccc1Cl.[Ni+2]; emitting sentinel -1.0
2026-05-12 11:18:32,520 [WARNING] ms-clip dropped SMILES CCCCCCCC/C=C\CCCCCCCC(=O)O.CCCCCCCC/C=C\CCCCCCCC(=O)O.[Hg]; emitting sentinel -1.0
2026-05-12 11:18:32,520 [WARNING] ms-clip dropped SMILES CCCCCCCC(=O)[O-].CCCCCCCC(=O)[O-].CCCCCCCC(=O)[O-].CCCCCCCC(=O)[O-].CCCCCCCC(=O)[O-].[V]; emitting sentinel -1.0
2026-05-12 11:18:32,521 [WARNING] ms-clip dropped SMILES [Au].[Cd].[Cd].[Cd].[Cd].[Cd]; emitting sentinel -1.0
2026-05-12 11:18:32,521 [WARNING] ms-clip dropped SMILES C1CCC([PH+](C2CCCCC2)C2CCCCC2)CC1.C1CCC([PH+](C2CCCCC2)C2CCCCC2)CC1.C1CCOC1.[CH3-].[CH3-].[Ru+2]; emitting sentinel -1.0
2026-05-12 11:18:32,710 [INFO] ms-clip: auto-picked GPU 7 (free 20808 MiB)
2026-05-12 11:18:32,710 [INFO] ms-clip: using CUDA_VISIBLE_DEVICES=7
2026-05-12 11:18:32,710 [INFO] ms-clip: launching predict_smi (n_candidates=256)
2026-05-12 11:18:44,809 [WARNING] ms-clip dropped SMILES CC(C)=[Zr+2].CC1[C-]=CC(C2(C)C3CC4CC(C3)CC2C4)=C1.Cc1[c-]c2c(cc1C(C)(C)C)-c1cc(C(C)(C)C)c(C)cc1C2.[Cl-].[Cl-]; emitting sentinel -1.0
2026-05-12 11:18:44,809 [WARNING] ms-clip dropped SMILES CC(C)(C)P(Cc1ccccc1CP(C(C)(C)C)C(C)(C)C)C(C)(C)C.O=C(/C=C/c1ccccc1)/C=C/c1ccccc1.[Pd]; emitting sentinel -1.0
2026-05-12 11:18:44,809 [WARNING] ms-clip dropped SMILES CCCCCc1ccc2cc(S(=O)(=O)[O-])c(CCCCC)cc2c1.CCCCCc1ccc2cc(S(=O)(=O)[O-])c(CCCCC)cc2c1.[Ca+2]; emitting sentinel -1.0
2026-05-12 11:18:44,809 [WARNING] ms-clip dropped SMILES CC(C)(C)C(=O)CC(=O)C(C)(C)[C-](O)O.CC(C)(C)C(=O)CC(=O)C(C)(C)[C-](O)O.CC(C)(C)C(=O)CC(=O)C(C)(C)[C-](O)O.[Y+3]; emitting sentinel -1.0
2026-05-12 11:18:44,810 [WARNING] ms-clip dropped SMILES CCCCCc1cc(CCCCC)c2ccccc2c1S(=O)(=O)[O-].CCCCCc1cc(CCCCC)c2ccccc2c1S(=O)(=O)[O-].[Ca+2]; emitting sentinel -1.0
2026-05-12 11:18:44,810 [WARNING] ms-clip dropped SMILES CCCCCCCCCCc1ccc2cc(S(=O)(=O)[O-])ccc2c1.CCCCCCCCCCc1ccc2cc(S(=O)(=O)[O-])ccc2c1.[Ca+2]; emitting sentinel -1.0
2026-05-12 11:18:44,810 [WARNING] ms-clip dropped SMILES CCCCCc1ccc(S(=O)(=O)[O-])c2c(CCCCC)cccc12.CCCCCc1ccc(S(=O)(=O)[O-])c2c(CCCCC)cccc12.[Ca+2]; emitting sentinel -1.0
2026-05-12 11:18:44,810 [WARNING] ms-clip dropped SMILES CCCCCc1ccc2c(CCCCC)ccc(S(=O)(=O)[O-])c2c1.CCCCCc1ccc2c(CCCCC)ccc(S(=O)(=O)[O-])c2c1.[Ca+2]; emitting sentinel -1.0
2026-05-12 11:18:44,810 [WARNING] ms-clip dropped SMILES CC(C)[C@H](NC(=O)CN1CCN(CC(=O)O)CCN(CC(=O)O)CCN(CC(=O)O)CC1)C(=O)N[C@H](C)C(=O)N1CCC[C@H]1B(O)O.[Cu]; emitting sentinel -1.0
2026-05-12 11:18:44,810 [WARNING] ms-clip dropped SMILES CCCCCc1cc2ccccc2c(S(=O)(=O)[O-])c1CCCCC.CCCCCc1cc2ccccc2c(S(=O)(=O)[O-])c1CCCCC.[Ca+2]; emitting sentinel -1.0
2026-05-12 11:18:44,810 [WARNING] ms-clip dropped SMILES CCCCCc1cc2cccc(S(=O)(=O)[O-])c2cc1CCCCC.CCCCCc1cc2cccc(S(=O)(=O)[O-])c2cc1CCCCC.[Ca+2]; emitting sentinel -1.0
2026-05-12 11:18:44,981 [INFO] ms-clip: auto-picked GPU 7 (free 20364 MiB)
2026-05-12 11:18:44,981 [INFO] ms-clip: using CUDA_VISIBLE_DEVICES=7
2026-05-12 11:18:44,981 [INFO] ms-clip: launching predict_smi (n_candidates=256)
2026-05-12 11:18:56,785 [WARNING] ms-clip dropped SMILES CC(C)(C)c1cccc(C(C)(C)C)c1O.C[C]1C(C)=C(C)C(C)=C1C.C[Si](C)(C)[CH-][Si](C)(C)C.[Y]; emitting sentinel -1.0
2026-05-12 11:18:56,786 [WARNING] ms-clip dropped SMILES CCCC[Sn](CCCC)(CCCC)c1c(CO[Si](C)(C)C(C)(C)C)nnn1C[Si](C)(C)C; emitting sentinel -1.0
2026-05-12 11:18:56,949 [INFO] ms-clip: auto-picked GPU 7 (free 20808 MiB)
2026-05-12 11:18:56,949 [INFO] ms-clip: using CUDA_VISIBLE_DEVICES=7
2026-05-12 11:18:56,949 [INFO] ms-clip: launching predict_smi (n_candidates=256)
2026-05-12 11:19:08,908 [INFO] ms-clip: auto-picked GPU 7 (free 20808 MiB)
2026-05-12 11:19:08,909 [INFO] ms-clip: using CUDA_VISIBLE_DEVICES=7
2026-05-12 11:19:08,909 [INFO] ms-clip: launching predict_smi (n_candidates=256)
2026-05-12 11:19:20,946 [WARNING] ms-clip dropped SMILES CC(=O)/C=C(/C)O.CC(=O)/C=C(/C)O.CC(O)CC(C)(C)O.[Ti]; emitting sentinel -1.0
2026-05-12 11:19:21,098 [INFO] ms-clip: auto-picked GPU 7 (free 20808 MiB)
2026-05-12 11:19:21,098 [INFO] ms-clip: using CUDA_VISIBLE_DEVICES=7
2026-05-12 11:19:21,098 [INFO] ms-clip: launching predict_smi (n_candidates=256)
2026-05-12 11:19:33,486 [INFO] ms-clip: auto-picked GPU 7 (free 20364 MiB)
2026-05-12 11:19:33,486 [INFO] ms-clip: using CUDA_VISIBLE_DEVICES=7
2026-05-12 11:19:33,487 [INFO] ms-clip: launching predict_smi (n_candidates=256)
2026-05-12 11:19:45,244 [WARNING] ms-clip dropped SMILES CCCCCCCCCCCCCCCC(=O)OC(=O)CNC.[Ca]; emitting sentinel -1.0
2026-05-12 11:19:45,260 [INFO] spec 120/500  MassSpecGymID0202068  pool=256  pred=KSBQHXFJTCXBEK  correct=False  t=11.9s
2026-05-12 11:19:45,403 [INFO] ms-clip: auto-picked GPU 7 (free 20364 MiB)
2026-05-12 11:19:45,403 [INFO] ms-clip: using CUDA_VISIBLE_DEVICES=7
2026-05-12 11:19:45,403 [INFO] ms-clip: launching predict_smi (n_candidates=256)
2026-05-12 11:19:57,363 [WARNING] ms-clip dropped SMILES CCCC/C1=C2/N=C(C(CC)=C2CC)C(c2ccccc2)C2=N/C(=C(/CCCC)c3[n-]c(c(CC)c3CC)C(CCCC)c3[n-]c1c(CC)c3CC)C(CC)=C2CC.[Ni+2]; emitting sentinel -1.0
2026-05-12 11:19:57,363 [WARNING] ms-clip dropped SMILES CCCC/C1=C2/N=C(C(CC)=C2CC)[C@H](CCCC)c2[n-]c(c(CC)c2CC)/C(CCCC)=C2\N=C(C(CC)=C2CC)[C@H](c2ccccc2)c2[n-]c1c(CC)c2CC.[Ni+2]; emitting sentinel -1.0
2026-05-12 11:19:57,524 [INFO] ms-clip: auto-picked GPU 7 (free 20364 MiB)
2026-05-12 11:19:57,525 [INFO] ms-clip: using CUDA_VISIBLE_DEVICES=7
2026-05-12 11:19:57,525 [INFO] ms-clip: launching predict_smi (n_candidates=256)
2026-05-12 11:20:09,340 [WARNING] ms-clip dropped SMILES CC.CCC.CCCC(=O)c1cc(C)c(-c2cc3cnc(N(C)O)cc3n3ccnc23)cn1.[U]; emitting sentinel -1.0
2026-05-12 11:20:09,497 [INFO] ms-clip: auto-picked GPU 7 (free 20364 MiB)
2026-05-12 11:20:09,498 [INFO] ms-clip: using CUDA_VISIBLE_DEVICES=7
2026-05-12 11:20:09,498 [INFO] ms-clip: launching predict_smi (n_candidates=256)
2026-05-12 11:20:21,348 [WARNING] ms-clip dropped SMILES CCCCCC(=C1C=CC(CCc2ccc([C-](CCCCC)c3ccccc3)cc2)=C[CH+]1)c1ccccc1.[Li].[Li]; emitting sentinel -1.0
2026-05-12 11:20:21,489 [INFO] ms-clip: auto-picked GPU 7 (free 20364 MiB)
2026-05-12 11:20:21,489 [INFO] ms-clip: using CUDA_VISIBLE_DEVICES=7
2026-05-12 11:20:21,489 [INFO] ms-clip: launching predict_smi (n_candidates=256)
2026-05-12 11:20:32,939 [WARNING] ms-clip dropped SMILES C/C(=C/C(C)=N/c1c(C)cccc1C)[N-]c1c(C)cccc1C.Cl[Cr+2].[CH]1[CH][CH][CH][CH]1; emitting sentinel -1.0
2026-05-12 11:20:33,093 [INFO] ms-clip: auto-picked GPU 7 (free 20364 MiB)
2026-05-12 11:20:33,093 [INFO] ms-clip: using CUDA_VISIBLE_DEVICES=7
2026-05-12 11:20:33,093 [INFO] ms-clip: launching predict_smi (n_candidates=256)
2026-05-12 11:20:44,914 [WARNING] ms-clip dropped SMILES CC(=O)/C=C(/C)O.C[N+]1=C=[N+]2c3[c-]cc4c(c3Sc3cccc1c32)C(C)(C)CCC4(C)C.[Ir]; emitting sentinel -1.0
2026-05-12 11:20:44,914 [WARNING] ms-clip dropped SMILES C=CC1=C(N/C=N/C)C2c3c(cc4c([nH]c5ccccc54)c3O)CC2(c2ccc(C)cc2)C1[Pb]; emitting sentinel -1.0
2026-05-12 11:20:44,915 [WARNING] ms-clip dropped SMILES CC(=O)O.Cl.NN1CCC[C@H](C(=O)NC2CC(F)(F)C2)C1.O=NN1CCC[C@H](C(=O)NC2CC(F)(F)C2)C1.[Zn]; emitting sentinel -1.0
2026-05-12 11:20:45,075 [INFO] ms-clip: auto-picked GPU 7 (free 20292 MiB)
2026-05-12 11:20:45,076 [INFO] ms-clip: using CUDA_VISIBLE_DEVICES=7
2026-05-12 11:20:45,076 [INFO] ms-clip: launching predict_smi (n_candidates=256)
2026-05-12 11:20:56,745 [WARNING] ms-clip dropped SMILES COC(c1ccc(C(=O)NC(CCSC)C(=O)O)c(-c2ccccc2C)c1)c1ccc(-c2ccc(C=O)cc2)o1.[Li]; emitting sentinel -1.0
2026-05-12 11:20:56,746 [WARNING] ms-clip dropped SMILES CSCCC(NC(=O)c1ccc(COCc2ccc(-c3ccc(C=O)cc3)o2)cc1-c1ccccc1C)C(=O)O.[Li]; emitting sentinel -1.0
2026-05-12 11:20:56,746 [WARNING] ms-clip dropped SMILES C[CH-]/C(Cl)=C\C=C(/C)[C@@]1(NC(=O)OC(C)(C)C)C[C@@H]1C(C)=O.[U]; emitting sentinel -1.0
2026-05-12 11:20:56,746 [WARNING] ms-clip dropped SMILES CCCCCCCCCCCC(=O)O[Sn]1(CCCCCCCC)OC(=O)CC(O)C(=O)O1; emitting sentinel -1.0
2026-05-12 11:20:56,746 [WARNING] ms-clip dropped SMILES CC(=O)[C-]=O.CC(=O)[C-]=O.CC(C)P(C(C)C)C(C)C.CC(C)P(C(C)C)C(C)C.[Ru+2]; emitting sentinel -1.0
2026-05-12 11:20:56,916 [INFO] ms-clip: auto-picked GPU 7 (free 20364 MiB)
2026-05-12 11:20:56,917 [INFO] ms-clip: using CUDA_VISIBLE_DEVICES=7
2026-05-12 11:20:56,917 [INFO] ms-clip: launching predict_smi (n_candidates=256)
2026-05-12 11:21:08,933 [WARNING] ms-clip dropped SMILES CCCCCCCCCCCC(=O)O[Sn](Cc1ccccc1)(Cc1ccccc1)OC(=O)CCCCCCCCCCC; emitting sentinel -1.0
2026-05-12 11:21:08,933 [WARNING] ms-clip dropped SMILES CC.CC.CCC1=CC2=N/C1=C\c1c(CC)c(CC)c3n1[Sn]N(C)C(=C/C1=N/C(=C\3)C(CC)=C1CC)/C(CC)=C(CC)\C=C/2; emitting sentinel -1.0
2026-05-12 11:21:08,933 [WARNING] ms-clip dropped SMILES CC[C@H](NC(=O)c1cccc(O)c1C)[C@H](O)CN1C[C@H]2CCCC[C@H]2C[C@H]1C(=O)NC(C)(C)C.[Ac]; emitting sentinel -1.0
2026-05-12 11:21:08,933 [WARNING] ms-clip dropped SMILES CCCC[Sn](CCCC)(OC(=O)c1cccc(C(C)(C)C)c1C(C)(C)C)OC(=O)c1cccc(C(C)(C)C)c1C(C)(C)C; emitting sentinel -1.0
2026-05-12 11:21:08,933 [WARNING] ms-clip dropped SMILES CC(C)(C)c1ccc(C(=O)[O-])cc1.CC(C)(C)c1ccc(C(=O)[O-])cc1.[CH2]CCCCCCC.[CH2]CCCCCCC.[Sn+2]; emitting sentinel -1.0
2026-05-12 11:21:09,101 [INFO] ms-clip: auto-picked GPU 7 (free 17392 MiB)
2026-05-12 11:21:09,101 [INFO] ms-clip: using CUDA_VISIBLE_DEVICES=7
2026-05-12 11:21:09,101 [INFO] ms-clip: launching predict_smi (n_candidates=256)
2026-05-12 11:21:20,908 [WARNING] ms-clip dropped SMILES CCCC[Sn](CCCC)(CCCC)c1ccc(OCCC[C@@H](C[C@H](NC(=O)OC(C)(C)C)C(=O)OC(C)(C)C)C(=O)OC(C)(C)C)cc1; emitting sentinel -1.0
2026-05-12 11:21:20,908 [WARNING] ms-clip dropped SMILES CCCC[Sn](CCCC)(CCCC)c1ccc(OCCC[C@H](C(=O)O)C(C(C)(C)C)[C@@](NC(=O)OC(C)(C)C)(C(=O)O)C(C)(C)C)cc1; emitting sentinel -1.0
2026-05-12 11:21:20,908 [WARNING] ms-clip dropped SMILES CCCCCCC(O)CCCC.CCCCCCC(O)CCCC.OCCCCCCN(CCO)CCCCCCO.[Y].[Y]; emitting sentinel -1.0
2026-05-12 11:21:20,909 [WARNING] ms-clip dropped SMILES COCCN(Cc1cc(C(C)(C)C)cc(C(C)(C)C)c1O)Cc1cc(C(C)(C)C)cc(C(C)(C)C)c1O.[CH2-]c1ccccc1.[CH2-]c1ccccc1.[Zr+2]; emitting sentinel -1.0
2026-05-12 11:21:21,068 [INFO] ms-clip: auto-picked GPU 7 (free 17392 MiB)
2026-05-12 11:21:21,068 [INFO] ms-clip: using CUDA_VISIBLE_DEVICES=7
2026-05-12 11:21:21,069 [INFO] ms-clip: launching predict_smi (n_candidates=256)
2026-05-12 11:21:33,021 [INFO] ms-clip: auto-picked GPU 7 (free 17864 MiB)
2026-05-12 11:21:33,022 [INFO] ms-clip: using CUDA_VISIBLE_DEVICES=7
2026-05-12 11:21:33,022 [INFO] ms-clip: launching predict_smi (n_candidates=256)
2026-05-12 11:21:44,850 [WARNING] ms-clip dropped SMILES [CH2]CCC.[CH2]CCC.[CH2]CCC.[CH]=C1C[C@H]2C(=O)N(c3ccc(OC)cc3)[C@H]2[C@@H]1CC(=O)OC.[Sn]; emitting sentinel -1.0
2026-05-12 11:21:44,850 [WARNING] ms-clip dropped SMILES [CH2]CCC.[CH2]CCC.[CH2]CCC.[CH]=C1[C@H](CC(=O)OC)CN2C(=O)[C@@H](OCc3ccccc3)[C@@H]12.[Sn]; emitting sentinel -1.0
2026-05-12 11:21:44,851 [WARNING] ms-clip dropped SMILES C/C(=C\c1csc(C)n1)C1C[CH-]C(C)(C)CCCC(C)C(C)C(C)C(=O)C(C)(C)C(C)CC(=O)O1.[Y]; emitting sentinel -1.0
2026-05-12 11:21:44,851 [WARNING] ms-clip dropped SMILES CCCC[Sn](/C=C1\CN2C(=O)[C@H](OCc3ccccc3)[C@@H]2[C@H]1CC(=O)OC)(CCCC)CCCC; emitting sentinel -1.0
2026-05-12 11:21:44,871 [INFO] spec 130/500  MassSpecGymID0376694  pool=256  pred=BRPVCFILVPHAJH  correct=False  t=12.0s
2026-05-12 11:21:45,009 [INFO] ms-clip: auto-picked GPU 7 (free 20292 MiB)
2026-05-12 11:21:45,009 [INFO] ms-clip: using CUDA_VISIBLE_DEVICES=7
2026-05-12 11:21:45,009 [INFO] ms-clip: launching predict_smi (n_candidates=256)
2026-05-12 11:21:56,894 [WARNING] ms-clip dropped SMILES CCCCC(=O)N(Cc1ccc(-c2ccccc2-c2nn[nH]n2)cc1)[C@H](C(=O)O)C(C)C.O.O.O.O.[Ca]; emitting sentinel -1.0
2026-05-12 11:21:57,063 [INFO] ms-clip: auto-picked GPU 7 (free 17392 MiB)
2026-05-12 11:21:57,064 [INFO] ms-clip: using CUDA_VISIBLE_DEVICES=7
2026-05-12 11:21:57,064 [INFO] ms-clip: launching predict_smi (n_candidates=256)
2026-05-12 11:22:08,941 [INFO] ms-clip: auto-picked GPU 7 (free 17392 MiB)
2026-05-12 11:22:08,942 [INFO] ms-clip: using CUDA_VISIBLE_DEVICES=7
2026-05-12 11:22:08,942 [INFO] ms-clip: launching predict_smi (n_candidates=256)
2026-05-12 11:22:20,400 [WARNING] ms-clip dropped SMILES CC(C)CCC(=O)NCC(CO)OC(=O)COc1ccc(Cl)cc1Cl.[V]; emitting sentinel -1.0
2026-05-12 11:22:20,400 [WARNING] ms-clip dropped SMILES CC[Al]1CCC(c2c(F)c(F)c(F)c(F)c2F)=C1c1c(F)c(F)c(F)c(F)c1F; emitting sentinel -1.0
2026-05-12 11:22:20,400 [WARNING] ms-clip dropped SMILES CB(O)N1CC(CCl)c2c1[c-]cc1ccccc21.[W]; emitting sentinel -1.0
2026-05-12 11:22:20,400 [WARNING] ms-clip dropped SMILES C1=Cc2cc3ccc(cc4ccc(cc5nc(cc1n2)C=C5)[nH]4)[nH]3.C=O.[Ru]; emitting sentinel -1.0
2026-05-12 11:22:20,554 [INFO] ms-clip: auto-picked GPU 7 (free 18684 MiB)
2026-05-12 11:22:20,554 [INFO] ms-clip: using CUDA_VISIBLE_DEVICES=7
2026-05-12 11:22:20,554 [INFO] ms-clip: launching predict_smi (n_candidates=256)
2026-05-12 11:22:32,869 [INFO] ms-clip: auto-picked GPU 7 (free 17392 MiB)
2026-05-12 11:22:32,869 [INFO] ms-clip: using CUDA_VISIBLE_DEVICES=7
2026-05-12 11:22:32,869 [INFO] ms-clip: launching predict_smi (n_candidates=256)
2026-05-12 11:22:44,451 [INFO] ms-clip: auto-picked GPU 7 (free 17774 MiB)
2026-05-12 11:22:44,451 [INFO] ms-clip: using CUDA_VISIBLE_DEVICES=7
2026-05-12 11:22:44,451 [INFO] ms-clip: launching predict_smi (n_candidates=256)
2026-05-12 11:22:56,453 [INFO] ms-clip: auto-picked GPU 7 (free 17392 MiB)
2026-05-12 11:22:56,453 [INFO] ms-clip: using CUDA_VISIBLE_DEVICES=7
2026-05-12 11:22:56,453 [INFO] ms-clip: launching predict_smi (n_candidates=256)
2026-05-12 11:23:08,778 [INFO] ms-clip: auto-picked GPU 7 (free 24092 MiB)
2026-05-12 11:23:08,779 [INFO] ms-clip: using CUDA_VISIBLE_DEVICES=7
2026-05-12 11:23:08,779 [INFO] ms-clip: launching predict_smi (n_candidates=256)
2026-05-12 11:23:21,009 [WARNING] ms-clip dropped SMILES CCc1[cH-]ccc1C.CCc1[cH-]ccc1C.C[Si](C)=[Ti](Cl)Cl; emitting sentinel -1.0
2026-05-12 11:23:21,010 [WARNING] ms-clip dropped SMILES CC1=NC2[CH-]CCC2C(C)=C1C(=O)NN.[W]; emitting sentinel -1.0
2026-05-12 11:23:21,010 [WARNING] ms-clip dropped SMILES C=C[Bi](c1ccccc1)c1ccccc1; emitting sentinel -1.0
2026-05-12 11:23:21,217 [INFO] ms-clip: auto-picked GPU 7 (free 24092 MiB)
2026-05-12 11:23:21,218 [INFO] ms-clip: using CUDA_VISIBLE_DEVICES=7
2026-05-12 11:23:21,218 [INFO] ms-clip: launching predict_smi (n_candidates=256)
2026-05-12 11:23:33,709 [WARNING] ms-clip dropped SMILES O.O=S(=O)([O-])C(F)(F)F.c1ccc2c(c1)COCc1ccccc1[Bi+]2; emitting sentinel -1.0
2026-05-12 11:23:33,709 [WARNING] ms-clip dropped SMILES Oc1ccccc1-c1nnc(-c2ccccc2)s1.Oc1ccccc1-c1nnc(-c2ccccc2)s1.[Zn]; emitting sentinel -1.0
2026-05-12 11:23:33,709 [WARNING] ms-clip dropped SMILES [B]C.[B]OC(B=O)(CC(C)=O)C(=O)C[CH2-].[CH2-]CC(=O)C(O)(O)CC(C)=O.[CH3-].[CH3-].[Y].[Y]; emitting sentinel -1.0
2026-05-12 11:23:33,709 [WARNING] ms-clip dropped SMILES CCCCN(C(=S)[S-])C1CCS(=O)(=O)C1.CCCCN(C(=S)[S-])C1CCS(=O)(=O)C1.[Ca+2]; emitting sentinel -1.0
2026-05-12 11:23:33,709 [WARNING] ms-clip dropped SMILES CC(C)(C)c1ccc([Te]c2ccc3c4c(ccc([Se]c5ccccc5)c24)CC3)cc1; emitting sentinel -1.0
2026-05-12 11:23:33,845 [INFO] ms-clip: auto-picked GPU 7 (free 24092 MiB)
2026-05-12 11:23:33,845 [INFO] ms-clip: using CUDA_VISIBLE_DEVICES=7
2026-05-12 11:23:33,845 [INFO] ms-clip: launching predict_smi (n_candidates=256)
2026-05-12 11:23:45,473 [WARNING] ms-clip dropped SMILES CC.CCCC(CC)C(C)O[N-]CCc1ccccc1.[Y]; emitting sentinel -1.0
2026-05-12 11:23:45,486 [INFO] spec 140/500  MassSpecGymID0376415  pool=256  pred=LSEYOPVIOSEEFH  correct=False  t=11.8s
2026-05-12 11:23:45,600 [INFO] ms-clip: auto-picked GPU 7 (free 24092 MiB)
2026-05-12 11:23:45,600 [INFO] ms-clip: using CUDA_VISIBLE_DEVICES=7
2026-05-12 11:23:45,600 [INFO] ms-clip: launching predict_smi (n_candidates=256)
2026-05-12 11:23:57,868 [INFO] ms-clip: auto-picked GPU 7 (free 24092 MiB)
2026-05-12 11:23:57,869 [INFO] ms-clip: using CUDA_VISIBLE_DEVICES=7
2026-05-12 11:23:57,869 [INFO] ms-clip: launching predict_smi (n_candidates=211)
2026-05-12 11:24:09,652 [INFO] ms-clip: auto-picked GPU 7 (free 24092 MiB)
2026-05-12 11:24:09,652 [INFO] ms-clip: using CUDA_VISIBLE_DEVICES=7
2026-05-12 11:24:09,652 [INFO] ms-clip: launching predict_smi (n_candidates=256)
2026-05-12 11:24:21,731 [WARNING] ms-clip dropped SMILES [2H]C([2H])([2H])N1C=CN2C1=[Pt]=C1N(C=CN1C([2H])([2H])[2H])c1[c-]c(ccc1)N(c1c(-c3ccccc3)cccc1-c1ccccc1)c1[c-]c2ccc1; emitting sentinel -1.0
2026-05-12 11:24:21,732 [WARNING] ms-clip dropped SMILES CC(=O)N(O)CCCC1NC(=O)CNC(=O)CNC(=O)CNC(=O)C(CCCN(O)C(C)=O)NC(=O)C(CCCN(O)C(C)=O)NC1=O.[Ga]; emitting sentinel -1.0
2026-05-12 11:24:21,887 [INFO] ms-clip: auto-picked GPU 7 (free 24092 MiB)
2026-05-12 11:24:21,888 [INFO] ms-clip: using CUDA_VISIBLE_DEVICES=7
2026-05-12 11:24:21,888 [INFO] ms-clip: launching predict_smi (n_candidates=256)
2026-05-12 11:24:33,705 [WARNING] ms-clip dropped SMILES [B]N1C(C(=O)OC)Cc2c([nH]c3ccccc23)C1c1ccc(NC(=O)CCCCCNC(=O)CCCCC2SCC3NC(=O)NC32)cc1; emitting sentinel -1.0
2026-05-12 11:24:33,705 [WARNING] ms-clip dropped SMILES CC(C)(C)c1c[c-]c2c(c1)-c1cc(C(C)(C)C)ccc1C2.CCC1=[C-]C(C)C=C1C(C)(C)C.[Zr+2]=Cc1cccc2ccccc12; emitting sentinel -1.0
2026-05-12 11:24:33,706 [WARNING] ms-clip dropped SMILES CC(C)CCCCCOC(=O)CCS.CC(C)CCCCCOC(=O)CCS.CCCC[Sn]CCCC; emitting sentinel -1.0
2026-05-12 11:24:33,706 [WARNING] ms-clip dropped SMILES CC(C)(C)Nc1n[n+]([O-])c2ccccc2[n+]1[O-].CC(C)(C)Oc1cccc2nc3c(cc12)Cn1c-3cc2c(c1=O)COC(=O)[C@H]2O.CCC; emitting sentinel -1.0
2026-05-12 11:24:33,706 [WARNING] ms-clip dropped SMILES C[N-]C1CC(C)(C)NC(C)(C)C1.Cc1cc(-c2ccc3c(n2)[N-]C3=O)cc2cn(C)nc12.[U+2]; emitting sentinel -1.0
2026-05-12 11:24:33,706 [WARNING] ms-clip dropped SMILES C=[Zr].CC1=[C-]C(C)(C)c2cc3c(cc21)-c1cc2c(cc1C3)C(C)(C)C=C2C.CC1=[C-]C(C)C=C1C(C)C.[CH2-]C.[c-]1ccccc1; emitting sentinel -1.0
2026-05-12 11:24:33,706 [WARNING] ms-clip dropped SMILES C=C(C(COCc1ccc(OC)cc1)C[C@H](O)CC(C)CC/C=C(\C)COCOCC[Si](C)(C)C)[Sn](C)(C)C; emitting sentinel -1.0
2026-05-12 11:24:33,706 [WARNING] ms-clip dropped SMILES CCCCC(CC)COC(=O)CCS.CCCCC(CC)COC(=O)CCS.CCCC[Sn]CCCC; emitting sentinel -1.0
2026-05-12 11:24:33,875 [INFO] ms-clip: auto-picked GPU 7 (free 24092 MiB)
2026-05-12 11:24:33,876 [INFO] ms-clip: using CUDA_VISIBLE_DEVICES=7
2026-05-12 11:24:33,876 [INFO] ms-clip: launching predict_smi (n_candidates=256)
2026-05-12 11:24:45,376 [INFO] ms-clip: auto-picked GPU 7 (free 24092 MiB)
2026-05-12 11:24:45,376 [INFO] ms-clip: using CUDA_VISIBLE_DEVICES=7
2026-05-12 11:24:45,376 [INFO] ms-clip: launching predict_smi (n_candidates=256)
2026-05-12 11:24:57,019 [INFO] ms-clip: auto-picked GPU 7 (free 24092 MiB)
2026-05-12 11:24:57,019 [INFO] ms-clip: using CUDA_VISIBLE_DEVICES=7
2026-05-12 11:24:57,019 [INFO] ms-clip: launching predict_smi (n_candidates=256)
2026-05-12 11:25:09,091 [WARNING] ms-clip dropped SMILES C=C1CCC(=O)N1.CCCO.O.[U]; emitting sentinel -1.0
2026-05-12 11:25:09,091 [WARNING] ms-clip dropped SMILES CCCC[Sn](C#CC(=O)N1CCCC1)(CCCC)CCCC; emitting sentinel -1.0
2026-05-12 11:25:09,091 [WARNING] ms-clip dropped SMILES CCOCCOc1ccc(PC(=O)c2c(OC)cc(OC)cc2OC)c(C)c1.[Li]; emitting sentinel -1.0
2026-05-12 11:25:09,272 [INFO] ms-clip: auto-picked GPU 7 (free 24092 MiB)
2026-05-12 11:25:09,272 [INFO] ms-clip: using CUDA_VISIBLE_DEVICES=7
2026-05-12 11:25:09,272 [INFO] ms-clip: launching predict_smi (n_candidates=256)
2026-05-12 11:25:21,418 [WARNING] ms-clip dropped SMILES CCCC[Sn](C/C=C\O[C@@H]1[C@@H](O)[C@@H]2OC(C)(C)OC[C@H]2O[C@H]1CCCO[Si](c1ccccc1)(c1ccccc1)C(C)(C)C)(CCCC)CCCC; emitting sentinel -1.0
2026-05-12 11:25:21,418 [WARNING] ms-clip dropped SMILES [CH]1[CH]c2ccccc2[C]1CCN1CCCCC1.[CH]1[CH]c2ccccc2[C]1CCN1CCCCC1.[CH]1[CH]c2ccccc2[C]1CCN1CCCCC1.[Sm+3]; emitting sentinel -1.0
2026-05-12 11:25:21,418 [WARNING] ms-clip dropped SMILES CC(C)(C)c1cc[n-]/c(=N\c2nccc3ccccc23)c1.CC(C)c1cccc(C(C)C)c1-c1ccnc(/N=c2/cc(-c3c(C(C)C)cccc3C(C)C)cc[n-]2)c1.[Zn+2]; emitting sentinel -1.0
2026-05-12 11:25:21,576 [INFO] ms-clip: auto-picked GPU 7 (free 24092 MiB)
2026-05-12 11:25:21,577 [INFO] ms-clip: using CUDA_VISIBLE_DEVICES=7
2026-05-12 11:25:21,577 [INFO] ms-clip: launching predict_smi (n_candidates=256)
2026-05-12 11:25:33,655 [WARNING] ms-clip dropped SMILES CCCCCCCCCCCCc1ccc(S(=O)(=O)[O-])cc1.CCCCCCCCCCCCc1ccc(S(=O)(=O)[O-])cc1.[Zn+2]; emitting sentinel -1.0
2026-05-12 11:25:33,655 [WARNING] ms-clip dropped SMILES CCOP(=O)(O)Cc1cc(C(C)(C)C)c(O)c(C(C)(C)C)c1.CCOP(=O)(O)Cc1cc(C(C)(C)C)c(O)c(C(C)(C)C)c1.[Ni]; emitting sentinel -1.0
2026-05-12 11:25:33,795 [INFO] ms-clip: auto-picked GPU 7 (free 24092 MiB)
2026-05-12 11:25:33,795 [INFO] ms-clip: using CUDA_VISIBLE_DEVICES=7
2026-05-12 11:25:33,795 [INFO] ms-clip: launching predict_smi (n_candidates=256)
2026-05-12 11:25:45,268 [WARNING] ms-clip dropped SMILES O=[C-]C(F)(F)CF.[Rf]; emitting sentinel -1.0
2026-05-12 11:25:45,269 [WARNING] ms-clip dropped SMILES C=C(NC)N1CCN(C(C)=O)CC1.CC(N)=O.CO.[CH3-].[Y]; emitting sentinel -1.0
2026-05-12 11:25:45,283 [INFO] spec 150/500  MassSpecGymID0207521  pool=256  pred=YGWUEIKJBWTKOE  correct=True  t=11.6s
2026-05-12 11:25:45,417 [INFO] ms-clip: auto-picked GPU 7 (free 24092 MiB)
2026-05-12 11:25:45,418 [INFO] ms-clip: using CUDA_VISIBLE_DEVICES=7
2026-05-12 11:25:45,418 [INFO] ms-clip: launching predict_smi (n_candidates=256)
2026-05-12 11:25:56,927 [INFO] ms-clip: auto-picked GPU 7 (free 24092 MiB)
2026-05-12 11:25:56,928 [INFO] ms-clip: using CUDA_VISIBLE_DEVICES=7
2026-05-12 11:25:56,928 [INFO] ms-clip: launching predict_smi (n_candidates=256)
2026-05-12 11:26:08,379 [WARNING] ms-clip dropped SMILES Cc1cc(C)c([GeH](C(=O)c2cccs2)c2c(C)cc(C)cc2C)c(C)c1; emitting sentinel -1.0
2026-05-12 11:26:08,379 [WARNING] ms-clip dropped SMILES COc1cc(Cc2cnc(N)nc2N)cc([Sn](C)(C)C)c1OC; emitting sentinel -1.0
2026-05-12 11:26:08,533 [INFO] ms-clip: auto-picked GPU 7 (free 24092 MiB)
2026-05-12 11:26:08,533 [INFO] ms-clip: using CUDA_VISIBLE_DEVICES=7
2026-05-12 11:26:08,533 [INFO] ms-clip: launching predict_smi (n_candidates=256)
2026-05-12 11:26:20,241 [INFO] ms-clip: auto-picked GPU 7 (free 24092 MiB)
2026-05-12 11:26:20,242 [INFO] ms-clip: using CUDA_VISIBLE_DEVICES=7
2026-05-12 11:26:20,242 [INFO] ms-clip: launching predict_smi (n_candidates=256)
2026-05-12 11:26:32,125 [WARNING] ms-clip dropped SMILES CC(C)P(c1cc2ccccc2[cH-]1)C(C)C.CCCCP(CCCC)c1cc2ccccc2[cH-]1.[Cl-].[Cl-].[Ti+4]; emitting sentinel -1.0
2026-05-12 11:26:32,126 [WARNING] ms-clip dropped SMILES CC(C)(C)P(c1cc2ccccc2[cH-]1)C(C)(C)C.CC(C)P(c1cc2ccccc2[cH-]1)C(C)C.[Cl-].[Cl-].[Ti+4]; emitting sentinel -1.0
2026-05-12 11:26:32,126 [WARNING] ms-clip dropped SMILES CCCCCCCCCCCS(=O)(=O)[O-].CCCCCCCCCCCS(=O)(=O)[O-].[Ba+2]; emitting sentinel -1.0
2026-05-12 11:26:32,126 [WARNING] ms-clip dropped SMILES [CH2-]c1ccccc1.[CH2-]c1ccccc1.[Zr+4].c1ccc([N-]c2ccccc2)cc1.c1ccc([N-]c2ccccc2)cc1; emitting sentinel -1.0
2026-05-12 11:26:32,126 [WARNING] ms-clip dropped SMILES C.C.C.C.C.C.Cc1ccc(S(=O)(=O)c2ccc(S(C)(=O)=O)cc2)c(OC(F)(F)C(F)(F)S(=O)(=O)[O-])c1.[Li+]; emitting sentinel -1.0
2026-05-12 11:26:32,254 [INFO] ms-clip: auto-picked GPU 7 (free 24092 MiB)
2026-05-12 11:26:32,255 [INFO] ms-clip: using CUDA_VISIBLE_DEVICES=7
2026-05-12 11:26:32,255 [INFO] ms-clip: launching predict_smi (n_candidates=256)
2026-05-12 11:26:44,053 [WARNING] ms-clip dropped SMILES Cn1c2nc3nc(nc4[n-]c(nc5nc(nc1c1cc6ccccc6cc12)-c1cc2ccccc2cc1-5)c1cc2ccccc2cc41)-c1cc2ccccc2cc1-3.O=[V]; emitting sentinel -1.0
2026-05-12 11:26:44,054 [WARNING] ms-clip dropped SMILES C=CCN(C)Cc1cccc(N)c1.C=CCN(C)Cc1cccc([N+](=O)[O-])c1.C=CCNC.Cl[Sn]Cl.O=Cc1cccc([N+](=O)[O-])c1; emitting sentinel -1.0
2026-05-12 11:26:44,054 [WARNING] ms-clip dropped SMILES Cc1cc(Oc2[c-]c3c(cc2)c2ccccc2n3-c2cc(F)ccn2)[c-]c(-n2nc(-c3ccccc3)c(-c3c(C)cccc3C)c2-c2ccccc2)c1.[Pd+2]; emitting sentinel -1.0
2026-05-12 11:26:44,054 [WARNING] ms-clip dropped SMILES CCOC(=O)C(C(=O)OCC)=C(C)C.CCOC(=O)C(C(=O)OCC)C(C)(C)c1ccc(C(F)(F)F)cc1.FC(F)(F)c1cc[c-]cc1.[Br-].[Mg+2]; emitting sentinel -1.0
2026-05-12 11:26:44,054 [WARNING] ms-clip dropped SMILES Cc1cc(C)c(/N=C2C(=N/c3c(C)cc(C)cc3-c3cccc4ccccc34)/c3c(C)c(Cl)cc4cccc/2c34)c(-c2cccc3ccccc23)c1.[Pd]; emitting sentinel -1.0
2026-05-12 11:26:44,054 [WARNING] ms-clip dropped SMILES Fc1c[c-]c(-c2cccc(-c3[c-]cc(F)cc3F)n2)c(F)c1.[Au+3].[C-]#Cc1c(C)cc(N(c2ccccc2)c2ccccc2)cc1C; emitting sentinel -1.0
2026-05-12 11:26:44,054 [WARNING] ms-clip dropped SMILES Cc1ccc([C+]2c3ccc([n-]3)[C+](c3ccc([N+](=O)[O-])cc3)c3ccc([n-]3)[C+](c3ccc(C)cc3)c3ccc([n-]3)[C+](c3ccc([N+](=O)[O-])cc3)c3ccc2[n-]3)cc1.[Zn]; emitting sentinel -1.0
2026-05-12 11:26:44,054 [WARNING] ms-clip dropped SMILES CCSC(=S)NCCC1C(=O)O[C-]2CN(C)C3[CH-]CN(Cc4cccc(n4)CN1C2)C(CCNC(=S)SCC[C@H](N)C(=O)O)C(=O)OC3.[Mn+2]; emitting sentinel -1.0
2026-05-12 11:26:44,054 [WARNING] ms-clip dropped SMILES CCCCC(CC)Cc1nc2c3cc([Sn](C)(C)C)sc3c3sc([Sn](C)(C)C)cc3c2nc1CC(CC)CCCC; emitting sentinel -1.0
2026-05-12 11:26:44,054 [WARNING] ms-clip dropped SMILES O=C1C=CC(=C2c3ccc([n-]3)C(=C3C=CC(=O)C=C3)c3ccc([nH]3)C(=C3C=Cc4ccccc4N3)c3ccc([n-]3)C(=C3C=CC(=O)C=C3)c3ccc2[nH]3)C=C1.[OH3+].[Zn+2]; emitting sentinel -1.0
2026-05-12 11:26:44,054 [WARNING] ms-clip dropped SMILES [Hf].c1ccc(-c2ccc(-c3cc4c(ccc5ccccc54)[cH-]3)o2)cc1.c1ccc(-c2ccc(-c3cc4c(ccc5ccccc54)[cH-]3)o2)cc1; emitting sentinel -1.0
2026-05-12 11:26:44,054 [WARNING] ms-clip dropped SMILES C=CCOP(=NC)(N=P(N=P(N=P(N=P(C)(O)OCC)(OCC)OCC)(OCC)OCC)(OCC)OCC)OCC.[NH2-].[Y]; emitting sentinel -1.0
2026-05-12 11:26:44,054 [WARNING] ms-clip dropped SMILES Cc1ccc2c(c1)C(=O)C(c1nc3c4cccnc4c4ncccc4c3[nH]1)CO2.[Ru].c1ccc(-c2ccccn2)nc1.c1ccc(-c2ccccn2)nc1; emitting sentinel -1.0
2026-05-12 11:26:44,054 [WARNING] ms-clip dropped SMILES C.CCOC(=O)C(=O)c1c(Cl)c(C(=O)Nc2ccc(F)c(C#N)c2)n(C)c1C.Cc1c(C(=O)C(=O)O)c(Cl)c(C(=O)Nc2ccc(F)c(C#N)c2)n1C.[Li+].[OH-]; emitting sentinel -1.0
2026-05-12 11:26:44,054 [WARNING] ms-clip dropped SMILES COc1ccc(NC(=O)C(c2ccccc2C)N(CCNC(=O)OCc2ccccc2)C(=O)Cn2cc(C)c(=O)[nH]c2=O)c([N+](=O)[O-])c1.[C-]#[O+].[C-]#[O+].[C-]#[O+].[Cr]; emitting sentinel -1.0
2026-05-12 11:26:44,054 [WARNING] ms-clip dropped SMILES Oc1ccc(-c2c3nc(c(-c4ccc(O)cc4)c4ccc([n-]4)c(-c4ccc5ccccc5n4)c4nc(c(-c5ccc(O)cc5)c5ccc2[n-]5)C=C4)C=C3)cc1.[OH3+].[Zn+2]; emitting sentinel -1.0
2026-05-12 11:26:44,055 [WARNING] ms-clip dropped SMILES CCOc1ccc(C(=N\N=C(/[S-])NC)/C(=N/N=C(\[S-])NCCOC[P+](c2ccccc2)(c2ccccc2)c2ccccc2)c2ccccc2)cc1.[Cu+2]; emitting sentinel -1.0
2026-05-12 11:26:44,193 [INFO] ms-clip: auto-picked GPU 7 (free 24092 MiB)
2026-05-12 11:26:44,193 [INFO] ms-clip: using CUDA_VISIBLE_DEVICES=7
2026-05-12 11:26:44,193 [INFO] ms-clip: launching predict_smi (n_candidates=256)
2026-05-12 11:26:56,122 [WARNING] ms-clip dropped SMILES CCC.CCCC.CCCC[Sn]c1nc(N2CCOCC2)c2nc(CN3CCC(C(C)(C)O)CC3)n(C)c2n1; emitting sentinel -1.0
2026-05-12 11:26:56,122 [WARNING] ms-clip dropped SMILES CCCCCCCCCCCCCCC(=O)[O-].CCCCc1cccc(C(=O)[O-])c1.[CH2]CCC.[CH2]CCC.[Sn+2]; emitting sentinel -1.0
2026-05-12 11:26:56,122 [WARNING] ms-clip dropped SMILES CCCCC1=Nc2nc1c(CCCC)c1c(CCCC)c(C)c(c(C)c3nc(cc4nnc(n2)n4CCCC)C=C3C)n1C.[Ni]; emitting sentinel -1.0
2026-05-12 11:26:56,122 [WARNING] ms-clip dropped SMILES CCCCCCCCCCCCC/C=C/[C@@H](OCc1ccc(OC)cc1)[C@H]1CO[Sn](CCCC)(CCCC)O1; emitting sentinel -1.0
2026-05-12 11:26:56,122 [WARNING] ms-clip dropped SMILES CCCCCCCCCCCCCCCCCC(=O)[O-].Cc1ccc(C(=O)[O-])cc1.[CH2]CCC.[CH2]CCC.[Sn+2]; emitting sentinel -1.0
2026-05-12 11:26:56,122 [WARNING] ms-clip dropped SMILES CCCCCCCCCCCCC(CCCCCCCCCC)COC([NH-])=O.Cc1cc(=O)[nH]c(NC([NH-])=O)n1.[Y]; emitting sentinel -1.0
2026-05-12 11:26:56,261 [INFO] ms-clip: auto-picked GPU 7 (free 24092 MiB)
2026-05-12 11:26:56,261 [INFO] ms-clip: using CUDA_VISIBLE_DEVICES=7
2026-05-12 11:26:56,261 [INFO] ms-clip: launching predict_smi (n_candidates=256)
2026-05-12 11:27:08,206 [WARNING] ms-clip dropped SMILES CC(C)(C)c1cccc(C(C)(C)C)c1O.C[C]1C(C)=C(C)C(C)=C1C.C[Si](C)(C)[CH-][Si](C)(C)C.[Y]; emitting sentinel -1.0
2026-05-12 11:27:08,206 [WARNING] ms-clip dropped SMILES CCCC[Sn](CCCC)(CCCC)c1c(CO[Si](C)(C)C(C)(C)C)nnn1C[Si](C)(C)C; emitting sentinel -1.0
2026-05-12 11:27:08,339 [INFO] ms-clip: auto-picked GPU 7 (free 24092 MiB)
2026-05-12 11:27:08,339 [INFO] ms-clip: using CUDA_VISIBLE_DEVICES=7
2026-05-12 11:27:08,339 [INFO] ms-clip: launching predict_smi (n_candidates=256)
2026-05-12 11:27:20,387 [WARNING] ms-clip dropped SMILES CCCCCCCCCCCC[Sn]1(CCCCCCCCCCCC)CCC(OC(C)=O)(OC(C)=O)C(F)(F)O1; emitting sentinel -1.0
2026-05-12 11:27:20,388 [WARNING] ms-clip dropped SMILES CCCCC(C)(CCC)C(=O)[O-].CCCCCCC(C)(C)C(=O)[O-].CCCCCCC(C)(C)C(=O)[O-].[Tm+3]; emitting sentinel -1.0
2026-05-12 11:27:20,388 [WARNING] ms-clip dropped SMILES CCCCCC(C)(CC)C(=O)[O-].CCCCCC(C)(CC)C(=O)[O-].CCCCCC(C)(CC)C(=O)[O-].[Tm+3]; emitting sentinel -1.0
2026-05-12 11:27:20,388 [WARNING] ms-clip dropped SMILES CCCCC(C)(CCC)C(=O)[O-].CCCCCC(C)(CC)C(=O)[O-].CCCCCCC(C)(C)C(=O)[O-].[Tm+3]; emitting sentinel -1.0
2026-05-12 11:27:20,525 [INFO] ms-clip: auto-picked GPU 7 (free 24092 MiB)
2026-05-12 11:27:20,525 [INFO] ms-clip: using CUDA_VISIBLE_DEVICES=7
2026-05-12 11:27:20,525 [INFO] ms-clip: launching predict_smi (n_candidates=256)
2026-05-12 11:27:32,331 [INFO] ms-clip: auto-picked GPU 7 (free 24092 MiB)
2026-05-12 11:27:32,332 [INFO] ms-clip: using CUDA_VISIBLE_DEVICES=7
2026-05-12 11:27:32,332 [INFO] ms-clip: launching predict_smi (n_candidates=256)
2026-05-12 11:27:44,231 [WARNING] ms-clip dropped SMILES C[Ge](C)(C)c1cc2oc3cc4ccccc4nc3c3cc4ccccc4c4oc(c1)c2c34; emitting sentinel -1.0
2026-05-12 11:27:44,249 [INFO] spec 160/500  MassSpecGymID0209396  pool=256  pred=BKPPHNVPJAFZCW  correct=True  t=12.0s
2026-05-12 11:27:44,395 [INFO] ms-clip: auto-picked GPU 7 (free 24092 MiB)
2026-05-12 11:27:44,395 [INFO] ms-clip: using CUDA_VISIBLE_DEVICES=7
2026-05-12 11:27:44,395 [INFO] ms-clip: launching predict_smi (n_candidates=256)
2026-05-12 11:27:56,213 [WARNING] ms-clip dropped SMILES C[Si](C)(C)C([Si](C)(C)C)[Ge]1(C([Si](C)(C)C)[Si](C)(C)C)C=CC=C1; emitting sentinel -1.0
2026-05-12 11:27:56,213 [WARNING] ms-clip dropped SMILES Oc1ccccc1/C=N/CCN1CC1.Oc1ccccc1C=NCCN1CC1.[Zn+2]; emitting sentinel -1.0
2026-05-12 11:27:56,213 [WARNING] ms-clip dropped SMILES C=[Hf+2].CC(C)O.CC(C)O.[C-]1=CC=CC1.[C-]1=CC=CC1; emitting sentinel -1.0
2026-05-12 11:27:56,213 [WARNING] ms-clip dropped SMILES CC(C)(CO)/N=C/c1ccccc1O.CC(C)(CO)/N=C/c1ccccc1O.[Ni]; emitting sentinel -1.0
2026-05-12 11:27:56,374 [INFO] ms-clip: auto-picked GPU 7 (free 24092 MiB)
2026-05-12 11:27:56,374 [INFO] ms-clip: using CUDA_VISIBLE_DEVICES=7
2026-05-12 11:27:56,374 [INFO] ms-clip: launching predict_smi (n_candidates=256)
2026-05-12 11:28:08,353 [INFO] ms-clip: auto-picked GPU 7 (free 24092 MiB)
2026-05-12 11:28:08,353 [INFO] ms-clip: using CUDA_VISIBLE_DEVICES=7
2026-05-12 11:28:08,353 [INFO] ms-clip: launching predict_smi (n_candidates=256)
2026-05-12 11:28:19,996 [INFO] ms-clip: auto-picked GPU 7 (free 24092 MiB)
2026-05-12 11:28:19,997 [INFO] ms-clip: using CUDA_VISIBLE_DEVICES=7
2026-05-12 11:28:19,997 [INFO] ms-clip: launching predict_smi (n_candidates=256)
2026-05-12 11:28:31,544 [WARNING] ms-clip dropped SMILES CC(C)[N-]C(C)C.CC(C)[N-]C(C)C.CC(C)[N-]C(C)C.[Li+].[Pd+2]; emitting sentinel -1.0
2026-05-12 11:28:31,679 [INFO] ms-clip: auto-picked GPU 7 (free 24092 MiB)
2026-05-12 11:28:31,679 [INFO] ms-clip: using CUDA_VISIBLE_DEVICES=7
2026-05-12 11:28:31,679 [INFO] ms-clip: launching predict_smi (n_candidates=256)
2026-05-12 11:28:43,570 [WARNING] ms-clip dropped SMILES CC.CC.CCc1[c-]cccc1.[CH2-]CN(C[CH2-])C(C)=O.[Y+3]; emitting sentinel -1.0
2026-05-12 11:28:43,703 [INFO] ms-clip: auto-picked GPU 7 (free 24092 MiB)
2026-05-12 11:28:43,703 [INFO] ms-clip: using CUDA_VISIBLE_DEVICES=7
2026-05-12 11:28:43,703 [INFO] ms-clip: launching predict_smi (n_candidates=108)
2026-05-12 11:28:55,492 [WARNING] ms-clip dropped SMILES CCCCCCCCCCCCCCCCCC(=O)NCCCCC(N)C(=O)[O-].CCCCCCCCCCCCCCCCCC(=O)NCCCCC(N)C(=O)[O-].[Ca+2]; emitting sentinel -1.0
2026-05-12 11:28:55,493 [WARNING] ms-clip dropped SMILES CCCCCCCCCCCCCCCCC/C([O-])=N/CCCC[C@H](N)C(=O)[O-].CCCCCCCCCCCCCCCCCC(=O)NCCCC[C@H](N)C(=O)O.[Ca+2]; emitting sentinel -1.0
2026-05-12 11:28:55,493 [WARNING] ms-clip dropped SMILES [Cu+2].[O-]c1c(Br)cc(Br)cc1/C=N/Cc1ccccc1Cl.[O-]c1c(Br)cc(Br)cc1/C=N/Cc1ccccc1Cl; emitting sentinel -1.0
2026-05-12 11:28:55,493 [WARNING] ms-clip dropped SMILES CCCCCCCCCCCCCCCCCC(=O)NCCCC[C@H](N)C(=O)[O-].CCCCCCCCCCCCCCCCCC(=O)NCCCC[C@H](N)C(=O)[O-].[Ca+2]; emitting sentinel -1.0
2026-05-12 11:28:55,642 [INFO] ms-clip: auto-picked GPU 7 (free 24092 MiB)
2026-05-12 11:28:55,642 [INFO] ms-clip: using CUDA_VISIBLE_DEVICES=7
2026-05-12 11:28:55,642 [INFO] ms-clip: launching predict_smi (n_candidates=256)
2026-05-12 11:29:07,503 [WARNING] ms-clip dropped SMILES C=C(C)C(=O)Oc1ccc([Te]c2ccc(OCC3CO3)cc2)cc1; emitting sentinel -1.0
2026-05-12 11:29:07,503 [WARNING] ms-clip dropped SMILES CC(C)c1cc[c-](C(C)(c2ccccc2)c2ccccc2)c1.[Cl-].[Cl-].[Cl-].[Ti+4]; emitting sentinel -1.0
2026-05-12 11:29:07,503 [WARNING] ms-clip dropped SMILES CC[C]1[CH][CH][CH][CH]1.CC[C]1[CH][CH][CH][CH]1.Cl[W]Cl; emitting sentinel -1.0
2026-05-12 11:29:07,503 [WARNING] ms-clip dropped SMILES Cc1ccccc1.N[C@@H]1CCCC[C@H]1NS(=O)(=O)C(F)(F)F.[Ru]; emitting sentinel -1.0
2026-05-12 11:29:07,630 [INFO] ms-clip: auto-picked GPU 7 (free 24092 MiB)
2026-05-12 11:29:07,631 [INFO] ms-clip: using CUDA_VISIBLE_DEVICES=7
2026-05-12 11:29:07,631 [INFO] ms-clip: launching predict_smi (n_candidates=236)
2026-05-12 11:29:19,823 [INFO] ms-clip: auto-picked GPU 7 (free 24092 MiB)
2026-05-12 11:29:19,823 [INFO] ms-clip: using CUDA_VISIBLE_DEVICES=7
2026-05-12 11:29:19,823 [INFO] ms-clip: launching predict_smi (n_candidates=256)
2026-05-12 11:29:31,708 [WARNING] ms-clip dropped SMILES CC(=O)O[Hg]c1cccc2ccccc12; emitting sentinel -1.0
2026-05-12 11:29:31,709 [WARNING] ms-clip dropped SMILES CCCCOC(C)O.O=C([O-])CC(=O)c1ccccc1.[Ag+]; emitting sentinel -1.0
2026-05-12 11:29:31,837 [INFO] ms-clip: auto-picked GPU 7 (free 24092 MiB)
2026-05-12 11:29:31,838 [INFO] ms-clip: using CUDA_VISIBLE_DEVICES=7
2026-05-12 11:29:31,838 [INFO] ms-clip: launching predict_smi (n_candidates=256)
2026-05-12 11:29:43,556 [WARNING] ms-clip dropped SMILES CCC/C(=C/C(=O)OCC)[Te]1(Cl)CC23CCC(CC2O1)C3(C)C; emitting sentinel -1.0
2026-05-12 11:29:43,557 [WARNING] ms-clip dropped SMILES C=C.[Ni].c1ccc(Pc2ccccc2)cc1.c1ccc(Pc2ccccc2)cc1; emitting sentinel -1.0
2026-05-12 11:29:43,557 [WARNING] ms-clip dropped SMILES CC(=O)/C=C(/C)O.CC(=O)/C=C(/C)O.CC(=O)/C=C(\C)O.[Gd]; emitting sentinel -1.0
2026-05-12 11:29:43,557 [WARNING] ms-clip dropped SMILES CC(=O)C(CCC(=O)CN)[N-]C(=O)c1[c-]cc(C)cc1.[W+2]; emitting sentinel -1.0
2026-05-12 11:29:43,557 [WARNING] ms-clip dropped SMILES CC(C)N1[C]N(C(C)C)C=C1.C[C]1[CH][CH][C](C(C)C)[CH][CH]1.Cl[Ru]Cl; emitting sentinel -1.0
2026-05-12 11:29:43,575 [INFO] spec 170/500  MassSpecGymID0064717  pool=256  pred=WMBWREPUVVBILR  correct=True  t=11.9s
2026-05-12 11:29:43,693 [INFO] ms-clip: auto-picked GPU 7 (free 24092 MiB)
2026-05-12 11:29:43,693 [INFO] ms-clip: using CUDA_VISIBLE_DEVICES=7
2026-05-12 11:29:43,694 [INFO] ms-clip: launching predict_smi (n_candidates=256)
2026-05-12 11:29:54,904 [WARNING] ms-clip dropped SMILES [3H]c1ccc(CC(CN)C(=O)CC([C-]=O)CCC/N=C(\C)N)cc1.[Y]; emitting sentinel -1.0
2026-05-12 11:29:55,062 [INFO] ms-clip: auto-picked GPU 7 (free 24092 MiB)
2026-05-12 11:29:55,063 [INFO] ms-clip: using CUDA_VISIBLE_DEVICES=7
2026-05-12 11:29:55,063 [INFO] ms-clip: launching predict_smi (n_candidates=256)
2026-05-12 11:30:06,717 [INFO] ms-clip: auto-picked GPU 7 (free 24092 MiB)
2026-05-12 11:30:06,717 [INFO] ms-clip: using CUDA_VISIBLE_DEVICES=7
2026-05-12 11:30:06,717 [INFO] ms-clip: launching predict_smi (n_candidates=256)
2026-05-12 11:30:18,285 [INFO] ms-clip: auto-picked GPU 7 (free 24092 MiB)
2026-05-12 11:30:18,285 [INFO] ms-clip: using CUDA_VISIBLE_DEVICES=7
2026-05-12 11:30:18,285 [INFO] ms-clip: launching predict_smi (n_candidates=256)
2026-05-12 11:30:30,106 [WARNING] ms-clip dropped SMILES C=[O+]C(C[N-])CCCCC.[CH2]CCC.[CH2]CCC.[CH2]CCC.[CH2]CCC.[CH2]CCC.[CH2]CCC.[Sn].[Sn]; emitting sentinel -1.0
2026-05-12 11:30:30,106 [WARNING] ms-clip dropped SMILES CCCCCCCCCCCCCCSCC(=O)[O-].CCCCCCCCCCCCCCSCC(=O)[O-].C[Sn+2]C; emitting sentinel -1.0
2026-05-12 11:30:30,106 [WARNING] ms-clip dropped SMILES CCCCCCCCCCCCCC(=O)OCCS[Sn](C)(C)SCCOC(=O)CCCCCCCCCCCCC; emitting sentinel -1.0
2026-05-12 11:30:30,107 [WARNING] ms-clip dropped SMILES C1CCCC1.C1CCCC1.CCC/[C-]=C/c1nc(C)cnc1C.[Zr+2].c1ccc([B-](c2ccccc2)(c2ccccc2)c2ccccc2)cc1; emitting sentinel -1.0
2026-05-12 11:30:30,107 [WARNING] ms-clip dropped SMILES CCCCCCC(=O)[O-].CCCCCCC(=O)[O-].CCCCCCC(=O)[O-].CCCCCCC(=O)[O-].[Pb]; emitting sentinel -1.0
2026-05-12 11:30:30,107 [WARNING] ms-clip dropped SMILES CC(C)(C)C(=O)/C=C(\[O-])C(C)(C)C.CC(C)(C)C(=O)/C=C(\[O-])C(C)(C)C.CC(C)(C)C(=O)/C=C(\[O-])C(C)(C)C.[Lu+3]; emitting sentinel -1.0
2026-05-12 11:30:30,282 [INFO] ms-clip: auto-picked GPU 7 (free 24092 MiB)
2026-05-12 11:30:30,282 [INFO] ms-clip: using CUDA_VISIBLE_DEVICES=7
2026-05-12 11:30:30,282 [INFO] ms-clip: launching predict_smi (n_candidates=256)
2026-05-12 11:30:42,170 [WARNING] ms-clip dropped SMILES CC1CCCC1.CCOCC.COc1cccc([C-]=O)c1.[C-]#[O+].[C-]#[O+].[Li+].[Mn]; emitting sentinel -1.0
2026-05-12 11:30:42,327 [INFO] ms-clip: auto-picked GPU 7 (free 24092 MiB)
2026-05-12 11:30:42,327 [INFO] ms-clip: using CUDA_VISIBLE_DEVICES=7
2026-05-12 11:30:42,327 [INFO] ms-clip: launching predict_smi (n_candidates=256)
2026-05-12 11:30:54,331 [WARNING] ms-clip dropped SMILES Cc1cc(C=O)c(O)c(CN2CC/N=C(/[O-])CCN(Cc3cc(C)cc(C=O)c3O)CC/N=C(/[O-])CC2)c1.[Ni+2]; emitting sentinel -1.0
2026-05-12 11:30:54,499 [INFO] ms-clip: auto-picked GPU 7 (free 24092 MiB)
2026-05-12 11:30:54,499 [INFO] ms-clip: using CUDA_VISIBLE_DEVICES=7
2026-05-12 11:30:54,499 [INFO] ms-clip: launching predict_smi (n_candidates=256)
2026-05-12 11:31:06,157 [INFO] ms-clip: auto-picked GPU 7 (free 24092 MiB)
2026-05-12 11:31:06,157 [INFO] ms-clip: using CUDA_VISIBLE_DEVICES=7
2026-05-12 11:31:06,157 [INFO] ms-clip: launching predict_smi (n_candidates=256)
2026-05-12 11:31:17,553 [WARNING] ms-clip dropped SMILES Cc1csc(N)c1[C-]=O.[W]; emitting sentinel -1.0
2026-05-12 11:31:17,553 [WARNING] ms-clip dropped SMILES CC(=O)O[Sn](OC(C)=O)(C(C)=O)C(C)=O; emitting sentinel -1.0
2026-05-12 11:31:17,553 [WARNING] ms-clip dropped SMILES [Au+3].[C-]#N.[C-]#N.[C-]#N.[C-]#N.[Na+]; emitting sentinel -1.0
2026-05-12 11:31:17,553 [WARNING] ms-clip dropped SMILES O=[N+]([O-])c1c[c-]ccc1F.[W]; emitting sentinel -1.0
2026-05-12 11:31:17,553 [WARNING] ms-clip dropped SMILES CC(C)=CC[Sn](OC=O)(OC=O)OC=O; emitting sentinel -1.0
2026-05-12 11:31:17,688 [INFO] ms-clip: auto-picked GPU 7 (free 24092 MiB)
2026-05-12 11:31:17,688 [INFO] ms-clip: using CUDA_VISIBLE_DEVICES=7
2026-05-12 11:31:17,688 [INFO] ms-clip: launching predict_smi (n_candidates=256)
2026-05-12 11:31:29,349 [INFO] ms-clip: auto-picked GPU 7 (free 24092 MiB)
2026-05-12 11:31:29,349 [INFO] ms-clip: using CUDA_VISIBLE_DEVICES=7
2026-05-12 11:31:29,349 [INFO] ms-clip: launching predict_smi (n_candidates=256)
2026-05-12 11:31:41,153 [WARNING] ms-clip dropped SMILES CCCCCCCCCCCCCCc1ccc(O[P+]([O-])([S-])[S-])c(CCCCCCCCCCCCCC)c1.[Zn+2]; emitting sentinel -1.0
2026-05-12 11:31:41,153 [WARNING] ms-clip dropped SMILES CCCC[Sn](/C=C/[C@]1(O)CC[C@H]2[C@@H]3CCc4cc(OC(C)=O)ccc4[C@H]3[C@@H](OC)C[C@@]21C)(CCCC)CCCC; emitting sentinel -1.0
2026-05-12 11:31:41,153 [WARNING] ms-clip dropped SMILES CC1(C)CC(OC(CCCC(=O)O)C(=O)O)CC(C)(C)N1.CC1(C)CC(OC(CCCC(=O)O)C(=O)O)CC(C)(C)N1.[Ni]; emitting sentinel -1.0
2026-05-12 11:31:41,154 [WARNING] ms-clip dropped SMILES CCCCCCCCCCCCCCc1ccc(SP([O-])([O-])=S)c(CCCCCCCCCCCCCC)c1.[Zn+2]; emitting sentinel -1.0
2026-05-12 11:31:41,154 [WARNING] ms-clip dropped SMILES [CH2-]C(O)CN1CCN(CC(=O)OC(C)(C)C)CCN(CC(=O)OC(C)(C)C)CCN(CC(=O)OC(C)(C)C)CC1.[Y]; emitting sentinel -1.0
2026-05-12 11:31:41,154 [WARNING] ms-clip dropped SMILES CCCCCCCCCCCCCCc1cccc(CCCCCCCCCCCCCC)c1O[P+]([O-])([S-])[S-].[Zn+2]; emitting sentinel -1.0
2026-05-12 11:31:41,175 [INFO] spec 180/500  MassSpecGymID0370922  pool=256  pred=AYNMYQSRRVGZDT  correct=True  t=11.9s
2026-05-12 11:31:41,279 [INFO] ms-clip: auto-picked GPU 7 (free 24092 MiB)
2026-05-12 11:31:41,280 [INFO] ms-clip: using CUDA_VISIBLE_DEVICES=7
2026-05-12 11:31:41,280 [INFO] ms-clip: launching predict_smi (n_candidates=256)
2026-05-12 11:31:52,824 [INFO] ms-clip: auto-picked GPU 7 (free 24092 MiB)
2026-05-12 11:31:52,824 [INFO] ms-clip: using CUDA_VISIBLE_DEVICES=7
2026-05-12 11:31:52,824 [INFO] ms-clip: launching predict_smi (n_candidates=256)
2026-05-12 11:32:04,228 [WARNING] ms-clip dropped SMILES CCCCCCCCCCCCCCc1ccc(O[P+]([O-])([S-])[S-])c(CCCCCCCCCCCCCC)c1.[Zn+2]; emitting sentinel -1.0
2026-05-12 11:32:04,229 [WARNING] ms-clip dropped SMILES CCCC[Sn](/C=C/[C@]1(O)CC[C@H]2[C@@H]3CCc4cc(OC(C)=O)ccc4[C@H]3[C@@H](OC)C[C@@]21C)(CCCC)CCCC; emitting sentinel -1.0
2026-05-12 11:32:04,229 [WARNING] ms-clip dropped SMILES CC1(C)CC(OC(CCCC(=O)O)C(=O)O)CC(C)(C)N1.CC1(C)CC(OC(CCCC(=O)O)C(=O)O)CC(C)(C)N1.[Ni]; emitting sentinel -1.0
2026-05-12 11:32:04,229 [WARNING] ms-clip dropped SMILES CCCCCCCCCCCCCCc1ccc(SP([O-])([O-])=S)c(CCCCCCCCCCCCCC)c1.[Zn+2]; emitting sentinel -1.0
2026-05-12 11:32:04,229 [WARNING] ms-clip dropped SMILES [CH2-]C(O)CN1CCN(CC(=O)OC(C)(C)C)CCN(CC(=O)OC(C)(C)C)CCN(CC(=O)OC(C)(C)C)CC1.[Y]; emitting sentinel -1.0
2026-05-12 11:32:04,230 [WARNING] ms-clip dropped SMILES CCCCCCCCCCCCCCc1cccc(CCCCCCCCCCCCCC)c1O[P+]([O-])([S-])[S-].[Zn+2]; emitting sentinel -1.0
2026-05-12 11:32:04,379 [INFO] ms-clip: auto-picked GPU 7 (free 24092 MiB)
2026-05-12 11:32:04,379 [INFO] ms-clip: using CUDA_VISIBLE_DEVICES=7
2026-05-12 11:32:04,379 [INFO] ms-clip: launching predict_smi (n_candidates=256)
2026-05-12 11:32:16,224 [INFO] ms-clip: auto-picked GPU 7 (free 24092 MiB)
2026-05-12 11:32:16,224 [INFO] ms-clip: using CUDA_VISIBLE_DEVICES=7
2026-05-12 11:32:16,224 [INFO] ms-clip: launching predict_smi (n_candidates=256)
2026-05-12 11:32:28,052 [WARNING] ms-clip dropped SMILES CC(C)CS(=O)CC(C)C.[Tb+3]; emitting sentinel -1.0
2026-05-12 11:32:28,052 [WARNING] ms-clip dropped SMILES [H]/[C-]=C(/C=[C-]/C)c1cccc(-c2ccc(C)cc2)c1.[Y]; emitting sentinel -1.0
2026-05-12 11:32:28,185 [INFO] ms-clip: auto-picked GPU 7 (free 24092 MiB)
2026-05-12 11:32:28,185 [INFO] ms-clip: using CUDA_VISIBLE_DEVICES=7
2026-05-12 11:32:28,185 [INFO] ms-clip: launching predict_smi (n_candidates=256)
2026-05-12 11:32:39,556 [WARNING] ms-clip dropped SMILES [CH2-]C.[CH2-]COc1ccc(C)cc1.[U+2]; emitting sentinel -1.0
2026-05-12 11:32:39,696 [INFO] ms-clip: auto-picked GPU 7 (free 24092 MiB)
2026-05-12 11:32:39,696 [INFO] ms-clip: using CUDA_VISIBLE_DEVICES=7
2026-05-12 11:32:39,696 [INFO] ms-clip: launching predict_smi (n_candidates=256)
2026-05-12 11:32:51,388 [WARNING] ms-clip dropped SMILES C=CC[Te+](CCCC)CCCC.F[B-](F)(F)F; emitting sentinel -1.0
2026-05-12 11:32:51,388 [WARNING] ms-clip dropped SMILES CC1=[C-]C(C(C)(C)C2[C-]=C(C)C(C)=C2C)C(C)=C1C.[Cl-].[Cl-].[Ti+4]; emitting sentinel -1.0
2026-05-12 11:32:51,537 [INFO] ms-clip: auto-picked GPU 7 (free 24092 MiB)
2026-05-12 11:32:51,537 [INFO] ms-clip: using CUDA_VISIBLE_DEVICES=7
2026-05-12 11:32:51,537 [INFO] ms-clip: launching predict_smi (n_candidates=256)
2026-05-12 11:33:03,276 [INFO] ms-clip: auto-picked GPU 7 (free 24092 MiB)
2026-05-12 11:33:03,276 [INFO] ms-clip: using CUDA_VISIBLE_DEVICES=7
2026-05-12 11:33:03,277 [INFO] ms-clip: launching predict_smi (n_candidates=256)
2026-05-12 11:33:14,830 [WARNING] ms-clip dropped SMILES CCC(=O)O.CCC(=O)O.CCC(=O)O.CCC(=O)[O-].[Th]; emitting sentinel -1.0
2026-05-12 11:33:14,831 [WARNING] ms-clip dropped SMILES C=C1C(CCC)=C(CC)N=C([Hg])N1C(c1ccc(F)cc1)C1CCC1; emitting sentinel -1.0
2026-05-12 11:33:14,831 [WARNING] ms-clip dropped SMILES CCCC[S+](CCCCc1ccc(N(OS(=O)(=O)[O-])C(=O)c2ccccc2)cc1)Cc1ccccc1; emitting sentinel -1.0
2026-05-12 11:33:14,971 [INFO] ms-clip: auto-picked GPU 7 (free 24092 MiB)
2026-05-12 11:33:14,971 [INFO] ms-clip: using CUDA_VISIBLE_DEVICES=7
2026-05-12 11:33:14,971 [INFO] ms-clip: launching predict_smi (n_candidates=256)
2026-05-12 11:33:26,504 [WARNING] ms-clip dropped SMILES CCCCCCCCCCCCc1ccc(S(=O)(=O)[O-])cc1.CCCCCCCCCCCCc1ccc(S(=O)(=O)[O-])cc1.[Zn+2]; emitting sentinel -1.0
2026-05-12 11:33:26,505 [WARNING] ms-clip dropped SMILES CCOP(=O)(O)Cc1cc(C(C)(C)C)c(O)c(C(C)(C)C)c1.CCOP(=O)(O)Cc1cc(C(C)(C)C)c(O)c(C(C)(C)C)c1.[Ni]; emitting sentinel -1.0
2026-05-12 11:33:26,645 [INFO] ms-clip: auto-picked GPU 7 (free 24092 MiB)
2026-05-12 11:33:26,645 [INFO] ms-clip: using CUDA_VISIBLE_DEVICES=7
2026-05-12 11:33:26,646 [INFO] ms-clip: launching predict_smi (n_candidates=256)
2026-05-12 11:33:38,383 [WARNING] ms-clip dropped SMILES CC1=[C-]Cc2ccc3c(c21)-c1c(ccc2ccc([AlH2])c(C)c12)C3.[Bk]; emitting sentinel -1.0
2026-05-12 11:33:38,383 [WARNING] ms-clip dropped SMILES C[n+]1[c-]n(-c2cccc(Oc3ccc4c5ccccc5n(-c5cc6c(cn5)oc5ccccc56)c4c3)c2)c2ccccc21; emitting sentinel -1.0
2026-05-12 11:33:38,383 [WARNING] ms-clip dropped SMILES C[n+]1[c-]n(-c2cccc(Oc3ccc4c5ccccc5n(-c5cc6oc7ccccc7c6cn5)c4c3)c2)c2ccccc21; emitting sentinel -1.0
2026-05-12 11:33:38,399 [INFO] spec 190/500  MassSpecGymID0300331  pool=256  pred=OUGNWRCWQLUXHX  correct=True  t=11.9s
2026-05-12 11:33:38,543 [INFO] ms-clip: auto-picked GPU 7 (free 24092 MiB)
2026-05-12 11:33:38,543 [INFO] ms-clip: using CUDA_VISIBLE_DEVICES=7
2026-05-12 11:33:38,543 [INFO] ms-clip: launching predict_smi (n_candidates=256)
2026-05-12 11:33:50,068 [WARNING] ms-clip dropped SMILES CCCCCc1cc(CCCCC)c2c(S(=O)(=O)[O-])cccc2c1.CCCCCc1cc(CCCCC)c2c(S(=O)(=O)[O-])cccc2c1.[Ca+2]; emitting sentinel -1.0
2026-05-12 11:33:50,068 [WARNING] ms-clip dropped SMILES CC(C)(C)C1=CC[C-]=C1.CC1(C)CCC(C)(C)c2cc3c(cc21)[cH-]c1cc2c(cc13)C(C)(C)CCC2(C)C.[Cl-].[Cl-].[Zr+2]=C1CCCC1; emitting sentinel -1.0
2026-05-12 11:33:50,069 [WARNING] ms-clip dropped SMILES CCOCc1cc(C)n(-c2cc(C)c(F)[c-]c2F)c1C.CCOCc1cc(C)n(-c2cc(C)c(F)[c-]c2F)c1C.[C-]1=CC=CC1.[C-]1=CC=CC1.[Ti+4]; emitting sentinel -1.0
2026-05-12 11:33:50,069 [WARNING] ms-clip dropped SMILES CCCCCc1cccc2cc(S(=O)(=O)[O-])cc(CCCCC)c12.CCCCCc1cccc2cc(S(=O)(=O)[O-])cc(CCCCC)c12.[Ca+2]; emitting sentinel -1.0
2026-05-12 11:33:50,069 [WARNING] ms-clip dropped SMILES CCCCCc1ccc2c(S(=O)(=O)[O-])ccc(CCCCC)c2c1.CCCCCc1ccc2c(S(=O)(=O)[O-])ccc(CCCCC)c2c1.[Ca+2]; emitting sentinel -1.0
2026-05-12 11:33:50,069 [WARNING] ms-clip dropped SMILES CCCCCc1cc2ccccc2c(CCCCC)c1S(=O)(=O)[O-].CCCCCc1cc2ccccc2c(CCCCC)c1S(=O)(=O)[O-].[Ca+2]; emitting sentinel -1.0
2026-05-12 11:33:50,069 [WARNING] ms-clip dropped SMILES CCCCCc1cc2cccc(CCCCC)c2cc1S(=O)(=O)[O-].CCCCCc1cc2cccc(CCCCC)c2cc1S(=O)(=O)[O-].[Ca+2]; emitting sentinel -1.0
2026-05-12 11:33:50,069 [WARNING] ms-clip dropped SMILES CCCCCc1ccc2cc(CCCCC)c(S(=O)(=O)[O-])cc2c1.CCCCCc1ccc2cc(CCCCC)c(S(=O)(=O)[O-])cc2c1.[Ca+2]; emitting sentinel -1.0
2026-05-12 11:33:50,069 [WARNING] ms-clip dropped SMILES CC(C)=[Zr+2].CC1[C-]=CC(C2(C)C3CC4CC(C3)CC2C4)=C1.Cc1[c-]c2c(cc1C(C)(C)C)-c1cc(C(C)(C)C)c(C)cc1C2.[Cl-].[Cl-]; emitting sentinel -1.0
2026-05-12 11:33:50,069 [WARNING] ms-clip dropped SMILES CCCCCc1ccc(S(=O)(=O)[O-])c2c(CCCCC)cccc12.CCCCCc1ccc(S(=O)(=O)[O-])c2c(CCCCC)cccc12.[Ca+2]; emitting sentinel -1.0
2026-05-12 11:33:50,069 [WARNING] ms-clip dropped SMILES CC(C)=[Zr+2].C[C-]1C2=C3Cc4ccccc4C3=C3C=CCCC3C2(C)C(C)(C)C(C)(C)C1(C)C.[Cl-].[Cl-].c1cc(C2CCCCC2)c[cH-]1; emitting sentinel -1.0
2026-05-12 11:33:50,069 [WARNING] ms-clip dropped SMILES Cc1ccc(-c2cccc3[cH-]c(C4CCCCC4)cc23)cc1.Cc1ccc(-c2cccc3[cH-]c(C4CCCCC4)cc23)cc1.[CH2-]C[CH2-].[Cl-].[Cl-].[Ti+2]; emitting sentinel -1.0
2026-05-12 11:33:50,069 [WARNING] ms-clip dropped SMILES CCOCc1cc(C)n(-c2cc(C)c(F)[c-]c2F)c1C.CCOCc1cc(C)n(-c2cc(C)c(F)[c-]c2F)c1C.[Ti+4].c1cc[cH-]c1.c1cc[cH-]c1; emitting sentinel -1.0
2026-05-12 11:33:50,069 [WARNING] ms-clip dropped SMILES CCCCCc1ccc2cccc(CCCCC)c2c1S(=O)(=O)[O-].CCCCCc1ccc2cccc(CCCCC)c2c1S(=O)(=O)[O-].[Ca+2]; emitting sentinel -1.0
2026-05-12 11:33:50,069 [WARNING] ms-clip dropped SMILES CCCCCc1cc(CCCCC)c2cccc(S(=O)(=O)[O-])c2c1.CCCCCc1cc(CCCCC)c2cccc(S(=O)(=O)[O-])c2c1.[Ca+2]; emitting sentinel -1.0
2026-05-12 11:33:50,069 [WARNING] ms-clip dropped SMILES CCCCCCCCCCc1ccc2cc(S(=O)(=O)[O-])ccc2c1.CCCCCCCCCCc1ccc2cc(S(=O)(=O)[O-])ccc2c1.[Ca+2]; emitting sentinel -1.0
2026-05-12 11:33:50,229 [INFO] ms-clip: auto-picked GPU 7 (free 24092 MiB)
2026-05-12 11:33:50,229 [INFO] ms-clip: using CUDA_VISIBLE_DEVICES=7
2026-05-12 11:33:50,229 [INFO] ms-clip: launching predict_smi (n_candidates=256)
2026-05-12 11:34:01,648 [WARNING] ms-clip dropped SMILES C=CCOC(=O)CCCO.C=CCOC(=O)CCCOP(C)OC.COPOC.[CH2-]CC.[CH2-]CC.[Ni+2]; emitting sentinel -1.0
2026-05-12 11:34:01,808 [INFO] ms-clip: auto-picked GPU 7 (free 24092 MiB)
2026-05-12 11:34:01,808 [INFO] ms-clip: using CUDA_VISIBLE_DEVICES=7
2026-05-12 11:34:01,808 [INFO] ms-clip: launching predict_smi (n_candidates=256)
2026-05-12 11:34:13,219 [INFO] ms-clip: auto-picked GPU 7 (free 24092 MiB)
2026-05-12 11:34:13,219 [INFO] ms-clip: using CUDA_VISIBLE_DEVICES=7
2026-05-12 11:34:13,219 [INFO] ms-clip: launching predict_smi (n_candidates=256)
2026-05-12 11:34:24,896 [WARNING] ms-clip dropped SMILES [C-](CC[C-]=C(c1ccccc1)c1ccccc1)=C(c1ccccc1)c1ccccc1.[Ti].c1cc[cH-]c1.c1cc[cH-]c1; emitting sentinel -1.0
2026-05-12 11:34:25,053 [INFO] ms-clip: auto-picked GPU 7 (free 24092 MiB)
2026-05-12 11:34:25,053 [INFO] ms-clip: using CUDA_VISIBLE_DEVICES=7
2026-05-12 11:34:25,054 [INFO] ms-clip: launching predict_smi (n_candidates=256)
2026-05-12 11:34:37,136 [WARNING] ms-clip dropped SMILES C1CCC2CCCC2C1.C1CCC2CCCC2C1.Oc1cccc2ccccc12.Oc1cccc2ccccc12.[Ti]; emitting sentinel -1.0
2026-05-12 11:34:37,269 [INFO] ms-clip: auto-picked GPU 7 (free 24092 MiB)
2026-05-12 11:34:37,270 [INFO] ms-clip: using CUDA_VISIBLE_DEVICES=7
2026-05-12 11:34:37,270 [INFO] ms-clip: launching predict_smi (n_candidates=256)
2026-05-12 11:34:49,042 [INFO] ms-clip: auto-picked GPU 7 (free 24092 MiB)
2026-05-12 11:34:49,042 [INFO] ms-clip: using CUDA_VISIBLE_DEVICES=7
2026-05-12 11:34:49,042 [INFO] ms-clip: launching predict_smi (n_candidates=256)
2026-05-12 11:35:00,537 [WARNING] ms-clip dropped SMILES CC(C)(C)[Ge](c1ccc2c3ccccc3n(-c3cccc(-n4cccn4)c3)c2c1)(c1ccccn1)C(C)(C)C; emitting sentinel -1.0
2026-05-12 11:35:00,670 [INFO] ms-clip: auto-picked GPU 7 (free 24092 MiB)
2026-05-12 11:35:00,670 [INFO] ms-clip: using CUDA_VISIBLE_DEVICES=7
2026-05-12 11:35:00,671 [INFO] ms-clip: launching predict_smi (n_candidates=256)
2026-05-12 11:35:12,427 [INFO] ms-clip: auto-picked GPU 7 (free 24092 MiB)
2026-05-12 11:35:12,427 [INFO] ms-clip: using CUDA_VISIBLE_DEVICES=7
2026-05-12 11:35:12,427 [INFO] ms-clip: launching predict_smi (n_candidates=256)
2026-05-12 11:35:24,415 [INFO] ms-clip: auto-picked GPU 7 (free 24092 MiB)
2026-05-12 11:35:24,415 [INFO] ms-clip: using CUDA_VISIBLE_DEVICES=7
2026-05-12 11:35:24,415 [INFO] ms-clip: launching predict_smi (n_candidates=256)
2026-05-12 11:35:36,144 [WARNING] ms-clip dropped SMILES CC(F)(F)C(C)(F)CO.[Rf]; emitting sentinel -1.0
2026-05-12 11:35:36,145 [WARNING] ms-clip dropped SMILES C=[C-]c1ccc(/C=C\C)c(C)c1.[Es]; emitting sentinel -1.0
2026-05-12 11:35:36,162 [INFO] spec 200/500  MassSpecGymID0204386  pool=256  pred=SENIDMFOGMNMOE  correct=True  t=11.9s
2026-05-12 11:35:36,282 [INFO] ms-clip: auto-picked GPU 7 (free 24092 MiB)
2026-05-12 11:35:36,283 [INFO] ms-clip: using CUDA_VISIBLE_DEVICES=7
2026-05-12 11:35:36,283 [INFO] ms-clip: launching predict_smi (n_candidates=256)
2026-05-12 11:35:48,281 [WARNING] ms-clip dropped SMILES CCC1CC(O)C1CC(C)C.OO.OO.OO.OO.OO.OOO.[CH3-].[Db]; emitting sentinel -1.0
2026-05-12 11:35:48,426 [INFO] ms-clip: auto-picked GPU 7 (free 24092 MiB)
2026-05-12 11:35:48,427 [INFO] ms-clip: using CUDA_VISIBLE_DEVICES=7
2026-05-12 11:35:48,427 [INFO] ms-clip: launching predict_smi (n_candidates=256)
2026-05-12 11:36:00,706 [WARNING] ms-clip dropped SMILES C#CCO.C#CCOCOC.CC(=O)Cl.CCN(C(C)C)C(C)C.CCN(C(C)C)C(C)C.COCCl.COCOC.Cl[Zn]Cl; emitting sentinel -1.0
2026-05-12 11:36:00,706 [WARNING] ms-clip dropped SMILES C.C.C.CC.CC.CC.CC.CC.CC.CC(N)=NO.Cc1noc(-c2[c-]cccc2)n1.O=C(Cl)c1[c-]cccc1.[Ar].[Ar].[V].[V]; emitting sentinel -1.0
2026-05-12 11:36:00,706 [WARNING] ms-clip dropped SMILES C[C-]1C2=C3Cc4ccccc4C3=C3C=CCCC3C2(C)C(C)(C)C(C)(C)C1(C)C.[C-]1=CC=CC1.[Cl-].[Cl-].[Hf+2]=C1CCCCC1; emitting sentinel -1.0
2026-05-12 11:36:00,706 [WARNING] ms-clip dropped SMILES Cc1cc(C)c(-c2cccc([N-]c3ccccc3-c3ccccc3[N-]c3cccc(-c4c(C)cc(C)cc4C)n3)n2)c(C)c1.[CH3-].[CH3-].[Hf]; emitting sentinel -1.0
2026-05-12 11:36:00,707 [WARNING] ms-clip dropped SMILES Cc1cccc(=O)c([OH2+])c1.Cc1cccc(=O)c([OH2+])c1.[H]/[O+]=c1\cccc(C)cc1[OH2+].[H]/[O+]=c1\cccc(C)cc1[OH2+].[Th]; emitting sentinel -1.0
2026-05-12 11:36:00,707 [WARNING] ms-clip dropped SMILES C[C-]1C2=C3Cc4ccccc4C3=C3C=CCCC3C2(C)C(C)(C)C(C)(C)C1(C)C.[Cl-].[Cl-].[Hf+2]=C1CCCCC1.c1cc[cH-]c1; emitting sentinel -1.0
2026-05-12 11:36:00,707 [WARNING] ms-clip dropped SMILES CCNC(=O)N1C[C@@H](P(C2CCCCC2)C2CCCCC2)C[C@H]1CP(c1ccccc1)c1ccccc1.[CH]1[CH]CC[CH][CH]CC1.[Cl-].[Rh]; emitting sentinel -1.0
2026-05-12 11:36:00,707 [WARNING] ms-clip dropped SMILES CC(C)(C)c1ccc([O-])c(C(C)(C)C)c1.CC(C)=[Zr+2].Cc1cc2c(-c3ccccc3)cccc2[cH-]1.Cc1cc2c(-c3ccccc3)cccc2[cH-]1.[Cl-]; emitting sentinel -1.0
2026-05-12 11:36:00,707 [WARNING] ms-clip dropped SMILES CCCC[Sn+2]CCCC.N#CCCN(CCC#N)C(=O)C1CCC=CC1C(=O)[O-].N#CCCN(CCC#N)C(=O)C1CCC=CC1C(=O)[O-]; emitting sentinel -1.0
2026-05-12 11:36:00,707 [WARNING] ms-clip dropped SMILES CC1=CC=CC2[CH-]C3(C)C4(C)C=CC=CC4(C)C4(C)C=CC=CC4(C)C3(C)C12C.[C-]1=CC=CC1.[Cl-].[Cl-].[Hf+2]=C1CCCCC1; emitting sentinel -1.0
2026-05-12 11:36:00,707 [WARNING] ms-clip dropped SMILES CN1C[CH-][C@@H](F)[C@H](Oc2cc(-c3cnn(C)c3)cc3ncnc(Nc4ccc5ncsc5c4F)c23)CC1.[Lr]; emitting sentinel -1.0
2026-05-12 11:36:00,845 [INFO] ms-clip: auto-picked GPU 7 (free 24092 MiB)
2026-05-12 11:36:00,845 [INFO] ms-clip: using CUDA_VISIBLE_DEVICES=7
2026-05-12 11:36:00,845 [INFO] ms-clip: launching predict_smi (n_candidates=256)
2026-05-12 11:36:13,194 [WARNING] ms-clip dropped SMILES O=C([O-])[C@@H](/N=C(\c1ccccc1)c1ccccc1/N=C(/[O-])[C@@H]1CCCN1Cc1ccccc1)[C@@H]1c2ccccc2CCN1c1ccccc1.[Ni+2]; emitting sentinel -1.0
2026-05-12 11:36:13,194 [WARNING] ms-clip dropped SMILES CCN(CC)CCOC(=S)[S-].CCN(CC)CCOC(=S)[S-].CCN(CC)CC[Sn+2]CCN(CC)CC; emitting sentinel -1.0
2026-05-12 11:36:13,194 [WARNING] ms-clip dropped SMILES C[CH-]C.Cc1ccc(C)c(-c2cccc3[cH-]ccc23)c1.Cc1ccc(C)c(-c2cccc3[cH-]ccc23)c1.[H][C-]=[SiH2].[Hf+4]; emitting sentinel -1.0
2026-05-12 11:36:13,194 [WARNING] ms-clip dropped SMILES CCCC[Sn](CCCC)(CCCC)c1ccc(CN2C(=O)C(=O)c3cc(S(=O)(=O)N4CCC[C@H]4COC)ccc32)cc1; emitting sentinel -1.0
2026-05-12 11:36:13,194 [WARNING] ms-clip dropped SMILES O=C([O-])[C@@H](/N=C(\c1ccccc1)c1ccccc1/N=C(\[O-])[C@@H]1CCCN1Cc1ccccc1)[C@@H]1c2ccccc2CCN1c1ccccc1.[Ni+3]; emitting sentinel -1.0
2026-05-12 11:36:13,194 [WARNING] ms-clip dropped SMILES C=C.C[Pb]SN1C=C1C#CCOc1ccc(C2CCCN2Cc2ccc(CC3=CCCC=C3)cc2)cc1; emitting sentinel -1.0
2026-05-12 11:36:13,194 [WARNING] ms-clip dropped SMILES O=C([O-])[C@@H](/N=C(\c1ccccc1)c1ccccc1/N=C(/[O-])[C@@H]1CCCN1Cc1ccccc1)[C@H]1c2ccccc2CCN1c1ccccc1.[Ni+2]; emitting sentinel -1.0
2026-05-12 11:36:13,194 [WARNING] ms-clip dropped SMILES Cl[Al](Cl)Cl.c1ccc(CCc2ccc(CCc3ccc(CCc4ccccc4)cc3)cc2)cc1.c1ccc(CCc2ccccc2)cc1; emitting sentinel -1.0
2026-05-12 11:36:13,194 [WARNING] ms-clip dropped SMILES CN1CN(C)CN(C)CN(C)C1.C[N-]CN(C)CN(C)C[N-]C.[Re].[Re]; emitting sentinel -1.0
2026-05-12 11:36:13,195 [WARNING] ms-clip dropped SMILES C/C(=N/N=C([S-])N(C)C)c1ncccc1CN1CCOCC1.C/C(=N\N=C([S-])N(C)C)c1ncccc1CN1CCOCC1.[Zn+2]; emitting sentinel -1.0
2026-05-12 11:36:13,325 [INFO] ms-clip: auto-picked GPU 7 (free 24092 MiB)
2026-05-12 11:36:13,325 [INFO] ms-clip: using CUDA_VISIBLE_DEVICES=7
2026-05-12 11:36:13,325 [INFO] ms-clip: launching predict_smi (n_candidates=256)
2026-05-12 11:36:25,809 [WARNING] ms-clip dropped SMILES CN([Si](=O)CC1C=Cc2ccccc21)C(C)(C)C.C[Si](C)(C)C#C[Si](C)(C)C.[Ti]; emitting sentinel -1.0
2026-05-12 11:36:25,969 [INFO] ms-clip: auto-picked GPU 7 (free 23460 MiB)
2026-05-12 11:36:25,969 [INFO] ms-clip: using CUDA_VISIBLE_DEVICES=7
2026-05-12 11:36:25,969 [INFO] ms-clip: launching predict_smi (n_candidates=256)
2026-05-12 11:36:38,155 [WARNING] ms-clip dropped SMILES Cc1cc(C=O)c(O)c(CN2CC/N=C(/[O-])CCN(Cc3cc(C)cc(C=O)c3O)CC/N=C(/[O-])CC2)c1.[Ni+2]; emitting sentinel -1.0
2026-05-12 11:36:38,292 [INFO] ms-clip: auto-picked GPU 7 (free 21560 MiB)
2026-05-12 11:36:38,293 [INFO] ms-clip: using CUDA_VISIBLE_DEVICES=7
2026-05-12 11:36:38,293 [INFO] ms-clip: launching predict_smi (n_candidates=256)
2026-05-12 11:36:49,960 [WARNING] ms-clip dropped SMILES Nc1ccc(C(=O)O)cc1.Nc1ccc(C(=O)O)cc1.Nc1ccc(C(=O)O)cc1.[Gd]; emitting sentinel -1.0
2026-05-12 11:36:49,960 [WARNING] ms-clip dropped SMILES C/[C-]=c1\nc(C2=CC(C)=NC2/[C-]=C/C=CC=[W])oc(=O)c1=CC(C)=[V].CC; emitting sentinel -1.0
2026-05-12 11:36:49,960 [WARNING] ms-clip dropped SMILES CC(=O)O.Cc1ccc(S(=O)(=O)Nc2ccccc2-c2ccccn2)cc1.[Pd].c1ccncc1; emitting sentinel -1.0
2026-05-12 11:36:49,960 [WARNING] ms-clip dropped SMILES C[N+]1=C=[N+](c2[c-]ccnc2)N=C1.N#Cc1c(F)c[c-]c(-c2ncncn2)c1F.[Ir]; emitting sentinel -1.0
2026-05-12 11:36:49,961 [WARNING] ms-clip dropped SMILES O=C(O[Sn](Cc1ccccc1F)(Cc1ccccc1F)Cc1ccccc1F)c1ccncc1; emitting sentinel -1.0
2026-05-12 11:36:50,104 [INFO] ms-clip: auto-picked GPU 7 (free 22202 MiB)
2026-05-12 11:36:50,104 [INFO] ms-clip: using CUDA_VISIBLE_DEVICES=7
2026-05-12 11:36:50,104 [INFO] ms-clip: launching predict_smi (n_candidates=256)
2026-05-12 11:37:01,847 [INFO] ms-clip: auto-picked GPU 7 (free 24092 MiB)
2026-05-12 11:37:01,848 [INFO] ms-clip: using CUDA_VISIBLE_DEVICES=7
2026-05-12 11:37:01,848 [INFO] ms-clip: launching predict_smi (n_candidates=256)
2026-05-12 11:37:13,839 [WARNING] ms-clip dropped SMILES Nc1ccn([C@@H]2O[C@H](CO[TlH2])[C@@H]3O[C@@H]32)c(=O)n1; emitting sentinel -1.0
2026-05-12 11:37:13,839 [WARNING] ms-clip dropped SMILES CC(=O)/C=C(/C)O.COc1c[c-]c(-c2cc(C)ccn2)c(OC)c1.[Rh]; emitting sentinel -1.0
2026-05-12 11:37:13,839 [WARNING] ms-clip dropped SMILES Nc1n[n+]([O-])c2cc([N+](=O)[O-])ccc2[n+]1[O-].O=[N+]([O-])c1ccc2c(c1)[n+]([O-])nc[n+]2[O-]; emitting sentinel -1.0
2026-05-12 11:37:14,015 [INFO] ms-clip: auto-picked GPU 7 (free 23700 MiB)
2026-05-12 11:37:14,015 [INFO] ms-clip: using CUDA_VISIBLE_DEVICES=7
2026-05-12 11:37:14,015 [INFO] ms-clip: launching predict_smi (n_candidates=256)
2026-05-12 11:37:26,329 [WARNING] ms-clip dropped SMILES COCCOCC(COCCOC)OCC(COC(COCCOC)COCCOC)OCCCS(=O)(=O)[O-].[Li+]; emitting sentinel -1.0
2026-05-12 11:37:26,329 [WARNING] ms-clip dropped SMILES Cc1c(C)c(C)c(C(=O)[O-])c(C)c1C.Cc1c(C)c(C)c(C(=O)[O-])c(C)c1C.Cc1c(C)c(C)c(C(=O)[O-])c(C)c1C.[Al+3]; emitting sentinel -1.0
2026-05-12 11:37:26,329 [WARNING] ms-clip dropped SMILES CN1C=CN(c2ccc3c(c2)N(c2cccc(-n4[c-][n+](C)c5ccccc54)c2)c2cccc4c5cc(C(C)(C)C)ccc5n-3c24)C1; emitting sentinel -1.0
2026-05-12 11:37:26,495 [INFO] ms-clip: auto-picked GPU 7 (free 21774 MiB)
2026-05-12 11:37:26,495 [INFO] ms-clip: using CUDA_VISIBLE_DEVICES=7
2026-05-12 11:37:26,495 [INFO] ms-clip: launching predict_smi (n_candidates=256)
2026-05-12 11:37:38,113 [WARNING] ms-clip dropped SMILES CC(C)(C)OC(=O)N1Cc2ccc([Sn](C)(C)C)nc2C1=O; emitting sentinel -1.0
2026-05-12 11:37:38,131 [INFO] spec 210/500  MassSpecGymID0088831  pool=256  pred=NCEXYHBECQHGNR  correct=True  t=11.8s
2026-05-12 11:37:38,252 [INFO] ms-clip: auto-picked GPU 7 (free 21592 MiB)
2026-05-12 11:37:38,252 [INFO] ms-clip: using CUDA_VISIBLE_DEVICES=7
2026-05-12 11:37:38,252 [INFO] ms-clip: launching predict_smi (n_candidates=256)
2026-05-12 11:37:50,383 [WARNING] ms-clip dropped SMILES [CH2]CCC.[CH2]CCC.[CH2]CCCCC[n+]1ccn(CC)c1.[CH]=CC(C)(C)O.[Sn]; emitting sentinel -1.0
2026-05-12 11:37:50,546 [INFO] ms-clip: auto-picked GPU 7 (free 21224 MiB)
2026-05-12 11:37:50,546 [INFO] ms-clip: using CUDA_VISIBLE_DEVICES=7
2026-05-12 11:37:50,547 [INFO] ms-clip: launching predict_smi (n_candidates=256)
2026-05-12 11:38:02,980 [WARNING] ms-clip dropped SMILES C1CCC2C(C1)CCC2C1(C2CCCC2)CCC1.C[N-]C.C[N-]C.[CH3-].[CH3-].[Zr+4]; emitting sentinel -1.0
2026-05-12 11:38:02,980 [WARNING] ms-clip dropped SMILES CC(C[Al]1CCCC(CC(C)c2ccccc2)(CC(C)c2ccccc2)O1)c1ccccc1; emitting sentinel -1.0
2026-05-12 11:38:03,142 [INFO] ms-clip: auto-picked GPU 7 (free 21528 MiB)
2026-05-12 11:38:03,143 [INFO] ms-clip: using CUDA_VISIBLE_DEVICES=7
2026-05-12 11:38:03,143 [INFO] ms-clip: launching predict_smi (n_candidates=256)
2026-05-12 11:38:15,445 [INFO] ms-clip: auto-picked GPU 7 (free 20808 MiB)
2026-05-12 11:38:15,445 [INFO] ms-clip: using CUDA_VISIBLE_DEVICES=7
2026-05-12 11:38:15,445 [INFO] ms-clip: launching predict_smi (n_candidates=256)
2026-05-12 11:38:27,125 [INFO] ms-clip: auto-picked GPU 7 (free 22030 MiB)
2026-05-12 11:38:27,125 [INFO] ms-clip: using CUDA_VISIBLE_DEVICES=7
2026-05-12 11:38:27,126 [INFO] ms-clip: launching predict_smi (n_candidates=256)
2026-05-12 11:38:39,364 [WARNING] ms-clip dropped SMILES CC(C)(C)c1[c-]c2c(cc1)-c1ccc(C(C)(C)C)cc1C2.Cc1cc(-c2ccccc2)c(C)[cH-]1.Cc1ccc(C(=[Zr+2])c2ccc(C)cc2)cc1.[Cl-].[Cl-]; emitting sentinel -1.0
2026-05-12 11:38:39,364 [WARNING] ms-clip dropped SMILES CC(C)(C)c1ccc2[cH-]c3ccc(C(C)(C)C)cc3c2c1.CC1=[C-]C(C)C=C1c1ccccc1.Cc1ccc(C(=[Zr+2])c2ccc(C)cc2)cc1.[Cl-].[Cl-]; emitting sentinel -1.0
2026-05-12 11:38:39,364 [WARNING] ms-clip dropped SMILES CC(C)(C)C1=CC[C-]=C1.CC1=CC(C)(C)c2cc3[cH-]c4cc5c(cc4c3cc21)C(C)=CC5(C)C.Cc1ccc(C(=[Zr+2])c2ccc(C)cc2)cc1.[Cl-].[Cl-]; emitting sentinel -1.0
2026-05-12 11:38:39,364 [WARNING] ms-clip dropped SMILES CC(C)(C)c1ccc2c(c1)[cH-]c1cc(C(C)(C)C)ccc12.[Cl-].[Cl-].[Hf+2]=C(CCCc1ccccc1)c1ccccc1.c1cc[cH-]c1; emitting sentinel -1.0
2026-05-12 11:38:39,364 [WARNING] ms-clip dropped SMILES C1=CC[N-]C=C1.C1CC[N-]CC1.O=[N+]([O-])C1CCC([N-]/N=N/C2CCCCC2F)CC1.O=[N+]([O-])c1ccc([N-]/N=N/c2ccccc2F)cc1.[Pd]; emitting sentinel -1.0
2026-05-12 11:38:39,364 [WARNING] ms-clip dropped SMILES CC1(C)[C-]=Cc2cc3c(cc21)Cc1cc2c(cc1-3)C=CC2(C)C.CCC1[C-]=CC(C(C)(C)C)=C1.[Cl-].[Cl-].[Zr+2]=C(Cc1ccccc1)Cc1ccccc1; emitting sentinel -1.0
2026-05-12 11:38:39,364 [WARNING] ms-clip dropped SMILES CC(C)(C)c1ccc([S+](c2ccccc2)c2ccccc2)cc1.Cc1c(C(C)C)cc(C(C)C)c(S(=O)(=O)[O-])c1C(C)C.[He].[Hf]; emitting sentinel -1.0
2026-05-12 11:38:39,365 [WARNING] ms-clip dropped SMILES O.O.O.O.O.O.O.O.O.O.O.O.O.O.[Cu+2].[Cu+2].[O-]/C1=N\CCNCCNCC/N=C(\[O-])C1C1/C([O-])=N/CCNCCNCC/N=C/1[O-]; emitting sentinel -1.0
2026-05-12 11:38:39,365 [WARNING] ms-clip dropped SMILES CCCc1cc2c(-c3ccc(C(C)(C)C)cc3)cccc2[cH-]1.CCCc1cc2c(-c3ccc(C(C)(C)C)cc3)cccc2[cH-]1.C[Ge]C.Cl[Ti]Cl; emitting sentinel -1.0
2026-05-12 11:38:39,365 [WARNING] ms-clip dropped SMILES CC(C)(C)c1ccc(C(=[Zr+2])c2ccc(C(C)(C)C)cc2)cc1.CC1(C)C=Cc2cc3c(cc21)[cH-]c1cc2c(cc13)C=CC2(C)C.[C-]1=CC=CC1.[Cl-].[Cl-]; emitting sentinel -1.0
2026-05-12 11:38:39,365 [WARNING] ms-clip dropped SMILES [CH2-]c1ccccc1.[CH2-]c1ccccc1.[Zr+4].c1ccc2c(c1)C1[C@@H]([N-]Cc3cc4ccccc4cn3)[C@H]([N-]Cc3cc4ccccc4cn3)C3c4ccccc4C213; emitting sentinel -1.0
2026-05-12 11:38:39,365 [WARNING] ms-clip dropped SMILES CC(C)(C)C1=CC[C-]=C1.CC1=[C-]C(C)(C)c2cc3c(cc21)-c1cc2c(cc1C3)C(C)(C)C=C2C.Cc1ccc(C(=[Zr+2])c2ccc(C)cc2)cc1.[Cl-].[Cl-]; emitting sentinel -1.0
2026-05-12 11:38:39,365 [WARNING] ms-clip dropped SMILES CC1(C)[C-]=Cc2cc3c(cc21)Cc1cc2c(cc1-3)C=CC2(C)C.CCc1cc(C(C)(C)C)c[cH-]1.Cc1ccc(C(=[Zr+2])c2ccc(C)cc2)cc1.[Cl-].[Cl-]; emitting sentinel -1.0
2026-05-12 11:38:39,365 [WARNING] ms-clip dropped SMILES CC1=CC(C)[C-]=C1.CC1=C[CH-]C(C)(C)c2cc3c(cc21)-c1cc2c(cc1C3)C(C)(C)CC=C2C.[Cl-].[Cl-].[Zr+2]=C(Cc1ccccc1)Cc1ccccc1; emitting sentinel -1.0
2026-05-12 11:38:39,365 [WARNING] ms-clip dropped SMILES CC(C)(C)c1cc[cH-]c1.CC1=C[CH-]C(C)(C)c2cc3c(cc21)-c1cc2c(cc1C3)C(C)(C)CC=C2C.[Cl-].[Cl-].[Zr+2]=C(c1ccccc1)c1ccccc1; emitting sentinel -1.0
2026-05-12 11:38:39,365 [WARNING] ms-clip dropped SMILES CC1=[C-]C(C)(C)c2cc3c(cc21)-c1cc2c(cc1C3)C(C)(C)C=C2C.Cc1cc(C(C)(C)C)c(C)[cH-]1.[Cl-].[Cl-].[Zr+2]=C(c1ccccc1)c1ccccc1; emitting sentinel -1.0
2026-05-12 11:38:39,365 [WARNING] ms-clip dropped SMILES O=C(O)CN(CCOCCOCCN(CC(=O)O)CC(=O)O)CC(=O)O.O=C(O)CN(CCOCCOCCN(CC(=O)O)CC(=O)O)CC(=O)O.[Ca]; emitting sentinel -1.0
2026-05-12 11:38:39,365 [WARNING] ms-clip dropped SMILES CC(C)(C)c1[c-]c2c(cc1)-c1ccc(C(C)(C)C)cc1C2.CC1=[C-]C(C)C=C1c1ccccc1.Cc1ccc(C(=[Zr+2])c2ccc(C)cc2)cc1.[Cl-].[Cl-]; emitting sentinel -1.0
2026-05-12 11:38:39,365 [WARNING] ms-clip dropped SMILES CC(C)(C)c1ccc(C=[Zr+2])cc1.CC1=CC(C)(C)c2cc3[cH-]c4cc5c(cc4c3cc21)C(C)=CC5(C)C.CC1=[C-]C(C)C=C1c1ccccc1.[Cl-].[Cl-]; emitting sentinel -1.0
2026-05-12 11:38:39,365 [WARNING] ms-clip dropped SMILES CC1=C[CH-]C(C)(C)c2cc3c(cc21)-c1cc2c(cc1C3)C(C)(C)CC=C2C.Cc1c[cH-]c(C)c1.Cc1ccc(C(=[Zr+2])c2ccc(C)cc2)cc1.[Cl-].[Cl-]; emitting sentinel -1.0
2026-05-12 11:38:39,365 [WARNING] ms-clip dropped SMILES [Ac].[Ac].[CH2-]c1ccc(C2C(C(=O)CC)C(c3ccc([CH2-])cc3)C2C(=O)CC)cc1; emitting sentinel -1.0
2026-05-12 11:38:39,365 [WARNING] ms-clip dropped SMILES CC(C)(C)C1=CC[C-]=C1.CC1=CCC(C)(C)c2cc3[cH-]c4cc5c(cc4c3cc21)C(C)=CCC5(C)C.[Cl-].[Cl-].[Zr+2]=C(c1ccccc1)c1ccccc1; emitting sentinel -1.0
2026-05-12 11:38:39,365 [WARNING] ms-clip dropped SMILES CC(C)(C)c1cc(-c2[c-]c(-c3nccc4ccsc34)cc(C(C)(C)C)c2)[c-]c(-c2cccc3c2[N-]c2ccccc2C3(C)C)c1.[Au+3]; emitting sentinel -1.0
2026-05-12 11:38:39,365 [WARNING] ms-clip dropped SMILES CC(C)(C)c1c[c-]c2c(c1)-c1cc(C(C)(C)C)ccc1C2.CC1=[C-]C(C)C=C1c1ccccc1.Cc1ccc(C(=[Zr+2])c2ccc(C)cc2)cc1.[Cl-].[Cl-]; emitting sentinel -1.0
2026-05-12 11:38:39,365 [WARNING] ms-clip dropped SMILES CC(C)(C)C1=CC(C)(C)c2cc3[cH-]c4cc5c(cc4c3cc21)C(C(C)(C)C)=CC5(C)C.[C-]1=CC=CC1.[Cl-].[Cl-].[Zr+2]=C(c1ccccc1)c1ccccc1; emitting sentinel -1.0
2026-05-12 11:38:39,366 [WARNING] ms-clip dropped SMILES CC1(C)C=Cc2cc3c(cc21)[cH-]c1cc2c(cc13)C=CC2(C)C.CCC1[C-]=CC(C(C)(C)C)=C1.Cc1ccc(C(=[Zr+2])c2ccc(C)cc2)cc1.[Cl-].[Cl-]; emitting sentinel -1.0
2026-05-12 11:38:39,366 [WARNING] ms-clip dropped SMILES CC1=[C-]C(C)(C)c2cc3c(cc21)-c1cc2c(cc1C3)C(C)(C)C=C2C.CC1=[C-]C(C)C=C1C(C)(C)C.[Cl-].[Cl-].[Zr+2]=C(c1ccccc1)c1ccccc1; emitting sentinel -1.0
2026-05-12 11:38:39,366 [WARNING] ms-clip dropped SMILES C.CC.CC.CC.CC.O=C1/C(=C/c2ccccc2)CCc2ccccc21.O=c1cc(-c2ccccc2)oc2ccccc12.[CH3-].[CH3-].[Y].[Y]; emitting sentinel -1.0
2026-05-12 11:38:39,536 [INFO] ms-clip: auto-picked GPU 7 (free 21224 MiB)
2026-05-12 11:38:39,536 [INFO] ms-clip: using CUDA_VISIBLE_DEVICES=7
2026-05-12 11:38:39,536 [INFO] ms-clip: launching predict_smi (n_candidates=256)
2026-05-12 11:38:52,204 [INFO] ms-clip: auto-picked GPU 7 (free 20968 MiB)
2026-05-12 11:38:52,204 [INFO] ms-clip: using CUDA_VISIBLE_DEVICES=7
2026-05-12 11:38:52,204 [INFO] ms-clip: launching predict_smi (n_candidates=256)
2026-05-12 11:39:04,412 [WARNING] ms-clip dropped SMILES CC.CCCC(CC)C(C)O[N-]CCc1ccccc1.[Y]; emitting sentinel -1.0
2026-05-12 11:39:04,568 [INFO] ms-clip: auto-picked GPU 7 (free 20968 MiB)
2026-05-12 11:39:04,568 [INFO] ms-clip: using CUDA_VISIBLE_DEVICES=7
2026-05-12 11:39:04,568 [INFO] ms-clip: launching predict_smi (n_candidates=256)
2026-05-12 11:39:17,010 [WARNING] ms-clip dropped SMILES O=C(O)C[C@H](O)C[C@H](O)/C=C/c1cnn(-c2ccnc(Nc3ccccc3)n2)c1-c1cccc(C(F)(F)F)c1.[Ca]; emitting sentinel -1.0
2026-05-12 11:39:17,010 [WARNING] ms-clip dropped SMILES Cc1c(-c2nn(C3CC(O)(CN4CCC4)C3)c3ncnc(N)c23)ccc2[c-]cc(-c3ccccc3)nc12.[Y]; emitting sentinel -1.0
2026-05-12 11:39:17,010 [WARNING] ms-clip dropped SMILES CC(C)Oc1ccc2c(c1)C(=O)NC=CC=CC(=[W])c1nccn1CCOCCO2; emitting sentinel -1.0
2026-05-12 11:39:17,011 [WARNING] ms-clip dropped SMILES CC.CC.CCC.Cc1ccccc1.[CH3-].[W].[W]; emitting sentinel -1.0
2026-05-12 11:39:17,174 [INFO] ms-clip: auto-picked GPU 7 (free 20808 MiB)
2026-05-12 11:39:17,175 [INFO] ms-clip: using CUDA_VISIBLE_DEVICES=7
2026-05-12 11:39:17,175 [INFO] ms-clip: launching predict_smi (n_candidates=256)
2026-05-12 11:39:29,738 [INFO] ms-clip: auto-picked GPU 7 (free 20364 MiB)
2026-05-12 11:39:29,738 [INFO] ms-clip: using CUDA_VISIBLE_DEVICES=7
2026-05-12 11:39:29,738 [INFO] ms-clip: launching predict_smi (n_candidates=256)
2026-05-12 11:39:42,082 [WARNING] ms-clip dropped SMILES C1CCC2CCCC2C1.C1CCC2CCCC2C1.Oc1cccc2ccccc12.Oc1cccc2ccccc12.[Ti]; emitting sentinel -1.0
2026-05-12 11:39:42,101 [INFO] spec 220/500  MassSpecGymID0277361  pool=256  pred=DYYHJTBIZZXHAB  correct=False  t=12.5s
2026-05-12 11:39:42,235 [INFO] ms-clip: auto-picked GPU 7 (free 20364 MiB)
2026-05-12 11:39:42,235 [INFO] ms-clip: using CUDA_VISIBLE_DEVICES=7
2026-05-12 11:39:42,235 [INFO] ms-clip: launching predict_smi (n_candidates=256)
2026-05-12 11:39:53,685 [WARNING] ms-clip dropped SMILES CC(C)(CO)/N=C/c1ccccc1O.CC(C)(CO)/N=C/c1ccccc1O.[Ni]; emitting sentinel -1.0
2026-05-12 11:39:53,686 [WARNING] ms-clip dropped SMILES CNCCNC(C)(O)C(C)(C)CCOC(C)(C)CN1C(=O)C=CC1=O.[Y]; emitting sentinel -1.0
2026-05-12 11:39:53,844 [INFO] ms-clip: auto-picked GPU 7 (free 20364 MiB)
2026-05-12 11:39:53,844 [INFO] ms-clip: using CUDA_VISIBLE_DEVICES=7
2026-05-12 11:39:53,844 [INFO] ms-clip: launching predict_smi (n_candidates=256)
2026-05-12 11:40:05,743 [WARNING] ms-clip dropped SMILES C=C/C(=C\C=C\C)N(C(=C)CCC(=C)C(=C)/C=C\C(=C)[Ge](c1ccccc1)(c1ccccc1)c1ccccc1)c1ccc2c(c1)c1ccccc1n2-c1ccc(F)cc1; emitting sentinel -1.0
2026-05-12 11:40:05,743 [WARNING] ms-clip dropped SMILES C[Si](C)=[Zr+2].Cc1ccc(-c2cc3c(-c4cccc(C(C)(C)C)c4)c(C)ccc3[cH-]2)o1.Cc1ccc(-c2cc3c(-c4cccc(C(C)(C)C)c4)c(C)ccc3[cH-]2)o1; emitting sentinel -1.0
2026-05-12 11:40:05,744 [WARNING] ms-clip dropped SMILES Cc1cc(C)c([N-]C(c2ccccc2)c2cccc(-c3ccccc3)n2)c(C)c1.[CH2-]c1ccccc1.[CH2-]c1ccccc1.[CH2-]c1ccccc1.[Hf+4]; emitting sentinel -1.0
2026-05-12 11:40:05,744 [WARNING] ms-clip dropped SMILES C[Si](C)=[Zr+2].Cc1cc(-c2cc3c(-c4cc(C)c(C)c(C)c4)c(C)ccc3[cH-]2)oc1C.Cc1cc(-c2cc3c(-c4cc(C)c(C)c(C)c4)c(C)ccc3[cH-]2)oc1C; emitting sentinel -1.0
2026-05-12 11:40:05,744 [WARNING] ms-clip dropped SMILES CC1=CC(C)(C)c2cc3[cH-]c4cc5c(cc4c3cc21)C(C)=CC5(C)C.CC1=[C-]C(C)C=C1CC12CC3CC(CC(C3)C1)C2.Cc1ccc(C=[Zr+2])cc1.[Cl-].[Cl-]; emitting sentinel -1.0
2026-05-12 11:40:05,744 [WARNING] ms-clip dropped SMILES Cc1cc(C)c([N-]C(c2ccccn2)c2ccccc2-c2ccccc2)c(C)c1.[CH2-]c1ccccc1.[CH2-]c1ccccc1.[CH2-]c1ccccc1.[Hf+4]; emitting sentinel -1.0
2026-05-12 11:40:05,744 [WARNING] ms-clip dropped SMILES CCc1ccc2c(c1)[cH-]c1cc(CC)ccc12.C[Si](C)(C)C1=[C-]C([Si](C)(C)C)C([Si](C)(C)C)=C1[Si](C)(C)C.[Zr+2]=C(c1ccccc1)c1ccccc1; emitting sentinel -1.0
2026-05-12 11:40:05,744 [WARNING] ms-clip dropped SMILES CC(C)(C)c1ccnc(-n2c3cc(Oc4ccc5c(c4)-n4[c-][n+](-c6ccccc6)c6cccc(c64)C5(C)C)ccc3c3c4c5c(cc32)Oc2cccc3c2B5c2c(cccc2O4)O3)c1; emitting sentinel -1.0
2026-05-12 11:40:05,744 [WARNING] ms-clip dropped SMILES [CH2-]c1ccccc1.[CH2-]c1ccccc1.[CH2-]c1ccccc1.[H][O+]=P([N-]c1c(C(C)C)cccc1C(C)C)(c1ccccc1)c1ccccc1.[Hf]; emitting sentinel -1.0
2026-05-12 11:40:05,744 [WARNING] ms-clip dropped SMILES CC1=[C-]C(C)(C)c2cc3c(cc21)-c1cc2c(cc1C3)C(C)(C)C=C2C.CC1=[C-]C(C)C=C1CC12CC3CC(CC(C3)C1)C2.Cc1ccc(C=[Zr+2])cc1.[Cl-].[Cl-]; emitting sentinel -1.0
2026-05-12 11:40:05,744 [WARNING] ms-clip dropped SMILES CC(C)(C)c1c[c-]c2c(c1)-c1cc(C(C)(C)C)ccc1C2.CC1=CC(C)(C23CC4CC(CC(C4)C2)C3)C=[C-]1.[Cl-].[Cl-].[Zr+2]=C(c1ccccc1)c1ccccc1; emitting sentinel -1.0
2026-05-12 11:40:05,903 [INFO] ms-clip: auto-picked GPU 7 (free 20364 MiB)
2026-05-12 11:40:05,904 [INFO] ms-clip: using CUDA_VISIBLE_DEVICES=7
2026-05-12 11:40:05,904 [INFO] ms-clip: launching predict_smi (n_candidates=256)
2026-05-12 11:40:17,924 [WARNING] ms-clip dropped SMILES CN(C)C1=CC2=C3C=C(N(C)C)C=CN3CCCN2C=C1.CN1c2ccccc2N(C)C12CCCCC21N(C)c2ccccc2N1C.[Li+].[O-]c1cccc2ccc[nH+]c12; emitting sentinel -1.0
2026-05-12 11:40:17,924 [WARNING] ms-clip dropped SMILES CCCCCCCCCCCCCCCCCCCC#CC(=O)[O-].CCCCCCCCCCCCCCCCCCCC#CC(=O)[O-].[Cd+2]; emitting sentinel -1.0
2026-05-12 11:40:18,078 [INFO] ms-clip: auto-picked GPU 7 (free 20364 MiB)
2026-05-12 11:40:18,078 [INFO] ms-clip: using CUDA_VISIBLE_DEVICES=7
2026-05-12 11:40:18,078 [INFO] ms-clip: launching predict_smi (n_candidates=256)
2026-05-12 11:40:29,697 [WARNING] ms-clip dropped SMILES Cc1cc2c(c(F)c1F)OC(C1CCC(C3CC[CH-]CC3)CC1)CC2.[Rb+]; emitting sentinel -1.0
2026-05-12 11:40:29,843 [INFO] ms-clip: auto-picked GPU 7 (free 20364 MiB)
2026-05-12 11:40:29,844 [INFO] ms-clip: using CUDA_VISIBLE_DEVICES=7
2026-05-12 11:40:29,844 [INFO] ms-clip: launching predict_smi (n_candidates=256)
2026-05-12 11:40:41,840 [WARNING] ms-clip dropped SMILES CN(C)C1=CC2=C3C=C(N(C)C)C=CN3CCCN2C=C1.CN1c2ccccc2N(C)C12CCCCC21N(C)c2ccccc2N1C.[Li+].[O-]c1cccc2ccc[nH+]c12; emitting sentinel -1.0
2026-05-12 11:40:42,001 [INFO] ms-clip: auto-picked GPU 7 (free 20364 MiB)
2026-05-12 11:40:42,001 [INFO] ms-clip: using CUDA_VISIBLE_DEVICES=7
2026-05-12 11:40:42,001 [INFO] ms-clip: launching predict_smi (n_candidates=256)
2026-05-12 11:40:54,339 [INFO] ms-clip: auto-picked GPU 7 (free 20364 MiB)
2026-05-12 11:40:54,339 [INFO] ms-clip: using CUDA_VISIBLE_DEVICES=7
2026-05-12 11:40:54,339 [INFO] ms-clip: launching predict_smi (n_candidates=256)
2026-05-12 11:41:06,481 [WARNING] ms-clip dropped SMILES CC(C/C=N/OCc1ccccc1)C(O)C1C(=O)CCCCCCCCCCN1C.[Ac]; emitting sentinel -1.0
2026-05-12 11:41:06,481 [WARNING] ms-clip dropped SMILES [CH2]C(CC(=C)C#N)C(=O)O[C@@H]1C[C@H](C)CC[C@H]1C(C)(C)c1ccccc1.[CH2]CCC.[CH2]CCC.[CH2]CCC.[Sn]; emitting sentinel -1.0
2026-05-12 11:41:06,481 [WARNING] ms-clip dropped SMILES CCCC[Sn](CCCC)(CCCC)[C@@H](c1ccccc1)[C@@H](c1ccccc1NC(=O)OC(C)(C)C)C(C)(C)C; emitting sentinel -1.0
2026-05-12 11:41:06,481 [WARNING] ms-clip dropped SMILES C=C(C#N)C[C@@H](C[Sn](CCCC)(CCCC)CCCC)C(=O)O[C@@H]1C[C@H](C)CC[C@H]1C(C)(C)c1ccccc1; emitting sentinel -1.0
2026-05-12 11:41:06,650 [INFO] ms-clip: auto-picked GPU 7 (free 17392 MiB)
2026-05-12 11:41:06,651 [INFO] ms-clip: using CUDA_VISIBLE_DEVICES=7
2026-05-12 11:41:06,651 [INFO] ms-clip: launching predict_smi (n_candidates=256)
2026-05-12 11:41:18,476 [WARNING] ms-clip dropped SMILES N#CC1=C(C2CCCCCC2)Nc2[nH]ncc2C1C1=CC=CC(=[Tm])/C1=N\O; emitting sentinel -1.0
2026-05-12 11:41:18,476 [WARNING] ms-clip dropped SMILES CCc1ccccc1C(=O)O[Ga](OC(=O)c1ccccc1CC)OC(=O)c1ccccc1CC; emitting sentinel -1.0
2026-05-12 11:41:18,476 [WARNING] ms-clip dropped SMILES Cc1ccc(C)c(C(=O)[O-])c1.Cc1ccc(C)c(C(=O)[O-])c1.Cc1ccc(C)c(C(=O)[O-])c1.[Ga+3]; emitting sentinel -1.0
2026-05-12 11:41:18,476 [WARNING] ms-clip dropped SMILES COCc1[c]c(COC)ccc1.[Sn].[c]1ccccc1.[c]1ccccc1.[c]1ccccc1; emitting sentinel -1.0
2026-05-12 11:41:18,477 [WARNING] ms-clip dropped SMILES COc1[c-]c2c(cc1)-c1ccccc1C2.[C-]1=CC=CC1.[Zr+2]=C(c1ccccc1)c1ccccc1; emitting sentinel -1.0
2026-05-12 11:41:18,477 [WARNING] ms-clip dropped SMILES CC(C)(C[Sn](Cl)(CC(C)(C)c1ccccc1)c1ccc(F)cc1)c1ccccc1; emitting sentinel -1.0
2026-05-12 11:41:18,477 [WARNING] ms-clip dropped SMILES Cc1ccnc(-c2cc(C)cc(-c3cc(C)ccn3)n2)c1.OCc1cccc(CO)n1.[Ru]; emitting sentinel -1.0
2026-05-12 11:41:18,477 [WARNING] ms-clip dropped SMILES Cc1cccc(C(=O)O[Ga](OC(=O)c2cccc(C)c2C)OC(=O)c2cccc(C)c2C)c1C; emitting sentinel -1.0
2026-05-12 11:41:18,477 [WARNING] ms-clip dropped SMILES CCc1ccc(C(=O)O[Ga](OC(=O)c2ccc(CC)cc2)OC(=O)c2ccc(CC)cc2)cc1; emitting sentinel -1.0
2026-05-12 11:41:18,637 [INFO] ms-clip: auto-picked GPU 7 (free 17392 MiB)
2026-05-12 11:41:18,637 [INFO] ms-clip: using CUDA_VISIBLE_DEVICES=7
2026-05-12 11:41:18,637 [INFO] ms-clip: launching predict_smi (n_candidates=256)
2026-05-12 11:41:30,584 [WARNING] ms-clip dropped SMILES CCCCCCCCCCCCc1ccc(S(=O)(=O)[O-])cc1.CCCCCCCCCCCCc1ccc(S(=O)(=O)[O-])cc1.[Zn+2]; emitting sentinel -1.0
2026-05-12 11:41:30,584 [WARNING] ms-clip dropped SMILES CCOP(=O)(O)Cc1cc(C(C)(C)C)c(O)c(C(C)(C)C)c1.CCOP(=O)(O)Cc1cc(C(C)(C)C)c(O)c(C(C)(C)C)c1.[Ni]; emitting sentinel -1.0
2026-05-12 11:41:30,751 [INFO] ms-clip: auto-picked GPU 7 (free 17392 MiB)
2026-05-12 11:41:30,752 [INFO] ms-clip: using CUDA_VISIBLE_DEVICES=7
2026-05-12 11:41:30,752 [INFO] ms-clip: launching predict_smi (n_candidates=256)
2026-05-12 11:41:42,489 [WARNING] ms-clip dropped SMILES CC.CCCC(CC)C(C)O[N-]CCc1ccccc1.[Y]; emitting sentinel -1.0
2026-05-12 11:41:42,506 [INFO] spec 230/500  MassSpecGymID0376453  pool=256  pred=IBJSSWIFVCITFA  correct=False  t=11.9s
2026-05-12 11:41:42,645 [INFO] ms-clip: auto-picked GPU 7 (free 18114 MiB)
2026-05-12 11:41:42,646 [INFO] ms-clip: using CUDA_VISIBLE_DEVICES=7
2026-05-12 11:41:42,646 [INFO] ms-clip: launching predict_smi (n_candidates=256)
2026-05-12 11:41:54,933 [WARNING] ms-clip dropped SMILES C1=CC2C=CC1C2.CC(C)[PH+](c1ccccc1CCc1ccccc1[PH+](C(C)C)C(C)C)C(C)C.F[B-](F)(F)F.[Rh]; emitting sentinel -1.0
2026-05-12 11:41:54,934 [WARNING] ms-clip dropped SMILES CC1[CH-]C2=CCCCC(C)(C)C2C1.CC1[CH-]C2=CCCCC(C)(C)C2C1.Cl.Cl.[Si]=[Zr].[c-]1ccccc1.[c-]1ccccc1; emitting sentinel -1.0
2026-05-12 11:41:54,934 [WARNING] ms-clip dropped SMILES C=CC1(O)CCN(C(=O)OCc2ccccc2)CC1.CCOCC.O=C1CCN(C(=O)OCc2ccccc2)CC1.[Br-].[H][C-]=C.[Mg+2]; emitting sentinel -1.0
2026-05-12 11:41:54,934 [WARNING] ms-clip dropped SMILES [2H]C([2H])([2H])n1c(=[Pt])n(-c2[c-]c(Oc3[c-]c4c(cc3)C(C)CCN4c3cc(C(C)(C)C)ccn3)ccc2)c2ccccc21; emitting sentinel -1.0
2026-05-12 11:41:54,934 [WARNING] ms-clip dropped SMILES CO.COCC(=O)[C@@H]1CC(=O)N([C@H](C)c2ccccc2)C1.COCCC(=O)[C@@H]1CC(=O)N([C@H](C)c2ccccc2)C1.[Br-].[H][C-]=C.[Mg+2]; emitting sentinel -1.0
2026-05-12 11:41:54,934 [WARNING] ms-clip dropped SMILES CC(=O)[O-].CC(=O)[O-].CCCCCCCC[Sn+2]CCCCCCCC.CCCC[Sn+2]CCCC; emitting sentinel -1.0
2026-05-12 11:41:55,086 [INFO] ms-clip: auto-picked GPU 7 (free 24092 MiB)
2026-05-12 11:41:55,086 [INFO] ms-clip: using CUDA_VISIBLE_DEVICES=7
2026-05-12 11:41:55,086 [INFO] ms-clip: launching predict_smi (n_candidates=256)
2026-05-12 11:42:07,730 [INFO] ms-clip: auto-picked GPU 7 (free 24092 MiB)
2026-05-12 11:42:07,730 [INFO] ms-clip: using CUDA_VISIBLE_DEVICES=7
2026-05-12 11:42:07,730 [INFO] ms-clip: launching predict_smi (n_candidates=256)
2026-05-12 11:42:19,800 [WARNING] ms-clip dropped SMILES C[NH-].[CH2-]CC(C)(C)OC(C)(C)C(COCC)CC(C)(C)O.[U+2]; emitting sentinel -1.0
2026-05-12 11:42:20,010 [INFO] ms-clip: auto-picked GPU 7 (free 24092 MiB)
2026-05-12 11:42:20,010 [INFO] ms-clip: using CUDA_VISIBLE_DEVICES=7
2026-05-12 11:42:20,010 [INFO] ms-clip: launching predict_smi (n_candidates=256)
2026-05-12 11:42:32,264 [WARNING] ms-clip dropped SMILES C[C-]1C(C)(C)C=CC(C)(C)C1(C)C.[W]; emitting sentinel -1.0
2026-05-12 11:42:32,416 [INFO] ms-clip: auto-picked GPU 7 (free 17392 MiB)
2026-05-12 11:42:32,417 [INFO] ms-clip: using CUDA_VISIBLE_DEVICES=7
2026-05-12 11:42:32,417 [INFO] ms-clip: launching predict_smi (n_candidates=256)
2026-05-12 11:42:44,693 [WARNING] ms-clip dropped SMILES CC(C)(CO)/N=C/c1ccccc1O.CC(C)(CO)/N=C/c1ccccc1O.[Ni]; emitting sentinel -1.0
2026-05-12 11:42:44,693 [WARNING] ms-clip dropped SMILES CNCCNC(C)(O)C(C)(C)CCOC(C)(C)CN1C(=O)C=CC1=O.[Y]; emitting sentinel -1.0
2026-05-12 11:42:44,832 [INFO] ms-clip: auto-picked GPU 7 (free 24092 MiB)
2026-05-12 11:42:44,833 [INFO] ms-clip: using CUDA_VISIBLE_DEVICES=7
2026-05-12 11:42:44,833 [INFO] ms-clip: launching predict_smi (n_candidates=256)
2026-05-12 11:42:56,864 [INFO] ms-clip: auto-picked GPU 7 (free 24092 MiB)
2026-05-12 11:42:56,865 [INFO] ms-clip: using CUDA_VISIBLE_DEVICES=7
2026-05-12 11:42:56,865 [INFO] ms-clip: launching predict_smi (n_candidates=256)
2026-05-12 11:43:09,368 [WARNING] ms-clip dropped SMILES CCCCC(C)(O)C/C=C/[C@@H]1[C@H]2c3cccc(CCC)c3O[C@H]2C[C@H]1O.[Ac]; emitting sentinel -1.0
2026-05-12 11:43:09,368 [WARNING] ms-clip dropped SMILES CCCCCCCCOc1ccc(/C=N/CC/N=C/c2ccc(OCCCCCCCC)cc2[O-])c([O-])c1.[Cu+2]; emitting sentinel -1.0
2026-05-12 11:43:09,511 [INFO] ms-clip: auto-picked GPU 7 (free 24092 MiB)
2026-05-12 11:43:09,512 [INFO] ms-clip: using CUDA_VISIBLE_DEVICES=7
2026-05-12 11:43:09,512 [INFO] ms-clip: launching predict_smi (n_candidates=256)
2026-05-12 11:43:21,572 [WARNING] ms-clip dropped SMILES COc1ccc(C(=O)[O-])c(O)c1.COc1ccc(C(=O)[O-])c(O)c1.[Mg+2]; emitting sentinel -1.0
2026-05-12 11:43:21,572 [WARNING] ms-clip dropped SMILES CCCCS[Sn](Cl)(CCCC)CCCC; emitting sentinel -1.0
2026-05-12 11:43:21,572 [WARNING] ms-clip dropped SMILES CC.CN(C)C(=O)O.C[CH-]c1ccccc1[N+](=O)[O-].[Y]; emitting sentinel -1.0
2026-05-12 11:43:21,706 [INFO] ms-clip: auto-picked GPU 7 (free 24092 MiB)
2026-05-12 11:43:21,707 [INFO] ms-clip: using CUDA_VISIBLE_DEVICES=7
2026-05-12 11:43:21,707 [INFO] ms-clip: launching predict_smi (n_candidates=256)
2026-05-12 11:43:33,493 [WARNING] ms-clip dropped SMILES CC(C)C(=O)/C=C(\O)c1ccccc1.CC(C)C(=O)/C=C(\O)c1ccccc1.[Cu]; emitting sentinel -1.0
2026-05-12 11:43:33,642 [INFO] ms-clip: auto-picked GPU 7 (free 24092 MiB)
2026-05-12 11:43:33,643 [INFO] ms-clip: using CUDA_VISIBLE_DEVICES=7
2026-05-12 11:43:33,643 [INFO] ms-clip: launching predict_smi (n_candidates=256)
2026-05-12 11:43:46,004 [WARNING] ms-clip dropped SMILES C=Cc1c2[n-]c(c1C)CC1[N-]/C(=C3\c4[n-]c(c(C)c4C(=O)[C@@H]3C(=O)OC)/C=c3\[n-]/c(c(C)c3CC)=C\2)[C@@H](CCC(=O)OC/C=C/C)[C@@H]1C.[Mg+2]; emitting sentinel -1.0
2026-05-12 11:43:46,004 [WARNING] ms-clip dropped SMILES C1CCC(C2CCCC[N-]2)[N-]C1.C1CCC(C2CCCC[N-]2)[N-]C1.Cl[Os].NCCc1cnc[nH]1; emitting sentinel -1.0
2026-05-12 11:43:46,004 [WARNING] ms-clip dropped SMILES CCCCCCCC[Sn+2]CCCCCCCC.O=C([O-])CCCC(Cc1ccccc1)(Cc1ccccc1)C(=O)[O-]; emitting sentinel -1.0
2026-05-12 11:43:46,004 [WARNING] ms-clip dropped SMILES CC(C)(C)OCC1(C)C=C2/C=C3/CC(C)(C)/C(=C/C4=N/C(=C\C5=N/C(=C\C1=N2)C(C)(C)C5)C(C)(COC(C)(C)C)C4)[N-]3.Cl[Zn+]; emitting sentinel -1.0
2026-05-12 11:43:46,004 [WARNING] ms-clip dropped SMILES Cc1ccc([C@H]2C[C@@H]3CC[C@H]([C@H]2C(=O)NCCCCCC2CNCC/N=C(\[O-])CCNCCNC2)N3C)cc1.O=[99Tc+]=O; emitting sentinel -1.0
2026-05-12 11:43:46,004 [WARNING] ms-clip dropped SMILES CN(C)CC[N-]C([N-][Si](C)(C)C)c1ccccc1.C[Si](C)(C)[CH-][Si](C)(C)C.C[Si](C)(C)[CH-][Si](C)(C)C.[Y]; emitting sentinel -1.0
2026-05-12 11:43:46,004 [WARNING] ms-clip dropped SMILES CC1(C)CC(NC(=O)c2ccccc2)C(Cc2ccccc2)C(NC(=O)c2ccccc2)C1.[CH2-]c1ccccc1.[CH2-]c1ccccc1.[Ti+2]; emitting sentinel -1.0
2026-05-12 11:43:46,004 [WARNING] ms-clip dropped SMILES C=Cc1c2[n-]c(c1C)/C=C1\[N-]C([C@@H](CCC(=O)OC/C=C\C)[C@@H]1C)[C@H]1c3[n-]c(c(C)c3C(=O)[C@@H]1C(=O)OC)/C=c1\[n-]/c(c(C)c1CC)=C\2.[Mg+2]; emitting sentinel -1.0
2026-05-12 11:43:46,005 [WARNING] ms-clip dropped SMILES C=Cc1c2[n-]c(c1C)/C=C1\[N-]/C(=C3\c4[n-]c(c(C)c4C(=O)[C@@H]3C(=O)OC)/C=c3\[n-]/c(c(C)c3CC)=C\2)[C@@H](CCC(O)OC/C=C/C)[C@@H]1C.[Mg+2]; emitting sentinel -1.0
2026-05-12 11:43:46,029 [INFO] spec 240/500  MassSpecGymID0372011  pool=256  pred=VYTUJXKQBGJYKL  correct=False  t=12.5s
2026-05-12 11:43:46,151 [INFO] ms-clip: auto-picked GPU 7 (free 24092 MiB)
2026-05-12 11:43:46,152 [INFO] ms-clip: using CUDA_VISIBLE_DEVICES=7
2026-05-12 11:43:46,152 [INFO] ms-clip: launching predict_smi (n_candidates=256)
2026-05-12 11:43:58,655 [WARNING] ms-clip dropped SMILES CCCCCCCCCCCCCCCCCC(=O)O.S=C(Nc1ccccc1)c1ccccc1.[Pb]; emitting sentinel -1.0
2026-05-12 11:43:58,656 [WARNING] ms-clip dropped SMILES CCCC[Sn](CCCC)(CCCC)[C@@H]1[C@H](Cn2cnc3ccccc32)N1C(c1ccccc1)(c1ccccc1)c1ccccc1; emitting sentinel -1.0
2026-05-12 11:43:58,797 [INFO] ms-clip: auto-picked GPU 7 (free 24092 MiB)
2026-05-12 11:43:58,798 [INFO] ms-clip: using CUDA_VISIBLE_DEVICES=7
2026-05-12 11:43:58,798 [INFO] ms-clip: launching predict_smi (n_candidates=256)
2026-05-12 11:44:10,901 [WARNING] ms-clip dropped SMILES CC(=S)SC(C)(C)C(C)(C)C(C)(C)C(C)(C)[C-](C)C.[Rf]; emitting sentinel -1.0
2026-05-12 11:44:11,040 [INFO] ms-clip: auto-picked GPU 7 (free 24092 MiB)
2026-05-12 11:44:11,040 [INFO] ms-clip: using CUDA_VISIBLE_DEVICES=7
2026-05-12 11:44:11,040 [INFO] ms-clip: launching predict_smi (n_candidates=256)
2026-05-12 11:44:23,126 [INFO] ms-clip: auto-picked GPU 7 (free 24092 MiB)
2026-05-12 11:44:23,127 [INFO] ms-clip: using CUDA_VISIBLE_DEVICES=7
2026-05-12 11:44:23,127 [INFO] ms-clip: launching predict_smi (n_candidates=256)
2026-05-12 11:44:34,632 [WARNING] ms-clip dropped SMILES CC(C)(C)OC(=O)N1Cc2ccc([Sn](C)(C)C)nc2C1=O; emitting sentinel -1.0
2026-05-12 11:44:34,789 [INFO] ms-clip: auto-picked GPU 7 (free 24092 MiB)
2026-05-12 11:44:34,789 [INFO] ms-clip: using CUDA_VISIBLE_DEVICES=7
2026-05-12 11:44:34,789 [INFO] ms-clip: launching predict_smi (n_candidates=256)
2026-05-12 11:44:47,427 [WARNING] ms-clip dropped SMILES CCCC/C1=C2/N=C(C(CC)=C2CC)C(c2ccccc2)C2=N/C(=C(/CCCC)c3[n-]c(c(CC)c3CC)C(CCCC)c3[n-]c1c(CC)c3CC)C(CC)=C2CC.[Ni+2]; emitting sentinel -1.0
2026-05-12 11:44:47,427 [WARNING] ms-clip dropped SMILES CCCC/C1=C2/N=C(C(CC)=C2CC)[C@H](CCCC)c2[n-]c(c(CC)c2CC)/C(CCCC)=C2\N=C(C(CC)=C2CC)[C@H](c2ccccc2)c2[n-]c1c(CC)c2CC.[Ni+2]; emitting sentinel -1.0
2026-05-12 11:44:47,588 [INFO] ms-clip: auto-picked GPU 7 (free 24092 MiB)
2026-05-12 11:44:47,588 [INFO] ms-clip: using CUDA_VISIBLE_DEVICES=7
2026-05-12 11:44:47,588 [INFO] ms-clip: launching predict_smi (n_candidates=256)
2026-05-12 11:44:59,088 [INFO] ms-clip: auto-picked GPU 7 (free 24092 MiB)
2026-05-12 11:44:59,088 [INFO] ms-clip: using CUDA_VISIBLE_DEVICES=7
2026-05-12 11:44:59,088 [INFO] ms-clip: launching predict_smi (n_candidates=256)
2026-05-12 11:45:10,526 [WARNING] ms-clip dropped SMILES CCCCCCCC[Sn]CCCCCCCC.ClCCl; emitting sentinel -1.0
2026-05-12 11:45:10,664 [INFO] ms-clip: auto-picked GPU 7 (free 24092 MiB)
2026-05-12 11:45:10,665 [INFO] ms-clip: using CUDA_VISIBLE_DEVICES=7
2026-05-12 11:45:10,665 [INFO] ms-clip: launching predict_smi (n_candidates=256)
2026-05-12 11:45:22,404 [INFO] ms-clip: auto-picked GPU 7 (free 24092 MiB)
2026-05-12 11:45:22,404 [INFO] ms-clip: using CUDA_VISIBLE_DEVICES=7
2026-05-12 11:45:22,404 [INFO] ms-clip: launching predict_smi (n_candidates=256)
2026-05-12 11:45:34,717 [WARNING] ms-clip dropped SMILES CCC/C(=C/C(=O)OCC)[Te]1(Cl)CC23CCC(CC2O1)C3(C)C; emitting sentinel -1.0
2026-05-12 11:45:34,717 [WARNING] ms-clip dropped SMILES C=C.[Ni].c1ccc(Pc2ccccc2)cc1.c1ccc(Pc2ccccc2)cc1; emitting sentinel -1.0
2026-05-12 11:45:34,717 [WARNING] ms-clip dropped SMILES CC(=O)/C=C(/C)O.CC(=O)/C=C(/C)O.CC(=O)/C=C(\C)O.[Gd]; emitting sentinel -1.0
2026-05-12 11:45:34,717 [WARNING] ms-clip dropped SMILES CC(=O)C(CCC(=O)CN)[N-]C(=O)c1[c-]cc(C)cc1.[W+2]; emitting sentinel -1.0
2026-05-12 11:45:34,717 [WARNING] ms-clip dropped SMILES CC(C)N1[C]N(C(C)C)C=C1.C[C]1[CH][CH][C](C(C)C)[CH][CH]1.Cl[Ru]Cl; emitting sentinel -1.0
2026-05-12 11:45:34,859 [INFO] ms-clip: auto-picked GPU 7 (free 24092 MiB)
2026-05-12 11:45:34,860 [INFO] ms-clip: using CUDA_VISIBLE_DEVICES=7
2026-05-12 11:45:34,860 [INFO] ms-clip: launching predict_smi (n_candidates=256)
2026-05-12 11:45:46,907 [INFO] spec 250/500  MassSpecGymID0211202  pool=256  pred=OYFCDWLVIVPEDW  correct=True  t=12.2s
2026-05-12 11:45:47,023 [INFO] ms-clip: auto-picked GPU 7 (free 24092 MiB)
2026-05-12 11:45:47,023 [INFO] ms-clip: using CUDA_VISIBLE_DEVICES=7
2026-05-12 11:45:47,024 [INFO] ms-clip: launching predict_smi (n_candidates=256)
2026-05-12 11:45:59,238 [WARNING] ms-clip dropped SMILES CC(C)(C)/N=C/c1ccc(C(C)(C)c2ccc(/C=N/C(C)(C)C)[n-]2)[n-]1.CC(C)(C)/N=C/c1ccc(C(C)(C)c2ccc(/C=N/C(C)(C)C)[n-]2)[n-]1.[Mn+2].[Mn+2]; emitting sentinel -1.0
2026-05-12 11:45:59,238 [WARNING] ms-clip dropped SMILES CC1CC2C(c3ccc(C(C)(C)C)cc3)CCCC2C1[Si](C)(C)C1C(C)CC2C(c3ccc(C(C)(C)C)cc3)CCCC21.Cl[Zr+2]Cl.[CH3-].[CH3-]; emitting sentinel -1.0
2026-05-12 11:45:59,238 [WARNING] ms-clip dropped SMILES COc1c(C(C)(C)C)cc(C2CCCC3C2CCC3[Si](C)(C)[Si](C)(C)C2CCC(CC(C)(C)C)C2)cc1C(C)(C)C.Cl[Zr+2]Cl.[CH3-].[CH3-]; emitting sentinel -1.0
2026-05-12 11:45:59,238 [WARNING] ms-clip dropped SMILES C/[C-]=C\CC(C)C.CC(C)(C)c1cccc(-c2cccc3[cH-]ccc23)c1.CC(C)(C)c1cccc(-c2cccc3[cH-]ccc23)c1.[CH3-].[Hf+4]; emitting sentinel -1.0
2026-05-12 11:45:59,238 [WARNING] ms-clip dropped SMILES CC1CCCN1C(=S)Nc1cc2c(c3c1=CC=C[N-]3)[N-]C=CC=2.CN1CCCCC1C1CCCC[N-]1.CN1CCCCC1C1CCCC[N-]1.[Ru+4]; emitting sentinel -1.0
2026-05-12 11:45:59,239 [WARNING] ms-clip dropped SMILES C#Cc1ccc(-c2c3nc(c(-c4c(C)cc(C)cc4C)c4ccc([n-]4)c(-c4c(C)cc(C)cc4C)c4nc(c(-c5c(C)cc(C)cc5C)c5ccc2[n-]5)C=C4)C=C3)cc1.[Mg+2]; emitting sentinel -1.0
2026-05-12 11:45:59,415 [INFO] ms-clip: auto-picked GPU 7 (free 24092 MiB)
2026-05-12 11:45:59,415 [INFO] ms-clip: using CUDA_VISIBLE_DEVICES=7
2026-05-12 11:45:59,415 [INFO] ms-clip: launching predict_smi (n_candidates=256)
2026-05-12 11:46:11,040 [WARNING] ms-clip dropped SMILES CCCOc1ccc(PC(=O)c2c(OC)cc(OC)cc2OC)c(C)c1.[Li]; emitting sentinel -1.0
2026-05-12 11:46:11,041 [WARNING] ms-clip dropped SMILES COc1cc(OC)c(C(=O)Pc2ccc(OC(C)(C)C)cc2)c(OC)c1.[Li+]; emitting sentinel -1.0
2026-05-12 11:46:11,174 [INFO] ms-clip: auto-picked GPU 7 (free 24092 MiB)
2026-05-12 11:46:11,174 [INFO] ms-clip: using CUDA_VISIBLE_DEVICES=7
2026-05-12 11:46:11,174 [INFO] ms-clip: launching predict_smi (n_candidates=256)
2026-05-12 11:46:23,008 [WARNING] ms-clip dropped SMILES C[N-]C.C[N-]C.C[N-]C.[Zr+4].c1cc[c-](C2CCC2)c1; emitting sentinel -1.0
2026-05-12 11:46:23,144 [INFO] ms-clip: auto-picked GPU 7 (free 24092 MiB)
2026-05-12 11:46:23,144 [INFO] ms-clip: using CUDA_VISIBLE_DEVICES=7
2026-05-12 11:46:23,144 [INFO] ms-clip: launching predict_smi (n_candidates=256)
2026-05-12 11:46:34,883 [WARNING] ms-clip dropped SMILES O=C(O)c1ccccc1[TlH2]; emitting sentinel -1.0
2026-05-12 11:46:34,883 [WARNING] ms-clip dropped SMILES Nc1c(F)cccc1F.[CH3-].[W]; emitting sentinel -1.0
[11:46:34] WARNING: not removing hydrogen atom without neighbors
2026-05-12 11:46:35,019 [INFO] ms-clip: auto-picked GPU 7 (free 24092 MiB)
2026-05-12 11:46:35,020 [INFO] ms-clip: using CUDA_VISIBLE_DEVICES=7
2026-05-12 11:46:35,020 [INFO] ms-clip: launching predict_smi (n_candidates=256)
2026-05-12 11:46:46,789 [WARNING] ms-clip dropped SMILES CC(C)(CO)/N=C/c1ccccc1O.CC(C)(CO)/N=C/c1ccccc1O.[Ni]; emitting sentinel -1.0
2026-05-12 11:46:46,789 [WARNING] ms-clip dropped SMILES CC(C)(CO)N/C=C1/C=CC=CC1=O.CC(C)(CO)N/C=C1/C=CC=CC1=O.[Ni]; emitting sentinel -1.0
2026-05-12 11:46:46,923 [INFO] ms-clip: auto-picked GPU 7 (free 24092 MiB)
2026-05-12 11:46:46,923 [INFO] ms-clip: using CUDA_VISIBLE_DEVICES=7
2026-05-12 11:46:46,923 [INFO] ms-clip: launching predict_smi (n_candidates=256)
2026-05-12 11:46:58,474 [WARNING] ms-clip dropped SMILES CC(C)(C)c1ccnc(-c2cc(C(C)(C)C)ccn2)c1.C[SiH](C)c1ccccc1[SiH](C)C.C[Si](C)c1ccccc1[Si](C)C.[CH3-].[CH3-].[Ru+2]; emitting sentinel -1.0
2026-05-12 11:46:58,475 [WARNING] ms-clip dropped SMILES Cl[Ru](Cl)=C=Cc1ccccc1.c1cn(C2CCCCC2)c(=P(C2CCCCC2)(C2CCCCC2)C2CCCCC2)n1C1CCCCC1; emitting sentinel -1.0
2026-05-12 11:46:58,475 [WARNING] ms-clip dropped SMILES CC(C)(C)C1=[C-]C(C)(C)c2cc3c(cc21)-c1cc2c(cc1C3)C(C)(C)C=C2C(C)(C)C.Cc1cc(C(C)(C)C)c[cH-]1.[Cl-].[Cl-].[Zr+2]=C1CCCCC1; emitting sentinel -1.0
2026-05-12 11:46:58,475 [WARNING] ms-clip dropped SMILES CC(C)c1cccc(C(C)C)c1[N-]C(c1cccc(-c2[c-]cccc2)n1)c1cc2ccccc2c2ccccc12.C[N-]C.C[N-]C.[Hf]; emitting sentinel -1.0
2026-05-12 11:46:58,475 [WARNING] ms-clip dropped SMILES CC(C)(C)/C(C(=O)O)=C(\Cc1ccccc1)C(=O)O.CC(C)(C)/C(C(=O)O)=C(\Cc1ccccc1)C(=O)O.CCCCCC[Sn]CCCC; emitting sentinel -1.0
2026-05-12 11:46:58,475 [WARNING] ms-clip dropped SMILES CC(C)(C)c1cc([N-]c2ccccc2Oc2ccccc2)c([S-])c(C(C)(C)C)c1.Cc1ccccc1[N-]c1cc(C(C)(C)C)cc(C(C)(C)C)c1[S-].[Ni]; emitting sentinel -1.0
2026-05-12 11:46:58,475 [WARNING] ms-clip dropped SMILES CC(C)c1cc(C(C)C)c(-c2ccccc2[PH+](C2CCCCC2)C2CCCCC2)c(C(C)C)c1.Cl[Pd+].Nc1ccccc1-c1[c-]cccc1; emitting sentinel -1.0
2026-05-12 11:46:58,475 [WARNING] ms-clip dropped SMILES CC(C)c1cc(C(C)C)c(-c2cccc(P(C3CCCCC3)C3CCCCC3)c2)c(C(C)C)c1.Nc1ccccc1-c1ccccc1.[Cl-].[Pd]; emitting sentinel -1.0
2026-05-12 11:46:58,475 [WARNING] ms-clip dropped SMILES CC(C)=[Zr+2].C[C-]1C2=C3Cc4ccccc4C3=C3C=CCCC3C2(C)C(C)(C)C(C)(C)C1(C)C.[Cl-].[Cl-].c1cc(C23CC4CC(CC(C4)C2)C3)c[cH-]1; emitting sentinel -1.0
2026-05-12 11:46:58,614 [INFO] ms-clip: auto-picked GPU 7 (free 24092 MiB)
2026-05-12 11:46:58,614 [INFO] ms-clip: using CUDA_VISIBLE_DEVICES=7
2026-05-12 11:46:58,614 [INFO] ms-clip: launching predict_smi (n_candidates=256)
2026-05-12 11:47:10,248 [WARNING] ms-clip dropped SMILES CC[Si](CC)(CC)c1ccc(C(=[Zr+2])c2ccc([Si](CC)(CC)CC)cc2)cc1.c1ccc2[cH-]ccc2c1.c1ccc2[cH-]ccc2c1; emitting sentinel -1.0
2026-05-12 11:47:10,248 [WARNING] ms-clip dropped SMILES CCCC[Sn](CCCC)(CCCC)CC[Si]1(c2ccccc2)CC[Sn](CCCC)(CCCC)CC1; emitting sentinel -1.0
2026-05-12 11:47:10,248 [WARNING] ms-clip dropped SMILES CC(C)c1cc(-c2ccc(-c3ccc([Ge](C)(C)C)cc3)cc2)cc(C(C)C)c1-n1c(-c2cccc3c2oc2ccccc23)nc2ccccc21; emitting sentinel -1.0
2026-05-12 11:47:10,249 [WARNING] ms-clip dropped SMILES CCOc1cc(CN(O)c2ccc(-c3ccccc3F)cc2NC)ccc1OC.CSC.O.[U]; emitting sentinel -1.0
2026-05-12 11:47:10,400 [INFO] ms-clip: auto-picked GPU 7 (free 24092 MiB)
2026-05-12 11:47:10,400 [INFO] ms-clip: using CUDA_VISIBLE_DEVICES=7
2026-05-12 11:47:10,400 [INFO] ms-clip: launching predict_smi (n_candidates=256)
2026-05-12 11:47:22,061 [WARNING] ms-clip dropped SMILES CC(C)(C)[PH+](CCNCC[PH+](C(C)(C)C)C(C)(C)C)C(C)(C)C.CC(O)CC(C)O.[Rh]; emitting sentinel -1.0
2026-05-12 11:47:22,206 [INFO] ms-clip: auto-picked GPU 7 (free 24092 MiB)
2026-05-12 11:47:22,206 [INFO] ms-clip: using CUDA_VISIBLE_DEVICES=7
2026-05-12 11:47:22,206 [INFO] ms-clip: launching predict_smi (n_candidates=256)
2026-05-12 11:47:33,864 [WARNING] ms-clip dropped SMILES CCCCCC(=O)O.CCCCCC(=O)O.[Rh]; emitting sentinel -1.0
2026-05-12 11:47:33,864 [WARNING] ms-clip dropped SMILES CN(C)c1cccc2cccc([Sn](C)(C)C)c12; emitting sentinel -1.0
2026-05-12 11:47:33,996 [INFO] ms-clip: auto-picked GPU 7 (free 24092 MiB)
2026-05-12 11:47:33,996 [INFO] ms-clip: using CUDA_VISIBLE_DEVICES=7
2026-05-12 11:47:33,996 [INFO] ms-clip: launching predict_smi (n_candidates=256)
2026-05-12 11:47:45,799 [WARNING] ms-clip dropped SMILES C=CCCCCCCCC(=O)[O-].C=CCCCCCCCC(=O)[O-].[Ca+2]; emitting sentinel -1.0
2026-05-12 11:47:45,800 [WARNING] ms-clip dropped SMILES CCCCCCCCCCCCC/C=C/CC(CC(=O)[O-])C(=O)[O-].[Ca+2]; emitting sentinel -1.0
2026-05-12 11:47:45,816 [INFO] spec 260/500  MassSpecGymID0206353  pool=256  pred=MLYPKMKIOXLVAN  correct=False  t=11.9s
2026-05-12 11:47:45,928 [INFO] ms-clip: auto-picked GPU 7 (free 24092 MiB)
2026-05-12 11:47:45,928 [INFO] ms-clip: using CUDA_VISIBLE_DEVICES=7
2026-05-12 11:47:45,928 [INFO] ms-clip: launching predict_smi (n_candidates=256)
2026-05-12 11:47:57,813 [WARNING] ms-clip dropped SMILES CCCCOC(CC)C(=O)CC(=O)[O-].CCCCOC(CC)C(=O)CC(=O)[O-].CCCCOC(CC)C(=O)CC(=O)[O-].[Al+3]; emitting sentinel -1.0
2026-05-12 11:47:57,949 [INFO] ms-clip: auto-picked GPU 7 (free 24092 MiB)
2026-05-12 11:47:57,949 [INFO] ms-clip: using CUDA_VISIBLE_DEVICES=7
2026-05-12 11:47:57,949 [INFO] ms-clip: launching predict_smi (n_candidates=256)
2026-05-12 11:48:09,477 [INFO] ms-clip: auto-picked GPU 7 (free 24092 MiB)
2026-05-12 11:48:09,477 [INFO] ms-clip: using CUDA_VISIBLE_DEVICES=7
2026-05-12 11:48:09,477 [INFO] ms-clip: launching predict_smi (n_candidates=256)
2026-05-12 11:48:20,969 [WARNING] ms-clip dropped SMILES CC(C)(C)C1CCCC1.CC(C)(C)C1CCCC1.Cl[Zr+2]Cl.[CH3-].[CH3-]; emitting sentinel -1.0
2026-05-12 11:48:21,111 [INFO] ms-clip: auto-picked GPU 7 (free 24092 MiB)
2026-05-12 11:48:21,111 [INFO] ms-clip: using CUDA_VISIBLE_DEVICES=7
2026-05-12 11:48:21,111 [INFO] ms-clip: launching predict_smi (n_candidates=256)
2026-05-12 11:48:33,176 [WARNING] ms-clip dropped SMILES CN(C)C1=CC2=C3C=C(N(C)C)C=CN3CCCN2C=C1.CN1c2ccccc2N(C)C12CCCCC21N(C)c2ccccc2N1C.[Li+].[O-]c1cccc2ccc[nH+]c12; emitting sentinel -1.0
2026-05-12 11:48:33,320 [INFO] ms-clip: auto-picked GPU 7 (free 24092 MiB)
2026-05-12 11:48:33,320 [INFO] ms-clip: using CUDA_VISIBLE_DEVICES=7
2026-05-12 11:48:33,320 [INFO] ms-clip: launching predict_smi (n_candidates=256)
2026-05-12 11:48:44,971 [WARNING] ms-clip dropped SMILES CC(C)=CCC/C(C)=C/CC/C(C)=C/CCN(C)CCOP(=O)([O-])OP(=O)([O-])O.[Mg+2]; emitting sentinel -1.0
2026-05-12 11:48:45,102 [INFO] ms-clip: auto-picked GPU 7 (free 24092 MiB)
2026-05-12 11:48:45,102 [INFO] ms-clip: using CUDA_VISIBLE_DEVICES=7
2026-05-12 11:48:45,102 [INFO] ms-clip: launching predict_smi (n_candidates=256)
2026-05-12 11:48:57,229 [INFO] ms-clip: auto-picked GPU 7 (free 24092 MiB)
2026-05-12 11:48:57,230 [INFO] ms-clip: using CUDA_VISIBLE_DEVICES=7
2026-05-12 11:48:57,230 [INFO] ms-clip: launching predict_smi (n_candidates=256)
2026-05-12 11:49:09,103 [WARNING] ms-clip dropped SMILES C=CCc1cc(O)cc2c1C[C@@H]1[C@@H]3CCCC[C@]23CCN1[Sn](CCCC)(CCCC)CCCC; emitting sentinel -1.0
2026-05-12 11:49:09,103 [WARNING] ms-clip dropped SMILES CCCCCC[Sn](CCCCCC)(CCCCCC)Sc1nc(NCC)nc(NCC)n1; emitting sentinel -1.0
2026-05-12 11:49:09,103 [WARNING] ms-clip dropped SMILES CCOC(=O)C1CCN(Cc2ccccc2)C1.CON(C)C(=O)C1CCN(Cc2ccccc2)C1.C[Al](C)Cl; emitting sentinel -1.0
2026-05-12 11:49:09,240 [INFO] ms-clip: auto-picked GPU 7 (free 24092 MiB)
2026-05-12 11:49:09,241 [INFO] ms-clip: using CUDA_VISIBLE_DEVICES=7
2026-05-12 11:49:09,241 [INFO] ms-clip: launching predict_smi (n_candidates=256)
2026-05-12 11:49:20,864 [INFO] ms-clip: auto-picked GPU 7 (free 24092 MiB)
2026-05-12 11:49:20,864 [INFO] ms-clip: using CUDA_VISIBLE_DEVICES=7
2026-05-12 11:49:20,864 [INFO] ms-clip: launching predict_smi (n_candidates=256)
2026-05-12 11:49:33,076 [WARNING] ms-clip dropped SMILES CCCCCCCCCCCC[Sn+](CCCCCCCCCCCC)CCCCCCCCCCCC.CN(C)C(=S)[S-]; emitting sentinel -1.0
2026-05-12 11:49:33,077 [WARNING] ms-clip dropped SMILES CC(C)(C)c1cc(CN(Cc2cc(C(C)(C)C)cc(C(C)(C)C)c2[O-])Cc2cc(C(C)(C)C)cc(C(C)(C)C)c2[O-])c([O-])c(C(C)(C)C)c1.C[O-].[Ti+4]; emitting sentinel -1.0
2026-05-12 11:49:33,077 [WARNING] ms-clip dropped SMILES C[CH-]c1[c-]c(C(=O)c2cccs2)ccc1.[Y].[Y].[Y].[Y].[Y].[Y]; emitting sentinel -1.0
2026-05-12 11:49:33,077 [WARNING] ms-clip dropped SMILES [CH2-]C[CH-]CC[CH2-].[CH2-]C[CH2-].[Y].[Y].[Y].[Y].[Y].[Y].[Y]; emitting sentinel -1.0
2026-05-12 11:49:33,077 [WARNING] ms-clip dropped SMILES C[CH-]CC1CCCCC1.[Y].[Y].[Y].[Y].[Y].[Y].[Y]; emitting sentinel -1.0
2026-05-12 11:49:33,222 [INFO] ms-clip: auto-picked GPU 7 (free 24092 MiB)
2026-05-12 11:49:33,222 [INFO] ms-clip: using CUDA_VISIBLE_DEVICES=7
2026-05-12 11:49:33,222 [INFO] ms-clip: launching predict_smi (n_candidates=256)
2026-05-12 11:49:45,357 [INFO] spec 270/500  MassSpecGymID0012652  pool=256  pred=OJYUSGQDUGFHOF  correct=False  t=12.3s
2026-05-12 11:49:45,471 [INFO] ms-clip: auto-picked GPU 7 (free 24092 MiB)
2026-05-12 11:49:45,472 [INFO] ms-clip: using CUDA_VISIBLE_DEVICES=7
2026-05-12 11:49:45,472 [INFO] ms-clip: launching predict_smi (n_candidates=256)
2026-05-12 11:49:57,194 [WARNING] ms-clip dropped SMILES CC(C)c1cccc(C(C)C)c1N1[CH-]C2(CC1(C)C)C1CC3CC(C1)CC2C3.Cl[Ag]; emitting sentinel -1.0
2026-05-12 11:49:57,194 [WARNING] ms-clip dropped SMILES CCC1=[C-]CC=C1.CCC1=[C-]CC=C1.CCc1cccc(O)c1.CCc1cccc(O)c1.[Zr+2]; emitting sentinel -1.0
2026-05-12 11:49:57,194 [WARNING] ms-clip dropped SMILES CCCCC1=[C-]CC=C1.CCCCC1=[C-]CC=C1.Oc1ccccc1.Oc1ccccc1.[Zr+2]; emitting sentinel -1.0
2026-05-12 11:49:57,194 [WARNING] ms-clip dropped SMILES CC[c-]1cccc1.CC[c-]1cccc1.CCc1ccccc1O.CCc1ccccc1O.[Zr+2]; emitting sentinel -1.0
2026-05-12 11:49:57,323 [INFO] ms-clip: auto-picked GPU 7 (free 24092 MiB)
2026-05-12 11:49:57,323 [INFO] ms-clip: using CUDA_VISIBLE_DEVICES=7
2026-05-12 11:49:57,323 [INFO] ms-clip: launching predict_smi (n_candidates=256)
2026-05-12 11:50:08,909 [INFO] ms-clip: auto-picked GPU 7 (free 24092 MiB)
2026-05-12 11:50:08,909 [INFO] ms-clip: using CUDA_VISIBLE_DEVICES=7
2026-05-12 11:50:08,910 [INFO] ms-clip: launching predict_smi (n_candidates=256)
2026-05-12 11:50:20,741 [WARNING] ms-clip dropped SMILES CCCCCCCCCCCCCCCCOP(=O)([O-])[O-].CCCCCCCCCCCCCCCCOS(=O)(=O)c1cccc2cc3ccccc3cc12.[Mn+2]; emitting sentinel -1.0
2026-05-12 11:50:20,741 [WARNING] ms-clip dropped SMILES Cc1c(C)[n+](C)c(-c2c3nc(c(-c4n(C)c(C)c(C)[n+]4C)c4ccc([nH]4)c(-c4n(C)c(C)c(C)[n+]4C)c4nc(c(-c5n(C)c(C)c(C)[n+]5C)c5ccc2[nH]5)C=C4)C=C3)n1C.[Mn+3]; emitting sentinel -1.0
2026-05-12 11:50:20,741 [WARNING] ms-clip dropped SMILES CCn1cc[n+](CC)c1-c1c2nc(c(-c3n(CC)cc[n+]3CC)c3ccc([nH]3)c(-c3n(CC)cc[n+]3CC)c3ccc([nH]3)c(-c3n(CC)cc[n+]3CC)c3nc1C=C3)C=C2.[Mn+3]; emitting sentinel -1.0
2026-05-12 11:50:20,741 [WARNING] ms-clip dropped SMILES CC(C)c1cccc(C(C)C)c1N1C=CN(c2c(C(C)C)cccc2C(C)C)B1/C=C(\[Sn]N(c1c(C(C)C)cccc1C(C)C)[Si](C)(C)C)c1ccccc1; emitting sentinel -1.0
2026-05-12 11:50:20,742 [WARNING] ms-clip dropped SMILES CCn1cc[n+](CC)c1-c1c2nc(c(-c3n(CC)cc[n+]3CC)c3ccc([nH]3)c(-c3n(CC)cc[n+]3CC)c3nc(c(-c4n(CC)cc[n+]4CC)c4ccc1[nH]4)C=C3)C=C2.[Mn+3]; emitting sentinel -1.0
[11:50:20] WARNING: not removing hydrogen atom without neighbors
[11:50:20] WARNING: not removing hydrogen atom without neighbors
2026-05-12 11:50:20,890 [INFO] ms-clip: auto-picked GPU 7 (free 24092 MiB)
2026-05-12 11:50:20,890 [INFO] ms-clip: using CUDA_VISIBLE_DEVICES=7
2026-05-12 11:50:20,890 [INFO] ms-clip: launching predict_smi (n_candidates=256)
2026-05-12 11:50:32,391 [WARNING] ms-clip dropped SMILES Cl.Nc1nc2nc[nH]c2c(=O)[nH]1.O=[Bi]; emitting sentinel -1.0
2026-05-12 11:50:32,391 [WARNING] ms-clip dropped SMILES O=[Ge](OC1=C(O)C(C(O)CO)OC1)OC1=C(O)COC1C(O)CO; emitting sentinel -1.0
2026-05-12 11:50:32,391 [WARNING] ms-clip dropped SMILES C1CCOC1.C1CCOC1.CC(C)(C)C=[Nb](Cl)(Cl)Cl; emitting sentinel -1.0
2026-05-12 11:50:32,523 [INFO] ms-clip: auto-picked GPU 7 (free 24092 MiB)
2026-05-12 11:50:32,523 [INFO] ms-clip: using CUDA_VISIBLE_DEVICES=7
2026-05-12 11:50:32,523 [INFO] ms-clip: launching predict_smi (n_candidates=256)
2026-05-12 11:50:44,052 [WARNING] ms-clip dropped SMILES Cc1ccc(N(c2ccc(N(c3ccccc3)c3ccccc3)cc2)c2ccc([Ge](c3ccccc3)(c3ccccc3)c3ccccc3)cc2)cc1; emitting sentinel -1.0
2026-05-12 11:50:44,052 [WARNING] ms-clip dropped SMILES CCCCC(CC)COC(=O)CS[Sb](SCC(=O)OCC(CC)CCCC)SCC(=O)OCC(CC)CCCC; emitting sentinel -1.0
2026-05-12 11:50:44,052 [WARNING] ms-clip dropped SMILES CC(O)CC(C)O.CN1[CH-]N(c2[c-]cccc2)c2ccccc21.[CH2-]C=C[PH+](c1ccccc1)c1ccccc1.[Os]; emitting sentinel -1.0
2026-05-12 11:50:44,186 [INFO] ms-clip: auto-picked GPU 7 (free 24092 MiB)
2026-05-12 11:50:44,186 [INFO] ms-clip: using CUDA_VISIBLE_DEVICES=7
2026-05-12 11:50:44,187 [INFO] ms-clip: launching predict_smi (n_candidates=256)
2026-05-12 11:50:56,280 [INFO] ms-clip: auto-picked GPU 7 (free 24092 MiB)
2026-05-12 11:50:56,281 [INFO] ms-clip: using CUDA_VISIBLE_DEVICES=7
2026-05-12 11:50:56,281 [INFO] ms-clip: launching predict_smi (n_candidates=256)
2026-05-12 11:51:08,266 [WARNING] ms-clip dropped SMILES CCC(C)OC(OC(C)CC1CCCCC1)c1ccc(C(=O)NC(CCSC)C(=O)O)c(-c2ccccc2C)c1.[Li]; emitting sentinel -1.0
2026-05-12 11:51:08,266 [WARNING] ms-clip dropped SMILES C.C=C(C(C)=O)N1CCC(CC(=O)OC)CC1.C=C(C(C)=O)N1CCC(CC(=O)OC)CC1.CC.[CH2-]C.[V]; emitting sentinel -1.0
2026-05-12 11:51:08,266 [WARNING] ms-clip dropped SMILES CC(C)(C)[Si](C)(C)O.CC(C)(C)[Si](C)(C)O.CC(C)(C)[Si](C)(C)O.CC(C)(C)[Si](C)(C)O.[Ti]; emitting sentinel -1.0
2026-05-12 11:51:08,403 [INFO] ms-clip: auto-picked GPU 7 (free 24092 MiB)
2026-05-12 11:51:08,403 [INFO] ms-clip: using CUDA_VISIBLE_DEVICES=7
2026-05-12 11:51:08,403 [INFO] ms-clip: launching predict_smi (n_candidates=256)
2026-05-12 11:51:20,089 [INFO] ms-clip: auto-picked GPU 7 (free 24092 MiB)
2026-05-12 11:51:20,089 [INFO] ms-clip: using CUDA_VISIBLE_DEVICES=7
2026-05-12 11:51:20,089 [INFO] ms-clip: launching predict_smi (n_candidates=256)
2026-05-12 11:51:31,972 [WARNING] ms-clip dropped SMILES COC([O-])(CC(NC(=O)OC(C)(C)C)C1COC(C)(C)O1)c1cccs1.[Li+]; emitting sentinel -1.0
2026-05-12 11:51:32,114 [INFO] ms-clip: auto-picked GPU 7 (free 24092 MiB)
2026-05-12 11:51:32,114 [INFO] ms-clip: using CUDA_VISIBLE_DEVICES=7
2026-05-12 11:51:32,115 [INFO] ms-clip: launching predict_smi (n_candidates=256)
2026-05-12 11:51:43,518 [WARNING] ms-clip dropped SMILES [CH2-]C(C)=O.[CH2-]CN1CC2CCN(C)C2C1.[W+2]; emitting sentinel -1.0
2026-05-12 11:51:43,519 [WARNING] ms-clip dropped SMILES C1=CC2OC[n+]3c(sc4ccccc43)C2C=C1.[Li+].[O-]c1cccc2ccc[nH+]c12; emitting sentinel -1.0
2026-05-12 11:51:44,122 [INFO] spec 280/500  MassSpecGymID0247776  pool=256  pred=KQIXOBKAGZBVGB  correct=True  t=12.1s
2026-05-12 11:51:44,242 [INFO] ms-clip: auto-picked GPU 7 (free 24092 MiB)
2026-05-12 11:51:44,242 [INFO] ms-clip: using CUDA_VISIBLE_DEVICES=7
2026-05-12 11:51:44,242 [INFO] ms-clip: launching predict_smi (n_candidates=256)
2026-05-12 11:51:56,222 [INFO] ms-clip: auto-picked GPU 7 (free 24092 MiB)
2026-05-12 11:51:56,222 [INFO] ms-clip: using CUDA_VISIBLE_DEVICES=7
2026-05-12 11:51:56,223 [INFO] ms-clip: launching predict_smi (n_candidates=256)
2026-05-12 11:52:08,730 [WARNING] ms-clip dropped SMILES CC#N.CC(C)c1cc(C(C)C)n([B-](n2nc(C(C)C)cc2C(C)C)n2nc(C(C)C)cc2C(C)C)n1.[Cu+]; emitting sentinel -1.0
2026-05-12 11:52:08,885 [INFO] ms-clip: auto-picked GPU 7 (free 23652 MiB)
2026-05-12 11:52:08,885 [INFO] ms-clip: using CUDA_VISIBLE_DEVICES=7
2026-05-12 11:52:08,886 [INFO] ms-clip: launching predict_smi (n_candidates=256)
2026-05-12 11:52:20,789 [WARNING] ms-clip dropped SMILES Cn1c2nc3nc(nc4[n-]c(nc5nc(nc1c1cc6ccccc6cc12)-c1cc2ccccc2cc1-5)c1cc2ccccc2cc41)-c1cc2ccccc2cc1-3.O=[V]; emitting sentinel -1.0
2026-05-12 11:52:20,789 [WARNING] ms-clip dropped SMILES C=CCN(C)Cc1cccc(N)c1.C=CCN(C)Cc1cccc([N+](=O)[O-])c1.C=CCNC.Cl[Sn]Cl.O=Cc1cccc([N+](=O)[O-])c1; emitting sentinel -1.0
2026-05-12 11:52:20,789 [WARNING] ms-clip dropped SMILES Cc1cc(Oc2[c-]c3c(cc2)c2ccccc2n3-c2cc(F)ccn2)[c-]c(-n2nc(-c3ccccc3)c(-c3c(C)cccc3C)c2-c2ccccc2)c1.[Pd+2]; emitting sentinel -1.0
2026-05-12 11:52:20,789 [WARNING] ms-clip dropped SMILES CCOC(=O)C(C(=O)OCC)=C(C)C.CCOC(=O)C(C(=O)OCC)C(C)(C)c1ccc(C(F)(F)F)cc1.FC(F)(F)c1cc[c-]cc1.[Br-].[Mg+2]; emitting sentinel -1.0
2026-05-12 11:52:20,789 [WARNING] ms-clip dropped SMILES Cc1cc(C)c(/N=C2C(=N/c3c(C)cc(C)cc3-c3cccc4ccccc34)/c3c(C)c(Cl)cc4cccc/2c34)c(-c2cccc3ccccc23)c1.[Pd]; emitting sentinel -1.0
2026-05-12 11:52:20,789 [WARNING] ms-clip dropped SMILES Fc1c[c-]c(-c2cccc(-c3[c-]cc(F)cc3F)n2)c(F)c1.[Au+3].[C-]#Cc1c(C)cc(N(c2ccccc2)c2ccccc2)cc1C; emitting sentinel -1.0
2026-05-12 11:52:20,789 [WARNING] ms-clip dropped SMILES Cc1ccc([C+]2c3ccc([n-]3)[C+](c3ccc([N+](=O)[O-])cc3)c3ccc([n-]3)[C+](c3ccc(C)cc3)c3ccc([n-]3)[C+](c3ccc([N+](=O)[O-])cc3)c3ccc2[n-]3)cc1.[Zn]; emitting sentinel -1.0
2026-05-12 11:52:20,789 [WARNING] ms-clip dropped SMILES CCSC(=S)NCCC1C(=O)O[C-]2CN(C)C3[CH-]CN(Cc4cccc(n4)CN1C2)C(CCNC(=S)SCC[C@H](N)C(=O)O)C(=O)OC3.[Mn+2]; emitting sentinel -1.0
2026-05-12 11:52:20,789 [WARNING] ms-clip dropped SMILES CCCCC(CC)Cc1nc2c3cc([Sn](C)(C)C)sc3c3sc([Sn](C)(C)C)cc3c2nc1CC(CC)CCCC; emitting sentinel -1.0
2026-05-12 11:52:20,789 [WARNING] ms-clip dropped SMILES O=C1C=CC(=C2c3ccc([n-]3)C(=C3C=CC(=O)C=C3)c3ccc([nH]3)C(=C3C=Cc4ccccc4N3)c3ccc([n-]3)C(=C3C=CC(=O)C=C3)c3ccc2[nH]3)C=C1.[OH3+].[Zn+2]; emitting sentinel -1.0
2026-05-12 11:52:20,789 [WARNING] ms-clip dropped SMILES [Hf].c1ccc(-c2ccc(-c3cc4c(ccc5ccccc54)[cH-]3)o2)cc1.c1ccc(-c2ccc(-c3cc4c(ccc5ccccc54)[cH-]3)o2)cc1; emitting sentinel -1.0
2026-05-12 11:52:20,789 [WARNING] ms-clip dropped SMILES C=CCOP(=NC)(N=P(N=P(N=P(N=P(C)(O)OCC)(OCC)OCC)(OCC)OCC)(OCC)OCC)OCC.[NH2-].[Y]; emitting sentinel -1.0
2026-05-12 11:52:20,789 [WARNING] ms-clip dropped SMILES Cc1ccc2c(c1)C(=O)C(c1nc3c4cccnc4c4ncccc4c3[nH]1)CO2.[Ru].c1ccc(-c2ccccn2)nc1.c1ccc(-c2ccccn2)nc1; emitting sentinel -1.0
2026-05-12 11:52:20,790 [WARNING] ms-clip dropped SMILES C.CCOC(=O)C(=O)c1c(Cl)c(C(=O)Nc2ccc(F)c(C#N)c2)n(C)c1C.Cc1c(C(=O)C(=O)O)c(Cl)c(C(=O)Nc2ccc(F)c(C#N)c2)n1C.[Li+].[OH-]; emitting sentinel -1.0
2026-05-12 11:52:20,790 [WARNING] ms-clip dropped SMILES COc1ccc(NC(=O)C(c2ccccc2C)N(CCNC(=O)OCc2ccccc2)C(=O)Cn2cc(C)c(=O)[nH]c2=O)c([N+](=O)[O-])c1.[C-]#[O+].[C-]#[O+].[C-]#[O+].[Cr]; emitting sentinel -1.0
2026-05-12 11:52:20,790 [WARNING] ms-clip dropped SMILES Oc1ccc(-c2c3nc(c(-c4ccc(O)cc4)c4ccc([n-]4)c(-c4ccc5ccccc5n4)c4nc(c(-c5ccc(O)cc5)c5ccc2[n-]5)C=C4)C=C3)cc1.[OH3+].[Zn+2]; emitting sentinel -1.0
2026-05-12 11:52:20,790 [WARNING] ms-clip dropped SMILES CCOc1ccc(C(=N\N=C(/[S-])NC)/C(=N/N=C(\[S-])NCCOC[P+](c2ccccc2)(c2ccccc2)c2ccccc2)c2ccccc2)cc1.[Cu+2]; emitting sentinel -1.0
2026-05-12 11:52:20,969 [INFO] ms-clip: auto-picked GPU 7 (free 22746 MiB)
2026-05-12 11:52:20,969 [INFO] ms-clip: using CUDA_VISIBLE_DEVICES=7
2026-05-12 11:52:20,969 [INFO] ms-clip: launching predict_smi (n_candidates=256)
2026-05-12 11:52:32,851 [WARNING] ms-clip dropped SMILES CCOC(C)Oc1ccc(PC(=O)c2c(OC)cc(OC)cc2OC)cc1.[Li+]; emitting sentinel -1.0
2026-05-12 11:52:32,851 [WARNING] ms-clip dropped SMILES [CH][N+]1(C)CC[N+]([CH])(CCCN2c3ccccc3Sc3ccc(Cl)cc32)CC1; emitting sentinel -1.0
2026-05-12 11:52:32,852 [WARNING] ms-clip dropped SMILES CCCC/[C-]=C(\CCCC)C(C)=[N-].[CH]1[CH][CH][CH][CH]1.[CH]1[CH][CH][CH][CH]1.[Zr+2]; emitting sentinel -1.0
2026-05-12 11:52:33,004 [INFO] ms-clip: auto-picked GPU 7 (free 22266 MiB)
2026-05-12 11:52:33,005 [INFO] ms-clip: using CUDA_VISIBLE_DEVICES=7
2026-05-12 11:52:33,005 [INFO] ms-clip: launching predict_smi (n_candidates=256)
2026-05-12 11:52:44,905 [INFO] ms-clip: auto-picked GPU 7 (free 21624 MiB)
2026-05-12 11:52:44,906 [INFO] ms-clip: using CUDA_VISIBLE_DEVICES=7
2026-05-12 11:52:44,906 [INFO] ms-clip: launching predict_smi (n_candidates=108)
2026-05-12 11:52:56,285 [WARNING] ms-clip dropped SMILES CCCCCCCCCCCCCCCCCC(=O)NCCCCC(N)C(=O)[O-].CCCCCCCCCCCCCCCCCC(=O)NCCCCC(N)C(=O)[O-].[Ca+2]; emitting sentinel -1.0
2026-05-12 11:52:56,286 [WARNING] ms-clip dropped SMILES CCCCCCCCCCCCCCCCC/C([O-])=N/CCCC[C@H](N)C(=O)[O-].CCCCCCCCCCCCCCCCCC(=O)NCCCC[C@H](N)C(=O)O.[Ca+2]; emitting sentinel -1.0
2026-05-12 11:52:56,286 [WARNING] ms-clip dropped SMILES [Cu+2].[O-]c1c(Br)cc(Br)cc1/C=N/Cc1ccccc1Cl.[O-]c1c(Br)cc(Br)cc1/C=N/Cc1ccccc1Cl; emitting sentinel -1.0
2026-05-12 11:52:56,286 [WARNING] ms-clip dropped SMILES CCCCCCCCCCCCCCCCCC(=O)NCCCC[C@H](N)C(=O)[O-].CCCCCCCCCCCCCCCCCC(=O)NCCCC[C@H](N)C(=O)[O-].[Ca+2]; emitting sentinel -1.0
2026-05-12 11:52:56,439 [INFO] ms-clip: auto-picked GPU 7 (free 22394 MiB)
2026-05-12 11:52:56,439 [INFO] ms-clip: using CUDA_VISIBLE_DEVICES=7
2026-05-12 11:52:56,439 [INFO] ms-clip: launching predict_smi (n_candidates=256)
2026-05-12 11:53:07,949 [WARNING] ms-clip dropped SMILES [CH2]CCC.[CH2]CCC.[CH2]CCC.[CH]=CN1CCOC1=O.[Sn]; emitting sentinel -1.0
2026-05-12 11:53:08,102 [INFO] ms-clip: auto-picked GPU 7 (free 22794 MiB)
2026-05-12 11:53:08,102 [INFO] ms-clip: using CUDA_VISIBLE_DEVICES=7
2026-05-12 11:53:08,102 [INFO] ms-clip: launching predict_smi (n_candidates=256)
2026-05-12 11:53:19,824 [WARNING] ms-clip dropped SMILES C[C@H](c1ccccc1)N1C[C-]1C1=NC(C)(C)CO1.[Li+]; emitting sentinel -1.0
2026-05-12 11:53:19,824 [WARNING] ms-clip dropped SMILES C[C@H](c1ccccc1)N1CC1=C1[N]C(C)(C)CO1.[Li]; emitting sentinel -1.0
2026-05-12 11:53:20,024 [INFO] ms-clip: auto-picked GPU 7 (free 23698 MiB)
2026-05-12 11:53:20,024 [INFO] ms-clip: using CUDA_VISIBLE_DEVICES=7
2026-05-12 11:53:20,025 [INFO] ms-clip: launching predict_smi (n_candidates=53)
2026-05-12 11:53:31,325 [WARNING] ms-clip dropped SMILES CC.CC[CH-]c1[c-]cc(C(C)C)cc1.[CH3-].[Y].[Y].[Y].[Y].[Y].[Y]; emitting sentinel -1.0
2026-05-12 11:53:31,456 [INFO] ms-clip: auto-picked GPU 7 (free 24092 MiB)
2026-05-12 11:53:31,456 [INFO] ms-clip: using CUDA_VISIBLE_DEVICES=7
2026-05-12 11:53:31,456 [INFO] ms-clip: launching predict_smi (n_candidates=256)
2026-05-12 11:53:43,292 [INFO] spec 290/500  MassSpecGymID0215817  pool=256  pred=ATZKNJQPPLSNBB  correct=True  t=11.9s
2026-05-12 11:53:43,398 [INFO] ms-clip: auto-picked GPU 7 (free 24092 MiB)
2026-05-12 11:53:43,398 [INFO] ms-clip: using CUDA_VISIBLE_DEVICES=7
2026-05-12 11:53:43,398 [INFO] ms-clip: launching predict_smi (n_candidates=256)
2026-05-12 11:53:55,495 [WARNING] ms-clip dropped SMILES CCCCc1cccc2c1[cH-]c1ccccc12.CCCCc1cccc2c1[cH-]c1ccccc12.Clc1cc[c-]cc1.[CH2-]CCCC.[CH3-].[Ti]; emitting sentinel -1.0
2026-05-12 11:53:55,628 [INFO] ms-clip: auto-picked GPU 7 (free 24092 MiB)
2026-05-12 11:53:55,628 [INFO] ms-clip: using CUDA_VISIBLE_DEVICES=7
2026-05-12 11:53:55,628 [INFO] ms-clip: launching predict_smi (n_candidates=256)
2026-05-12 11:54:07,485 [WARNING] ms-clip dropped SMILES CC[C@H]1O[C@H]1CCCC/C=C\CCCCCCCCCC(=O)OC.CC[C@H]1O[C@H]1CCCCC#CCCCCCCCCCC(=O)OC.[H][H].[Ni].[PH-2]; emitting sentinel -1.0
2026-05-12 11:54:07,485 [WARNING] ms-clip dropped SMILES CCCCCCCC/C=C\CCCCCCCC(=O)O.CCCCCCCC/C=C\CCCCCCCC(=O)O.[Hg]; emitting sentinel -1.0
2026-05-12 11:54:07,485 [WARNING] ms-clip dropped SMILES CCCCC(CC)C(=O)[O-].CCCCC(CC)C(=O)[O-].CCCCC(CC)C(=O)[O-].CCCCC(CC)C(=O)[O-].CCCCC(CC)C(=O)[O-].[V]; emitting sentinel -1.0
2026-05-12 11:54:07,486 [WARNING] ms-clip dropped SMILES [Au].[Cd].[Cd].[Cd].[Cd].[Cd]; emitting sentinel -1.0
2026-05-12 11:54:07,486 [WARNING] ms-clip dropped SMILES C1CCC([PH+](C2CCCCC2)C2CCCCC2)CC1.C1CCC([PH+](C2CCCCC2)C2CCCCC2)CC1.C1CCOC1.[CH3-].[CH3-].[Ru+2]; emitting sentinel -1.0
2026-05-12 11:54:07,486 [WARNING] ms-clip dropped SMILES CCCCCCCC(=O)[O-].CCCCCCCC(=O)[O-].CCCCCCCC(=O)[O-].CCCCCCCC(=O)[O-].CCCCCCCC(=O)[O-].[V]; emitting sentinel -1.0
2026-05-12 11:54:07,649 [INFO] ms-clip: auto-picked GPU 7 (free 24092 MiB)
2026-05-12 11:54:07,649 [INFO] ms-clip: using CUDA_VISIBLE_DEVICES=7
2026-05-12 11:54:07,650 [INFO] ms-clip: launching predict_smi (n_candidates=256)
2026-05-12 11:54:19,616 [WARNING] ms-clip dropped SMILES C#C[In]1C[C@H](CC)CC[C@H]1[C@H](O)c1ccnc2ccc(OC)cc12; emitting sentinel -1.0
2026-05-12 11:54:19,617 [WARNING] ms-clip dropped SMILES CC1=C(C(=O)Nc2cc(C(=O)O)ccn2)C(c2ccc(C)cc2Cl)N=C(N[Al])N1; emitting sentinel -1.0
2026-05-12 11:54:19,617 [WARNING] ms-clip dropped SMILES Cc1cc(=O)oc2cc(OP(=O)(O)OC3[C@H](O)[C@H](O)C(O)[C@H](O)[C@H]3O)ccc12.[Li]; emitting sentinel -1.0
2026-05-12 11:54:19,823 [INFO] ms-clip: auto-picked GPU 7 (free 24092 MiB)
2026-05-12 11:54:19,823 [INFO] ms-clip: using CUDA_VISIBLE_DEVICES=7
2026-05-12 11:54:19,823 [INFO] ms-clip: launching predict_smi (n_candidates=256)
2026-05-12 11:54:31,728 [WARNING] ms-clip dropped SMILES [CH2+][C@@H]1CC(COC)(COC)C[C@H]1[CH2-].[CH]1C=CC=C1.[CH]1C=CC=C1.[Zr]; emitting sentinel -1.0
2026-05-12 11:54:31,907 [INFO] ms-clip: auto-picked GPU 7 (free 24072 MiB)
2026-05-12 11:54:31,908 [INFO] ms-clip: using CUDA_VISIBLE_DEVICES=7
2026-05-12 11:54:31,908 [INFO] ms-clip: launching predict_smi (n_candidates=256)
2026-05-12 11:54:43,904 [WARNING] ms-clip dropped SMILES Cc1cccc(C)c1/N=C1\SCCS\C1=N/c1c(C)cccc1C.[Ni]; emitting sentinel -1.0
2026-05-12 11:54:43,904 [WARNING] ms-clip dropped SMILES CN(C)CCN(C)C.[C-]#[O+].[C-]#[O+].[C-]#[O+].[C-]#[O+].[W+2]; emitting sentinel -1.0
2026-05-12 11:54:43,905 [WARNING] ms-clip dropped SMILES Cc1ccc(-c2[c-]cccc2)[c-]c1-c1n(-c2ccccc2)cc[n+]1C.[Y]; emitting sentinel -1.0
2026-05-12 11:54:43,905 [WARNING] ms-clip dropped SMILES CC1=C(C)C(C)C([N-]C(C)(C)C)=C1C.C[Si](C)=[Zr].Cl.Cl; emitting sentinel -1.0
2026-05-12 11:54:43,905 [WARNING] ms-clip dropped SMILES CC(=O)O[Hg]C1C2CC3C(C2OC(C)=O)C31; emitting sentinel -1.0
2026-05-12 11:54:43,905 [WARNING] ms-clip dropped SMILES C=CC(=O)c1ccc(F)[c-]c1F.C=CC(=O)c1ccc(F)[c-]c1F.[CH3-].[CH3-].[Ti+4]; emitting sentinel -1.0
2026-05-12 11:54:43,905 [WARNING] ms-clip dropped SMILES [Ce+4].[c-]1ccccc1.c1cc[cH-]c1.c1cc[cH-]c1.c1cc[cH-]c1; emitting sentinel -1.0
2026-05-12 11:54:44,060 [INFO] ms-clip: auto-picked GPU 7 (free 24092 MiB)
2026-05-12 11:54:44,060 [INFO] ms-clip: using CUDA_VISIBLE_DEVICES=7
2026-05-12 11:54:44,060 [INFO] ms-clip: launching predict_smi (n_candidates=256)
2026-05-12 11:54:55,412 [WARNING] ms-clip dropped SMILES Cc1cscc1S[At]; emitting sentinel -1.0
2026-05-12 11:54:55,413 [WARNING] ms-clip dropped SMILES Cl.Cl.[CH3-].[CH3-].[Si]=[Zr].c1cc2c([cH-]1)CCCC2; emitting sentinel -1.0
2026-05-12 11:54:55,550 [INFO] ms-clip: auto-picked GPU 7 (free 24092 MiB)
2026-05-12 11:54:55,550 [INFO] ms-clip: using CUDA_VISIBLE_DEVICES=7
2026-05-12 11:54:55,550 [INFO] ms-clip: launching predict_smi (n_candidates=256)
2026-05-12 11:55:07,303 [INFO] ms-clip: auto-picked GPU 7 (free 24092 MiB)
2026-05-12 11:55:07,303 [INFO] ms-clip: using CUDA_VISIBLE_DEVICES=7
2026-05-12 11:55:07,303 [INFO] ms-clip: launching predict_smi (n_candidates=256)
2026-05-12 11:55:18,987 [INFO] ms-clip: auto-picked GPU 7 (free 24092 MiB)
2026-05-12 11:55:18,987 [INFO] ms-clip: using CUDA_VISIBLE_DEVICES=7
2026-05-12 11:55:18,987 [INFO] ms-clip: launching predict_smi (n_candidates=256)
2026-05-12 11:55:31,106 [INFO] ms-clip: auto-picked GPU 7 (free 24092 MiB)
2026-05-12 11:55:31,106 [INFO] ms-clip: using CUDA_VISIBLE_DEVICES=7
2026-05-12 11:55:31,107 [INFO] ms-clip: launching predict_smi (n_candidates=256)
2026-05-12 11:55:43,499 [WARNING] ms-clip dropped SMILES CC1=Cc2c(cc3c4c(cccc24)CC3)C1=[Ti]=C1C(C)=Cc2c1cc1c3c(cccc23)CC1.C[CH-]CCC(C)=[Si].[CH2-]CCC; emitting sentinel -1.0
2026-05-12 11:55:43,500 [WARNING] ms-clip dropped SMILES CC(C)(C)OC(=O)N/C(=B/OC#N)N1CCCCC1.O=[C-]NCC(=O)O.[Fm]; emitting sentinel -1.0
2026-05-12 11:55:43,521 [INFO] spec 300/500  MassSpecGymID0381365  pool=256  pred=BUTLALRVMIWSAK  correct=False  t=12.5s
2026-05-12 11:55:43,658 [INFO] ms-clip: auto-picked GPU 7 (free 24092 MiB)
2026-05-12 11:55:43,659 [INFO] ms-clip: using CUDA_VISIBLE_DEVICES=7
2026-05-12 11:55:43,659 [INFO] ms-clip: launching predict_smi (n_candidates=256)
2026-05-12 11:55:55,641 [WARNING] ms-clip dropped SMILES [CH2]CCC.[CH2]CCC.[CH2]CCC.[CH]=C1C[C@H]2C(=O)N(c3ccc(OC)cc3)[C@H]2[C@@H]1CC(=O)OC.[Sn]; emitting sentinel -1.0
2026-05-12 11:55:55,641 [WARNING] ms-clip dropped SMILES [CH2]CCC.[CH2]CCC.[CH2]CCC.[CH]=C1[C@H](CC(=O)OC)CN2C(=O)[C@@H](OCc3ccccc3)[C@@H]12.[Sn]; emitting sentinel -1.0
2026-05-12 11:55:55,641 [WARNING] ms-clip dropped SMILES C/C(=C\c1csc(C)n1)C1C[CH-]C(C)(C)CCCC(C)C(C)C(C)C(=O)C(C)(C)C(C)CC(=O)O1.[Y]; emitting sentinel -1.0
2026-05-12 11:55:55,642 [WARNING] ms-clip dropped SMILES CCCC[Sn](/C=C1\CN2C(=O)[C@H](OCc3ccccc3)[C@@H]2[C@H]1CC(=O)OC)(CCCC)CCCC; emitting sentinel -1.0
2026-05-12 11:55:55,805 [INFO] ms-clip: auto-picked GPU 7 (free 24092 MiB)
2026-05-12 11:55:55,805 [INFO] ms-clip: using CUDA_VISIBLE_DEVICES=7
2026-05-12 11:55:55,805 [INFO] ms-clip: launching predict_smi (n_candidates=256)
2026-05-12 11:56:07,700 [WARNING] ms-clip dropped SMILES CCCC[Sn](CCCC)CCCC.Oc1ccc2c(c1)OCO2; emitting sentinel -1.0
2026-05-12 11:56:07,892 [INFO] ms-clip: auto-picked GPU 7 (free 24073 MiB)
2026-05-12 11:56:07,892 [INFO] ms-clip: using CUDA_VISIBLE_DEVICES=7
2026-05-12 11:56:07,892 [INFO] ms-clip: launching predict_smi (n_candidates=256)
2026-05-12 11:56:19,754 [INFO] ms-clip: auto-picked GPU 7 (free 24092 MiB)
2026-05-12 11:56:19,754 [INFO] ms-clip: using CUDA_VISIBLE_DEVICES=7
2026-05-12 11:56:19,755 [INFO] ms-clip: launching predict_smi (n_candidates=256)
2026-05-12 11:56:31,486 [INFO] ms-clip: auto-picked GPU 7 (free 24092 MiB)
2026-05-12 11:56:31,487 [INFO] ms-clip: using CUDA_VISIBLE_DEVICES=7
2026-05-12 11:56:31,487 [INFO] ms-clip: launching predict_smi (n_candidates=256)
2026-05-12 11:56:43,370 [INFO] ms-clip: auto-picked GPU 7 (free 24092 MiB)
2026-05-12 11:56:43,370 [INFO] ms-clip: using CUDA_VISIBLE_DEVICES=7
2026-05-12 11:56:43,370 [INFO] ms-clip: launching predict_smi (n_candidates=256)
2026-05-12 11:56:55,298 [INFO] ms-clip: auto-picked GPU 7 (free 24092 MiB)
2026-05-12 11:56:55,298 [INFO] ms-clip: using CUDA_VISIBLE_DEVICES=7
2026-05-12 11:56:55,298 [INFO] ms-clip: launching predict_smi (n_candidates=256)
2026-05-12 11:57:07,624 [WARNING] ms-clip dropped SMILES CC(C)(C)c1cc(-c2cc3cc(C(C)(C)C)ccc3[cH-]2)cc(C(C)(C)C)c1.CC(C)(C)c1cc(-c2cc3cc(C(C)(C)C)ccc3[cH-]2)cc(C(C)(C)C)c1.[Hf+4]; emitting sentinel -1.0
[11:57:07] WARNING: not removing hydrogen atom without neighbors
2026-05-12 11:57:07,806 [INFO] ms-clip: auto-picked GPU 7 (free 24092 MiB)
2026-05-12 11:57:07,806 [INFO] ms-clip: using CUDA_VISIBLE_DEVICES=7
2026-05-12 11:57:07,807 [INFO] ms-clip: launching predict_smi (n_candidates=256)
2026-05-12 11:57:19,822 [INFO] ms-clip: auto-picked GPU 7 (free 23700 MiB)
2026-05-12 11:57:19,822 [INFO] ms-clip: using CUDA_VISIBLE_DEVICES=7
2026-05-12 11:57:19,822 [INFO] ms-clip: launching predict_smi (n_candidates=256)
2026-05-12 11:57:32,034 [INFO] ms-clip: auto-picked GPU 7 (free 24073 MiB)
2026-05-12 11:57:32,034 [INFO] ms-clip: using CUDA_VISIBLE_DEVICES=7
2026-05-12 11:57:32,034 [INFO] ms-clip: launching predict_smi (n_candidates=256)
2026-05-12 11:57:44,294 [WARNING] ms-clip dropped SMILES C[N-]C.C[N-]C.C[N-]C.[C]1=CC=CC1.[Hf]; emitting sentinel -1.0
2026-05-12 11:57:44,294 [WARNING] ms-clip dropped SMILES C/C(=C\C(C)[Sn](C)(C)C)OC(=O)N(C(C)C)C(C)C; emitting sentinel -1.0
2026-05-12 11:57:44,310 [INFO] spec 310/500  MassSpecGymID0215427  pool=256  pred=RGZNJUVMQCOEOI  correct=True  t=12.4s
2026-05-12 11:57:44,457 [INFO] ms-clip: auto-picked GPU 7 (free 22778 MiB)
2026-05-12 11:57:44,457 [INFO] ms-clip: using CUDA_VISIBLE_DEVICES=7
2026-05-12 11:57:44,457 [INFO] ms-clip: launching predict_smi (n_candidates=256)
2026-05-12 11:57:58,155 [WARNING] ms-clip dropped SMILES CC(C)CCCCC(=O)[O-].CC(C)CCCCC(=O)[O-].CC(C)CCCCC(=O)[O-].[Rh+3]; emitting sentinel -1.0
2026-05-12 11:57:58,291 [INFO] ms-clip: auto-picked GPU 7 (free 23364 MiB)
2026-05-12 11:57:58,292 [INFO] ms-clip: using CUDA_VISIBLE_DEVICES=7
2026-05-12 11:57:58,292 [INFO] ms-clip: launching predict_smi (n_candidates=256)
2026-05-12 11:58:10,205 [WARNING] ms-clip dropped SMILES Cc1ccnc(-n2c3cc(Oc4cncc(-n5c(=[Pt])n(C)c6ccccc65)c4)ccc3c3ccc4c(c32)C(C)(C)C(C)(C)C4(C)C)c1; emitting sentinel -1.0
2026-05-12 11:58:10,205 [WARNING] ms-clip dropped SMILES CC(C)(C)C(=O)N1C(=O)C2C3CC(C(OC(=O)C4CCCCC4)C31)C2C(=O)O[CH-]C(F)(F)S(=O)(=O)[O-].[Rf]; emitting sentinel -1.0
2026-05-12 11:58:10,205 [WARNING] ms-clip dropped SMILES CC.CC.CC.CCCCN1CCC(C(C(N)=O)(c2ccccc2)c2ccccc2)C1.[Re].[Re]; emitting sentinel -1.0
2026-05-12 11:58:10,205 [WARNING] ms-clip dropped SMILES Cc1ccnc(-n2c3cc(Oc4cncc(-n5c(=[Pt])n(C)c6ccccc65)c4)ccc3c3cc4c(cc32)C(C)(C)C(C)(C)C4(C)C)c1; emitting sentinel -1.0
2026-05-12 11:58:10,205 [WARNING] ms-clip dropped SMILES CO[C@H]1[C@@H](c2ccccc2)[C@@H]1[C@@H](O[Ge](c1c(C)cc(C)cc1C)c1c(C)cc(C)cc1C)[Ge](c1c(C)cc(C)cc1C)c1c(C)cc(C)cc1C; emitting sentinel -1.0
2026-05-12 11:58:10,205 [WARNING] ms-clip dropped SMILES C.C.COc1cccc(-c2ccc(NC(=O)C3=C(C(=O)[O-])CCC3)c(F)c2)c1.COc1cccc(-c2ccc(NC(=O)C3=C(C(=O)[O-])CCC3)c(F)c2)c1.O.[Ca+2].[H-].[H-]; emitting sentinel -1.0
2026-05-12 11:58:10,205 [WARNING] ms-clip dropped SMILES Cc1ccnc(-n2c3cc(Oc4cncc(-n5c(=[Pt])n(C)c6ccccc65)c4)ccc3c3c4c(ccc32)C(C)(C)C(C)(C)C4(C)C)c1; emitting sentinel -1.0
2026-05-12 11:58:10,205 [WARNING] ms-clip dropped SMILES C=C(C)[C@@H]1CC[C@@H](C)/C(=C/C(=O)OCC)C1.C=C(C)[C@@H]1CC[C@@H](C)/C(=C/CO)C1.CCOCC.C[CH-]I.[AlH3].[CH2-]C.[H-].[Li+].[V].[V]; emitting sentinel -1.0
2026-05-12 11:58:10,206 [WARNING] ms-clip dropped SMILES CCCCCCC(CCCCC)(CCCCOC(=O)/C=C\C(=O)[O-])OC(=O)/C=C\C(=O)OCCCC.CCCCOC(=O)/C=C\C(=O)[O-].[Sn+2]; emitting sentinel -1.0
2026-05-12 11:58:10,385 [INFO] ms-clip: auto-picked GPU 7 (free 23698 MiB)
2026-05-12 11:58:10,386 [INFO] ms-clip: using CUDA_VISIBLE_DEVICES=7
2026-05-12 11:58:10,386 [INFO] ms-clip: launching predict_smi (n_candidates=256)
2026-05-12 11:58:22,195 [WARNING] ms-clip dropped SMILES CCCCCCC(=O)O.CCCCCCC(=O)O.CCCCCCC(=O)[O-].[U]; emitting sentinel -1.0
2026-05-12 11:58:22,196 [WARNING] ms-clip dropped SMILES CCCCCCCCCCCCCCCCCCO.O=[V].Oc1cccc2cccnc12.Oc1cccc2cccnc12; emitting sentinel -1.0
2026-05-12 11:58:22,409 [INFO] ms-clip: auto-picked GPU 7 (free 24092 MiB)
2026-05-12 11:58:22,409 [INFO] ms-clip: using CUDA_VISIBLE_DEVICES=7
2026-05-12 11:58:22,410 [INFO] ms-clip: launching predict_smi (n_candidates=256)
2026-05-12 11:58:34,249 [INFO] ms-clip: auto-picked GPU 7 (free 24073 MiB)
2026-05-12 11:58:34,249 [INFO] ms-clip: using CUDA_VISIBLE_DEVICES=7
2026-05-12 11:58:34,249 [INFO] ms-clip: launching predict_smi (n_candidates=256)
2026-05-12 11:58:45,325 [WARNING] ms-clip dropped SMILES Nc1ccn([C@@H]2O[C@H](CO[TlH2])[C@@H]3O[C@@H]32)c(=O)n1; emitting sentinel -1.0
2026-05-12 11:58:45,325 [WARNING] ms-clip dropped SMILES CC(=O)/C=C(/C)O.COc1c[c-]c(-c2cc(C)ccn2)c(OC)c1.[Rh]; emitting sentinel -1.0
2026-05-12 11:58:45,325 [WARNING] ms-clip dropped SMILES Nc1n[n+]([O-])c2cc([N+](=O)[O-])ccc2[n+]1[O-].O=[N+]([O-])c1ccc2c(c1)[n+]([O-])nc[n+]2[O-]; emitting sentinel -1.0
2026-05-12 11:58:45,451 [INFO] ms-clip: auto-picked GPU 7 (free 24092 MiB)
2026-05-12 11:58:45,451 [INFO] ms-clip: using CUDA_VISIBLE_DEVICES=7
2026-05-12 11:58:45,452 [INFO] ms-clip: launching predict_smi (n_candidates=256)
2026-05-12 11:58:58,165 [INFO] ms-clip: auto-picked GPU 7 (free 22840 MiB)
2026-05-12 11:58:58,166 [INFO] ms-clip: using CUDA_VISIBLE_DEVICES=7
2026-05-12 11:58:58,166 [INFO] ms-clip: launching predict_smi (n_candidates=256)
2026-05-12 11:59:10,792 [INFO] ms-clip: auto-picked GPU 7 (free 20808 MiB)
2026-05-12 11:59:10,792 [INFO] ms-clip: using CUDA_VISIBLE_DEVICES=7
2026-05-12 11:59:10,792 [INFO] ms-clip: launching predict_smi (n_candidates=256)
2026-05-12 11:59:23,302 [INFO] ms-clip: auto-picked GPU 7 (free 20808 MiB)
2026-05-12 11:59:23,302 [INFO] ms-clip: using CUDA_VISIBLE_DEVICES=7
2026-05-12 11:59:23,303 [INFO] ms-clip: launching predict_smi (n_candidates=256)
2026-05-12 11:59:34,896 [WARNING] ms-clip dropped SMILES CCCCOC(=O)c1ccccc1C(=O)[O-].CCCCOC(=O)c1ccccc1C(=O)[O-].[Ca+2]; emitting sentinel -1.0
2026-05-12 11:59:35,052 [INFO] ms-clip: auto-picked GPU 7 (free 20364 MiB)
2026-05-12 11:59:35,052 [INFO] ms-clip: using CUDA_VISIBLE_DEVICES=7
2026-05-12 11:59:35,052 [INFO] ms-clip: launching predict_smi (n_candidates=256)
2026-05-12 11:59:47,156 [INFO] spec 320/500  MassSpecGymID0336431  pool=256  pred=MHQYDMDJLVIBKF  correct=False  t=12.2s
2026-05-12 11:59:47,289 [INFO] ms-clip: auto-picked GPU 7 (free 20364 MiB)
2026-05-12 11:59:47,289 [INFO] ms-clip: using CUDA_VISIBLE_DEVICES=7
2026-05-12 11:59:47,289 [INFO] ms-clip: launching predict_smi (n_candidates=256)
2026-05-12 11:59:59,191 [WARNING] ms-clip dropped SMILES Cc1cc(C)c([Ge](c2c(C)cc(C)cc2C)(c2c(C)cc(C)cc2C)N2C[N-]2)c(C)c1.[Li+]; emitting sentinel -1.0
2026-05-12 11:59:59,344 [INFO] ms-clip: auto-picked GPU 7 (free 20364 MiB)
2026-05-12 11:59:59,344 [INFO] ms-clip: using CUDA_VISIBLE_DEVICES=7
2026-05-12 11:59:59,344 [INFO] ms-clip: launching predict_smi (n_candidates=256)
2026-05-12 12:00:11,186 [INFO] ms-clip: auto-picked GPU 7 (free 20364 MiB)
2026-05-12 12:00:11,186 [INFO] ms-clip: using CUDA_VISIBLE_DEVICES=7
2026-05-12 12:00:11,186 [INFO] ms-clip: launching predict_smi (n_candidates=256)
2026-05-12 12:00:23,693 [WARNING] ms-clip dropped SMILES CC(C)(C)c1ccnc(O[n+]2[c-]n(-c3cccc(Oc4ccc5c(c4)oc4ccccc45)c3)c3ccccc32)c1; emitting sentinel -1.0
2026-05-12 12:00:23,693 [WARNING] ms-clip dropped SMILES Cc1ccc(-c2ccc(C34CC5CC(CC(C5)C3)C4)cc2)c2cc(CC3CCCCC3)[cH-]c12.[Zr]; emitting sentinel -1.0
2026-05-12 12:00:23,693 [WARNING] ms-clip dropped SMILES O=C([O-])C1=C=C=C(C2=C=C(C3=C=C=C(C(=O)[O-])C#C3)[C-]=C(C3=C=C=C(C(=O)[O-])C#C3)[C+]2)C#C1.[Li].[Li].[Li].[Li].[Li].[Li].[Li].[Li].[Li].[Li].[Li].[Li].[Li].[Li].[Li]; emitting sentinel -1.0
2026-05-12 12:00:23,849 [INFO] ms-clip: auto-picked GPU 7 (free 20364 MiB)
2026-05-12 12:00:23,849 [INFO] ms-clip: using CUDA_VISIBLE_DEVICES=7
2026-05-12 12:00:23,849 [INFO] ms-clip: launching predict_smi (n_candidates=256)
2026-05-12 12:00:35,375 [WARNING] ms-clip dropped SMILES CCC1=C(CC)C(NC(=O)[O-])SS1.CCC1=C(CC)C(NC(=O)[O-])SS1.[Zn+2]; emitting sentinel -1.0
2026-05-12 12:00:35,375 [WARNING] ms-clip dropped SMILES Oc1c(C(c2ccsc2)c2ccc3ccccc3c2O)ccc2ccccc12.[Cl-].[Cl-].[Ti+2]; emitting sentinel -1.0
2026-05-12 12:00:35,375 [WARNING] ms-clip dropped SMILES COc1c(C(=O)C2=CN3C(=CC(=O)NC3[O-])N=C2)c(O)c(OC)c2occc12.O.[Cl-].[Cu+2]; emitting sentinel -1.0
2026-05-12 12:00:35,375 [WARNING] ms-clip dropped SMILES Cc1[c-]c(C)c(C)c(C)[c-]1.[W].[W]; emitting sentinel -1.0
2026-05-12 12:00:35,375 [WARNING] ms-clip dropped SMILES Cl[Ni]Cl.c1ccc(Pc2ccccc2)cc1.c1ccc(Pc2ccccc2)cc1; emitting sentinel -1.0
2026-05-12 12:00:35,375 [WARNING] ms-clip dropped SMILES CN(C(=S)[S-])C1(C)CCS(=O)(=O)C1.CN(C(=S)[S-])C1(C)CCS(=O)(=O)C1.[Mg+2]; emitting sentinel -1.0
2026-05-12 12:00:35,375 [WARNING] ms-clip dropped SMILES CCC(=O)CCCCC[C@H](N)C1=C(Br)N=C(c2ccc(F)cc2)[Sn]1; emitting sentinel -1.0
2026-05-12 12:00:35,375 [WARNING] ms-clip dropped SMILES O.O.O.O.O.O.O.O.O.O=C([O-])C(=O)O[Al]1OC(=O)C(=O)O1.O=C([O-])C(=O)[O-].[Mg+2].[Na+]; emitting sentinel -1.0
2026-05-12 12:00:35,376 [WARNING] ms-clip dropped SMILES O=[N+](O)N([N+](=O)O)[Te](c1ccccc1)(c1ccccc1)N([N+](=O)O)[N+](=O)O; emitting sentinel -1.0
2026-05-12 12:00:35,376 [WARNING] ms-clip dropped SMILES CC(=O)O.O=S(=O)([N-]c1cccc2ccc3cccnc3c12)c1ccccn1.[Pd]; emitting sentinel -1.0
2026-05-12 12:00:35,528 [INFO] ms-clip: auto-picked GPU 7 (free 20364 MiB)
2026-05-12 12:00:35,528 [INFO] ms-clip: using CUDA_VISIBLE_DEVICES=7
2026-05-12 12:00:35,528 [INFO] ms-clip: launching predict_smi (n_candidates=256)
2026-05-12 12:00:47,170 [WARNING] ms-clip dropped SMILES O=C(O)c1ccccc1[TlH2]; emitting sentinel -1.0
2026-05-12 12:00:47,170 [WARNING] ms-clip dropped SMILES Nc1c(F)cccc1F.[CH3-].[W]; emitting sentinel -1.0
2026-05-12 12:00:47,312 [INFO] ms-clip: auto-picked GPU 7 (free 20364 MiB)
2026-05-12 12:00:47,313 [INFO] ms-clip: using CUDA_VISIBLE_DEVICES=7
2026-05-12 12:00:47,313 [INFO] ms-clip: launching predict_smi (n_candidates=256)
2026-05-12 12:00:59,010 [WARNING] ms-clip dropped SMILES C/C(=C/C(=O)O)C(=O)O.CCCCCCCC[Sn]CCCCCCCC; emitting sentinel -1.0
2026-05-12 12:00:59,010 [WARNING] ms-clip dropped SMILES CCCC[Sn](/C=C\C(=O)OCCCCCC(=O)O)(CCCC)CCCC; emitting sentinel -1.0
2026-05-12 12:00:59,166 [INFO] ms-clip: auto-picked GPU 7 (free 20364 MiB)
2026-05-12 12:00:59,166 [INFO] ms-clip: using CUDA_VISIBLE_DEVICES=7
2026-05-12 12:00:59,166 [INFO] ms-clip: launching predict_smi (n_candidates=256)
2026-05-12 12:01:10,648 [WARNING] ms-clip dropped SMILES COc1ccc2c(c1)cc(S(=O)[O-])n2C(=O)OC(C)(C)C.[Li+]; emitting sentinel -1.0
2026-05-12 12:01:10,783 [INFO] ms-clip: auto-picked GPU 7 (free 20364 MiB)
2026-05-12 12:01:10,783 [INFO] ms-clip: using CUDA_VISIBLE_DEVICES=7
2026-05-12 12:01:10,783 [INFO] ms-clip: launching predict_smi (n_candidates=256)
2026-05-12 12:01:23,221 [WARNING] ms-clip dropped SMILES NCCCC[C@H](N)C(=O)[O-].NCCCC[C@H](N)C(=O)[O-].[Ca+2]; emitting sentinel -1.0
2026-05-12 12:01:23,344 [INFO] ms-clip: auto-picked GPU 7 (free 20364 MiB)
2026-05-12 12:01:23,344 [INFO] ms-clip: using CUDA_VISIBLE_DEVICES=7
2026-05-12 12:01:23,344 [INFO] ms-clip: launching predict_smi (n_candidates=256)
2026-05-12 12:01:34,989 [WARNING] ms-clip dropped SMILES Cc1ccccc1N1[CH-]N(c2ccccc2C)C(C)(C)C1(C)C.Cl[Ru+2]Cl.[CH2-]c1ccccc1[OH+]C(C)C; emitting sentinel -1.0
2026-05-12 12:01:34,989 [WARNING] ms-clip dropped SMILES C=CC1CCC[N+](CCC2=CCNc3ccc(OC)cc32)(Cc2cc(C(F)(F)F)cc(C(F)(F)F)c2)C1.[CH3-].[Y]; emitting sentinel -1.0
2026-05-12 12:01:34,989 [WARNING] ms-clip dropped SMILES CN/C=C\c1c(C=O)ncc2c1c(CNCc1cccc([Hg])c1)cn2Cc1ccc(F)cc1; emitting sentinel -1.0
2026-05-12 12:01:34,989 [WARNING] ms-clip dropped SMILES COc1ccc(Cc2ccc(O[C-]=O)c(C)c2)cc1C.C[C-]=O.Cc1cc(Cc2ccc(O)c(C)c2)ccc1O.[Y]; emitting sentinel -1.0
2026-05-12 12:01:35,127 [INFO] ms-clip: auto-picked GPU 7 (free 20364 MiB)
2026-05-12 12:01:35,127 [INFO] ms-clip: using CUDA_VISIBLE_DEVICES=7
2026-05-12 12:01:35,127 [INFO] ms-clip: launching predict_smi (n_candidates=256)
2026-05-12 12:01:46,619 [WARNING] ms-clip dropped SMILES CN(C)[Sn](c1ccccc1)(c1ccccc1)c1ccccc1; emitting sentinel -1.0
2026-05-12 12:01:46,635 [INFO] spec 330/500  MassSpecGymID0236749  pool=256  pred=ZNLVYSJQUMALEO  correct=True  t=11.6s
2026-05-12 12:01:46,748 [INFO] ms-clip: auto-picked GPU 7 (free 20364 MiB)
2026-05-12 12:01:46,749 [INFO] ms-clip: using CUDA_VISIBLE_DEVICES=7
2026-05-12 12:01:46,749 [INFO] ms-clip: launching predict_smi (n_candidates=256)
2026-05-12 12:01:58,994 [INFO] ms-clip: auto-picked GPU 7 (free 20364 MiB)
2026-05-12 12:01:58,994 [INFO] ms-clip: using CUDA_VISIBLE_DEVICES=7
2026-05-12 12:01:58,994 [INFO] ms-clip: launching predict_smi (n_candidates=256)
2026-05-12 12:02:11,263 [WARNING] ms-clip dropped SMILES C1=CCC(N=P(C2CCCCC2)(C2CCCCC2)C2CCCCC2)=C1.CC(=CC(C)C)C(C)=CC(C)C.[Ti]; emitting sentinel -1.0
2026-05-12 12:02:11,263 [WARNING] ms-clip dropped SMILES CCCCCCCCCCCCCCCC(=O)[O-].CCCCCCCCCCCCCCCC(=O)[O-].[Cu+2]; emitting sentinel -1.0
2026-05-12 12:02:11,264 [WARNING] ms-clip dropped SMILES CCCCC(CCCC)c1cc(C)c2c(c1)/C=N/CC/N=C/c1cc(C(CCCC)CCCC)cc(C)c1O[Al]O2; emitting sentinel -1.0
2026-05-12 12:02:11,264 [WARNING] ms-clip dropped SMILES C1=CCC(N=P(C2CCCCC2)(C2CCCCC2)C2CCCCC2)=C1.CC(C)(C)C=CC=CC(C)(C)C.[Ti]; emitting sentinel -1.0
2026-05-12 12:02:11,384 [INFO] ms-clip: auto-picked GPU 7 (free 20364 MiB)
2026-05-12 12:02:11,384 [INFO] ms-clip: using CUDA_VISIBLE_DEVICES=7
2026-05-12 12:02:11,384 [INFO] ms-clip: launching predict_smi (n_candidates=256)
2026-05-12 12:02:23,666 [WARNING] ms-clip dropped SMILES Cc1cc(C)cc(-c2ccc3c([Ge](C)(C)C)cccc3[n+]2[O-])c1; emitting sentinel -1.0
2026-05-12 12:02:23,667 [WARNING] ms-clip dropped SMILES CCCC[P+](CCCC)(CCCC)CC(=O)O.[Pd]; emitting sentinel -1.0
2026-05-12 12:02:23,667 [WARNING] ms-clip dropped SMILES CC(C)(C)c1ccc2c(c1)[cH-]c1cc(C(C)(C)C)ccc12.[Zr+2]; emitting sentinel -1.0
2026-05-12 12:02:23,808 [INFO] ms-clip: auto-picked GPU 7 (free 17392 MiB)
2026-05-12 12:02:23,808 [INFO] ms-clip: using CUDA_VISIBLE_DEVICES=7
2026-05-12 12:02:23,808 [INFO] ms-clip: launching predict_smi (n_candidates=256)
2026-05-12 12:02:36,202 [INFO] ms-clip: auto-picked GPU 7 (free 17392 MiB)
2026-05-12 12:02:36,203 [INFO] ms-clip: using CUDA_VISIBLE_DEVICES=7
2026-05-12 12:02:36,203 [INFO] ms-clip: launching predict_smi (n_candidates=256)
2026-05-12 12:02:48,702 [INFO] ms-clip: auto-picked GPU 7 (free 24092 MiB)
2026-05-12 12:02:48,703 [INFO] ms-clip: using CUDA_VISIBLE_DEVICES=7
2026-05-12 12:02:48,703 [INFO] ms-clip: launching predict_smi (n_candidates=256)
2026-05-12 12:03:00,649 [WARNING] ms-clip dropped SMILES CC1=[C-]Cc2ccc3c(c21)-c1c(ccc2ccc([AlH2])c(C)c12)C3.[Bk]; emitting sentinel -1.0
2026-05-12 12:03:00,649 [WARNING] ms-clip dropped SMILES C[n+]1[c-]n(-c2cccc(Oc3ccc4c5ccccc5n(-c5cc6c(cn5)oc5ccccc56)c4c3)c2)c2ccccc21; emitting sentinel -1.0
2026-05-12 12:03:00,649 [WARNING] ms-clip dropped SMILES C[n+]1[c-]n(-c2cccc(Oc3ccc4c5ccccc5n(-c5cc6oc7ccccc7c6cn5)c4c3)c2)c2ccccc21; emitting sentinel -1.0
2026-05-12 12:03:00,838 [INFO] ms-clip: auto-picked GPU 7 (free 24092 MiB)
2026-05-12 12:03:00,839 [INFO] ms-clip: using CUDA_VISIBLE_DEVICES=7
2026-05-12 12:03:00,839 [INFO] ms-clip: launching predict_smi (n_candidates=256)
2026-05-12 12:03:12,857 [WARNING] ms-clip dropped SMILES CCCCC1CCC(C)C1.CCCCC1CCC(C)C1.Cl[Zr]Cl; emitting sentinel -1.0
2026-05-12 12:03:12,857 [WARNING] ms-clip dropped SMILES CC(C)CCCCCS[Sn](C)(C)SCCCCCC(C)C; emitting sentinel -1.0
2026-05-12 12:03:12,857 [WARNING] ms-clip dropped SMILES C=CC=C.C[c-]1[c-](C)[c-](C)[c-](C)[c-]1C.Cc1c(C)c(C)[c-](C)c1C.[Ni].[Ni]; emitting sentinel -1.0
2026-05-12 12:03:12,991 [INFO] ms-clip: auto-picked GPU 7 (free 24092 MiB)
2026-05-12 12:03:12,991 [INFO] ms-clip: using CUDA_VISIBLE_DEVICES=7
2026-05-12 12:03:12,991 [INFO] ms-clip: launching predict_smi (n_candidates=256)
2026-05-12 12:03:24,887 [INFO] ms-clip: auto-picked GPU 7 (free 17392 MiB)
2026-05-12 12:03:24,888 [INFO] ms-clip: using CUDA_VISIBLE_DEVICES=7
2026-05-12 12:03:24,888 [INFO] ms-clip: launching predict_smi (n_candidates=256)
2026-05-12 12:03:37,005 [WARNING] ms-clip dropped SMILES CCOC(=O)C=C(C)O[Al](OC(C)=CC(C)=O)OC(C)=CC(=O)OCC; emitting sentinel -1.0
2026-05-12 12:03:37,006 [WARNING] ms-clip dropped SMILES CC#Cc1ccccc1.CP(C)C.CP(C)C.[CH]1C=CC=C1.[V]; emitting sentinel -1.0
2026-05-12 12:03:37,134 [INFO] ms-clip: auto-picked GPU 7 (free 24092 MiB)
2026-05-12 12:03:37,134 [INFO] ms-clip: using CUDA_VISIBLE_DEVICES=7
2026-05-12 12:03:37,134 [INFO] ms-clip: launching predict_smi (n_candidates=256)
2026-05-12 12:03:49,805 [WARNING] ms-clip dropped SMILES CC1=[C-]Cc2ccc3c(c21)-c1c(ccc2ccc([AlH2])c(C)c12)C3.[Bk]; emitting sentinel -1.0
2026-05-12 12:03:49,805 [WARNING] ms-clip dropped SMILES C[n+]1[c-]n(-c2cccc(Oc3ccc4c5ccccc5n(-c5cc6c(cn5)oc5ccccc56)c4c3)c2)c2ccccc21; emitting sentinel -1.0
2026-05-12 12:03:49,805 [WARNING] ms-clip dropped SMILES C[n+]1[c-]n(-c2cccc(Oc3ccc4c5ccccc5n(-c5cc6oc7ccccc7c6cn5)c4c3)c2)c2ccccc21; emitting sentinel -1.0
2026-05-12 12:03:49,825 [INFO] spec 340/500  MassSpecGymID0300352  pool=256  pred=OUGNWRCWQLUXHX  correct=True  t=12.8s
2026-05-12 12:03:49,989 [INFO] ms-clip: auto-picked GPU 7 (free 24092 MiB)
2026-05-12 12:03:49,990 [INFO] ms-clip: using CUDA_VISIBLE_DEVICES=7
2026-05-12 12:03:49,990 [INFO] ms-clip: launching predict_smi (n_candidates=256)
2026-05-12 12:04:02,576 [WARNING] ms-clip dropped SMILES O=C([CH-]C(=O)C(F)(F)F)c1ccccc1.O=C([CH-]C(=O)C(F)(F)F)c1ccccc1.[Cu+2]; emitting sentinel -1.0
2026-05-12 12:04:02,576 [WARNING] ms-clip dropped SMILES CCn1ccn(CC)c1=O.I.[B].[CH2-]n1ccn(CC)c1=O.[Y]; emitting sentinel -1.0
2026-05-12 12:04:02,576 [WARNING] ms-clip dropped SMILES Cn1ccc2c3ccccc3[cH-]c21.[Cl-].[Cl-].[Zr+4].[c-]1cccc2c1Cc1ccccc1-2; emitting sentinel -1.0
2026-05-12 12:04:02,801 [INFO] ms-clip: auto-picked GPU 7 (free 24092 MiB)
2026-05-12 12:04:02,802 [INFO] ms-clip: using CUDA_VISIBLE_DEVICES=7
2026-05-12 12:04:02,802 [INFO] ms-clip: launching predict_smi (n_candidates=256)
2026-05-12 12:04:15,312 [INFO] ms-clip: auto-picked GPU 7 (free 24092 MiB)
2026-05-12 12:04:15,312 [INFO] ms-clip: using CUDA_VISIBLE_DEVICES=7
2026-05-12 12:04:15,312 [INFO] ms-clip: launching predict_smi (n_candidates=256)
2026-05-12 12:04:27,405 [WARNING] ms-clip dropped SMILES C.CC.CC.CC(C)(C)C.CC(C)(C)[C-]=O.CC(C)(C)[C-]=O.CNC(C)(C)C.CN[C-]=O.C[C-]=O.[Y].[Y]; emitting sentinel -1.0
2026-05-12 12:04:27,406 [WARNING] ms-clip dropped SMILES CCOC(C)OC[C@@H]1C[C@H](C(=O)OC(C)(C)C)N(C(=O)OC(C)(C)C)[C@H]1[C@@H]([NH-])C(=O)CC.[Ac]; emitting sentinel -1.0
2026-05-12 12:04:27,406 [WARNING] ms-clip dropped SMILES CCCC[Sn](CCCC)(CCCC)[C@@H](CN(C/C=C/CCl)Cc1ccccc1)OC(=O)N1C(C)(C)COC1(C)C; emitting sentinel -1.0
2026-05-12 12:04:27,406 [WARNING] ms-clip dropped SMILES CCCCP(CCCC)CCCC.O=S(=O)([O-])C(F)(F)F.[CH2-]CCO.[CH]1[CH]CC[CH][CH]CC1.[CH]1[CH]CC[CH][CH]CC1.[Ni+2]; emitting sentinel -1.0
2026-05-12 12:04:27,406 [WARNING] ms-clip dropped SMILES CC(C)(C)n1[c-][n+](-c2cccc(Oc3ccnc(-c4cc(Oc5cccc(-[n+]6[c-]n(C(C)(C)C)c7ccccc76)c5)ccn4)c3)c2)c2ccccc21; emitting sentinel -1.0
2026-05-12 12:04:27,406 [WARNING] ms-clip dropped SMILES CCC/C(C)=C\COC(=O)CC[C@@H]1/C2=C3/c4[n-]c(c(C)c4C(=O)[C@@H]3C(=O)OC)/C=c3\[n-]/c(c(C)c3C)=C\c3[n-]c(c(C)c3C)/C=C(\[N-]2)[C@H]1C.[Mg+2]; emitting sentinel -1.0
2026-05-12 12:04:27,406 [WARNING] ms-clip dropped SMILES C=Cc1c(C)c2cc3[nH+]c(c4c5[nH+]c(cc6[n-]c(cc1[n-]2)c(C)c6CC)C(C)=C5C(=O)C4C(=O)OC)C(CCC(=O)OCC=C(C)C)C3C.[Mg+2]; emitting sentinel -1.0
2026-05-12 12:04:27,406 [WARNING] ms-clip dropped SMILES C=Cc1c2[n-]c(c1C)/C=C1\[N-]C(C3=c4[n-]/c(c(C)c4C(=O)[C@@H]3C(=O)OC)=C\[C@H]3[N-]/C(=C\2)C(C)=C3CC)[C@@H](CCC(=O)OCC=C(C)C)[C@@H]1C.[Mg+2]; emitting sentinel -1.0
2026-05-12 12:04:27,407 [WARNING] ms-clip dropped SMILES CCCC[Sn](CCCC)(CCCC)c1cc2c(cn1)cnn2-c1cccc(N2CCCN(C(=O)OC(C)(C)C)CC2)n1; emitting sentinel -1.0
2026-05-12 12:04:27,540 [INFO] ms-clip: auto-picked GPU 7 (free 24092 MiB)
2026-05-12 12:04:27,541 [INFO] ms-clip: using CUDA_VISIBLE_DEVICES=7
2026-05-12 12:04:27,541 [INFO] ms-clip: launching predict_smi (n_candidates=256)
2026-05-12 12:04:39,640 [WARNING] ms-clip dropped SMILES CCCCCCCCCCCCc1sccc1[Sn](CCCC)(CCCC)CCCC; emitting sentinel -1.0
2026-05-12 12:04:39,640 [WARNING] ms-clip dropped SMILES CC.CC.CC.Cc1ccc(C(C)NC(=O)C2CC(O)CN2C(=O)C(N[C-]=O)C(C)(C)C)cc1.[Zn]; emitting sentinel -1.0
2026-05-12 12:04:39,640 [WARNING] ms-clip dropped SMILES CCCCCCCCCCCCc1cc[c]s1.[CH2]CCC.[CH2]CCC.[CH2]CCC.[Sn]; emitting sentinel -1.0
2026-05-12 12:04:39,641 [WARNING] ms-clip dropped SMILES CCCC1=C(c2ccc(C3=C(CCC)C(c4ccccc4)=[C-][Si]3(C)C)cc2)[Si](C)(C)[C-]=C1c1ccccc1.[Li+].[Li+]; emitting sentinel -1.0
2026-05-12 12:04:39,773 [INFO] ms-clip: auto-picked GPU 7 (free 24092 MiB)
2026-05-12 12:04:39,774 [INFO] ms-clip: using CUDA_VISIBLE_DEVICES=7
2026-05-12 12:04:39,774 [INFO] ms-clip: launching predict_smi (n_candidates=256)
2026-05-12 12:04:52,177 [WARNING] ms-clip dropped SMILES CN(C)C1=CC2=C3C=C(N(C)C)C=CN3CCCN2C=C1.CN1c2ccccc2N(C)C12CCCCC21N(C)c2ccccc2N1C.[Li+].[O-]c1cccc2ccc[nH+]c12; emitting sentinel -1.0
2026-05-12 12:04:52,177 [WARNING] ms-clip dropped SMILES CCCCCCCCCCCCCCCCCCCC#CC(=O)[O-].CCCCCCCCCCCCCCCCCCCC#CC(=O)[O-].[Cd+2]; emitting sentinel -1.0
2026-05-12 12:04:52,317 [INFO] ms-clip: auto-picked GPU 7 (free 24092 MiB)
2026-05-12 12:04:52,318 [INFO] ms-clip: using CUDA_VISIBLE_DEVICES=7
2026-05-12 12:04:52,318 [INFO] ms-clip: launching predict_smi (n_candidates=256)
2026-05-12 12:05:04,732 [WARNING] ms-clip dropped SMILES CCCC/C1=C2/N=C(C(CC)=C2CC)C(c2ccccc2)C2=N/C(=C(/CCCC)c3[n-]c(c(CC)c3CC)C(CCCC)c3[n-]c1c(CC)c3CC)C(CC)=C2CC.[Ni+2]; emitting sentinel -1.0
2026-05-12 12:05:04,733 [WARNING] ms-clip dropped SMILES C.CCOC(=O)CC1(O)CCN(C(=O)CCCCc2ccc3c(n2)NCCC3)CC1.O.O=C(O)CC1(O)CCN(C(=O)CCCCc2ccc3c(n2)NCCC3)CC1.[Li+].[OH-]; emitting sentinel -1.0
2026-05-12 12:05:04,868 [INFO] ms-clip: auto-picked GPU 7 (free 24092 MiB)
2026-05-12 12:05:04,868 [INFO] ms-clip: using CUDA_VISIBLE_DEVICES=7
2026-05-12 12:05:04,868 [INFO] ms-clip: launching predict_smi (n_candidates=256)
2026-05-12 12:05:16,822 [INFO] ms-clip: auto-picked GPU 7 (free 24092 MiB)
2026-05-12 12:05:16,823 [INFO] ms-clip: using CUDA_VISIBLE_DEVICES=7
2026-05-12 12:05:16,823 [INFO] ms-clip: launching predict_smi (n_candidates=256)
2026-05-12 12:05:28,829 [WARNING] ms-clip dropped SMILES CC[Sn](CC)(CC)C(=C=O)[Sn](CC)(CC)CC; emitting sentinel -1.0
2026-05-12 12:05:28,829 [WARNING] ms-clip dropped SMILES CC1=CC=C=C[CH]1.CC1=CC=C=C[CH]1.Cc1ccc(C([O-])=S)cc1.[Sb]; emitting sentinel -1.0
2026-05-12 12:05:28,829 [WARNING] ms-clip dropped SMILES [B][C@H]1[CH-][C@H](C)C([CH2-])(CC)O1.[CH2-]C1(CC)O[C@@H](C)[CH-][C@H]1C.[Y].[Y]; emitting sentinel -1.0
2026-05-12 12:05:28,829 [WARNING] ms-clip dropped SMILES CC(O)c1c(-c2cccc3c2Cc2ccccc2-3)ccc2ccccc12.[Cl-].[Cl-].[Ti+2]; emitting sentinel -1.0
2026-05-12 12:05:28,958 [INFO] ms-clip: auto-picked GPU 7 (free 24092 MiB)
2026-05-12 12:05:28,959 [INFO] ms-clip: using CUDA_VISIBLE_DEVICES=7
2026-05-12 12:05:28,959 [INFO] ms-clip: launching predict_smi (n_candidates=256)
2026-05-12 12:05:41,384 [WARNING] ms-clip dropped SMILES C[Ga]c1c(-c2c(C)cc(C)cc2C)cccc1-c1c(C)cc(C)cc1C; emitting sentinel -1.0
2026-05-12 12:05:41,578 [INFO] ms-clip: auto-picked GPU 7 (free 24092 MiB)
2026-05-12 12:05:41,578 [INFO] ms-clip: using CUDA_VISIBLE_DEVICES=7
2026-05-12 12:05:41,578 [INFO] ms-clip: launching predict_smi (n_candidates=256)
2026-05-12 12:05:54,389 [WARNING] ms-clip dropped SMILES Cc1cc(C)cc(-c2nccc3cc(Br)ccc23)c1.Cc1cc(C)cc(-c2nccc3cc(C4CCCC4)ccc23)c1.[CH-]1CCCC1.[CH-]1CCCC1.[Zn+2]; emitting sentinel -1.0
2026-05-12 12:05:54,389 [WARNING] ms-clip dropped SMILES C/C(=C\C(C)=N\c1c(C(C)C)cccc1C(C)C)[N-]c1c(C(C)C)cccc1C(C)C.[H][H].[H][H].[O-]C(c1ccccc1)c1c(F)c(F)c(F)c(F)c1F.[Sn+2]; emitting sentinel -1.0
2026-05-12 12:05:54,389 [WARNING] ms-clip dropped SMILES CC[C@@H](C=O)NC(=O)[C@H]1CC[C@H]([NH-])C1.CC[C@@H](CNNC(=O)NCC1CCC(C(=O)NC)CC1)NC(=O)[C@H]1CC[C@H]([NH-])C1.[CH3-].[CH3-].[Y].[Y]; emitting sentinel -1.0
2026-05-12 12:05:54,390 [WARNING] ms-clip dropped SMILES CO.COc1c2n3c(c(C(=O)CO)c1=O)CCC3CN(Cc1ccc(F)cc1)C2=O.COc1c2n3c(c(C(=O)O)c1=O)CCC3CN(Cc1ccc(F)cc1)C2=O.[Li+].[OH-]; emitting sentinel -1.0
2026-05-12 12:05:54,390 [WARNING] ms-clip dropped SMILES C1CCOC1.C1CCOC1.[Er+3].c1ccc([N-]c2ccccc2)cc1.c1ccc([N-]c2ccccc2)cc1.c1ccc([N-]c2ccccc2)cc1; emitting sentinel -1.0
2026-05-12 12:05:54,414 [INFO] spec 350/500  MassSpecGymID0356723  pool=256  pred=CDTJHKDWCUQBPD  correct=False  t=13.0s
2026-05-12 12:05:54,519 [INFO] ms-clip: auto-picked GPU 7 (free 24092 MiB)
2026-05-12 12:05:54,519 [INFO] ms-clip: using CUDA_VISIBLE_DEVICES=7
2026-05-12 12:05:54,520 [INFO] ms-clip: launching predict_smi (n_candidates=256)
2026-05-12 12:06:06,332 [WARNING] ms-clip dropped SMILES CCCC[Sn](/C=C1\[C@H]2OC(C)(C)O[C@H]2[C@@H](O[Si](C)(C)C(C)(C)C)C[C@@H]1O)(CCCC)CCCC; emitting sentinel -1.0
2026-05-12 12:06:06,332 [WARNING] ms-clip dropped SMILES CC(C)(C)C1=C/C(=C/Nc2ccccc2N/C=C2/C=C(C(C)(C)C)C=C(C(C)(C)C)C2=O)C(=O)C(C(C)(C)C)=C1.[Zn]; emitting sentinel -1.0
2026-05-12 12:06:06,332 [WARNING] ms-clip dropped SMILES CCCCCCCCCCOc1ccc(-c2ccc(C(=O)Oc3ccc(C[Ge](CC)(CC)CC)cc3)cc2)cc1; emitting sentinel -1.0
2026-05-12 12:06:06,332 [WARNING] ms-clip dropped SMILES CCCCCCCCCCCC(=O)[O-].CCCCCCCCCCCCCCCCCC(=O)[O-].[Ni+2].[Zn+2]; emitting sentinel -1.0
2026-05-12 12:06:06,464 [INFO] ms-clip: auto-picked GPU 7 (free 24092 MiB)
2026-05-12 12:06:06,464 [INFO] ms-clip: using CUDA_VISIBLE_DEVICES=7
2026-05-12 12:06:06,464 [INFO] ms-clip: launching predict_smi (n_candidates=256)
2026-05-12 12:06:17,835 [WARNING] ms-clip dropped SMILES CC(C)O.CC(C)O.COC(C)(C)CO.COC(C)(C)CO.[Hf]; emitting sentinel -1.0
2026-05-12 12:06:17,962 [INFO] ms-clip: auto-picked GPU 7 (free 24092 MiB)
2026-05-12 12:06:17,963 [INFO] ms-clip: using CUDA_VISIBLE_DEVICES=7
2026-05-12 12:06:17,963 [INFO] ms-clip: launching predict_smi (n_candidates=256)
2026-05-12 12:06:30,210 [INFO] ms-clip: auto-picked GPU 7 (free 24092 MiB)
2026-05-12 12:06:30,210 [INFO] ms-clip: using CUDA_VISIBLE_DEVICES=7
2026-05-12 12:06:30,210 [INFO] ms-clip: launching predict_smi (n_candidates=256)
2026-05-12 12:06:42,220 [INFO] ms-clip: auto-picked GPU 7 (free 24092 MiB)
2026-05-12 12:06:42,220 [INFO] ms-clip: using CUDA_VISIBLE_DEVICES=7
2026-05-12 12:06:42,220 [INFO] ms-clip: launching predict_smi (n_candidates=256)
2026-05-12 12:06:54,180 [INFO] ms-clip: auto-picked GPU 7 (free 24092 MiB)
2026-05-12 12:06:54,180 [INFO] ms-clip: using CUDA_VISIBLE_DEVICES=7
2026-05-12 12:06:54,180 [INFO] ms-clip: launching predict_smi (n_candidates=256)
2026-05-12 12:07:05,655 [WARNING] ms-clip dropped SMILES Cc1ccc(COc2c[c-]c(C)c(C)c2)cc1.[Y+3]; emitting sentinel -1.0
2026-05-12 12:07:05,655 [WARNING] ms-clip dropped SMILES [Mn].c1ccc([Si](c2ccccc2)c2ccccc2)cc1; emitting sentinel -1.0
2026-05-12 12:07:05,655 [WARNING] ms-clip dropped SMILES COC(=O)Cc1cccc([Sn](C)(C)C)c1; emitting sentinel -1.0
2026-05-12 12:07:05,655 [WARNING] ms-clip dropped SMILES CCc1cc(C)ccc1Oc1c[c-]c(C)cc1.[Y]; emitting sentinel -1.0
2026-05-12 12:07:05,655 [WARNING] ms-clip dropped SMILES CC1(C)Oc2ccc([Sn](C)(C)C)cc2O1; emitting sentinel -1.0
2026-05-12 12:07:05,801 [INFO] ms-clip: auto-picked GPU 7 (free 24092 MiB)
2026-05-12 12:07:05,802 [INFO] ms-clip: using CUDA_VISIBLE_DEVICES=7
2026-05-12 12:07:05,802 [INFO] ms-clip: launching predict_smi (n_candidates=256)
2026-05-12 12:07:17,598 [WARNING] ms-clip dropped SMILES CC1=C(C(=O)NC2=[C-]N=[C-]C2)N(C)S(=O)(=O)c2ccc(C)[c-]c21.[Y].[Y].[Y].[Y].[Y].[Y]; emitting sentinel -1.0
2026-05-12 12:07:17,598 [WARNING] ms-clip dropped SMILES CC(C)(C)c1ccnc(-c2cc(C(C)(C)C)ccn2)c1.CC(C)c1cccc(C(C)C)c1[N-]c1cc(C(C)(C)C)cc(C(C)(C)C)c1[O-].[Ni+2].c1ccccc1.c1ccccc1; emitting sentinel -1.0
2026-05-12 12:07:17,598 [WARNING] ms-clip dropped SMILES C/C(NC1=[C-]N=[C-]C1)=C1\C(=O)c2[c-]c(C)ccc2S(=O)(=O)N1C.[Y].[Y].[Y].[Y].[Y].[Y]; emitting sentinel -1.0
2026-05-12 12:07:17,733 [INFO] ms-clip: auto-picked GPU 7 (free 24092 MiB)
2026-05-12 12:07:17,733 [INFO] ms-clip: using CUDA_VISIBLE_DEVICES=7
2026-05-12 12:07:17,733 [INFO] ms-clip: launching predict_smi (n_candidates=256)
2026-05-12 12:07:29,667 [INFO] ms-clip: auto-picked GPU 7 (free 24092 MiB)
2026-05-12 12:07:29,668 [INFO] ms-clip: using CUDA_VISIBLE_DEVICES=7
2026-05-12 12:07:29,668 [INFO] ms-clip: launching predict_smi (n_candidates=256)
2026-05-12 12:07:41,595 [WARNING] ms-clip dropped SMILES Cc1cc(-c2ccccc2)nn1[C-](n1nc(-c2ccccc2)cc1C)n1nc(-c2ccccc2)cc1C.[H]/[C-]=C\C=C.[Mn+2]; emitting sentinel -1.0
2026-05-12 12:07:41,595 [WARNING] ms-clip dropped SMILES C1CCC2=C(C1)c1nc2nc2[n-]c(nc3nc(nc4[n-]c(n1)c1c4CCCC1)C1=C3CCCC1)c1c2CCCC1.[Cu+2]; emitting sentinel -1.0
2026-05-12 12:07:41,595 [WARNING] ms-clip dropped SMILES CCCC[N+](CCCC)(CCCC)CCCC.[C-]#[O+].[C-]#[O+].[C-]#[O+].[C-]#[O+].[C-]#[O+].[C-]#[O+].[Ta]; emitting sentinel -1.0
2026-05-12 12:07:41,746 [INFO] ms-clip: auto-picked GPU 7 (free 24092 MiB)
2026-05-12 12:07:41,746 [INFO] ms-clip: using CUDA_VISIBLE_DEVICES=7
2026-05-12 12:07:41,746 [INFO] ms-clip: launching predict_smi (n_candidates=256)
2026-05-12 12:07:53,808 [INFO] spec 360/500  MassSpecGymID0070651  pool=256  pred=CRFYLQMIDWBKRT  correct=True  t=12.2s
2026-05-12 12:07:53,937 [INFO] ms-clip: auto-picked GPU 7 (free 24092 MiB)
2026-05-12 12:07:53,937 [INFO] ms-clip: using CUDA_VISIBLE_DEVICES=7
2026-05-12 12:07:53,937 [INFO] ms-clip: launching predict_smi (n_candidates=256)
2026-05-12 12:08:05,734 [WARNING] ms-clip dropped SMILES C/C(=C\C1CCCC1)[Si](C)(C)C.[CH2]CCC.[CH2]CCC.[CH2]CCC.[Sn]; emitting sentinel -1.0
2026-05-12 12:08:05,886 [INFO] ms-clip: auto-picked GPU 7 (free 24092 MiB)
2026-05-12 12:08:05,886 [INFO] ms-clip: using CUDA_VISIBLE_DEVICES=7
2026-05-12 12:08:05,886 [INFO] ms-clip: launching predict_smi (n_candidates=256)
2026-05-12 12:08:18,217 [WARNING] ms-clip dropped SMILES CC(C)=[Zr+2].CCC1[C-]=CC(C(C)(C)C)=C1.[Cl-].[Cl-].c1ccc2c(c1)[cH-]c1ccccc12; emitting sentinel -1.0
2026-05-12 12:08:18,217 [WARNING] ms-clip dropped SMILES CC(C)C(=[Zr+2])C(C)C.Cc1ccc(C)[cH-]1.[Cl-].[Cl-].[c-]1cccc2c1Cc1ccccc1-2; emitting sentinel -1.0
2026-05-12 12:08:18,218 [WARNING] ms-clip dropped SMILES CC1=CC2CC(SC3CC4C=C(C)C(C)=CC4C3)CC2C=C1C.Cl[Zr+2]Cl.[CH3-].[CH3-]; emitting sentinel -1.0
2026-05-12 12:08:18,218 [WARNING] ms-clip dropped SMILES CC(C)CC(=[Zr+2])CC(C)C.[Cl-].[Cl-].[c-]1cccc2c1Cc1ccccc1-2.c1cc[cH-]c1; emitting sentinel -1.0
2026-05-12 12:08:18,218 [WARNING] ms-clip dropped SMILES CC(C)=[Zr+2].CC(C)c1c[c-]c2c(c1)-c1cc(C(C)C)ccc1C2.[Cl-].[Cl-].c1cc[cH-]c1; emitting sentinel -1.0
2026-05-12 12:08:18,218 [WARNING] ms-clip dropped SMILES CC(C)=[Zr](Cl)Cl.CCCc1cc2ccccc2[cH-]1.CCCc1cc2ccccc2[cH-]1; emitting sentinel -1.0
2026-05-12 12:08:18,218 [WARNING] ms-clip dropped SMILES [C-]1=CC=CC1=C(C1CCCCC1)C1CCCCC1.[Cl-].[Cl-].[Zr+4].c1ccc2[cH-]ccc2c1; emitting sentinel -1.0
2026-05-12 12:08:18,218 [WARNING] ms-clip dropped SMILES C=[Zr+2].CC(C)Cc1cc2ccccc2[cH-]1.CC(C)Cc1cc2ccccc2[cH-]1.[Cl-].[Cl-]; emitting sentinel -1.0
2026-05-12 12:08:18,218 [WARNING] ms-clip dropped SMILES C[CH-][P+]([O])(OCC)OCC.[Sn].[c]1ccccc1.[c]1ccccc1.[c]1ccccc1; emitting sentinel -1.0
2026-05-12 12:08:18,218 [WARNING] ms-clip dropped SMILES CC(C)=[Zr+2].CCc1cc(C(C)(C)C)c[cH-]1.[Cl-].[Cl-].[c-]1cccc2c1Cc1ccccc1-2; emitting sentinel -1.0
2026-05-12 12:08:18,369 [INFO] ms-clip: auto-picked GPU 7 (free 24092 MiB)
2026-05-12 12:08:18,370 [INFO] ms-clip: using CUDA_VISIBLE_DEVICES=7
2026-05-12 12:08:18,370 [INFO] ms-clip: launching predict_smi (n_candidates=256)
2026-05-12 12:08:30,053 [WARNING] ms-clip dropped SMILES [CH2]C(C)C(=O)CC(=O)C(C)C.[CH2]C(C)C(=O)CC(=O)C(C)C.[CH2]C(C)C(=O)CC(=O)C(C)C.[Y]; emitting sentinel -1.0
2026-05-12 12:08:30,207 [INFO] ms-clip: auto-picked GPU 7 (free 24092 MiB)
2026-05-12 12:08:30,207 [INFO] ms-clip: using CUDA_VISIBLE_DEVICES=7
2026-05-12 12:08:30,207 [INFO] ms-clip: launching predict_smi (n_candidates=256)
2026-05-12 12:08:42,303 [INFO] ms-clip: auto-picked GPU 7 (free 24092 MiB)
2026-05-12 12:08:42,303 [INFO] ms-clip: using CUDA_VISIBLE_DEVICES=7
2026-05-12 12:08:42,303 [INFO] ms-clip: launching predict_smi (n_candidates=256)
2026-05-12 12:08:55,151 [WARNING] ms-clip dropped SMILES Cn1c(=[Pt])n(-c2[c-]c(Oc3[c-]c4c(cc3)C3CCCCC3CN4c3cc(C(C)(C)C)ccn3)ccc2)c2ccccc21; emitting sentinel -1.0
2026-05-12 12:08:55,286 [INFO] ms-clip: auto-picked GPU 7 (free 24092 MiB)
2026-05-12 12:08:55,287 [INFO] ms-clip: using CUDA_VISIBLE_DEVICES=7
2026-05-12 12:08:55,287 [INFO] ms-clip: launching predict_smi (n_candidates=256)
2026-05-12 12:09:06,807 [WARNING] ms-clip dropped SMILES [CH]N1CCN(CC)CCN(CC(=O)N[C@H](CCC(N)=O)C(=O)NC)CCN(CC(=O)O)CC1; emitting sentinel -1.0
2026-05-12 12:09:06,942 [INFO] ms-clip: auto-picked GPU 7 (free 24092 MiB)
2026-05-12 12:09:06,943 [INFO] ms-clip: using CUDA_VISIBLE_DEVICES=7
2026-05-12 12:09:06,943 [INFO] ms-clip: launching predict_smi (n_candidates=256)
2026-05-12 12:09:18,520 [WARNING] ms-clip dropped SMILES CCCCc1cccc2c1[cH-]c1ccccc12.CCCCc1cccc2c1[cH-]c1ccccc12.Clc1cc[c-]cc1.[CH2-]CCCC.[CH3-].[Ti]; emitting sentinel -1.0
2026-05-12 12:09:18,656 [INFO] ms-clip: auto-picked GPU 7 (free 24092 MiB)
2026-05-12 12:09:18,657 [INFO] ms-clip: using CUDA_VISIBLE_DEVICES=7
2026-05-12 12:09:18,657 [INFO] ms-clip: launching predict_smi (n_candidates=256)
2026-05-12 12:09:30,251 [INFO] ms-clip: auto-picked GPU 7 (free 24092 MiB)
2026-05-12 12:09:30,251 [INFO] ms-clip: using CUDA_VISIBLE_DEVICES=7
2026-05-12 12:09:30,251 [INFO] ms-clip: launching predict_smi (n_candidates=256)
2026-05-12 12:09:42,224 [WARNING] ms-clip dropped SMILES CC(C)(C)c1[c-]c(C2=CC=CC2)c(C(C)(C)C)[nH]1.[Cl-].[Cl-].[Zr+3]; emitting sentinel -1.0
2026-05-12 12:09:42,352 [INFO] ms-clip: auto-picked GPU 7 (free 24092 MiB)
2026-05-12 12:09:42,352 [INFO] ms-clip: using CUDA_VISIBLE_DEVICES=7
2026-05-12 12:09:42,352 [INFO] ms-clip: launching predict_smi (n_candidates=256)
2026-05-12 12:09:54,143 [WARNING] ms-clip dropped SMILES CC(C)C(=[Ti+2])C(C)C.[C-]1=CC=CC1.[c-]1cccc2c1Cc1ccccc1-2; emitting sentinel -1.0
2026-05-12 12:09:54,144 [WARNING] ms-clip dropped SMILES CC1=[C-]C(=C(C)C)C=C1NC(C)(C)C.C[N-]C.C[N-]C.[Mo+3]; emitting sentinel -1.0
2026-05-12 12:09:54,156 [INFO] spec 370/500  MassSpecGymID0216416  pool=256  pred=JMXVCIRSULFZLE  correct=True  t=11.9s
2026-05-12 12:09:54,286 [INFO] ms-clip: auto-picked GPU 7 (free 24092 MiB)
2026-05-12 12:09:54,286 [INFO] ms-clip: using CUDA_VISIBLE_DEVICES=7
2026-05-12 12:09:54,286 [INFO] ms-clip: launching predict_smi (n_candidates=256)
2026-05-12 12:10:06,939 [WARNING] ms-clip dropped SMILES CCCC/C1=C2/N=C(C(CC)=C2CC)C(c2ccccc2)C2=N/C(=C(/CCCC)c3[n-]c(c(CC)c3CC)C(CCCC)c3[n-]c1c(CC)c3CC)C(CC)=C2CC.[Ni+2]; emitting sentinel -1.0
2026-05-12 12:10:06,940 [WARNING] ms-clip dropped SMILES C.CCOC(=O)CC1(O)CCN(C(=O)CCCCc2ccc3c(n2)NCCC3)CC1.O.O=C(O)CC1(O)CCN(C(=O)CCCCc2ccc3c(n2)NCCC3)CC1.[Li+].[OH-]; emitting sentinel -1.0
2026-05-12 12:10:07,078 [INFO] ms-clip: auto-picked GPU 7 (free 24092 MiB)
2026-05-12 12:10:07,078 [INFO] ms-clip: using CUDA_VISIBLE_DEVICES=7
2026-05-12 12:10:07,078 [INFO] ms-clip: launching predict_smi (n_candidates=256)
2026-05-12 12:10:19,227 [WARNING] ms-clip dropped SMILES CCCCCCCCCCCCc1sccc1[Sn](CCCC)(CCCC)CCCC; emitting sentinel -1.0
2026-05-12 12:10:19,228 [WARNING] ms-clip dropped SMILES CC.CC.CC.Cc1ccc(C(C)NC(=O)C2CC(O)CN2C(=O)C(N[C-]=O)C(C)(C)C)cc1.[Zn]; emitting sentinel -1.0
2026-05-12 12:10:19,228 [WARNING] ms-clip dropped SMILES CCCCCCCCCCCCc1cc[c]s1.[CH2]CCC.[CH2]CCC.[CH2]CCC.[Sn]; emitting sentinel -1.0
2026-05-12 12:10:19,228 [WARNING] ms-clip dropped SMILES CCCC1=C(c2ccc(C3=C(CCC)C(c4ccccc4)=[C-][Si]3(C)C)cc2)[Si](C)(C)[C-]=C1c1ccccc1.[Li+].[Li+]; emitting sentinel -1.0
2026-05-12 12:10:19,394 [INFO] ms-clip: auto-picked GPU 7 (free 24092 MiB)
2026-05-12 12:10:19,394 [INFO] ms-clip: using CUDA_VISIBLE_DEVICES=7
2026-05-12 12:10:19,394 [INFO] ms-clip: launching predict_smi (n_candidates=256)
2026-05-12 12:10:31,045 [WARNING] ms-clip dropped SMILES CCCCC(CC)C(=O)[O-].CCCCC(CC)C(=O)[O-].CCCCC(CC)C(=O)[O-].CCCCC(CC)C(=O)[O-].CCCCC(CC)C(=O)[O-].[V]; emitting sentinel -1.0
2026-05-12 12:10:31,046 [WARNING] ms-clip dropped SMILES CC(C)CCCCC(=O)[O-].CC(C)CCCCC(=O)[O-].CC(C)CCCCC(=O)[O-].CC(C)CCCCC(=O)[O-].CC(C)CCCCC(=O)[O-].[V]; emitting sentinel -1.0
2026-05-12 12:10:31,046 [WARNING] ms-clip dropped SMILES CCCCCCCCCCCCCCCCCC(=O)[O-].CCCCCCCCCCCCCCCCCC(=O)[O-].Cc1cc(O)ccc1Cl.[Ni+2]; emitting sentinel -1.0
2026-05-12 12:10:31,046 [WARNING] ms-clip dropped SMILES CCCCCCCC/C=C\CCCCCCCC(=O)O.CCCCCCCC/C=C\CCCCCCCC(=O)O.[Hg]; emitting sentinel -1.0
2026-05-12 12:10:31,046 [WARNING] ms-clip dropped SMILES CCCCCCCC(=O)[O-].CCCCCCCC(=O)[O-].CCCCCCCC(=O)[O-].CCCCCCCC(=O)[O-].CCCCCCCC(=O)[O-].[V]; emitting sentinel -1.0
2026-05-12 12:10:31,046 [WARNING] ms-clip dropped SMILES [Au].[Cd].[Cd].[Cd].[Cd].[Cd]; emitting sentinel -1.0
2026-05-12 12:10:31,046 [WARNING] ms-clip dropped SMILES C1CCC([PH+](C2CCCCC2)C2CCCCC2)CC1.C1CCC([PH+](C2CCCCC2)C2CCCCC2)CC1.C1CCOC1.[CH3-].[CH3-].[Ru+2]; emitting sentinel -1.0
2026-05-12 12:10:31,176 [INFO] ms-clip: auto-picked GPU 7 (free 24092 MiB)
2026-05-12 12:10:31,176 [INFO] ms-clip: using CUDA_VISIBLE_DEVICES=7
2026-05-12 12:10:31,176 [INFO] ms-clip: launching predict_smi (n_candidates=256)
2026-05-12 12:10:43,084 [WARNING] ms-clip dropped SMILES C/C(=N\C(CC(=O)[O-])c1ccccc1)c1ccccc1/N=C(\[O-])CCCC[N-]Cc1ccccc1.[Ni+3]; emitting sentinel -1.0
2026-05-12 12:10:43,216 [INFO] ms-clip: auto-picked GPU 7 (free 24092 MiB)
2026-05-12 12:10:43,216 [INFO] ms-clip: using CUDA_VISIBLE_DEVICES=7
2026-05-12 12:10:43,216 [INFO] ms-clip: launching predict_smi (n_candidates=256)
2026-05-12 12:10:55,402 [INFO] ms-clip: auto-picked GPU 7 (free 24092 MiB)
2026-05-12 12:10:55,402 [INFO] ms-clip: using CUDA_VISIBLE_DEVICES=7
2026-05-12 12:10:55,402 [INFO] ms-clip: launching predict_smi (n_candidates=256)
2026-05-12 12:11:07,636 [WARNING] ms-clip dropped SMILES CCCCC(CC)C(=O)[O-].CCCCC(CC)C(=O)[O-].CCCCC(CC)C(=O)[O-].CCCCC(CC)C(=O)[O-].CCCCC(CC)C(=O)[O-].[V]; emitting sentinel -1.0
2026-05-12 12:11:07,636 [WARNING] ms-clip dropped SMILES CC(C)CCCCC(=O)[O-].CC(C)CCCCC(=O)[O-].CC(C)CCCCC(=O)[O-].CC(C)CCCCC(=O)[O-].CC(C)CCCCC(=O)[O-].[V]; emitting sentinel -1.0
2026-05-12 12:11:07,636 [WARNING] ms-clip dropped SMILES CCCCCCCCCCCCCCCCCC(=O)[O-].CCCCCCCCCCCCCCCCCC(=O)[O-].Cc1cc(O)ccc1Cl.[Ni+2]; emitting sentinel -1.0
2026-05-12 12:11:07,636 [WARNING] ms-clip dropped SMILES CCCCCCCC/C=C\CCCCCCCC(=O)O.CCCCCCCC/C=C\CCCCCCCC(=O)O.[Hg]; emitting sentinel -1.0
2026-05-12 12:11:07,636 [WARNING] ms-clip dropped SMILES CCCCCCCC(=O)[O-].CCCCCCCC(=O)[O-].CCCCCCCC(=O)[O-].CCCCCCCC(=O)[O-].CCCCCCCC(=O)[O-].[V]; emitting sentinel -1.0
2026-05-12 12:11:07,636 [WARNING] ms-clip dropped SMILES [Au].[Cd].[Cd].[Cd].[Cd].[Cd]; emitting sentinel -1.0
2026-05-12 12:11:07,637 [WARNING] ms-clip dropped SMILES C1CCC([PH+](C2CCCCC2)C2CCCCC2)CC1.C1CCC([PH+](C2CCCCC2)C2CCCCC2)CC1.C1CCOC1.[CH3-].[CH3-].[Ru+2]; emitting sentinel -1.0
2026-05-12 12:11:07,765 [INFO] ms-clip: auto-picked GPU 7 (free 24092 MiB)
2026-05-12 12:11:07,765 [INFO] ms-clip: using CUDA_VISIBLE_DEVICES=7
2026-05-12 12:11:07,766 [INFO] ms-clip: launching predict_smi (n_candidates=256)
2026-05-12 12:11:19,664 [WARNING] ms-clip dropped SMILES CNC(=O)c1nnc(Nc2nc(N3CC(C)OC(C)C3)ncc2F)cc1-c1ccc([C-]=O)cc1.[Fm]; emitting sentinel -1.0
2026-05-12 12:11:19,665 [WARNING] ms-clip dropped SMILES C.CCc1ncc2c(=O)[nH]c(C3CN(Cc4ccccc4)CC3C)nn12.CCc1ncc2c(=O)[nH]c(C3CNCC3C)nn12.[CH3-].[Pd]; emitting sentinel -1.0
2026-05-12 12:11:19,800 [INFO] ms-clip: auto-picked GPU 7 (free 24092 MiB)
2026-05-12 12:11:19,800 [INFO] ms-clip: using CUDA_VISIBLE_DEVICES=7
2026-05-12 12:11:19,800 [INFO] ms-clip: launching predict_smi (n_candidates=256)
2026-05-12 12:11:32,129 [WARNING] ms-clip dropped SMILES CCCCc1cccc2c1[cH-]c1ccccc12.CCCCc1cccc2c1[cH-]c1ccccc12.Clc1cc[c-]cc1.[CH2-]CCCC.[CH3-].[Ti]; emitting sentinel -1.0
2026-05-12 12:11:32,267 [INFO] ms-clip: auto-picked GPU 7 (free 24092 MiB)
2026-05-12 12:11:32,268 [INFO] ms-clip: using CUDA_VISIBLE_DEVICES=7
2026-05-12 12:11:32,268 [INFO] ms-clip: launching predict_smi (n_candidates=256)
2026-05-12 12:11:44,051 [WARNING] ms-clip dropped SMILES CC(C)(COC(C)(C)CCNc1cccc2c1C(=O)NC2=O)NC(=O)CNC1CCCC1.CCC(CC)c1c[c-]n2nccc2n1.CCCCC=O.CNC=O.[Na+]; emitting sentinel -1.0
2026-05-12 12:11:44,051 [WARNING] ms-clip dropped SMILES CCCC[Sn](CCCC)(CCCC)COCC1=C[C@@]2(C)CC[C@@H](O[Si](CC)(CC)CC)[C@@](C)(CCCO[Si](C)(C)C(C)(C)C)[C@@H]2CC1; emitting sentinel -1.0
2026-05-12 12:11:44,051 [WARNING] ms-clip dropped SMILES COCCOCCOC.COCCOCCOC.COCCOCCOC.COCCOCCOC.[Li].[Li].c1cc2ccc3ccc4ccc5ccc1c1c2c3c4c51; emitting sentinel -1.0
2026-05-12 12:11:44,182 [INFO] ms-clip: auto-picked GPU 7 (free 24092 MiB)
2026-05-12 12:11:44,183 [INFO] ms-clip: using CUDA_VISIBLE_DEVICES=7
2026-05-12 12:11:44,183 [INFO] ms-clip: launching predict_smi (n_candidates=256)
2026-05-12 12:11:56,029 [WARNING] ms-clip dropped SMILES O=[Sb](CC1CCCC1)(CC1CCCC1)CC1CCCC1; emitting sentinel -1.0
2026-05-12 12:11:56,046 [INFO] spec 380/500  MassSpecGymID0204379  pool=256  pred=JRASSONTPQQYOK  correct=True  t=12.0s
2026-05-12 12:11:56,160 [INFO] ms-clip: auto-picked GPU 7 (free 24092 MiB)
2026-05-12 12:11:56,160 [INFO] ms-clip: using CUDA_VISIBLE_DEVICES=7
2026-05-12 12:11:56,160 [INFO] ms-clip: launching predict_smi (n_candidates=256)
2026-05-12 12:12:07,748 [INFO] ms-clip: auto-picked GPU 7 (free 24092 MiB)
2026-05-12 12:12:07,748 [INFO] ms-clip: using CUDA_VISIBLE_DEVICES=7
2026-05-12 12:12:07,748 [INFO] ms-clip: launching predict_smi (n_candidates=256)
2026-05-12 12:12:19,545 [INFO] ms-clip: auto-picked GPU 7 (free 24092 MiB)
2026-05-12 12:12:19,545 [INFO] ms-clip: using CUDA_VISIBLE_DEVICES=7
2026-05-12 12:12:19,545 [INFO] ms-clip: launching predict_smi (n_candidates=256)
2026-05-12 12:12:31,292 [WARNING] ms-clip dropped SMILES CCCCC(CC)C(=O)[O-].CCCCC(CC)C(=O)[O-].CCCCC(CC)C(=O)[O-].CCCCC(CC)C(=O)[O-].CCCCC(CC)C(=O)[O-].[V]; emitting sentinel -1.0
2026-05-12 12:12:31,293 [WARNING] ms-clip dropped SMILES CC(C)CCCCC(=O)[O-].CC(C)CCCCC(=O)[O-].CC(C)CCCCC(=O)[O-].CC(C)CCCCC(=O)[O-].CC(C)CCCCC(=O)[O-].[V]; emitting sentinel -1.0
2026-05-12 12:12:31,293 [WARNING] ms-clip dropped SMILES CCCCCCCCCCCCCCCCCC(=O)[O-].CCCCCCCCCCCCCCCCCC(=O)[O-].Cc1cc(O)ccc1Cl.[Ni+2]; emitting sentinel -1.0
2026-05-12 12:12:31,293 [WARNING] ms-clip dropped SMILES CCCCCCCC/C=C\CCCCCCCC(=O)O.CCCCCCCC/C=C\CCCCCCCC(=O)O.[Hg]; emitting sentinel -1.0
2026-05-12 12:12:31,293 [WARNING] ms-clip dropped SMILES CCCCCCCC(=O)[O-].CCCCCCCC(=O)[O-].CCCCCCCC(=O)[O-].CCCCCCCC(=O)[O-].CCCCCCCC(=O)[O-].[V]; emitting sentinel -1.0
2026-05-12 12:12:31,293 [WARNING] ms-clip dropped SMILES [Au].[Cd].[Cd].[Cd].[Cd].[Cd]; emitting sentinel -1.0
2026-05-12 12:12:31,293 [WARNING] ms-clip dropped SMILES C1CCC([PH+](C2CCCCC2)C2CCCCC2)CC1.C1CCC([PH+](C2CCCCC2)C2CCCCC2)CC1.C1CCOC1.[CH3-].[CH3-].[Ru+2]; emitting sentinel -1.0
2026-05-12 12:12:31,438 [INFO] ms-clip: auto-picked GPU 7 (free 24092 MiB)
2026-05-12 12:12:31,438 [INFO] ms-clip: using CUDA_VISIBLE_DEVICES=7
2026-05-12 12:12:31,438 [INFO] ms-clip: launching predict_smi (n_candidates=256)
2026-05-12 12:12:43,717 [WARNING] ms-clip dropped SMILES CC(C)(C)c1cc(-c2cc3cc(C(C)(C)C)ccc3[cH-]2)cc(C(C)(C)C)c1.CC(C)(C)c1cc(-c2cc3cc(C(C)(C)C)ccc3[cH-]2)cc(C(C)(C)C)c1.[Hf+4]; emitting sentinel -1.0
2026-05-12 12:12:43,717 [WARNING] ms-clip dropped SMILES CC1CC2C(c3ccc(C(C)(C)C)cc3)CC(C(C)(C)C)CC2C1[Si](C)(C)C1C(C)CC2C(c3ccc(C(C)(C)C)cc3)CC(C(C)(C)C)CC21.Cl[Zr+2]Cl.[CH3-].[CH3-]; emitting sentinel -1.0
2026-05-12 12:12:43,855 [INFO] ms-clip: auto-picked GPU 7 (free 24092 MiB)
2026-05-12 12:12:43,855 [INFO] ms-clip: using CUDA_VISIBLE_DEVICES=7
2026-05-12 12:12:43,855 [INFO] ms-clip: launching predict_smi (n_candidates=256)
2026-05-12 12:12:56,023 [WARNING] ms-clip dropped SMILES [NH3+]c1cc[c-]cc1CC1CNC(=O)CN(C(=O)NC(C(=O)O)c2ccccc2)C1=O.[U]; emitting sentinel -1.0
2026-05-12 12:12:56,024 [WARNING] ms-clip dropped SMILES C(=C\C1[CH-]CCC1)\C1[CH-]CCC1.C1CCCC1.C1CCCC1.CCCC[Sn+2]CCCC.[Fe+2].[Fe+2]; emitting sentinel -1.0
2026-05-12 12:12:56,024 [WARNING] ms-clip dropped SMILES CCC1=C(C)/C2=C/c3c(CC)c(C)c4n3[Sn](F)(F)n3/c(c(C)c(CC)/c3=C/C3=N/C(=C\4)C(CC)=C3CC)=C\C1=N2; emitting sentinel -1.0
2026-05-12 12:12:56,024 [WARNING] ms-clip dropped SMILES C.CN1C[C@H]2c3ccccc3Oc3ccc(Cl)cc3[C@@H]2C1.O=CNC[C@H]1c2cc(Cl)ccc2Oc2ccccc2[C@@H]1CO.[AlH3]; emitting sentinel -1.0
2026-05-12 12:12:56,153 [INFO] ms-clip: auto-picked GPU 7 (free 24092 MiB)
2026-05-12 12:12:56,153 [INFO] ms-clip: using CUDA_VISIBLE_DEVICES=7
2026-05-12 12:12:56,153 [INFO] ms-clip: launching predict_smi (n_candidates=256)
2026-05-12 12:13:08,241 [INFO] ms-clip: auto-picked GPU 7 (free 24092 MiB)
2026-05-12 12:13:08,241 [INFO] ms-clip: using CUDA_VISIBLE_DEVICES=7
2026-05-12 12:13:08,241 [INFO] ms-clip: launching predict_smi (n_candidates=256)
2026-05-12 12:13:20,173 [INFO] ms-clip: auto-picked GPU 7 (free 24092 MiB)
2026-05-12 12:13:20,174 [INFO] ms-clip: using CUDA_VISIBLE_DEVICES=7
2026-05-12 12:13:20,174 [INFO] ms-clip: launching predict_smi (n_candidates=256)
2026-05-12 12:13:31,941 [INFO] ms-clip: auto-picked GPU 7 (free 23428 MiB)
2026-05-12 12:13:31,941 [INFO] ms-clip: using CUDA_VISIBLE_DEVICES=7
2026-05-12 12:13:31,941 [INFO] ms-clip: launching predict_smi (n_candidates=256)
2026-05-12 12:13:44,264 [INFO] ms-clip: auto-picked GPU 7 (free 22762 MiB)
2026-05-12 12:13:44,265 [INFO] ms-clip: using CUDA_VISIBLE_DEVICES=7
2026-05-12 12:13:44,265 [INFO] ms-clip: launching predict_smi (n_candidates=256)
2026-05-12 12:13:56,327 [INFO] spec 390/500  MassSpecGymID0231398  pool=256  pred=KQQLBXFPTDVFAJ  correct=True  t=12.2s
2026-05-12 12:13:56,463 [INFO] ms-clip: auto-picked GPU 7 (free 22554 MiB)
2026-05-12 12:13:56,463 [INFO] ms-clip: using CUDA_VISIBLE_DEVICES=7
2026-05-12 12:13:56,463 [INFO] ms-clip: launching predict_smi (n_candidates=256)
2026-05-12 12:14:08,455 [WARNING] ms-clip dropped SMILES [CH2-]C(CC(C)(C)C)C(=O)C(C)(C)C.[CH2-]CCOCC1C2CC/C=C\CCC21.[Y]; emitting sentinel -1.0
2026-05-12 12:14:08,608 [INFO] ms-clip: auto-picked GPU 7 (free 21096 MiB)
2026-05-12 12:14:08,608 [INFO] ms-clip: using CUDA_VISIBLE_DEVICES=7
2026-05-12 12:14:08,608 [INFO] ms-clip: launching predict_smi (n_candidates=256)
2026-05-12 12:14:20,714 [WARNING] ms-clip dropped SMILES CCCCCCCCCC[S-].CCCCCCCCCC[S-].[Pb+2]; emitting sentinel -1.0
2026-05-12 12:14:20,870 [INFO] ms-clip: auto-picked GPU 7 (free 20808 MiB)
2026-05-12 12:14:20,870 [INFO] ms-clip: using CUDA_VISIBLE_DEVICES=7
2026-05-12 12:14:20,870 [INFO] ms-clip: launching predict_smi (n_candidates=256)
2026-05-12 12:14:33,082 [INFO] ms-clip: auto-picked GPU 7 (free 20808 MiB)
2026-05-12 12:14:33,082 [INFO] ms-clip: using CUDA_VISIBLE_DEVICES=7
2026-05-12 12:14:33,082 [INFO] ms-clip: launching predict_smi (n_candidates=256)
2026-05-12 12:14:45,315 [WARNING] ms-clip dropped SMILES CCCC/C1=C2/N=C(C(CC)=C2CC)C(c2ccccc2)C2=N/C(=C(/CCCC)c3[n-]c(c(CC)c3CC)C(CCCC)c3[n-]c1c(CC)c3CC)C(CC)=C2CC.[Ni+2]; emitting sentinel -1.0
2026-05-12 12:14:45,315 [WARNING] ms-clip dropped SMILES CCCC/C1=C2/N=C(C(CC)=C2CC)[C@H](CCCC)c2[n-]c(c(CC)c2CC)/C(CCCC)=C2\N=C(C(CC)=C2CC)[C@H](c2ccccc2)c2[n-]c1c(CC)c2CC.[Ni+2]; emitting sentinel -1.0
2026-05-12 12:14:45,459 [INFO] ms-clip: auto-picked GPU 7 (free 20364 MiB)
2026-05-12 12:14:45,460 [INFO] ms-clip: using CUDA_VISIBLE_DEVICES=7
2026-05-12 12:14:45,460 [INFO] ms-clip: launching predict_smi (n_candidates=256)
2026-05-12 12:14:57,562 [WARNING] ms-clip dropped SMILES CN1CCCN(C)CN2C3=[Pt]=C4N(CCN3c3ccccc32)c2ccccc2N4C1; emitting sentinel -1.0
2026-05-12 12:14:57,725 [INFO] ms-clip: auto-picked GPU 7 (free 20364 MiB)
2026-05-12 12:14:57,725 [INFO] ms-clip: using CUDA_VISIBLE_DEVICES=7
2026-05-12 12:14:57,725 [INFO] ms-clip: launching predict_smi (n_candidates=256)
2026-05-12 12:15:09,784 [WARNING] ms-clip dropped SMILES [CH2]CCC.[CH2]CCC.[CH2]CCC.[CH2]OCC1=C[C@]2(C)CC[C@@H](O[Si](CC)(CC)CC)[C@@](C)(CCCO[Si](C)(C)C(C)(C)C)[C@@H]2CC1.[Sn]; emitting sentinel -1.0
2026-05-12 12:15:09,943 [INFO] ms-clip: auto-picked GPU 7 (free 20364 MiB)
2026-05-12 12:15:09,943 [INFO] ms-clip: using CUDA_VISIBLE_DEVICES=7
2026-05-12 12:15:09,943 [INFO] ms-clip: launching predict_smi (n_candidates=256)
2026-05-12 12:15:21,971 [INFO] ms-clip: auto-picked GPU 7 (free 20364 MiB)
2026-05-12 12:15:21,971 [INFO] ms-clip: using CUDA_VISIBLE_DEVICES=7
2026-05-12 12:15:21,971 [INFO] ms-clip: launching predict_smi (n_candidates=256)
2026-05-12 12:15:33,977 [WARNING] ms-clip dropped SMILES C1CCC2CCCC2C1.C1CCC2CCCC2C1.Oc1cccc2ccccc12.Oc1cccc2ccccc12.[Ti]; emitting sentinel -1.0
2026-05-12 12:15:34,120 [INFO] ms-clip: auto-picked GPU 7 (free 20364 MiB)
2026-05-12 12:15:34,121 [INFO] ms-clip: using CUDA_VISIBLE_DEVICES=7
2026-05-12 12:15:34,121 [INFO] ms-clip: launching predict_smi (n_candidates=256)
2026-05-12 12:15:46,175 [WARNING] ms-clip dropped SMILES CC(C)(C)OO.CC(C)O.CC(C)O.CC(C)O.CC(C)O.CC(C)OC(=O)[C@@H](O)[C@@H](O)C(=O)OC(C)C.[Ti]; emitting sentinel -1.0
2026-05-12 12:15:46,175 [WARNING] ms-clip dropped SMILES CCCCC1CCC([SiH](C)[SiH](C)C2C(C)CC3C2CC2CCCC2C3[Si](C)(C)C)C1.[CH3-].[CH3-].[CH3-].[CH3-].[Zr+4]; emitting sentinel -1.0
2026-05-12 12:15:46,321 [INFO] ms-clip: auto-picked GPU 7 (free 20364 MiB)
2026-05-12 12:15:46,321 [INFO] ms-clip: using CUDA_VISIBLE_DEVICES=7
2026-05-12 12:15:46,321 [INFO] ms-clip: launching predict_smi (n_candidates=256)
2026-05-12 12:15:58,067 [WARNING] ms-clip dropped SMILES Cc1cc(C)c([Ge](c2c(C)cc(C)cc2C)(c2c(C)cc(C)cc2C)N2C[N-]2)c(C)c1.[Li+]; emitting sentinel -1.0
2026-05-12 12:15:58,088 [INFO] spec 400/500  MassSpecGymID0153813  pool=256  pred=NCDAYDGRZHIDGV  correct=False  t=11.9s
2026-05-12 12:15:58,218 [INFO] ms-clip: auto-picked GPU 7 (free 20364 MiB)
2026-05-12 12:15:58,218 [INFO] ms-clip: using CUDA_VISIBLE_DEVICES=7
2026-05-12 12:15:58,218 [INFO] ms-clip: launching predict_smi (n_candidates=256)
2026-05-12 12:16:10,449 [WARNING] ms-clip dropped SMILES CCCCCCCCO.CCCCCCCCO.CCCCCCCCO.[Y]; emitting sentinel -1.0
2026-05-12 12:16:10,601 [INFO] ms-clip: auto-picked GPU 7 (free 20364 MiB)
2026-05-12 12:16:10,601 [INFO] ms-clip: using CUDA_VISIBLE_DEVICES=7
2026-05-12 12:16:10,601 [INFO] ms-clip: launching predict_smi (n_candidates=256)
2026-05-12 12:16:22,885 [WARNING] ms-clip dropped SMILES C1CCOC1.CC(C)(C)[Si](C)(C)C1CC(Cc2ccccc2)C2C=CC=CC21.[CH2-][Si](C)(C)C.[CH2-][Si](C)(C)C.[CH3-].[Sc+3]; emitting sentinel -1.0
2026-05-12 12:16:23,019 [INFO] ms-clip: auto-picked GPU 7 (free 19396 MiB)
2026-05-12 12:16:23,020 [INFO] ms-clip: using CUDA_VISIBLE_DEVICES=7
2026-05-12 12:16:23,020 [INFO] ms-clip: launching predict_smi (n_candidates=256)
2026-05-12 12:16:35,605 [WARNING] ms-clip dropped SMILES CN(C)C1=CC2=C3C=C(N(C)C)C=CN3CCCN2C=C1.CN1c2ccccc2N(C)C12CCCCC21N(C)c2ccccc2N1C.[Li+].[O-]c1cccc2ccc[nH+]c12; emitting sentinel -1.0
2026-05-12 12:16:35,606 [WARNING] ms-clip dropped SMILES CCCCCCCCCCCCCCCCCCCC#CC(=O)[O-].CCCCCCCCCCCCCCCCCCCC#CC(=O)[O-].[Cd+2]; emitting sentinel -1.0
2026-05-12 12:16:35,742 [INFO] ms-clip: auto-picked GPU 7 (free 24092 MiB)
2026-05-12 12:16:35,742 [INFO] ms-clip: using CUDA_VISIBLE_DEVICES=7
2026-05-12 12:16:35,742 [INFO] ms-clip: launching predict_smi (n_candidates=256)
2026-05-12 12:16:47,968 [WARNING] ms-clip dropped SMILES CCC(=O)O.[Hg].c1ccccc1; emitting sentinel -1.0
2026-05-12 12:16:48,098 [INFO] ms-clip: auto-picked GPU 7 (free 24092 MiB)
2026-05-12 12:16:48,098 [INFO] ms-clip: using CUDA_VISIBLE_DEVICES=7
2026-05-12 12:16:48,098 [INFO] ms-clip: launching predict_smi (n_candidates=256)
2026-05-12 12:17:00,320 [WARNING] ms-clip dropped SMILES CC(C)[SiH2+](C)CCOCn1cc(C(N)=O)c2c(Cl)nc(Cl)nc21; emitting sentinel -1.0
2026-05-12 12:17:00,321 [WARNING] ms-clip dropped SMILES C=CCC1C[N-]CC[N-]CC[N-]CC[N-]CC[N-]1.Cl[Mn]Cl; emitting sentinel -1.0
2026-05-12 12:17:00,449 [INFO] ms-clip: auto-picked GPU 7 (free 24092 MiB)
2026-05-12 12:17:00,449 [INFO] ms-clip: using CUDA_VISIBLE_DEVICES=7
2026-05-12 12:17:00,449 [INFO] ms-clip: launching predict_smi (n_candidates=256)
2026-05-12 12:17:12,593 [INFO] ms-clip: auto-picked GPU 7 (free 24092 MiB)
2026-05-12 12:17:12,593 [INFO] ms-clip: using CUDA_VISIBLE_DEVICES=7
2026-05-12 12:17:12,593 [INFO] ms-clip: launching predict_smi (n_candidates=256)
2026-05-12 12:17:24,291 [WARNING] ms-clip dropped SMILES C/C=C(\O[C@H](Cc1cc(C)[c-]c(C)c1)C(=O)N1CN(C2CCN(CCC(=O)OCC)CC2)C1)N1CCC(C2CCc3ccccc3NC(O)CC2)CC1.[Mn]; emitting sentinel -1.0
2026-05-12 12:17:24,291 [WARNING] ms-clip dropped SMILES CCCC[Sn](CCCC)(CCCC)c1ccc(OCCC[C@@H](C[C@H](NC(=O)OC(C)(C)C)C(=O)OC(C)(C)C)C(=O)OC(C)(C)C)cc1; emitting sentinel -1.0
2026-05-12 12:17:24,291 [WARNING] ms-clip dropped SMILES CCCCCCC(O)CCCC.CCCCCCC(O)CCCC.OCCCCCCN(CCO)CCCCCCO.[Y].[Y]; emitting sentinel -1.0
2026-05-12 12:17:24,292 [WARNING] ms-clip dropped SMILES Brc1ccc2ccccc2c1.C1CCOC1.CC(C)O.CC1(C)OB(c2ccc3ccccc3c2)OC1(C)C.CC1(C)O[B]OC1(C)C.[CH2-]CCC.[Li+]; emitting sentinel -1.0
2026-05-12 12:17:24,292 [WARNING] ms-clip dropped SMILES C1CCOC1.Cc1cc(C)c(-c2cccc(-c3c(C)cc(C)cc3C)c2[NH-])c(C)c1.Cc1cc(C)c(-c2cccc(-c3c(C)cc(C)cc3C)c2[NH-])c(C)c1.[Mn+2]; emitting sentinel -1.0
2026-05-12 12:17:24,452 [INFO] ms-clip: auto-picked GPU 7 (free 24092 MiB)
2026-05-12 12:17:24,453 [INFO] ms-clip: using CUDA_VISIBLE_DEVICES=7
2026-05-12 12:17:24,453 [INFO] ms-clip: launching predict_smi (n_candidates=256)
2026-05-12 12:17:36,554 [WARNING] ms-clip dropped SMILES Cc1ccc(S(=O)(=O)OCCC(B2C3CCCC2CCC3)[B-]2(C)C3CCCC2CCC3)cc1.[Li+]; emitting sentinel -1.0
2026-05-12 12:17:36,702 [INFO] ms-clip: auto-picked GPU 7 (free 24092 MiB)
2026-05-12 12:17:36,702 [INFO] ms-clip: using CUDA_VISIBLE_DEVICES=7
2026-05-12 12:17:36,702 [INFO] ms-clip: launching predict_smi (n_candidates=256)
2026-05-12 12:17:48,409 [WARNING] ms-clip dropped SMILES [CH-]1C2CCCCC2C2CCCCC12.[CH-]1C2CCCCC2C2CCCCC12.[W+2]; emitting sentinel -1.0
2026-05-12 12:17:48,410 [WARNING] ms-clip dropped SMILES CC12c3cccc(c3)C3(C)N4C=CN(C4)C(C)(c4cccc(c4)C(C)(c4cccc1c4)[n+]1[c-]n3cc1)N1C=CN2C1; emitting sentinel -1.0
2026-05-12 12:17:48,566 [INFO] ms-clip: auto-picked GPU 7 (free 24092 MiB)
2026-05-12 12:17:48,567 [INFO] ms-clip: using CUDA_VISIBLE_DEVICES=7
2026-05-12 12:17:48,567 [INFO] ms-clip: launching predict_smi (n_candidates=256)
2026-05-12 12:18:00,277 [WARNING] ms-clip dropped SMILES CN([Si])[Si](C)(C)N(C)[Si](C)(C)N(C)[Si](C)(C)C; emitting sentinel -1.0
2026-05-12 12:18:00,292 [INFO] spec 410/500  MassSpecGymID0207318  pool=256  pred=VICZYZVNJKFTNP  correct=True  t=11.9s
2026-05-12 12:18:00,404 [INFO] ms-clip: auto-picked GPU 7 (free 24092 MiB)
2026-05-12 12:18:00,404 [INFO] ms-clip: using CUDA_VISIBLE_DEVICES=7
2026-05-12 12:18:00,404 [INFO] ms-clip: launching predict_smi (n_candidates=256)
2026-05-12 12:18:12,710 [INFO] ms-clip: auto-picked GPU 7 (free 24092 MiB)
2026-05-12 12:18:12,711 [INFO] ms-clip: using CUDA_VISIBLE_DEVICES=7
2026-05-12 12:18:12,711 [INFO] ms-clip: launching predict_smi (n_candidates=256)
2026-05-12 12:18:24,463 [INFO] ms-clip: auto-picked GPU 7 (free 24092 MiB)
2026-05-12 12:18:24,463 [INFO] ms-clip: using CUDA_VISIBLE_DEVICES=7
2026-05-12 12:18:24,464 [INFO] ms-clip: launching predict_smi (n_candidates=256)
2026-05-12 12:18:36,789 [WARNING] ms-clip dropped SMILES C1CCOC1.COc1ccc(C#C[Ge]2(C#Cc3ccc(OC)cc3)C(c3ccccc3)=C(c3ccccc3)C(c3ccccc3)=C2c2ccccc2)cc1; emitting sentinel -1.0
2026-05-12 12:18:36,789 [WARNING] ms-clip dropped SMILES C1=CCC=C1.C1=Cc2ccccc2C1.[H]/[C-]=C/c1[c-]cccc1.[W+2].c1ccc2c(c1)cnc1ccccc12.c1ccc2c[nH]cc2c1; emitting sentinel -1.0
2026-05-12 12:18:36,789 [WARNING] ms-clip dropped SMILES CC/C=C/[C@]1(CC)O[C@@H]2OC(C)(C)O[C@@H]2[C@@H]1C.CCCC[C@]1(CC)O[C@@H]2OC(C)(C)O[C@@H]2[C@@H]1C.CO.Cl[Ni]Cl.O=C=O.O=C=O.[B].[Na]; emitting sentinel -1.0
2026-05-12 12:18:36,789 [WARNING] ms-clip dropped SMILES C(C=Cc1ccccc1)=Cc1ccccc1.C[Si]C.Cc1cc2c(-c3ccccc3)cccc2[cH-]1.Cc1cc2c(-c3ccccc3)cccc2[cH-]1.[Zr+2]; emitting sentinel -1.0
2026-05-12 12:18:36,790 [WARNING] ms-clip dropped SMILES Cl[Ru].[C-]#[O+].c1cc(CP(C2CCCCC2)C2CCCCC2)c2nc3c(CP(C4CCCCC4)C4CCCCC4)cccc3cc2c1; emitting sentinel -1.0
2026-05-12 12:18:36,790 [WARNING] ms-clip dropped SMILES CNc1ccccc1-c1[c-]cccc1.CNc1ccccc1-c1ccccc1[PH+](C1CCCCC1)C1CCCCC1.CS(=O)(=O)O.[Pd+2]; emitting sentinel -1.0
2026-05-12 12:18:36,790 [WARNING] ms-clip dropped SMILES CC(C)(C)c1ccc2c(c1)[cH-]c1cc(C(C)(C)C)ccc12.[Cl-].[Cl-].[Hf+2]=C(c1ccccc1)C1CCCCC1.c1cc[cH-]c1; emitting sentinel -1.0
2026-05-12 12:18:36,790 [WARNING] ms-clip dropped SMILES C(/C=C/c1ccccc1)=C\c1ccccc1.C[Si]C.Cc1cc2c(-c3ccccc3)cccc2[cH-]1.Cc1cc2c(-c3ccccc3)cccc2[cH-]1.[Zr+2]; emitting sentinel -1.0
2026-05-12 12:18:36,790 [WARNING] ms-clip dropped SMILES C=CCCCCC(=[Hf+2])c1ccccc1.CC(C)(C)c1ccc2c(c1)[cH-]c1cc(C(C)(C)C)ccc12.[Cl-].[Cl-].c1cc[cH-]c1; emitting sentinel -1.0
2026-05-12 12:18:36,925 [INFO] ms-clip: auto-picked GPU 7 (free 24092 MiB)
2026-05-12 12:18:36,925 [INFO] ms-clip: using CUDA_VISIBLE_DEVICES=7
2026-05-12 12:18:36,926 [INFO] ms-clip: launching predict_smi (n_candidates=256)
2026-05-12 12:18:49,207 [WARNING] ms-clip dropped SMILES Cc1ccnc(-n2c3cc(Oc4cncc(-n5c(=[Pt])n(C)c6ccccc65)c4)ccc3c3ccc4c(c32)C(C)(C)C(C)(C)C4(C)C)c1; emitting sentinel -1.0
2026-05-12 12:18:49,208 [WARNING] ms-clip dropped SMILES CC(C)(C)C(=O)N1C(=O)C2C3CC(C(OC(=O)C4CCCCC4)C31)C2C(=O)O[CH-]C(F)(F)S(=O)(=O)[O-].[Rf]; emitting sentinel -1.0
2026-05-12 12:18:49,208 [WARNING] ms-clip dropped SMILES CC.CC.CC.CCCCN1CCC(C(C(N)=O)(c2ccccc2)c2ccccc2)C1.[Re].[Re]; emitting sentinel -1.0
2026-05-12 12:18:49,208 [WARNING] ms-clip dropped SMILES Cc1ccnc(-n2c3cc(Oc4cncc(-n5c(=[Pt])n(C)c6ccccc65)c4)ccc3c3cc4c(cc32)C(C)(C)C(C)(C)C4(C)C)c1; emitting sentinel -1.0
2026-05-12 12:18:49,208 [WARNING] ms-clip dropped SMILES CO[C@H]1[C@@H](c2ccccc2)[C@@H]1[C@@H](O[Ge](c1c(C)cc(C)cc1C)c1c(C)cc(C)cc1C)[Ge](c1c(C)cc(C)cc1C)c1c(C)cc(C)cc1C; emitting sentinel -1.0
2026-05-12 12:18:49,208 [WARNING] ms-clip dropped SMILES C.C.COc1cccc(-c2ccc(NC(=O)C3=C(C(=O)[O-])CCC3)c(F)c2)c1.COc1cccc(-c2ccc(NC(=O)C3=C(C(=O)[O-])CCC3)c(F)c2)c1.O.[Ca+2].[H-].[H-]; emitting sentinel -1.0
2026-05-12 12:18:49,208 [WARNING] ms-clip dropped SMILES Cc1ccnc(-n2c3cc(Oc4cncc(-n5c(=[Pt])n(C)c6ccccc65)c4)ccc3c3c4c(ccc32)C(C)(C)C(C)(C)C4(C)C)c1; emitting sentinel -1.0
2026-05-12 12:18:49,208 [WARNING] ms-clip dropped SMILES C=C(C)[C@@H]1CC[C@@H](C)/C(=C/C(=O)OCC)C1.C=C(C)[C@@H]1CC[C@@H](C)/C(=C/CO)C1.CCOCC.C[CH-]I.[AlH3].[CH2-]C.[H-].[Li+].[V].[V]; emitting sentinel -1.0
2026-05-12 12:18:49,208 [WARNING] ms-clip dropped SMILES CCCCCCC(CCCCC)(CCCCOC(=O)/C=C\C(=O)[O-])OC(=O)/C=C\C(=O)OCCCC.CCCCOC(=O)/C=C\C(=O)[O-].[Sn+2]; emitting sentinel -1.0
2026-05-12 12:18:49,339 [INFO] ms-clip: auto-picked GPU 7 (free 24092 MiB)
2026-05-12 12:18:49,339 [INFO] ms-clip: using CUDA_VISIBLE_DEVICES=7
2026-05-12 12:18:49,339 [INFO] ms-clip: launching predict_smi (n_candidates=256)
2026-05-12 12:19:01,039 [WARNING] ms-clip dropped SMILES Cc1ccnc(-n2c3cc(Oc4cncc(-n5c(=[Pt])n(C)c6ccccc65)c4)ccc3c3ccc4c(c32)C(C)(C)C(C)(C)C4(C)C)c1; emitting sentinel -1.0
2026-05-12 12:19:01,039 [WARNING] ms-clip dropped SMILES CC(C)(C)C(=O)N1C(=O)C2C3CC(C(OC(=O)C4CCCCC4)C31)C2C(=O)O[CH-]C(F)(F)S(=O)(=O)[O-].[Rf]; emitting sentinel -1.0
2026-05-12 12:19:01,039 [WARNING] ms-clip dropped SMILES CC.CC.CC.CCCCN1CCC(C(C(N)=O)(c2ccccc2)c2ccccc2)C1.[Re].[Re]; emitting sentinel -1.0
2026-05-12 12:19:01,039 [WARNING] ms-clip dropped SMILES Cc1ccnc(-n2c3cc(Oc4cncc(-n5c(=[Pt])n(C)c6ccccc65)c4)ccc3c3cc4c(cc32)C(C)(C)C(C)(C)C4(C)C)c1; emitting sentinel -1.0
2026-05-12 12:19:01,039 [WARNING] ms-clip dropped SMILES CO[C@H]1[C@@H](c2ccccc2)[C@@H]1[C@@H](O[Ge](c1c(C)cc(C)cc1C)c1c(C)cc(C)cc1C)[Ge](c1c(C)cc(C)cc1C)c1c(C)cc(C)cc1C; emitting sentinel -1.0
2026-05-12 12:19:01,040 [WARNING] ms-clip dropped SMILES C.C.COc1cccc(-c2ccc(NC(=O)C3=C(C(=O)[O-])CCC3)c(F)c2)c1.COc1cccc(-c2ccc(NC(=O)C3=C(C(=O)[O-])CCC3)c(F)c2)c1.O.[Ca+2].[H-].[H-]; emitting sentinel -1.0
2026-05-12 12:19:01,040 [WARNING] ms-clip dropped SMILES Cc1ccnc(-n2c3cc(Oc4cncc(-n5c(=[Pt])n(C)c6ccccc65)c4)ccc3c3c4c(ccc32)C(C)(C)C(C)(C)C4(C)C)c1; emitting sentinel -1.0
2026-05-12 12:19:01,040 [WARNING] ms-clip dropped SMILES C=C(C)[C@@H]1CC[C@@H](C)/C(=C/C(=O)OCC)C1.C=C(C)[C@@H]1CC[C@@H](C)/C(=C/CO)C1.CCOCC.C[CH-]I.[AlH3].[CH2-]C.[H-].[Li+].[V].[V]; emitting sentinel -1.0
2026-05-12 12:19:01,040 [WARNING] ms-clip dropped SMILES CCCCCCC(CCCCC)(CCCCOC(=O)/C=C\C(=O)[O-])OC(=O)/C=C\C(=O)OCCCC.CCCCOC(=O)/C=C\C(=O)[O-].[Sn+2]; emitting sentinel -1.0
2026-05-12 12:19:01,174 [INFO] ms-clip: auto-picked GPU 7 (free 24092 MiB)
2026-05-12 12:19:01,174 [INFO] ms-clip: using CUDA_VISIBLE_DEVICES=7
2026-05-12 12:19:01,175 [INFO] ms-clip: launching predict_smi (n_candidates=256)
2026-05-12 12:19:13,168 [INFO] ms-clip: auto-picked GPU 7 (free 24092 MiB)
2026-05-12 12:19:13,169 [INFO] ms-clip: using CUDA_VISIBLE_DEVICES=7
2026-05-12 12:19:13,169 [INFO] ms-clip: launching predict_smi (n_candidates=256)
2026-05-12 12:19:25,236 [WARNING] ms-clip dropped SMILES CNC(=O)c1nnc(Nc2nc(N3CC(C)OC(C)C3)ncc2F)cc1-c1ccc([C-]=O)cc1.[Fm]; emitting sentinel -1.0
2026-05-12 12:19:25,236 [WARNING] ms-clip dropped SMILES C.CCc1ncc2c(=O)[nH]c(C3CN(Cc4ccccc4)CC3C)nn12.CCc1ncc2c(=O)[nH]c(C3CNCC3C)nn12.[CH3-].[Pd]; emitting sentinel -1.0
2026-05-12 12:19:25,387 [INFO] ms-clip: auto-picked GPU 7 (free 24092 MiB)
2026-05-12 12:19:25,387 [INFO] ms-clip: using CUDA_VISIBLE_DEVICES=7
2026-05-12 12:19:25,387 [INFO] ms-clip: launching predict_smi (n_candidates=256)
2026-05-12 12:19:37,365 [WARNING] ms-clip dropped SMILES C=C/C1=C(C=C)/C(N)=C(/N(N)CCOO)c2ccccc2N(C(=O)CCNC)C1.CCCCC[NH-].CCCOCCC=O.[Y]; emitting sentinel -1.0
2026-05-12 12:19:37,496 [INFO] ms-clip: auto-picked GPU 7 (free 24092 MiB)
2026-05-12 12:19:37,497 [INFO] ms-clip: using CUDA_VISIBLE_DEVICES=7
2026-05-12 12:19:37,497 [INFO] ms-clip: launching predict_smi (n_candidates=256)
2026-05-12 12:19:48,923 [WARNING] ms-clip dropped SMILES CCN(CC)C(=O)c1ccccc1[Te]c1ccccc1C(=O)N(CC)CC; emitting sentinel -1.0
2026-05-12 12:19:48,923 [WARNING] ms-clip dropped SMILES C[Si](C)(C)[Si]([Si](C)(C)C)[Si](C)(C)C.[CH3-].[Zr+3].c1cc[cH-]c1.c1cc[cH-]c1; emitting sentinel -1.0
2026-05-12 12:19:49,085 [INFO] ms-clip: auto-picked GPU 7 (free 24092 MiB)
2026-05-12 12:19:49,085 [INFO] ms-clip: using CUDA_VISIBLE_DEVICES=7
2026-05-12 12:19:49,085 [INFO] ms-clip: launching predict_smi (n_candidates=256)
2026-05-12 12:20:01,255 [WARNING] ms-clip dropped SMILES CCC[Si](CCC)c1cccc2c1-c1nc(-c3[c-]c(-c4ccccn4)ccc3)ccc1[Ge]2(CCC)CCC.[Ni]; emitting sentinel -1.0
2026-05-12 12:20:01,256 [WARNING] ms-clip dropped SMILES CC(C)COC(=O)Oc1ccc(F)[c-]c1F.CC(C)COC(=O)Oc1ccc(F)[c-]c1F.[C-]1=CC=CC1.[C-]1=CC=CC1.[Ti+4]; emitting sentinel -1.0
2026-05-12 12:20:01,256 [WARNING] ms-clip dropped SMILES CCP(CC)CC.O=C(N[C@@H](C(=O)O)c1ccccc1)c1cccc(-c2[c-]nn[nH]2)c1.[Au+]; emitting sentinel -1.0
2026-05-12 12:20:01,256 [WARNING] ms-clip dropped SMILES C[N+]1=C=[N+](c2[c-]cc3oc4ccccc4c3c2)C=C1.Cc1c[c-]c(-c2cc(C)c(C)cn2)cc1.[Ir]; emitting sentinel -1.0
2026-05-12 12:20:01,256 [WARNING] ms-clip dropped SMILES CC(C)COC(=O)Oc1ccc(F)[c-]c1F.CC(C)COC(=O)Oc1ccc(F)[c-]c1F.[Ti+4].c1cc[cH-]c1.c1cc[cH-]c1; emitting sentinel -1.0
2026-05-12 12:20:01,256 [WARNING] ms-clip dropped SMILES CCCC[N+]1=C=[N+](c2[c-]cc3oc4ccccc4c3c2)C=C1.[Ir].[c-]1ccccc1-c1ccccn1; emitting sentinel -1.0
2026-05-12 12:20:01,256 [WARNING] ms-clip dropped SMILES Cc1ccnc([Bi]2c3ccccc3-c3ccc(-c4cccc(Oc5ncccc5C)c4)cc32)c1; emitting sentinel -1.0
2026-05-12 12:20:01,256 [WARNING] ms-clip dropped SMILES CC(C)C[N+]1=C=[N+](c2[c-]cc3c(c2)oc2ccccc23)C=C1.[Ir].[c-]1ccccc1-c1ccccn1; emitting sentinel -1.0
2026-05-12 12:20:01,277 [INFO] spec 420/500  MassSpecGymID0078302  pool=256  pred=NMVPEQXCMGEDNH  correct=False  t=12.3s
2026-05-12 12:20:01,420 [INFO] ms-clip: auto-picked GPU 7 (free 24092 MiB)
2026-05-12 12:20:01,420 [INFO] ms-clip: using CUDA_VISIBLE_DEVICES=7
2026-05-12 12:20:01,420 [INFO] ms-clip: launching predict_smi (n_candidates=256)
2026-05-12 12:20:13,480 [WARNING] ms-clip dropped SMILES O=C([O-])C1CCCC1.O=C([O-])C1CCCC1.O=C([O-])C1CCCC1.O=C([O-])C1CCCC1.[Ti+4]; emitting sentinel -1.0
2026-05-12 12:20:13,480 [WARNING] ms-clip dropped SMILES C[Si](C)(C)C([Si](C)(C)C)[Ge](C#N)(NC1=CCCC1)C([Si](C)(C)C)[Si](C)(C)C; emitting sentinel -1.0
2026-05-12 12:20:13,626 [INFO] ms-clip: auto-picked GPU 7 (free 24092 MiB)
2026-05-12 12:20:13,627 [INFO] ms-clip: using CUDA_VISIBLE_DEVICES=7
2026-05-12 12:20:13,627 [INFO] ms-clip: launching predict_smi (n_candidates=256)
2026-05-12 12:20:25,986 [WARNING] ms-clip dropped SMILES CC(C)(C)OCCCCCCC1CC([Si](C)(C)[N-]c2ccccc2)C2CCCCC12.Cl[Ti]Cl.[CH3-]; emitting sentinel -1.0
2026-05-12 12:20:26,115 [INFO] ms-clip: auto-picked GPU 7 (free 24092 MiB)
2026-05-12 12:20:26,115 [INFO] ms-clip: using CUDA_VISIBLE_DEVICES=7
2026-05-12 12:20:26,116 [INFO] ms-clip: launching predict_smi (n_candidates=256)
2026-05-12 12:20:38,264 [WARNING] ms-clip dropped SMILES CCCCCCCC[N-]CCCN1CCCN(CCC)CCCN(C)CC1.Cl[Mn]Cl; emitting sentinel -1.0
2026-05-12 12:20:38,264 [WARNING] ms-clip dropped SMILES C/C=C\[C@@H]1C[C@H](C(C)=O)N(C)[C@H]1[C@@H]([NH-])C(C)(CC)CC.[Ac]; emitting sentinel -1.0
2026-05-12 12:20:38,403 [INFO] ms-clip: auto-picked GPU 7 (free 24092 MiB)
2026-05-12 12:20:38,403 [INFO] ms-clip: using CUDA_VISIBLE_DEVICES=7
2026-05-12 12:20:38,403 [INFO] ms-clip: launching predict_smi (n_candidates=256)
2026-05-12 12:20:50,303 [INFO] ms-clip: auto-picked GPU 7 (free 24092 MiB)
2026-05-12 12:20:50,303 [INFO] ms-clip: using CUDA_VISIBLE_DEVICES=7
2026-05-12 12:20:50,303 [INFO] ms-clip: launching predict_smi (n_candidates=256)
2026-05-12 12:21:02,701 [INFO] ms-clip: auto-picked GPU 7 (free 24092 MiB)
2026-05-12 12:21:02,701 [INFO] ms-clip: using CUDA_VISIBLE_DEVICES=7
2026-05-12 12:21:02,701 [INFO] ms-clip: launching predict_smi (n_candidates=256)
2026-05-12 12:21:14,603 [WARNING] ms-clip dropped SMILES CC(C)=C[Si]N(CCCCCC[Si](C)(Cl)Cl)[Si]C=C(C)C; emitting sentinel -1.0
2026-05-12 12:21:14,736 [INFO] ms-clip: auto-picked GPU 7 (free 24092 MiB)
2026-05-12 12:21:14,736 [INFO] ms-clip: using CUDA_VISIBLE_DEVICES=7
2026-05-12 12:21:14,736 [INFO] ms-clip: launching predict_smi (n_candidates=256)
2026-05-12 12:21:26,291 [WARNING] ms-clip dropped SMILES C[Ge](C)(C)c1cc2oc3cc4ccccc4nc3c3cc4ccccc4c4oc(c1)c2c34; emitting sentinel -1.0
2026-05-12 12:21:26,420 [INFO] ms-clip: auto-picked GPU 7 (free 24092 MiB)
2026-05-12 12:21:26,421 [INFO] ms-clip: using CUDA_VISIBLE_DEVICES=7
2026-05-12 12:21:26,421 [INFO] ms-clip: launching predict_smi (n_candidates=256)
2026-05-12 12:21:38,429 [INFO] ms-clip: auto-picked GPU 7 (free 24092 MiB)
2026-05-12 12:21:38,430 [INFO] ms-clip: using CUDA_VISIBLE_DEVICES=7
2026-05-12 12:21:38,430 [INFO] ms-clip: launching predict_smi (n_candidates=256)
2026-05-12 12:21:50,562 [WARNING] ms-clip dropped SMILES CC(C)(CO)/N=C/c1ccccc1O.CC(C)(CO)/N=C/c1ccccc1O.[Ni]; emitting sentinel -1.0
2026-05-12 12:21:50,563 [WARNING] ms-clip dropped SMILES CNCCNC(C)(O)C(C)(C)CCOC(C)(C)CN1C(=O)C=CC1=O.[Y]; emitting sentinel -1.0
2026-05-12 12:21:50,698 [INFO] ms-clip: auto-picked GPU 7 (free 24092 MiB)
2026-05-12 12:21:50,698 [INFO] ms-clip: using CUDA_VISIBLE_DEVICES=7
2026-05-12 12:21:50,699 [INFO] ms-clip: launching predict_smi (n_candidates=256)
2026-05-12 12:22:02,116 [WARNING] ms-clip dropped SMILES CCCCC1CCC(C)C1.CCCCC1CCC(C)C1.Cl[Zr]Cl; emitting sentinel -1.0
2026-05-12 12:22:02,116 [WARNING] ms-clip dropped SMILES CC(C)CCCCCS[Sn](C)(C)SCCCCCC(C)C; emitting sentinel -1.0
2026-05-12 12:22:02,116 [WARNING] ms-clip dropped SMILES C=CC=C.C[c-]1[c-](C)[c-](C)[c-](C)[c-]1C.Cc1c(C)c(C)[c-](C)c1C.[Ni].[Ni]; emitting sentinel -1.0
2026-05-12 12:22:02,134 [INFO] spec 430/500  MassSpecGymID0028423  pool=256  pred=HTQMVQVXFRQIKW  correct=True  t=11.6s
2026-05-12 12:22:02,249 [INFO] ms-clip: auto-picked GPU 7 (free 24092 MiB)
2026-05-12 12:22:02,250 [INFO] ms-clip: using CUDA_VISIBLE_DEVICES=7
2026-05-12 12:22:02,250 [INFO] ms-clip: launching predict_smi (n_candidates=256)
2026-05-12 12:22:13,932 [INFO] ms-clip: auto-picked GPU 7 (free 24092 MiB)
2026-05-12 12:22:13,932 [INFO] ms-clip: using CUDA_VISIBLE_DEVICES=7
2026-05-12 12:22:13,932 [INFO] ms-clip: launching predict_smi (n_candidates=256)
2026-05-12 12:22:26,015 [INFO] ms-clip: auto-picked GPU 7 (free 24092 MiB)
2026-05-12 12:22:26,015 [INFO] ms-clip: using CUDA_VISIBLE_DEVICES=7
2026-05-12 12:22:26,015 [INFO] ms-clip: launching predict_smi (n_candidates=256)
2026-05-12 12:22:38,093 [INFO] ms-clip: auto-picked GPU 7 (free 24092 MiB)
2026-05-12 12:22:38,094 [INFO] ms-clip: using CUDA_VISIBLE_DEVICES=7
2026-05-12 12:22:38,094 [INFO] ms-clip: launching predict_smi (n_candidates=256)
2026-05-12 12:22:50,111 [WARNING] ms-clip dropped SMILES CC(C)Cc1cc(-c2cc(C(C)C)c3c(c2)c2cccc4c5ccccc5n3c42)ncc1[Ge](C)(C)C; emitting sentinel -1.0
2026-05-12 12:22:50,112 [WARNING] ms-clip dropped SMILES CC[C@@H](NC1=C([N-]c2cccc(C(=O)N(C)C)c2O)C(=O)N(c2ccccc2)C1=O)c1ccc2c(c1)OCO2.[Li+]; emitting sentinel -1.0
2026-05-12 12:22:50,236 [INFO] ms-clip: auto-picked GPU 7 (free 24092 MiB)
2026-05-12 12:22:50,237 [INFO] ms-clip: using CUDA_VISIBLE_DEVICES=7
2026-05-12 12:22:50,237 [INFO] ms-clip: launching predict_smi (n_candidates=256)
2026-05-12 12:23:02,318 [WARNING] ms-clip dropped SMILES CC(C/C=N/OCc1ccccc1)C(O)C1C(=O)CCCCCCCCCCN1C.[Ac]; emitting sentinel -1.0
2026-05-12 12:23:02,318 [WARNING] ms-clip dropped SMILES [CH2]C(CC(=C)C#N)C(=O)O[C@@H]1C[C@H](C)CC[C@H]1C(C)(C)c1ccccc1.[CH2]CCC.[CH2]CCC.[CH2]CCC.[Sn]; emitting sentinel -1.0
2026-05-12 12:23:02,318 [WARNING] ms-clip dropped SMILES CCCC[Sn](CCCC)(CCCC)[C@@H](c1ccccc1)[C@@H](c1ccccc1NC(=O)OC(C)(C)C)C(C)(C)C; emitting sentinel -1.0
2026-05-12 12:23:02,319 [WARNING] ms-clip dropped SMILES C=C(C#N)C[C@@H](C[Sn](CCCC)(CCCC)CCCC)C(=O)O[C@@H]1C[C@H](C)CC[C@H]1C(C)(C)c1ccccc1; emitting sentinel -1.0
2026-05-12 12:23:02,452 [INFO] ms-clip: auto-picked GPU 7 (free 24092 MiB)
2026-05-12 12:23:02,453 [INFO] ms-clip: using CUDA_VISIBLE_DEVICES=7
2026-05-12 12:23:02,453 [INFO] ms-clip: launching predict_smi (n_candidates=256)
2026-05-12 12:23:14,005 [WARNING] ms-clip dropped SMILES COC(=O)c1ccc(CN2CCc3ccc(C(=O)CCC4CC[N-]CC4)cc3CC2)cc1.[Ac]; emitting sentinel -1.0
2026-05-12 12:23:14,005 [WARNING] ms-clip dropped SMILES COC(=O)c1cccc(CN2CCc3ccc(C(=O)CCC4CC[N-]CC4)cc3CC2)c1.[Ac]; emitting sentinel -1.0
2026-05-12 12:23:14,005 [WARNING] ms-clip dropped SMILES [CH2]CCC.[CH2]CCC.[CH2]CCC.[CH2]CCC.[CH2]CCC.[CH2]CCC.[H]/[C+]=C/C=C\C=[C-]\[H].[Sn].[Sn]; emitting sentinel -1.0
2026-05-12 12:23:14,005 [WARNING] ms-clip dropped SMILES CCCCCCCC[Sn]CCCCCCCC.O=C(CC(O)C(=O)OCc1ccccc1)OCc1ccccc1; emitting sentinel -1.0
2026-05-12 12:23:14,140 [INFO] ms-clip: auto-picked GPU 7 (free 24092 MiB)
2026-05-12 12:23:14,140 [INFO] ms-clip: using CUDA_VISIBLE_DEVICES=7
2026-05-12 12:23:14,140 [INFO] ms-clip: launching predict_smi (n_candidates=256)
2026-05-12 12:23:25,973 [INFO] ms-clip: auto-picked GPU 7 (free 24092 MiB)
2026-05-12 12:23:25,973 [INFO] ms-clip: using CUDA_VISIBLE_DEVICES=7
2026-05-12 12:23:25,973 [INFO] ms-clip: launching predict_smi (n_candidates=256)
2026-05-12 12:23:37,429 [WARNING] ms-clip dropped SMILES CC(C)(COC(C)(C)CCNc1cccc2c1C(=O)NC2=O)NC(=O)CNC1CCCC1.CCC(CC)c1c[c-]n2nccc2n1.CCCCC=O.CNC=O.[Na+]; emitting sentinel -1.0
2026-05-12 12:23:37,429 [WARNING] ms-clip dropped SMILES CCCC[Sn](CCCC)(CCCC)COCC1=C[C@@]2(C)CC[C@@H](O[Si](CC)(CC)CC)[C@@](C)(CCCO[Si](C)(C)C(C)(C)C)[C@@H]2CC1; emitting sentinel -1.0
2026-05-12 12:23:37,429 [WARNING] ms-clip dropped SMILES COCCOCCOC.COCCOCCOC.COCCOCCOC.COCCOCCOC.[Li].[Li].c1cc2ccc3ccc4ccc5ccc1c1c2c3c4c51; emitting sentinel -1.0
2026-05-12 12:23:37,563 [INFO] ms-clip: auto-picked GPU 7 (free 24092 MiB)
2026-05-12 12:23:37,563 [INFO] ms-clip: using CUDA_VISIBLE_DEVICES=7
2026-05-12 12:23:37,563 [INFO] ms-clip: launching predict_smi (n_candidates=256)
2026-05-12 12:23:49,758 [INFO] ms-clip: auto-picked GPU 7 (free 24092 MiB)
2026-05-12 12:23:49,758 [INFO] ms-clip: using CUDA_VISIBLE_DEVICES=7
2026-05-12 12:23:49,759 [INFO] ms-clip: launching predict_smi (n_candidates=256)
2026-05-12 12:24:01,438 [INFO] spec 440/500  MassSpecGymID0276021  pool=256  pred=CDJAEKWAWWXNAX  correct=False  t=11.8s
2026-05-12 12:24:01,551 [INFO] ms-clip: auto-picked GPU 7 (free 24092 MiB)
2026-05-12 12:24:01,551 [INFO] ms-clip: using CUDA_VISIBLE_DEVICES=7
2026-05-12 12:24:01,551 [INFO] ms-clip: launching predict_smi (n_candidates=256)
2026-05-12 12:24:13,321 [WARNING] ms-clip dropped SMILES C[C@@H]1C[C@@H](OC(=O)c2cccnc2)CC(C)(C)C1.[Ni]; emitting sentinel -1.0
2026-05-12 12:24:13,321 [WARNING] ms-clip dropped SMILES CCCCCCCC[Sn]1CCCCO1; emitting sentinel -1.0
2026-05-12 12:24:13,321 [WARNING] ms-clip dropped SMILES O=C([O-])CCCCNC(=S)SCCCCC(=O)[O-].[Li+].[Li+]; emitting sentinel -1.0
2026-05-12 12:24:13,442 [INFO] ms-clip: auto-picked GPU 7 (free 24092 MiB)
2026-05-12 12:24:13,442 [INFO] ms-clip: using CUDA_VISIBLE_DEVICES=7
2026-05-12 12:24:13,442 [INFO] ms-clip: launching predict_smi (n_candidates=256)
2026-05-12 12:24:25,584 [WARNING] ms-clip dropped SMILES CC(C)COP(=O)([O-])OCC(C)C.CC(C)COP(=O)([O-])OCC(C)C.[Zn+2]; emitting sentinel -1.0
2026-05-12 12:24:25,753 [INFO] ms-clip: auto-picked GPU 7 (free 24092 MiB)
2026-05-12 12:24:25,753 [INFO] ms-clip: using CUDA_VISIBLE_DEVICES=7
2026-05-12 12:24:25,754 [INFO] ms-clip: launching predict_smi (n_candidates=100)
2026-05-12 12:24:37,009 [WARNING] ms-clip dropped SMILES ClC(Cl)=CCOC1C=C(Cl)C(OCCCBr)=C([TlH2])C1; emitting sentinel -1.0
2026-05-12 12:24:37,009 [WARNING] ms-clip dropped SMILES Nc1nc2c(ncn2[C@@H]2O[C@H](CO[PH](=O)O)C3OP(=O)(O)OC32)c(=O)[nH]1.O=[PH](O)O.[Y]; emitting sentinel -1.0
2026-05-12 12:24:37,009 [WARNING] ms-clip dropped SMILES COCOc1cc([S-])cnc1OCOC.O=c1[nH]cc([S-])cc1O.[CH3-].[CH3-].[Y].[Y]; emitting sentinel -1.0
2026-05-12 12:24:37,125 [INFO] ms-clip: auto-picked GPU 7 (free 24092 MiB)
2026-05-12 12:24:37,125 [INFO] ms-clip: using CUDA_VISIBLE_DEVICES=7
2026-05-12 12:24:37,125 [INFO] ms-clip: launching predict_smi (n_candidates=256)
2026-05-12 12:24:49,293 [WARNING] ms-clip dropped SMILES CC.CCC.CCCC(=O)c1cc(C)c(-c2cc3cnc(N(C)O)cc3n3ccnc23)cn1.[U]; emitting sentinel -1.0
2026-05-12 12:24:49,467 [INFO] ms-clip: auto-picked GPU 7 (free 23698 MiB)
2026-05-12 12:24:49,467 [INFO] ms-clip: using CUDA_VISIBLE_DEVICES=7
2026-05-12 12:24:49,468 [INFO] ms-clip: launching predict_smi (n_candidates=256)
2026-05-12 12:25:01,512 [WARNING] ms-clip dropped SMILES C[Si](C(C)(C)C)C(C)(C)C.C[Si](C(C)(C)C)C(C)(C)C.C[Si](C(C)(C)C)C(C)(C)C.[GeH]; emitting sentinel -1.0
2026-05-12 12:25:01,661 [INFO] ms-clip: auto-picked GPU 7 (free 22884 MiB)
2026-05-12 12:25:01,661 [INFO] ms-clip: using CUDA_VISIBLE_DEVICES=7
2026-05-12 12:25:01,661 [INFO] ms-clip: launching predict_smi (n_candidates=256)
2026-05-12 12:25:13,156 [WARNING] ms-clip dropped SMILES CC(=O)/C=C(/C)O.CC(=O)/C=C(\C)O.[Cd]; emitting sentinel -1.0
2026-05-12 12:25:13,156 [WARNING] ms-clip dropped SMILES C[Si](C)(C)c1cccc(C=O)c1.[C-]#[O+].[C-]#[O+].[C-]#[O+].[Cr]; emitting sentinel -1.0
2026-05-12 12:25:13,156 [WARNING] ms-clip dropped SMILES [CH2-]C1CCCO1.[CH2-]C1CCCO1.[O-2].[O-2].[O-2].[Ti+4].[Ti+4]; emitting sentinel -1.0
2026-05-12 12:25:13,157 [WARNING] ms-clip dropped SMILES Nc1cccc([Te]c2cccc(N)c2)c1; emitting sentinel -1.0
2026-05-12 12:25:13,157 [WARNING] ms-clip dropped SMILES Cc1ccc(C(=O)Nc2cc[c-]nc2)cc1C.[Y+3]; emitting sentinel -1.0
2026-05-12 12:25:13,274 [INFO] ms-clip: auto-picked GPU 7 (free 24092 MiB)
2026-05-12 12:25:13,274 [INFO] ms-clip: using CUDA_VISIBLE_DEVICES=7
2026-05-12 12:25:13,275 [INFO] ms-clip: launching predict_smi (n_candidates=256)
2026-05-12 12:25:24,872 [INFO] ms-clip: auto-picked GPU 7 (free 24092 MiB)
2026-05-12 12:25:24,873 [INFO] ms-clip: using CUDA_VISIBLE_DEVICES=7
2026-05-12 12:25:24,873 [INFO] ms-clip: launching predict_smi (n_candidates=256)
2026-05-12 12:25:36,923 [WARNING] ms-clip dropped SMILES COc1ccc([Bi](c2ccc(OC)cc2)c2cc[n+](C)c(-c3cc(C(C)(C)C)c4ccccc4c3C)c2)cc1; emitting sentinel -1.0
2026-05-12 12:25:36,923 [WARNING] ms-clip dropped SMILES CCCCC1=C(C)c2cc3[n-]c(cc4nc(cc5[n-]c(cc1n2)c(CCCC)c5C)-c1ccc2ccccc2c1-4)c1c2ccccc2ccc31.[Zn+2]; emitting sentinel -1.0
2026-05-12 12:25:36,923 [WARNING] ms-clip dropped SMILES CN(C)Cc1[c-]cccc1.Cc1cc(C)c(N2CCN(c3c(C)cc(C)cc3C)C2=[Pd])c(C)c1.F[B-](F)(F)F.c1ccncc1; emitting sentinel -1.0
2026-05-12 12:25:36,923 [WARNING] ms-clip dropped SMILES CC(C)(C)c1ccc(-c2c3nc(c(-c4ccccc4)c4ccc([n-]4)c(-c4ccc(C(C)(C)C)cc4)c4nc(cc5ccc2[n-]5)C=C4)C=C3)cc1.[Zn+2]; emitting sentinel -1.0
2026-05-12 12:25:36,923 [WARNING] ms-clip dropped SMILES [2H]C([2H])([2H])n1c(=[Pt])n(-c2[c-]c(Oc3[c-]c4c(cc3)C(C)(C)CCN4c3cc(C(C)(C)C)ccn3)ccc2)c2ccccc21; emitting sentinel -1.0
2026-05-12 12:25:37,059 [INFO] ms-clip: auto-picked GPU 7 (free 24092 MiB)
2026-05-12 12:25:37,060 [INFO] ms-clip: using CUDA_VISIBLE_DEVICES=7
2026-05-12 12:25:37,060 [INFO] ms-clip: launching predict_smi (n_candidates=256)
2026-05-12 12:25:48,661 [WARNING] ms-clip dropped SMILES CCCCCCCCCCCCC/C=C/S(=O)(=O)NCC(=O)[O-].CCCCCCCCCCCCC/C=C/S(=O)(=O)NCC(=O)[O-].[Ca+2]; emitting sentinel -1.0
2026-05-12 12:25:48,661 [WARNING] ms-clip dropped SMILES CCCCCCCCCCC/C=C/C(=O)NCCCS(=O)(=O)O.CCCCCCCCCCC/C=C/C([O-])=N/CCCS(=O)(=O)[O-].[Ca+2]; emitting sentinel -1.0
2026-05-12 12:25:48,661 [WARNING] ms-clip dropped SMILES CCCCCCCCCC/C=C/C(=O)N(C)CCCS(=O)(=O)[O-].CCCCCCCCCC/C=C/C(=O)N(C)CCCS(=O)(=O)[O-].[Ca+2]; emitting sentinel -1.0
2026-05-12 12:25:48,661 [WARNING] ms-clip dropped SMILES CCCCC1C(C(=O)O)C(c2ccc(F)cc2)=NN1c1ccccc1.CCCCC1C(C(=O)OCC)C(c2ccc(F)cc2)=NN1c1ccccc1.[Li+].[OH-]; emitting sentinel -1.0
2026-05-12 12:25:48,661 [WARNING] ms-clip dropped SMILES C.C.C.C.C.CC.CC.CC.Oc1ccccc1.Oc1ccccc1.Oc1ccccc1.[CH2-]C.[CH2-]C.[CH2-]C.[CH3-].[Y].[Y]; emitting sentinel -1.0
2026-05-12 12:25:48,662 [WARNING] ms-clip dropped SMILES CCCCCCCCCCCC/C=C/S(=O)(=O)NCCC(=O)[O-].CCCCCCCCCCCC/C=C/S(=O)(=O)NCCC(=O)[O-].[Ca+2]; emitting sentinel -1.0
2026-05-12 12:25:48,798 [INFO] ms-clip: auto-picked GPU 7 (free 24092 MiB)
2026-05-12 12:25:48,799 [INFO] ms-clip: using CUDA_VISIBLE_DEVICES=7
2026-05-12 12:25:48,799 [INFO] ms-clip: launching predict_smi (n_candidates=256)
2026-05-12 12:26:00,130 [WARNING] ms-clip dropped SMILES CC(C)C(=O)/C=C(\O)c1ccccc1.CC(C)C(=O)/C=C(\O)c1ccccc1.[Cu]; emitting sentinel -1.0
2026-05-12 12:26:00,148 [INFO] spec 450/500  MassSpecGymID0047463  pool=256  pred=FROBCXTULYFHEJ  correct=True  t=11.5s
2026-05-12 12:26:00,261 [INFO] ms-clip: auto-picked GPU 7 (free 24092 MiB)
2026-05-12 12:26:00,262 [INFO] ms-clip: using CUDA_VISIBLE_DEVICES=7
2026-05-12 12:26:00,262 [INFO] ms-clip: launching predict_smi (n_candidates=256)
2026-05-12 12:26:11,804 [WARNING] ms-clip dropped SMILES CC(=O)Oc1ccccc1C(=O)[O-].C[NH+](C)C.O=S(=O)([O-])[O-].[Mg+2]; emitting sentinel -1.0
2026-05-12 12:26:11,805 [WARNING] ms-clip dropped SMILES CCCCN1C/C(=C\[Te]c2ccc(C)cc2)C1=O; emitting sentinel -1.0
2026-05-12 12:26:11,805 [WARNING] ms-clip dropped SMILES O=CCc1ccc2c(c1)CC[N-]2.[CH3-].[W+2]; emitting sentinel -1.0
2026-05-12 12:26:11,921 [INFO] ms-clip: auto-picked GPU 7 (free 24092 MiB)
2026-05-12 12:26:11,922 [INFO] ms-clip: using CUDA_VISIBLE_DEVICES=7
2026-05-12 12:26:11,922 [INFO] ms-clip: launching predict_smi (n_candidates=256)
2026-05-12 12:26:23,743 [WARNING] ms-clip dropped SMILES CCCCCCCCCCCC[Sn]1(CCCCCCCCCCCC)CCC(OC(C)=O)(OC(C)=O)C(F)(F)O1; emitting sentinel -1.0
2026-05-12 12:26:23,744 [WARNING] ms-clip dropped SMILES CCCCC(C)(CCC)C(=O)[O-].CCCCCCC(C)(C)C(=O)[O-].CCCCCCC(C)(C)C(=O)[O-].[Tm+3]; emitting sentinel -1.0
2026-05-12 12:26:23,744 [WARNING] ms-clip dropped SMILES CCCCCC(C)(CC)C(=O)[O-].CCCCCC(C)(CC)C(=O)[O-].CCCCCC(C)(CC)C(=O)[O-].[Tm+3]; emitting sentinel -1.0
2026-05-12 12:26:23,744 [WARNING] ms-clip dropped SMILES CCCCC(C)(CCC)C(=O)[O-].CCCCCC(C)(CC)C(=O)[O-].CCCCCCC(C)(C)C(=O)[O-].[Tm+3]; emitting sentinel -1.0
2026-05-12 12:26:23,881 [INFO] ms-clip: auto-picked GPU 7 (free 24092 MiB)
2026-05-12 12:26:23,881 [INFO] ms-clip: using CUDA_VISIBLE_DEVICES=7
2026-05-12 12:26:23,881 [INFO] ms-clip: launching predict_smi (n_candidates=256)
2026-05-12 12:26:35,784 [INFO] ms-clip: auto-picked GPU 7 (free 24092 MiB)
2026-05-12 12:26:35,784 [INFO] ms-clip: using CUDA_VISIBLE_DEVICES=7
2026-05-12 12:26:35,784 [INFO] ms-clip: launching predict_smi (n_candidates=256)
2026-05-12 12:26:47,615 [WARNING] ms-clip dropped SMILES C=C(C)C(=O)O.C=C(C)C(=O)O.CC(C)O.CCCCCCCCCCCCO.[Ti]; emitting sentinel -1.0
2026-05-12 12:26:47,786 [INFO] ms-clip: auto-picked GPU 7 (free 23700 MiB)
2026-05-12 12:26:47,787 [INFO] ms-clip: using CUDA_VISIBLE_DEVICES=7
2026-05-12 12:26:47,787 [INFO] ms-clip: launching predict_smi (n_candidates=256)
2026-05-12 12:26:59,665 [WARNING] ms-clip dropped SMILES CCCCCCCCCCCCC/C=C/S(=O)(=O)NCC(=O)[O-].CCCCCCCCCCCCC/C=C/S(=O)(=O)NCC(=O)[O-].[Ca+2]; emitting sentinel -1.0
2026-05-12 12:26:59,665 [WARNING] ms-clip dropped SMILES CCCCCCCCCCC/C=C/C(=O)NCCCS(=O)(=O)O.CCCCCCCCCCC/C=C/C([O-])=N/CCCS(=O)(=O)[O-].[Ca+2]; emitting sentinel -1.0
2026-05-12 12:26:59,665 [WARNING] ms-clip dropped SMILES CCCCCCCCCC/C=C/C(=O)N(C)CCCS(=O)(=O)[O-].CCCCCCCCCC/C=C/C(=O)N(C)CCCS(=O)(=O)[O-].[Ca+2]; emitting sentinel -1.0
2026-05-12 12:26:59,666 [WARNING] ms-clip dropped SMILES CCCCC1C(C(=O)O)C(c2ccc(F)cc2)=NN1c1ccccc1.CCCCC1C(C(=O)OCC)C(c2ccc(F)cc2)=NN1c1ccccc1.[Li+].[OH-]; emitting sentinel -1.0
2026-05-12 12:26:59,666 [WARNING] ms-clip dropped SMILES C.C.C.C.C.CC.CC.CC.Oc1ccccc1.Oc1ccccc1.Oc1ccccc1.[CH2-]C.[CH2-]C.[CH2-]C.[CH3-].[Y].[Y]; emitting sentinel -1.0
2026-05-12 12:26:59,666 [WARNING] ms-clip dropped SMILES CCCCCCCCCCCC/C=C/S(=O)(=O)NCCC(=O)[O-].CCCCCCCCCCCC/C=C/S(=O)(=O)NCCC(=O)[O-].[Ca+2]; emitting sentinel -1.0
2026-05-12 12:26:59,904 [INFO] ms-clip: auto-picked GPU 7 (free 24092 MiB)
2026-05-12 12:26:59,904 [INFO] ms-clip: using CUDA_VISIBLE_DEVICES=7
2026-05-12 12:26:59,904 [INFO] ms-clip: launching predict_smi (n_candidates=256)
2026-05-12 12:27:12,252 [INFO] ms-clip: auto-picked GPU 7 (free 23672 MiB)
2026-05-12 12:27:12,252 [INFO] ms-clip: using CUDA_VISIBLE_DEVICES=7
2026-05-12 12:27:12,253 [INFO] ms-clip: launching predict_smi (n_candidates=256)
2026-05-12 12:27:23,787 [WARNING] ms-clip dropped SMILES C1=C\CC/C=C\CC/1.C[C@H](c1ccccc1P1[C@H](C)CC[C@H]1C)N(C)C.F[P-](F)(F)(F)(F)F.[Rh]; emitting sentinel -1.0
2026-05-12 12:27:23,788 [WARNING] ms-clip dropped SMILES CCC(=O)CCCc1ccc(N)cc1F.Cl[Zn]Cl.[C-]#[N+]C(C)(C)Cc1ccc(CCCC(=O)NC)c(F)c1; emitting sentinel -1.0
2026-05-12 12:27:23,788 [WARNING] ms-clip dropped SMILES CCC.[Cu+2].c1ccc2c(c1)-c1nc-2nc2[n-]c(nc3nc(nc4[n-]c(n1)c1ccccc41)-c1ccccc1-3)c1ccccc21; emitting sentinel -1.0
2026-05-12 12:27:23,916 [INFO] ms-clip: auto-picked GPU 7 (free 24092 MiB)
2026-05-12 12:27:23,916 [INFO] ms-clip: using CUDA_VISIBLE_DEVICES=7
2026-05-12 12:27:23,916 [INFO] ms-clip: launching predict_smi (n_candidates=256)
2026-05-12 12:27:35,850 [WARNING] ms-clip dropped SMILES COCCOCC(COCCOC)OCC(COC(COCCOC)COCCOC)OCCCS(=O)(=O)[O-].[Li+]; emitting sentinel -1.0
2026-05-12 12:27:35,851 [WARNING] ms-clip dropped SMILES Cc1c(C)c(C)c(C(=O)[O-])c(C)c1C.Cc1c(C)c(C)c(C(=O)[O-])c(C)c1C.Cc1c(C)c(C)c(C(=O)[O-])c(C)c1C.[Al+3]; emitting sentinel -1.0
2026-05-12 12:27:35,851 [WARNING] ms-clip dropped SMILES CN1C=CN(c2ccc3c(c2)N(c2cccc(-n4[c-][n+](C)c5ccccc54)c2)c2cccc4c5cc(C(C)(C)C)ccc5n-3c24)C1; emitting sentinel -1.0
2026-05-12 12:27:36,019 [INFO] ms-clip: auto-picked GPU 7 (free 24092 MiB)
2026-05-12 12:27:36,019 [INFO] ms-clip: using CUDA_VISIBLE_DEVICES=7
2026-05-12 12:27:36,019 [INFO] ms-clip: launching predict_smi (n_candidates=256)
2026-05-12 12:27:47,979 [WARNING] ms-clip dropped SMILES CC1=Cc2c(cc3c4c(cccc24)CC3)C1=[Ti]=C1C(C)=Cc2c1cc1c3c(cccc23)CC1.C[CH-]CCC(C)=[Si].[CH2-]CCC; emitting sentinel -1.0
2026-05-12 12:27:47,979 [WARNING] ms-clip dropped SMILES CC(C)(C)OC(=O)N/C(=B/OC#N)N1CCCCC1.O=[C-]NCC(=O)O.[Fm]; emitting sentinel -1.0
2026-05-12 12:27:48,202 [INFO] ms-clip: auto-picked GPU 7 (free 24072 MiB)
2026-05-12 12:27:48,203 [INFO] ms-clip: using CUDA_VISIBLE_DEVICES=7
2026-05-12 12:27:48,203 [INFO] ms-clip: launching predict_smi (n_candidates=256)
2026-05-12 12:28:00,361 [WARNING] ms-clip dropped SMILES CCCCCCC(=O)O.CCCCCCC(=O)O.CCCCCCC(=O)[O-].[U]; emitting sentinel -1.0
2026-05-12 12:28:00,361 [WARNING] ms-clip dropped SMILES CCCCCCCCCCCCCCCCCCO.O=[V].Oc1cccc2cccnc12.Oc1cccc2cccnc12; emitting sentinel -1.0
2026-05-12 12:28:00,383 [INFO] spec 460/500  MassSpecGymID0335151  pool=256  pred=YYJYGODXEBDMHX  correct=False  t=12.4s
2026-05-12 12:28:00,543 [INFO] ms-clip: auto-picked GPU 7 (free 23698 MiB)
2026-05-12 12:28:00,543 [INFO] ms-clip: using CUDA_VISIBLE_DEVICES=7
2026-05-12 12:28:00,543 [INFO] ms-clip: launching predict_smi (n_candidates=256)
2026-05-12 12:28:12,953 [WARNING] ms-clip dropped SMILES COc1ccc(OC2(c3ccc(OC)cc3)[Te]CCCC2(c2ccc(N(C)C)cc2)c2ccc(N(C)C)cc2)cc1; emitting sentinel -1.0
2026-05-12 12:28:12,953 [WARNING] ms-clip dropped SMILES Cn1cc(Nc2nccc(-c3ccc(COC([NH-])=O)c(CCO[Si](C)(C)C(C)(C)C)c3)n2)cn1.[CH3-].[CH3-].[CH3-].[Ce+4]; emitting sentinel -1.0
2026-05-12 12:28:12,954 [WARNING] ms-clip dropped SMILES CCCC[Sn](CCCC)(CCCC)c1cccc(CNC(=O)C2=C(COC(C)=O)CS[C@@H]3[C@@H](OC)C(=O)N23)c1; emitting sentinel -1.0
2026-05-12 12:28:12,954 [WARNING] ms-clip dropped SMILES [CH2-]c1ncc2cc(-c3cc(NC(=O)N4CCC(C(F)(F)F)C4)ccc3C)c(C)nc2n1.[U]; emitting sentinel -1.0
2026-05-12 12:28:13,108 [INFO] ms-clip: auto-picked GPU 7 (free 23332 MiB)
2026-05-12 12:28:13,109 [INFO] ms-clip: using CUDA_VISIBLE_DEVICES=7
2026-05-12 12:28:13,109 [INFO] ms-clip: launching predict_smi (n_candidates=256)
2026-05-12 12:28:25,493 [WARNING] ms-clip dropped SMILES C.CC.CC.CC(C)(C)C.CC(C)(C)[C-]=O.CC(C)(C)[C-]=O.CNC(C)(C)C.CN[C-]=O.C[C-]=O.[Y].[Y]; emitting sentinel -1.0
2026-05-12 12:28:25,493 [WARNING] ms-clip dropped SMILES CCOC(C)OC[C@@H]1C[C@H](C(=O)OC(C)(C)C)N(C(=O)OC(C)(C)C)[C@H]1[C@@H]([NH-])C(=O)CC.[Ac]; emitting sentinel -1.0
2026-05-12 12:28:25,493 [WARNING] ms-clip dropped SMILES CCCC[Sn](CCCC)(CCCC)[C@@H](CN(C/C=C/CCl)Cc1ccccc1)OC(=O)N1C(C)(C)COC1(C)C; emitting sentinel -1.0
2026-05-12 12:28:25,493 [WARNING] ms-clip dropped SMILES CCCCP(CCCC)CCCC.O=S(=O)([O-])C(F)(F)F.[CH2-]CCO.[CH]1[CH]CC[CH][CH]CC1.[CH]1[CH]CC[CH][CH]CC1.[Ni+2]; emitting sentinel -1.0
2026-05-12 12:28:25,493 [WARNING] ms-clip dropped SMILES CC(C)(C)n1[c-][n+](-c2cccc(Oc3ccnc(-c4cc(Oc5cccc(-[n+]6[c-]n(C(C)(C)C)c7ccccc76)c5)ccn4)c3)c2)c2ccccc21; emitting sentinel -1.0
2026-05-12 12:28:25,493 [WARNING] ms-clip dropped SMILES CCC/C(C)=C\COC(=O)CC[C@@H]1/C2=C3/c4[n-]c(c(C)c4C(=O)[C@@H]3C(=O)OC)/C=c3\[n-]/c(c(C)c3C)=C\c3[n-]c(c(C)c3C)/C=C(\[N-]2)[C@H]1C.[Mg+2]; emitting sentinel -1.0
2026-05-12 12:28:25,494 [WARNING] ms-clip dropped SMILES C=Cc1c(C)c2cc3[nH+]c(c4c5[nH+]c(cc6[n-]c(cc1[n-]2)c(C)c6CC)C(C)=C5C(=O)C4C(=O)OC)C(CCC(=O)OCC=C(C)C)C3C.[Mg+2]; emitting sentinel -1.0
2026-05-12 12:28:25,494 [WARNING] ms-clip dropped SMILES C=Cc1c2[n-]c(c1C)/C=C1\[N-]C(C3=c4[n-]/c(c(C)c4C(=O)[C@@H]3C(=O)OC)=C\[C@H]3[N-]/C(=C\2)C(C)=C3CC)[C@@H](CCC(=O)OCC=C(C)C)[C@@H]1C.[Mg+2]; emitting sentinel -1.0
2026-05-12 12:28:25,494 [WARNING] ms-clip dropped SMILES CCCC[Sn](CCCC)(CCCC)c1cc2c(cn1)cnn2-c1cccc(N2CCCN(C(=O)OC(C)(C)C)CC2)n1; emitting sentinel -1.0
2026-05-12 12:28:25,630 [INFO] ms-clip: auto-picked GPU 7 (free 22864 MiB)
2026-05-12 12:28:25,630 [INFO] ms-clip: using CUDA_VISIBLE_DEVICES=7
2026-05-12 12:28:25,630 [INFO] ms-clip: launching predict_smi (n_candidates=256)
2026-05-12 12:28:36,909 [INFO] ms-clip: auto-picked GPU 7 (free 24092 MiB)
2026-05-12 12:28:36,909 [INFO] ms-clip: using CUDA_VISIBLE_DEVICES=7
2026-05-12 12:28:36,909 [INFO] ms-clip: launching predict_smi (n_candidates=256)
2026-05-12 12:28:48,701 [WARNING] ms-clip dropped SMILES CCC1CC(O)C1CC(C)C.OO.OO.OO.OO.OO.OOO.[CH3-].[Db]; emitting sentinel -1.0
2026-05-12 12:28:48,844 [INFO] ms-clip: auto-picked GPU 7 (free 24092 MiB)
2026-05-12 12:28:48,845 [INFO] ms-clip: using CUDA_VISIBLE_DEVICES=7
2026-05-12 12:28:48,845 [INFO] ms-clip: launching predict_smi (n_candidates=256)
2026-05-12 12:29:00,430 [WARNING] ms-clip dropped SMILES CCCC[O-].CCCC[O-].CSC[Sn+2]CCCCN; emitting sentinel -1.0
2026-05-12 12:29:00,546 [INFO] ms-clip: auto-picked GPU 7 (free 24092 MiB)
2026-05-12 12:29:00,546 [INFO] ms-clip: using CUDA_VISIBLE_DEVICES=7
2026-05-12 12:29:00,546 [INFO] ms-clip: launching predict_smi (n_candidates=256)
2026-05-12 12:29:12,425 [INFO] ms-clip: auto-picked GPU 7 (free 24092 MiB)
2026-05-12 12:29:12,425 [INFO] ms-clip: using CUDA_VISIBLE_DEVICES=7
2026-05-12 12:29:12,425 [INFO] ms-clip: launching predict_smi (n_candidates=256)
2026-05-12 12:29:24,261 [WARNING] ms-clip dropped SMILES CC(C)c1[c]c(C(C)C)cc(C(C)C)c1.[H][H].[H][H].[H][H].[Pb]; emitting sentinel -1.0
2026-05-12 12:29:24,389 [INFO] ms-clip: auto-picked GPU 7 (free 24092 MiB)
2026-05-12 12:29:24,390 [INFO] ms-clip: using CUDA_VISIBLE_DEVICES=7
2026-05-12 12:29:24,390 [INFO] ms-clip: launching predict_smi (n_candidates=256)
2026-05-12 12:29:36,307 [WARNING] ms-clip dropped SMILES COCCCOc1cc(C[C@@H](C[C@H]([NH-])[C@@H]2C[C@@H](C(C)C)C(=O)O2)C(C)C)ccc1OC.[W]; emitting sentinel -1.0
2026-05-12 12:29:36,307 [WARNING] ms-clip dropped SMILES CC(=NNC(N)=O)C1=CC=CC(C(C)=NNC(N)=O)[N-]1.CC(=NNC(N)=O)C1CCCC(C(C)=NNC(N)=O)[N-]1.[Ni+2]; emitting sentinel -1.0
2026-05-12 12:29:36,438 [INFO] ms-clip: auto-picked GPU 7 (free 24092 MiB)
2026-05-12 12:29:36,439 [INFO] ms-clip: using CUDA_VISIBLE_DEVICES=7
2026-05-12 12:29:36,439 [INFO] ms-clip: launching predict_smi (n_candidates=256)
2026-05-12 12:29:48,146 [INFO] ms-clip: auto-picked GPU 7 (free 24092 MiB)
2026-05-12 12:29:48,146 [INFO] ms-clip: using CUDA_VISIBLE_DEVICES=7
2026-05-12 12:29:48,146 [INFO] ms-clip: launching predict_smi (n_candidates=256)
2026-05-12 12:30:00,128 [INFO] spec 470/500  MassSpecGymID0211895  pool=256  pred=ATIGZAVIJDTRMU  correct=False  t=12.1s
2026-05-12 12:30:00,237 [INFO] ms-clip: auto-picked GPU 7 (free 24092 MiB)
2026-05-12 12:30:00,237 [INFO] ms-clip: using CUDA_VISIBLE_DEVICES=7
2026-05-12 12:30:00,237 [INFO] ms-clip: launching predict_smi (n_candidates=256)
2026-05-12 12:30:12,116 [WARNING] ms-clip dropped SMILES CCCCCCCCCCC(=O)[O-].CCCCCCCCCCC(=O)[O-].[Cd+2]; emitting sentinel -1.0
2026-05-12 12:30:12,245 [INFO] ms-clip: auto-picked GPU 7 (free 24092 MiB)
2026-05-12 12:30:12,246 [INFO] ms-clip: using CUDA_VISIBLE_DEVICES=7
2026-05-12 12:30:12,246 [INFO] ms-clip: launching predict_smi (n_candidates=256)
2026-05-12 12:30:24,193 [WARNING] ms-clip dropped SMILES CCC(=O)N(c1cccc(NC(=O)NCC(=O)NCC(=O)NCC(=O)NCC(=O)[O-])c1)C1CCN(CCc2ccccc2)CC1.[Li+]; emitting sentinel -1.0
2026-05-12 12:30:24,326 [INFO] ms-clip: auto-picked GPU 7 (free 24092 MiB)
2026-05-12 12:30:24,326 [INFO] ms-clip: using CUDA_VISIBLE_DEVICES=7
2026-05-12 12:30:24,326 [INFO] ms-clip: launching predict_smi (n_candidates=256)
2026-05-12 12:30:36,078 [INFO] ms-clip: auto-picked GPU 7 (free 24092 MiB)
2026-05-12 12:30:36,078 [INFO] ms-clip: using CUDA_VISIBLE_DEVICES=7
2026-05-12 12:30:36,079 [INFO] ms-clip: launching predict_smi (n_candidates=256)
2026-05-12 12:30:47,999 [WARNING] ms-clip dropped SMILES CC[Si](CC)(c1cc(C)cc(C(C)(C)C)c1O)C1C2C=Cc3ccccc3C2C(C)[C@H]1C.Cl[Ti]Cl.[CH3-]; emitting sentinel -1.0
2026-05-12 12:30:48,131 [INFO] ms-clip: auto-picked GPU 7 (free 24092 MiB)
2026-05-12 12:30:48,131 [INFO] ms-clip: using CUDA_VISIBLE_DEVICES=7
2026-05-12 12:30:48,131 [INFO] ms-clip: launching predict_smi (n_candidates=256)
2026-05-12 12:31:00,040 [INFO] ms-clip: auto-picked GPU 7 (free 24092 MiB)
2026-05-12 12:31:00,040 [INFO] ms-clip: using CUDA_VISIBLE_DEVICES=7
2026-05-12 12:31:00,040 [INFO] ms-clip: launching predict_smi (n_candidates=256)
2026-05-12 12:31:12,486 [INFO] ms-clip: auto-picked GPU 7 (free 23698 MiB)
2026-05-12 12:31:12,486 [INFO] ms-clip: using CUDA_VISIBLE_DEVICES=7
2026-05-12 12:31:12,486 [INFO] ms-clip: launching predict_smi (n_candidates=256)
2026-05-12 12:31:24,655 [WARNING] ms-clip dropped SMILES C.CCCCC(=O)c1ccc2c(c1)N=C(C1CCCCC1)c1ccccc1S2.CON(C)C(=O)c1ccc2c(c1)N=C(Cl)c1ccccc1S2.[CH-]1CCCCC1.[Cl-].[Mg+2]; emitting sentinel -1.0
2026-05-12 12:31:24,656 [WARNING] ms-clip dropped SMILES CC(C)(C)c1ccc2[n-]c3c(-c4ccc5c6ccccc6n(-c6[c-]c(-c7[c-]cccc7)cc(-c7ccccc7)c6)c5n4)cc(C(C)(C)C)cc3c2c1.[Au+3]; emitting sentinel -1.0
2026-05-12 12:31:24,656 [WARNING] ms-clip dropped SMILES CC(C)(C)c1c[c-]c(-c2[c-]c(-n3c4ccccc4c4ccc(-c5cccc6c5[n-]c5ccccc56)nc43)cc(-c3ccc(C(C)(C)C)cc3)c2)cc1.[Au+3]; emitting sentinel -1.0
2026-05-12 12:31:24,656 [WARNING] ms-clip dropped SMILES CC(C)c1cccc(C(C)C)c1N1[CH-]N(c2c(C(C)C)cccc2C(C)C)CC1.COc1ccc(C(=O)N2C(=O)C(C)Oc3c(/C=[Ru]\Cl)cccc32)c(OC)c1; emitting sentinel -1.0
2026-05-12 12:31:24,656 [WARNING] ms-clip dropped SMILES CN(C)P(N(C)C)N(C)C.CN(C)P(N(C)C)N(C)C.Cc1ccccc1[Bi]c1ccccc1C.O=S(=O)(O)C(F)(F)F; emitting sentinel -1.0
2026-05-12 12:31:24,656 [WARNING] ms-clip dropped SMILES C[Si](C)(C)[N-][Si](C)(C)C.C[Si](C)(C)[N-][Si](C)(C)C.C[Si](C)(C)[N-][Si](C)(C)C.O=S(=O)([O-])C(F)(F)F.[U+4]; emitting sentinel -1.0
2026-05-12 12:31:24,812 [INFO] ms-clip: auto-picked GPU 7 (free 23332 MiB)
2026-05-12 12:31:24,812 [INFO] ms-clip: using CUDA_VISIBLE_DEVICES=7
2026-05-12 12:31:24,813 [INFO] ms-clip: launching predict_smi (n_candidates=256)
2026-05-12 12:31:36,947 [INFO] ms-clip: auto-picked GPU 7 (free 23698 MiB)
2026-05-12 12:31:36,948 [INFO] ms-clip: using CUDA_VISIBLE_DEVICES=7
2026-05-12 12:31:36,948 [INFO] ms-clip: launching predict_smi (n_candidates=256)
2026-05-12 12:31:48,175 [WARNING] ms-clip dropped SMILES CCO[Si]C.Cc1[cH-]c2ccccc2c1C.Cc1[cH-]c2ccccc2c1C.[Zr+2]; emitting sentinel -1.0
2026-05-12 12:31:48,175 [WARNING] ms-clip dropped SMILES Cc1ccc(C(C)C)cc1.Cl[Os].[CH3-].[NH-]CCC(=O)O; emitting sentinel -1.0
2026-05-12 12:31:48,382 [INFO] ms-clip: auto-picked GPU 7 (free 24073 MiB)
2026-05-12 12:31:48,382 [INFO] ms-clip: using CUDA_VISIBLE_DEVICES=7
2026-05-12 12:31:48,382 [INFO] ms-clip: launching predict_smi (n_candidates=256)
2026-05-12 12:32:00,444 [WARNING] ms-clip dropped SMILES CC[N+]1(C2(C(=O)Nc3c(C)cccc3C)CC2)CCCCCC1.Cc1ccccc1.[Y]; emitting sentinel -1.0
2026-05-12 12:32:00,461 [INFO] spec 480/500  MassSpecGymID0163129  pool=256  pred=AWQGLBLHBVKMKF  correct=False  t=12.3s
2026-05-12 12:32:00,595 [INFO] ms-clip: auto-picked GPU 7 (free 23620 MiB)
2026-05-12 12:32:00,595 [INFO] ms-clip: using CUDA_VISIBLE_DEVICES=7
2026-05-12 12:32:00,596 [INFO] ms-clip: launching predict_smi (n_candidates=256)
2026-05-12 12:32:12,916 [WARNING] ms-clip dropped SMILES C1CCOC1.C1CCOC1.C1CCOC1.C1CCOC1.C1CCOC1.C1CCOC1.Cc1cc(C)cc([B-](c2ccccc2)(c2cc(C)cc(C)c2)c2cc(C)cc(C)c2)c1.[Cl-].[Cl-].[Cl-].[Mg+2].[Mg+2]; emitting sentinel -1.0
2026-05-12 12:32:12,917 [WARNING] ms-clip dropped SMILES CCCCCCCC/C=C/CCCCCCCC(=O)OC(C)C(=O)OC(C)C(=O)[O-].CCCCCCCC/C=C/CCCCCCCC(=O)OC(C)C(=O)OC(C)C(=O)[O-].[Ba+2]; emitting sentinel -1.0
2026-05-12 12:32:12,917 [WARNING] ms-clip dropped SMILES C=C.C=C.CC(C)c1cccc(C(C)C)c1-c1[c]c(-c2c(C(C)C)cccc2C(C)C)ccc1.CC(C)c1cccc(C(C)C)c1-c1[c]c(-c2c(C(C)C)cccc2C(C)C)ccc1.[Ga].[Ga]; emitting sentinel -1.0
2026-05-12 12:32:12,917 [WARNING] ms-clip dropped SMILES CC(C)Cn1cnnn1.CC(C)Cn1cnnn1.CC(C)Cn1cnnn1.CC(C)Cn1cnnn1.CC(C)Cn1cnnn1.CC(C)Cn1cnnn1.F[B-](F)(F)F.F[B-](F)(F)F.[Ni+2]; emitting sentinel -1.0
2026-05-12 12:32:12,917 [WARNING] ms-clip dropped SMILES CC(C)(C)C.CCC(C)C(=O)CN(CC(=O)OC(C)(C)C)Cc1cc(C2=NNC(c3cc(F)cc(CN(CC(=O)OC(C)(C)C)CC(=O)OC(C)(C)C)c3)=NN2)cc([Sn](C)(C)C)c1; emitting sentinel -1.0
2026-05-12 12:32:12,917 [WARNING] ms-clip dropped SMILES [2H]c1c([2H])c([2H])c(-c2cccc(-c3c([2H])c([2H])c([2H])c([2H])c3[2H])c2-[n+]2[c-]n(-c3cccc(Oc4cc5c(cc4-c4cc(-c6ccccc6)cc(-c6ccccc6)c4C)c4ccccc4n5-c4cc(C(C)(C)C)ccn4)c3)c3ccccc32)c([2H])c1[2H]; emitting sentinel -1.0
2026-05-12 12:32:12,917 [WARNING] ms-clip dropped SMILES C1CCC([PH+](C2CCCCC2)C2CCCCC2)CC1.CC(C)(C)c1cc(N2C=CN(c3cc(C(C)(C)C)cc(C(C)(C)C)c3)[CH-]2)cc(C(C)(C)C)c1.Cl[Ru](Cl)=Cc1ccccc1; emitting sentinel -1.0
2026-05-12 12:32:12,917 [WARNING] ms-clip dropped SMILES CCC1(CC)c2cc(C)ccc2-c2ccc([Ge](c3ccccc3)(c3ccccc3)c3ccc4c(c3)C(CC)(CC)c3cc(-c5cc(C(C)(C)C)cc6c5-c5ccc(C(C)(C)C)cc5C6(C)C)ccc3-4)cc21; emitting sentinel -1.0
2026-05-12 12:32:12,917 [WARNING] ms-clip dropped SMILES CC(C)c1c(C(=O)Nc2ccccc2)c(-c2ccccc2)c(-c2ccc(F)cc2)n1CC[C@@H](O)C[C@@H](O)CC(=O)[O-].C[C@H](CCC(=O)[O-])[C@H]1CC[C@H]2[C@@H]3[C@@H](O)C[C@@H]4C[C@H](O)CC[C@]4(C)[C@H]3CC[C@]12C.[Ca+2]; emitting sentinel -1.0
2026-05-12 12:32:12,918 [WARNING] ms-clip dropped SMILES [2H]c1c([2H])c([2H])c(-c2cccc(-c3c([2H])c([2H])c([2H])c([2H])c3[2H])c2-[n+]2[c-]n(-c3cc(Oc4ccc5c6ccccc6n(-c6cc(C(C)(C)C)ccn6)c5c4)cc(-c4cc(-c5ccccc5)cc(-c5ccccc5)c4C)c3)c3ccccc32)c([2H])c1[2H]; emitting sentinel -1.0
[12:32:12] WARNING: not removing hydrogen atom without neighbors
2026-05-12 12:32:13,082 [INFO] ms-clip: auto-picked GPU 7 (free 23104 MiB)
2026-05-12 12:32:13,082 [INFO] ms-clip: using CUDA_VISIBLE_DEVICES=7
2026-05-12 12:32:13,082 [INFO] ms-clip: launching predict_smi (n_candidates=256)
2026-05-12 12:32:24,601 [WARNING] ms-clip dropped SMILES C=CCC[c-]1cccc1.C=CCC[c-]1cccc1.[F-].[F-].[Zr+4]; emitting sentinel -1.0
2026-05-12 12:32:24,601 [WARNING] ms-clip dropped SMILES CC(=O)/C=C(/C)O.Oc1ccccc1/N=N/c1ccccc1O.[Cr]; emitting sentinel -1.0
2026-05-12 12:32:24,601 [WARNING] ms-clip dropped SMILES C[C]1[CH][CH][CH][CH]1.C[C]1[CH][CH][CH][CH]1.[C-]#[O+].[CH2-][Si](C)(C)C.[Nb]; emitting sentinel -1.0
2026-05-12 12:32:24,748 [INFO] ms-clip: auto-picked GPU 7 (free 22634 MiB)
2026-05-12 12:32:24,749 [INFO] ms-clip: using CUDA_VISIBLE_DEVICES=7
2026-05-12 12:32:24,749 [INFO] ms-clip: launching predict_smi (n_candidates=256)
2026-05-12 12:32:36,600 [WARNING] ms-clip dropped SMILES CN(C)C1=CC2=C3C=C(N(C)C)C=CN3CCCN2C=C1.CN1c2ccccc2N(C)C12CCCCC21N(C)c2ccccc2N1C.[Li+].[O-]c1cccc2ccc[nH+]c12; emitting sentinel -1.0
2026-05-12 12:32:36,600 [WARNING] ms-clip dropped SMILES CCCCCCCCCCCCCCCCCCCC#CC(=O)[O-].CCCCCCCCCCCCCCCCCCCC#CC(=O)[O-].[Cd+2]; emitting sentinel -1.0
2026-05-12 12:32:36,764 [INFO] ms-clip: auto-picked GPU 7 (free 23136 MiB)
2026-05-12 12:32:36,764 [INFO] ms-clip: using CUDA_VISIBLE_DEVICES=7
2026-05-12 12:32:36,764 [INFO] ms-clip: launching predict_smi (n_candidates=256)
2026-05-12 12:32:48,716 [INFO] ms-clip: auto-picked GPU 7 (free 23056 MiB)
2026-05-12 12:32:48,716 [INFO] ms-clip: using CUDA_VISIBLE_DEVICES=7
2026-05-12 12:32:48,716 [INFO] ms-clip: launching predict_smi (n_candidates=256)
2026-05-12 12:32:59,908 [WARNING] ms-clip dropped SMILES C.C=C(C)C(=O)O[CH2-].[Rf]; emitting sentinel -1.0
2026-05-12 12:33:00,038 [INFO] ms-clip: auto-picked GPU 7 (free 24092 MiB)
2026-05-12 12:33:00,038 [INFO] ms-clip: using CUDA_VISIBLE_DEVICES=7
2026-05-12 12:33:00,038 [INFO] ms-clip: launching predict_smi (n_candidates=256)
2026-05-12 12:33:12,248 [WARNING] ms-clip dropped SMILES C[Si](C)(C)C([Si](C)(C)C)[Ge]1(C([Si](C)(C)C)[Si](C)(C)C)C=CC=C1; emitting sentinel -1.0
2026-05-12 12:33:12,248 [WARNING] ms-clip dropped SMILES Oc1ccccc1/C=N/CCN1CC1.Oc1ccccc1C=NCCN1CC1.[Zn+2]; emitting sentinel -1.0
2026-05-12 12:33:12,248 [WARNING] ms-clip dropped SMILES C=[Hf+2].CC(C)O.CC(C)O.[C-]1=CC=CC1.[C-]1=CC=CC1; emitting sentinel -1.0
2026-05-12 12:33:12,248 [WARNING] ms-clip dropped SMILES CC(C)(CO)/N=C/c1ccccc1O.CC(C)(CO)/N=C/c1ccccc1O.[Ni]; emitting sentinel -1.0
2026-05-12 12:33:12,407 [INFO] ms-clip: auto-picked GPU 7 (free 23652 MiB)
2026-05-12 12:33:12,407 [INFO] ms-clip: using CUDA_VISIBLE_DEVICES=7
2026-05-12 12:33:12,407 [INFO] ms-clip: launching predict_smi (n_candidates=256)
2026-05-12 12:33:24,873 [WARNING] ms-clip dropped SMILES COC1=CC=c2c([n+](-c3ccccc3)c(N(CCC[N+](C)(C)C)CCC[N+](C)(C)C)cc2=Cc2sc3ccccc3[n+]2C)C1.[Y]; emitting sentinel -1.0
2026-05-12 12:33:24,873 [WARNING] ms-clip dropped SMILES COC(=O)[C@@](/C=[C]/F)(CCCCNC(=O)c1ccccc1)NC(=O)c1ccccc1.[CH2]CCC.[CH2]CCC.[CH2]CCC.[Sn]; emitting sentinel -1.0
2026-05-12 12:33:25,203 [INFO] ms-clip: auto-picked GPU 7 (free 20968 MiB)
2026-05-12 12:33:25,203 [INFO] ms-clip: using CUDA_VISIBLE_DEVICES=7
2026-05-12 12:33:25,203 [INFO] ms-clip: launching predict_smi (n_candidates=256)
2026-05-12 12:33:37,701 [INFO] ms-clip: auto-picked GPU 7 (free 24092 MiB)
2026-05-12 12:33:37,701 [INFO] ms-clip: using CUDA_VISIBLE_DEVICES=7
2026-05-12 12:33:37,701 [INFO] ms-clip: launching predict_smi (n_candidates=256)
2026-05-12 12:33:49,983 [INFO] ms-clip: auto-picked GPU 7 (free 24092 MiB)
2026-05-12 12:33:49,983 [INFO] ms-clip: using CUDA_VISIBLE_DEVICES=7
2026-05-12 12:33:49,983 [INFO] ms-clip: launching predict_smi (n_candidates=256)
2026-05-12 12:34:01,135 [WARNING] ms-clip dropped SMILES CC(C)[Ge](c1cccc2nc(-c3ccccc3)ccc12)(C(C)C)C(C)C; emitting sentinel -1.0
2026-05-12 12:34:01,151 [INFO] spec 490/500  MassSpecGymID0366974  pool=256  pred=WGWWOYPDRCLXSX  correct=False  t=11.3s
2026-05-12 12:34:01,308 [INFO] ms-clip: auto-picked GPU 7 (free 24092 MiB)
2026-05-12 12:34:01,308 [INFO] ms-clip: using CUDA_VISIBLE_DEVICES=7
2026-05-12 12:34:01,308 [INFO] ms-clip: launching predict_smi (n_candidates=256)
2026-05-12 12:34:12,963 [WARNING] ms-clip dropped SMILES [2H]C(C)(C)c1cc(-c2[c-]ccc3c2oc2cc(F)ccc23)ncc1F.[2H]C([2H])([2H])c1c[c-]c(-c2cc(C([2H])(C)C)c([Ge](C)(C)C)cn2)cc1.[Ir]; emitting sentinel -1.0
2026-05-12 12:34:12,963 [WARNING] ms-clip dropped SMILES CCn1c(-c2[c-]ccc3c2oc2ccccc23)nc2ccccc21.[2H]C([2H])(c1cc(-c2[c-]cccc2)ncc1[Ge](C)(C)C)C(C)(C)C.[Ir]; emitting sentinel -1.0
2026-05-12 12:34:12,963 [WARNING] ms-clip dropped SMILES CCOCC.Cc1ccc2cccc(/N=C(/C=C(\[O-])c3ccccc3)C(F)(F)F)c2n1.Cc1ccc2cccc(N=C(/C=C(\[O-])c3ccccc3)C(F)(F)F)c2n1.[Zn+2]; emitting sentinel -1.0
2026-05-12 12:34:12,963 [WARNING] ms-clip dropped SMILES O=C(/[C-]=C/c1ccccc1)[Si](c1ccccc1)(c1ccccc1)c1ccccc1.O=C(/[C-]=C\c1ccccc1)[Si](c1ccccc1)(c1ccccc1)c1ccccc1.[Cu+].[Li+]; emitting sentinel -1.0
2026-05-12 12:34:12,964 [WARNING] ms-clip dropped SMILES [2H]C(C)(C)c1ccnc(-c2[c-]cc(F)c3c2oc2cc(F)ccc23)c1.[2H]C([2H])([2H])c1c[c-]c(-c2cc(C([2H])(C)C)c([Ge](C)(C)C)cn2)cc1.[Ir]; emitting sentinel -1.0
2026-05-12 12:34:12,964 [WARNING] ms-clip dropped SMILES c1ccc(N2c3ccccc3C(c3ccccc3)(c3cccc(N4c5ccccc5[Sn](c5ccccc5)(c5ccccc5)c5ccccc54)c3)c3ccccc32)cc1; emitting sentinel -1.0
2026-05-12 12:34:12,964 [WARNING] ms-clip dropped SMILES Cc1nn(-c2ccc(-c3ccncc3)cc2)c(O)c1/C=N/c1ccccc1C(=O)O.Cc1nn(-c2ccc(-c3ccncc3)cc2)c(O)c1/C=N\c1ccccc1C(=O)O.[Cr]; emitting sentinel -1.0
2026-05-12 12:34:12,964 [WARNING] ms-clip dropped SMILES CCN(CC)c1ccc(/N=N/c2c3ccccc3n(C)[n+]2C)cc1.CCN(CC)c1ccc(/N=N/c2c3ccccc3n(C)[n+]2C)cc1.[Cl-].[Cl-].[Cl-].[Cl-].[Zn+2]; emitting sentinel -1.0
2026-05-12 12:34:12,964 [WARNING] ms-clip dropped SMILES CC(C)(C)/C(F)=C(\F)[Ge](c1ccccc1)(c1ccccc1)c1ccccc1.CC(C)(C)/C(F)=C(\F)[Ge](c1ccccc1)(c1ccccc1)c1ccccc1; emitting sentinel -1.0
2026-05-12 12:34:12,964 [WARNING] ms-clip dropped SMILES C[N-]C([N-]C)c1ccccc1.C[N-]C([N-]C)c1ccccc1.C[N-]C([N-]C)c1ccccc1.C[N-]C([N-]C)c1ccccc1.[C-]#N.[C-]#N.[Ru+5].[Ru+5]; emitting sentinel -1.0
2026-05-12 12:34:12,964 [WARNING] ms-clip dropped SMILES c1ccc(N2c3ccccc3C(c3ccccc3)(c3ccc(N4c5ccccc5[Sn](c5ccccc5)(c5ccccc5)c5ccccc54)cc3)c3ccccc32)cc1; emitting sentinel -1.0
2026-05-12 12:34:12,964 [WARNING] ms-clip dropped SMILES CCOc1ccc(C)c(/C([S-])=C(/[S-])c2cc3c4c(c2)CCCN4CCC3)c1.CCOc1ccc(C)cc1/C([S-])=C(/[S-])c1cc2c3c(c1)CCCN3CCC2.[Ni]; emitting sentinel -1.0
2026-05-12 12:34:12,964 [WARNING] ms-clip dropped SMILES C[Ge](C)(C)c1ccc(N(c2ccc3ccccc3c2)c2c3ccccc3c(N(c3ccc([Ge](C)(C)C)cc3)c3ccc4ccccc4c3)c3ccccc23)cc1; emitting sentinel -1.0
2026-05-12 12:34:12,964 [WARNING] ms-clip dropped SMILES CC(=O)O.COc1c[c-]c(-c2cc(-c3ccc(P(=O)(c4ccccc4)c4ccccc4)cc3)cc(-c3[c-]cc(C(C)(C)C)cc3)n2)cc1.[Au]; emitting sentinel -1.0
2026-05-12 12:34:12,964 [WARNING] ms-clip dropped SMILES CCCCCCOc1c(F)c(F)c(C(=C2CCC[N-]2)C2CCC[N-]2)c(F)c1F.Cl.[Ru+2].c1ccc(-c2ccccn2)nc1.c1ccc(-c2ccccn2)nc1; emitting sentinel -1.0
2026-05-12 12:34:12,964 [WARNING] ms-clip dropped SMILES CC(C)(C)[Si](C)(C)C.CCOO.CCOO.COc1ccc(C(C)(c2ccccc2)c2ccccc2)cc1.OCOO.[CH3-].[CH3-].[Pd].[Pd]; emitting sentinel -1.0
2026-05-12 12:34:12,965 [WARNING] ms-clip dropped SMILES COc1ccc2c(c1)c1ncc(CCCl)n1c1c(Br)cc(C(C)C)cc21.COc1ccc2c(c1)c1ncc3n1c1c(cc(C(C)C)cc21)CC3.C[CH-]C.[Cl-].[Mg+2]; emitting sentinel -1.0
2026-05-12 12:34:13,109 [INFO] ms-clip: auto-picked GPU 7 (free 24092 MiB)
2026-05-12 12:34:13,109 [INFO] ms-clip: using CUDA_VISIBLE_DEVICES=7
2026-05-12 12:34:13,109 [INFO] ms-clip: launching predict_smi (n_candidates=256)
2026-05-12 12:34:24,731 [WARNING] ms-clip dropped SMILES O.O.O.[K+].[OH-].[Re]; emitting sentinel -1.0
2026-05-12 12:34:24,732 [WARNING] ms-clip dropped SMILES F[W](F)(F)(F)F.O; emitting sentinel -1.0
2026-05-12 12:34:24,871 [INFO] ms-clip: auto-picked GPU 7 (free 24092 MiB)
2026-05-12 12:34:24,872 [INFO] ms-clip: using CUDA_VISIBLE_DEVICES=7
2026-05-12 12:34:24,872 [INFO] ms-clip: launching predict_smi (n_candidates=256)
2026-05-12 12:34:36,218 [WARNING] ms-clip dropped SMILES C=C(/C=C\C(=C/CC)OC)C(=O)[Ge](CC)(CC)C(=O)c1ccc(OC)cc1; emitting sentinel -1.0
2026-05-12 12:34:36,218 [WARNING] ms-clip dropped SMILES CCC1=[C-]C(CC)C=C1.CCc1ccc2c(c1)[cH-]c1cc(CC)ccc12.[Zr+2]; emitting sentinel -1.0
2026-05-12 12:34:36,367 [INFO] ms-clip: auto-picked GPU 7 (free 24092 MiB)
2026-05-12 12:34:36,368 [INFO] ms-clip: using CUDA_VISIBLE_DEVICES=7
2026-05-12 12:34:36,368 [INFO] ms-clip: launching predict_smi (n_candidates=256)
2026-05-12 12:34:48,541 [WARNING] ms-clip dropped SMILES C1CCOC1.CC(C)(C)[Si](C)(C)C1CC(Cc2ccccc2)C2C=CC=CC21.[CH2-][Si](C)(C)C.[CH2-][Si](C)(C)C.[CH3-].[Sc+3]; emitting sentinel -1.0
2026-05-12 12:34:48,698 [INFO] ms-clip: auto-picked GPU 7 (free 20364 MiB)
2026-05-12 12:34:48,698 [INFO] ms-clip: using CUDA_VISIBLE_DEVICES=7
2026-05-12 12:34:48,698 [INFO] ms-clip: launching predict_smi (n_candidates=256)
2026-05-12 12:35:00,959 [WARNING] ms-clip dropped SMILES CN(C)C1=CC2=C3C=C(N(C)C)C=CN3CCCN2C=C1.CN1c2ccccc2N(C)C12CCCCC21N(C)c2ccccc2N1C.[Li+].[O-]c1cccc2ccc[nH+]c12; emitting sentinel -1.0
2026-05-12 12:35:01,109 [INFO] ms-clip: auto-picked GPU 7 (free 24092 MiB)
2026-05-12 12:35:01,110 [INFO] ms-clip: using CUDA_VISIBLE_DEVICES=7
2026-05-12 12:35:01,110 [INFO] ms-clip: launching predict_smi (n_candidates=256)
2026-05-12 12:35:12,926 [WARNING] ms-clip dropped SMILES Cn1[c-][n+](-c2cccc(Oc3cc(C#N)c4c5ccccc5n(-c5cc(C(C)(C)C)ccn5)c4c3)c2)c2ccccc21; emitting sentinel -1.0
2026-05-12 12:35:12,927 [WARNING] ms-clip dropped SMILES CCCCC(CC)O/C(C=[W])=N/C(=CC(N)=O)NC1CCCC(C)CCC1; emitting sentinel -1.0
2026-05-12 12:35:13,058 [INFO] ms-clip: auto-picked GPU 7 (free 24092 MiB)
2026-05-12 12:35:13,058 [INFO] ms-clip: using CUDA_VISIBLE_DEVICES=7
2026-05-12 12:35:13,058 [INFO] ms-clip: launching predict_smi (n_candidates=256)
2026-05-12 12:35:25,635 [WARNING] ms-clip dropped SMILES CN(C)C1=CC2=C3C=C(N(C)C)C=CN3CCCN2C=C1.CN1c2ccccc2N(C)C12CCCCC21N(C)c2ccccc2N1C.[Li+].[O-]c1cccc2ccc[nH+]c12; emitting sentinel -1.0
2026-05-12 12:35:25,635 [WARNING] ms-clip dropped SMILES CCCCCCCCCCCCCCCCCCCC#CC(=O)[O-].CCCCCCCCCCCCCCCCCCCC#CC(=O)[O-].[Cd+2]; emitting sentinel -1.0
2026-05-12 12:35:25,792 [INFO] ms-clip: auto-picked GPU 7 (free 24092 MiB)
2026-05-12 12:35:25,793 [INFO] ms-clip: using CUDA_VISIBLE_DEVICES=7
2026-05-12 12:35:25,793 [INFO] ms-clip: launching predict_smi (n_candidates=256)
2026-05-12 12:35:37,595 [WARNING] ms-clip dropped SMILES C=Cc1c2[n-]c(c1C)CC1[N-]/C(=C3\c4[n-]c(c(C)c4C(=O)[C@@H]3C(=O)OC)/C=c3\[n-]/c(c(C)c3CC)=C\2)[C@@H](CCC(=O)OC/C=C/C)[C@@H]1C.[Mg+2]; emitting sentinel -1.0
2026-05-12 12:35:37,595 [WARNING] ms-clip dropped SMILES C1CCC(C2CCCC[N-]2)[N-]C1.C1CCC(C2CCCC[N-]2)[N-]C1.Cl[Os].NCCc1cnc[nH]1; emitting sentinel -1.0
2026-05-12 12:35:37,595 [WARNING] ms-clip dropped SMILES CCCCCCCC[Sn+2]CCCCCCCC.O=C([O-])CCCC(Cc1ccccc1)(Cc1ccccc1)C(=O)[O-]; emitting sentinel -1.0
2026-05-12 12:35:37,595 [WARNING] ms-clip dropped SMILES CC(C)(C)OCC1(C)C=C2/C=C3/CC(C)(C)/C(=C/C4=N/C(=C\C5=N/C(=C\C1=N2)C(C)(C)C5)C(C)(COC(C)(C)C)C4)[N-]3.Cl[Zn+]; emitting sentinel -1.0
2026-05-12 12:35:37,596 [WARNING] ms-clip dropped SMILES Cc1ccc([C@H]2C[C@@H]3CC[C@H]([C@H]2C(=O)NCCCCCC2CNCC/N=C(\[O-])CCNCCNC2)N3C)cc1.O=[99Tc+]=O; emitting sentinel -1.0
2026-05-12 12:35:37,596 [WARNING] ms-clip dropped SMILES CN(C)CC[N-]C([N-][Si](C)(C)C)c1ccccc1.C[Si](C)(C)[CH-][Si](C)(C)C.C[Si](C)(C)[CH-][Si](C)(C)C.[Y]; emitting sentinel -1.0
2026-05-12 12:35:37,596 [WARNING] ms-clip dropped SMILES CC1(C)CC(NC(=O)c2ccccc2)C(Cc2ccccc2)C(NC(=O)c2ccccc2)C1.[CH2-]c1ccccc1.[CH2-]c1ccccc1.[Ti+2]; emitting sentinel -1.0
2026-05-12 12:35:37,596 [WARNING] ms-clip dropped SMILES C=Cc1c2[n-]c(c1C)/C=C1\[N-]C([C@@H](CCC(=O)OC/C=C\C)[C@@H]1C)[C@H]1c3[n-]c(c(C)c3C(=O)[C@@H]1C(=O)OC)/C=c1\[n-]/c(c(C)c1CC)=C\2.[Mg+2]; emitting sentinel -1.0
2026-05-12 12:35:37,596 [WARNING] ms-clip dropped SMILES C=Cc1c2[n-]c(c1C)/C=C1\[N-]/C(=C3\c4[n-]c(c(C)c4C(=O)[C@@H]3C(=O)OC)/C=c3\[n-]/c(c(C)c3CC)=C\2)[C@@H](CCC(O)OC/C=C/C)[C@@H]1C.[Mg+2]; emitting sentinel -1.0
2026-05-12 12:35:37,756 [INFO] ms-clip: auto-picked GPU 7 (free 24092 MiB)
2026-05-12 12:35:37,757 [INFO] ms-clip: using CUDA_VISIBLE_DEVICES=7
2026-05-12 12:35:37,757 [INFO] ms-clip: launching predict_smi (n_candidates=108)
2026-05-12 12:35:49,163 [WARNING] ms-clip dropped SMILES CCCCCCCCCCCCCCCCCC(=O)NCCCCC(N)C(=O)[O-].CCCCCCCCCCCCCCCCCC(=O)NCCCCC(N)C(=O)[O-].[Ca+2]; emitting sentinel -1.0
2026-05-12 12:35:49,163 [WARNING] ms-clip dropped SMILES CCCCCCCCCCCCCCCCC/C([O-])=N/CCCC[C@H](N)C(=O)[O-].CCCCCCCCCCCCCCCCCC(=O)NCCCC[C@H](N)C(=O)O.[Ca+2]; emitting sentinel -1.0
2026-05-12 12:35:49,163 [WARNING] ms-clip dropped SMILES [Cu+2].[O-]c1c(Br)cc(Br)cc1/C=N/Cc1ccccc1Cl.[O-]c1c(Br)cc(Br)cc1/C=N/Cc1ccccc1Cl; emitting sentinel -1.0
2026-05-12 12:35:49,163 [WARNING] ms-clip dropped SMILES CCCCCCCCCCCCCCCCCC(=O)NCCCC[C@H](N)C(=O)[O-].CCCCCCCCCCCCCCCCCC(=O)NCCCC[C@H](N)C(=O)[O-].[Ca+2]; emitting sentinel -1.0
2026-05-12 12:35:49,320 [INFO] ms-clip: auto-picked GPU 7 (free 20808 MiB)
2026-05-12 12:35:49,320 [INFO] ms-clip: using CUDA_VISIBLE_DEVICES=7
2026-05-12 12:35:49,320 [INFO] ms-clip: launching predict_smi (n_candidates=256)
2026-05-12 12:36:01,721 [WARNING] ms-clip dropped SMILES COC(C)C.[B]C1CCC(COC(C)C)C1.[CH2-]C.[CH3-].[CH3-].[V].[W+2]; emitting sentinel -1.0
2026-05-12 12:36:01,741 [INFO] spec 500/500  MassSpecGymID0236274  pool=256  pred=VIQCWEGEHRBLAC  correct=True  t=12.6s
2026-05-12 12:36:01,742 [INFO] ============================================================
2026-05-12 12:36:01,742 [INFO] MSG  pool=mass  reranker=conditional
2026-05-12 12:36:01,742 [INFO]   n=500  correct=240  id_acc=0.4800  elapsed=6022.5s
done conditional at 2026年 05月 12日 星期二 12:36:02 CST
=== mass / llm ===
2026-05-12 12:36:03,623 [INFO] METAGENT_MSCLIP_CKPT = /home/weiwentao/workspace/reconstruct/ms-pred/results/v4_msg_retrain_20260511_200835/version_0/best.ckpt
2026-05-12 12:36:03,623 [INFO] candidate pool = mass (/home/weiwentao/workspace/ms-pred/data/spec_datasets/msg/retrieval/MassSpecGym_retrieval_candidates_mass.json)
2026-05-12 12:36:03,623 [INFO] reranker = llm
2026-05-12 12:36:03,930 [INFO] MSG: 17556 total test spectra
2026-05-12 12:36:03,930 [INFO] MSG: sampled 500 spectra (seed=42)
2026-05-12 12:36:04,787 [INFO] MSG: loaded 500 spectra (of 500 sampled)
2026-05-12 12:36:04,787 [INFO] running 500 MSG spectra
2026-05-12 12:36:04,787 [INFO] loading MSG candidates from /home/weiwentao/workspace/ms-pred/data/spec_datasets/msg/retrieval/MassSpecGym_retrieval_candidates_mass.json
2026-05-12 12:36:06,418 [INFO] loaded 32010 compound entries
2026-05-12 12:36:06,418 [INFO] LLM reranker: opus47 (model=claude-opus-4-7)
2026-05-12 12:36:06,578 [INFO] ms-clip: auto-picked GPU 7 (free 24092 MiB)
2026-05-12 12:36:06,578 [INFO] ms-clip: using CUDA_VISIBLE_DEVICES=7
2026-05-12 12:36:06,578 [INFO] ms-clip: launching predict_smi (n_candidates=256)
2026-05-12 12:36:23,615 [WARNING] chat retry attempt 1/3 after APIConnectionError: Error communicating with OpenAI: HTTPSConnectionPool(host='api.viviai.cc', port=443): Max retries exceeded with url: /v1 — sleeping 11.9s (caller=msg_llm_reranker, trace=None)
2026-05-12 12:37:01,880 [INFO] ms-clip: auto-picked GPU 7 (free 24092 MiB)
2026-05-12 12:37:01,881 [INFO] ms-clip: using CUDA_VISIBLE_DEVICES=7
2026-05-12 12:37:01,881 [INFO] ms-clip: launching predict_smi (n_candidates=256)
2026-05-12 12:37:13,587 [WARNING] ms-clip dropped SMILES CCCCC1CCC(C)C1.CCCCC1CCC(C)C1.Cl[Zr]Cl; emitting sentinel -1.0
2026-05-12 12:37:13,587 [WARNING] ms-clip dropped SMILES CC(C)CCCCCS[Sn](C)(C)SCCCCCC(C)C; emitting sentinel -1.0
2026-05-12 12:37:13,587 [WARNING] ms-clip dropped SMILES C=CC=C.C[c-]1[c-](C)[c-](C)[c-](C)[c-]1C.Cc1c(C)c(C)[c-](C)c1C.[Ni].[Ni]; emitting sentinel -1.0
2026-05-12 12:37:25,678 [INFO] ms-clip: auto-picked GPU 7 (free 24092 MiB)
2026-05-12 12:37:25,678 [INFO] ms-clip: using CUDA_VISIBLE_DEVICES=7
2026-05-12 12:37:25,678 [INFO] ms-clip: launching predict_smi (n_candidates=256)
2026-05-12 12:40:33,166 [WARNING] chat retry attempt 1/3 after APIConnectionError: Error communicating with OpenAI: HTTPSConnectionPool(host='api.viviai.cc', port=443): Max retries exceeded with url: /v1 — sleeping 9.4s (caller=msg_llm_reranker, trace=None)
2026-05-12 12:42:20,714 [WARNING] chat retry attempt 2/3 after APIConnectionError: Error communicating with OpenAI: HTTPSConnectionPool(host='api.viviai.cc', port=443): Max retries exceeded with url: /v1 — sleeping 28.1s (caller=msg_llm_reranker, trace=None)
2026-05-12 12:43:14,608 [INFO] ms-clip: auto-picked GPU 7 (free 24092 MiB)
2026-05-12 12:43:14,608 [INFO] ms-clip: using CUDA_VISIBLE_DEVICES=7
2026-05-12 12:43:14,608 [INFO] ms-clip: launching predict_smi (n_candidates=256)
2026-05-12 12:43:44,109 [INFO] ms-clip: auto-picked GPU 7 (free 18768 MiB)
2026-05-12 12:43:44,109 [INFO] ms-clip: using CUDA_VISIBLE_DEVICES=7
2026-05-12 12:43:44,109 [INFO] ms-clip: launching predict_smi (n_candidates=256)
2026-05-12 12:43:55,448 [WARNING] ms-clip dropped SMILES CCC(CC(C)C#N)c1ccc(S(=O)(=O)C(C)S(=O)(=O)C(F)(F)F)cc1.[Li+]; emitting sentinel -1.0
2026-05-12 12:44:05,387 [INFO] ms-clip: auto-picked GPU 7 (free 24092 MiB)
2026-05-12 12:44:05,387 [INFO] ms-clip: using CUDA_VISIBLE_DEVICES=7
2026-05-12 12:44:05,387 [INFO] ms-clip: launching predict_smi (n_candidates=256)
2026-05-12 12:44:17,472 [WARNING] ms-clip dropped SMILES O=C(OB(OC(=O)C(O)(c1ccccc1)c1ccccc1)OC(=O)C(O)(c1ccccc1)c1ccccc1)C(O)(c1ccccc1)c1ccccc1.O=C([O-])C(O)(c1ccccc1)c1ccccc1.[Li+]; emitting sentinel -1.0
2026-05-12 12:44:17,472 [WARNING] ms-clip dropped SMILES CC1(C)c2ccc(Oc3cccc(-n4c5cc6c7c(c5c5cccnc54)Oc4cccc5c4B7c4c(cccc4O6)O5)c3)cc2-n2[c-][n+](-c3c(-c4ccccc4)cccc3-c3ccccc3)c3cccc1c32; emitting sentinel -1.0
2026-05-12 12:44:17,472 [WARNING] ms-clip dropped SMILES C.[C]1=C[Se]C(=C2[Se]C=C[Se]2)[Se]1.[C]1=C[Se]C(=C2[Se]C=C[Se]2)[Se]1.[Sb]; emitting sentinel -1.0
2026-05-12 12:44:17,472 [WARNING] ms-clip dropped SMILES C1=C/CC/C=C/CC/1.[BH3-][P+](Cp1c2ccccc2c2ccccc21)(c1ccccc1)c1ccccc1.[Rh].c1ccc([B-](c2ccccc2)(c2ccccc2)c2ccccc2)cc1; emitting sentinel -1.0
2026-05-12 12:44:17,472 [WARNING] ms-clip dropped SMILES [2H]C([2H])([2H])c1c[c-]c(-c2cc(C([2H])([2H])C(C)(C)C)c([Ge](C)(C)C)cn2)c(F)c1.[2H]C([2H])([2H])c1ccnc(-c2[c-]cc(C([2H])([2H])[2H])c3c2oc2cc(-c4ccccc4)ccc23)c1.[Ir]; emitting sentinel -1.0
2026-05-12 12:44:17,472 [WARNING] ms-clip dropped SMILES Cc1ccc([N+]2=C=[N+](c3[c-]c(Oc4[c-]c5c(cc4-c4nc(C(C)(C)C)nc(C(C)(C)C)n4)c4ccccc4n5-c4ccccn4)ccc3)c3ccccc32)cc1.[Pt+2]; emitting sentinel -1.0
2026-05-12 12:44:17,472 [WARNING] ms-clip dropped SMILES [2H]c1c([2H])c([2H])c(-c2cccc(-c3c([2H])c([2H])c([2H])c([2H])c3[2H])c2-[n+]2[c-]n(-c3[c-]c(Oc4[c-]c5c(cc4)c4ccccc4n5-c4cc(N(C)C)ccn4)ccc3)c3ccccc32)c([2H])c1[2H].[Pt]; emitting sentinel -1.0
2026-05-12 12:44:17,472 [WARNING] ms-clip dropped SMILES COC1CC2OC[C@@]2(O)C2(C)[C@H](C)C3(O)CC(O)C(C)=C(C(O)C(=O)[C@]12C)C3(C)C.CS.[Ac].[Ac]; emitting sentinel -1.0
2026-05-12 12:44:17,473 [WARNING] ms-clip dropped SMILES CC(C)c1c(-c2cnn(C)c2)nc(-c2cncs2)[nH]c1=O.CCCC[Sn](CCCC)(CCCC)c1cncs1.Cc1nc(Cl)nc(-c2cnn(C)c2)c1C(C)C; emitting sentinel -1.0
2026-05-12 12:44:17,473 [WARNING] ms-clip dropped SMILES C1CCOC1.C1CCOC1.CC(C)(C)/C([O-])=C/C(=O)c1cccc(C(=O)/C=C(\[O-])C(C)(C)C)c1.CC(C)(C)/C([O-])=C/C(=O)c1cccc(C(=O)/C=C(\[O-])C(C)(C)C)c1.[Cu+2].[Cu+2]; emitting sentinel -1.0
2026-05-12 12:44:38,468 [INFO] ms-clip: auto-picked GPU 7 (free 24092 MiB)
2026-05-12 12:44:38,468 [INFO] ms-clip: using CUDA_VISIBLE_DEVICES=7
2026-05-12 12:44:38,468 [INFO] ms-clip: launching predict_smi (n_candidates=256)
2026-05-12 12:44:50,205 [WARNING] ms-clip dropped SMILES Cc1ccccc1N1[CH-]N(c2ccccc2C)C(C)(C)C1(C)C.Cl[Ru+2]Cl.[CH2-]c1ccccc1[OH+]C(C)C; emitting sentinel -1.0
2026-05-12 12:44:50,206 [WARNING] ms-clip dropped SMILES C=CC1CCC[N+](CCC2=CCNc3ccc(OC)cc32)(Cc2cc(C(F)(F)F)cc(C(F)(F)F)c2)C1.[CH3-].[Y]; emitting sentinel -1.0
2026-05-12 12:44:50,206 [WARNING] ms-clip dropped SMILES CN/C=C\c1c(C=O)ncc2c1c(CNCc1cccc([Hg])c1)cn2Cc1ccc(F)cc1; emitting sentinel -1.0
2026-05-12 12:44:50,206 [WARNING] ms-clip dropped SMILES COc1ccc(Cc2ccc(O[C-]=O)c(C)c2)cc1C.C[C-]=O.Cc1cc(Cc2ccc(O)c(C)c2)ccc1O.[Y]; emitting sentinel -1.0
2026-05-12 12:45:33,305 [INFO] ms-clip: auto-picked GPU 7 (free 24092 MiB)
2026-05-12 12:45:33,305 [INFO] ms-clip: using CUDA_VISIBLE_DEVICES=7
2026-05-12 12:45:33,306 [INFO] ms-clip: launching predict_smi (n_candidates=256)
2026-05-12 12:45:44,966 [WARNING] ms-clip dropped SMILES Cc1c(C)c(C)[c-](C)c1C.Cc1c(C)c(C)[c-](C)c1C.O=[Zr+2]; emitting sentinel -1.0
2026-05-12 12:46:02,525 [INFO] ms-clip: auto-picked GPU 7 (free 24092 MiB)
2026-05-12 12:46:02,525 [INFO] ms-clip: using CUDA_VISIBLE_DEVICES=7
2026-05-12 12:46:02,525 [INFO] ms-clip: launching predict_smi (n_candidates=256)
2026-05-12 12:46:14,473 [WARNING] ms-clip dropped SMILES O=C([O-])[C@@H](/N=C(\c1ccccc1)c1ccccc1/N=C(/[O-])[C@@H]1CCCN1Cc1ccccc1)[C@@H]1c2ccccc2CCN1c1ccccc1.[Ni+2]; emitting sentinel -1.0
2026-05-12 12:46:14,474 [WARNING] ms-clip dropped SMILES CCN(CC)CCOC(=S)[S-].CCN(CC)CCOC(=S)[S-].CCN(CC)CC[Sn+2]CCN(CC)CC; emitting sentinel -1.0
2026-05-12 12:46:14,474 [WARNING] ms-clip dropped SMILES C[CH-]C.Cc1ccc(C)c(-c2cccc3[cH-]ccc23)c1.Cc1ccc(C)c(-c2cccc3[cH-]ccc23)c1.[H][C-]=[SiH2].[Hf+4]; emitting sentinel -1.0
2026-05-12 12:46:14,474 [WARNING] ms-clip dropped SMILES CCCC[Sn](CCCC)(CCCC)c1ccc(CN2C(=O)C(=O)c3cc(S(=O)(=O)N4CCC[C@H]4COC)ccc32)cc1; emitting sentinel -1.0
2026-05-12 12:46:14,474 [WARNING] ms-clip dropped SMILES O=C([O-])[C@@H](/N=C(\c1ccccc1)c1ccccc1/N=C(\[O-])[C@@H]1CCCN1Cc1ccccc1)[C@@H]1c2ccccc2CCN1c1ccccc1.[Ni+3]; emitting sentinel -1.0
2026-05-12 12:46:14,474 [WARNING] ms-clip dropped SMILES C=C.C[Pb]SN1C=C1C#CCOc1ccc(C2CCCN2Cc2ccc(CC3=CCCC=C3)cc2)cc1; emitting sentinel -1.0
2026-05-12 12:46:14,474 [WARNING] ms-clip dropped SMILES O=C([O-])[C@@H](/N=C(\c1ccccc1)c1ccccc1/N=C(/[O-])[C@@H]1CCCN1Cc1ccccc1)[C@H]1c2ccccc2CCN1c1ccccc1.[Ni+2]; emitting sentinel -1.0
2026-05-12 12:46:14,474 [WARNING] ms-clip dropped SMILES Cl[Al](Cl)Cl.c1ccc(CCc2ccc(CCc3ccc(CCc4ccccc4)cc3)cc2)cc1.c1ccc(CCc2ccccc2)cc1; emitting sentinel -1.0
2026-05-12 12:46:14,474 [WARNING] ms-clip dropped SMILES CN1CN(C)CN(C)CN(C)C1.C[N-]CN(C)CN(C)C[N-]C.[Re].[Re]; emitting sentinel -1.0
2026-05-12 12:46:14,474 [WARNING] ms-clip dropped SMILES C/C(=N/N=C([S-])N(C)C)c1ncccc1CN1CCOCC1.C/C(=N\N=C([S-])N(C)C)c1ncccc1CN1CCOCC1.[Zn+2]; emitting sentinel -1.0
2026-05-12 12:46:30,322 [INFO] ms-clip: auto-picked GPU 7 (free 24092 MiB)
2026-05-12 12:46:30,322 [INFO] ms-clip: using CUDA_VISIBLE_DEVICES=7
2026-05-12 12:46:30,323 [INFO] ms-clip: launching predict_smi (n_candidates=256)
2026-05-12 12:46:41,708 [WARNING] ms-clip dropped SMILES [3H]c1ccc(CC(CN)C(=O)CC([C-]=O)CCC/N=C(\C)N)cc1.[Y]; emitting sentinel -1.0
2026-05-12 12:48:21,234 [WARNING] chat retry attempt 1/3 after APIConnectionError: Error communicating with OpenAI: HTTPSConnectionPool(host='api.viviai.cc', port=443): Max retries exceeded with url: /v1 — sleeping 11.2s (caller=msg_llm_reranker, trace=None)
2026-05-12 12:48:44,520 [INFO] spec 10/500  MassSpecGymID0034879  pool=256  pred=MFFMDFFZMYYVKS  correct=True  t=134.3s
2026-05-12 12:48:44,652 [INFO] ms-clip: auto-picked GPU 7 (free 24092 MiB)
2026-05-12 12:48:44,652 [INFO] ms-clip: using CUDA_VISIBLE_DEVICES=7
2026-05-12 12:48:44,652 [INFO] ms-clip: launching predict_smi (n_candidates=256)
2026-05-12 12:48:56,223 [WARNING] ms-clip dropped SMILES CCCC1=CC[N-]C=C1.CCCC1CC[N-]CC1.CCCC1CC[N-]CC1.CCCC1CC[N-]CC1.Cl[Ni]Cl; emitting sentinel -1.0
2026-05-12 12:50:41,395 [WARNING] chat retry attempt 1/3 after APIConnectionError: Error communicating with OpenAI: HTTPSConnectionPool(host='api.viviai.cc', port=443): Max retries exceeded with url: /v1 — sleeping 10.7s (caller=msg_llm_reranker, trace=None)
2026-05-12 12:52:00,422 [WARNING] llm_rerank attempt 1 parse error: no JSON object found
2026-05-12 12:52:05,428 [WARNING] chat retry attempt 1/3 after APIConnectionError: Error communicating with OpenAI: HTTPSConnectionPool(host='api.viviai.cc', port=443): Max retries exceeded with url: /v1 — sleeping 9.9s (caller=msg_llm_reranker, trace=None)
2026-05-12 12:54:06,335 [WARNING] chat retry attempt 2/3 after APIConnectionError: Error communicating with OpenAI: HTTPSConnectionPool(host='api.viviai.cc', port=443): Max retries exceeded with url: /v1 — sleeping 26.3s (caller=msg_llm_reranker, trace=None)
2026-05-12 12:56:52,954 [WARNING] chat retry attempt 3/3 after APIConnectionError: Error communicating with OpenAI: HTTPSConnectionPool(host='api.viviai.cc', port=443): Max retries exceeded with url: /v1 — sleeping 53.4s (caller=msg_llm_reranker, trace=None)
2026-05-12 12:58:07,512 [INFO] ms-clip: auto-picked GPU 7 (free 24092 MiB)
2026-05-12 12:58:07,512 [INFO] ms-clip: using CUDA_VISIBLE_DEVICES=7
2026-05-12 12:58:07,512 [INFO] ms-clip: launching predict_smi (n_candidates=256)
2026-05-12 12:58:48,096 [INFO] ms-clip: auto-picked GPU 7 (free 20364 MiB)
2026-05-12 12:58:48,096 [INFO] ms-clip: using CUDA_VISIBLE_DEVICES=7
2026-05-12 12:58:48,096 [INFO] ms-clip: launching predict_smi (n_candidates=256)
2026-05-12 12:58:59,361 [WARNING] ms-clip dropped SMILES CC1CC=CC1.[U]; emitting sentinel -1.0
2026-05-12 12:59:21,653 [INFO] ms-clip: auto-picked GPU 7 (free 24092 MiB)
2026-05-12 12:59:21,653 [INFO] ms-clip: using CUDA_VISIBLE_DEVICES=7
2026-05-12 12:59:21,654 [INFO] ms-clip: launching predict_smi (n_candidates=256)
2026-05-12 13:00:13,700 [WARNING] llm_rerank attempt 1 parse error: no JSON object found
2026-05-12 13:01:34,468 [INFO] ms-clip: auto-picked GPU 7 (free 24092 MiB)
2026-05-12 13:01:34,468 [INFO] ms-clip: using CUDA_VISIBLE_DEVICES=7
2026-05-12 13:01:34,468 [INFO] ms-clip: launching predict_smi (n_candidates=256)
2026-05-12 13:01:46,237 [WARNING] ms-clip dropped SMILES CC1=Cc2c(cc3c4c(cccc24)CC3)C1=[Ti]=C1C(C)=Cc2c1cc1c3c(cccc23)CC1.C[CH-]CCC(C)=[Si].[CH2-]CCC; emitting sentinel -1.0
2026-05-12 13:01:46,237 [WARNING] ms-clip dropped SMILES CC(C)(C)OC(=O)N/C(=B/OC#N)N1CCCCC1.O=[C-]NCC(=O)O.[Fm]; emitting sentinel -1.0
2026-05-12 13:01:55,873 [INFO] ms-clip: auto-picked GPU 7 (free 24092 MiB)
2026-05-12 13:01:55,873 [INFO] ms-clip: using CUDA_VISIBLE_DEVICES=7
2026-05-12 13:01:55,873 [INFO] ms-clip: launching predict_smi (n_candidates=256)
2026-05-12 13:02:07,672 [WARNING] ms-clip dropped SMILES CCCCC1CCC(C)C1.CCCCC1CCC(C)C1.Cl[Zr]Cl; emitting sentinel -1.0
2026-05-12 13:02:07,672 [WARNING] ms-clip dropped SMILES CC(C)CCCCCS[Sn](C)(C)SCCCCCC(C)C; emitting sentinel -1.0
2026-05-12 13:02:07,672 [WARNING] ms-clip dropped SMILES C=CC=C.C[c-]1[c-](C)[c-](C)[c-](C)[c-]1C.Cc1c(C)c(C)[c-](C)c1C.[Ni].[Ni]; emitting sentinel -1.0
2026-05-12 13:02:54,276 [INFO] ms-clip: auto-picked GPU 7 (free 24092 MiB)
2026-05-12 13:02:54,277 [INFO] ms-clip: using CUDA_VISIBLE_DEVICES=7
2026-05-12 13:02:54,277 [INFO] ms-clip: launching predict_smi (n_candidates=256)
2026-05-12 13:03:15,276 [INFO] ms-clip: auto-picked GPU 7 (free 24092 MiB)
2026-05-12 13:03:15,277 [INFO] ms-clip: using CUDA_VISIBLE_DEVICES=7
2026-05-12 13:03:15,277 [INFO] ms-clip: launching predict_smi (n_candidates=256)
2026-05-12 13:03:27,044 [WARNING] ms-clip dropped SMILES C1CCOC1.CC(C)(C)[Si](C)(C)C1CC(Cc2ccccc2)C2C=CC=CC21.[CH2-][Si](C)(C)C.[CH2-][Si](C)(C)C.[CH3-].[Sc+3]; emitting sentinel -1.0
2026-05-12 13:03:37,034 [INFO] ms-clip: auto-picked GPU 7 (free 24092 MiB)
2026-05-12 13:03:37,035 [INFO] ms-clip: using CUDA_VISIBLE_DEVICES=7
2026-05-12 13:03:37,035 [INFO] ms-clip: launching predict_smi (n_candidates=256)
2026-05-12 13:04:12,180 [INFO] ms-clip: auto-picked GPU 7 (free 24092 MiB)
2026-05-12 13:04:12,180 [INFO] ms-clip: using CUDA_VISIBLE_DEVICES=7
2026-05-12 13:04:12,180 [INFO] ms-clip: launching predict_smi (n_candidates=256)
2026-05-12 13:04:24,128 [WARNING] ms-clip dropped SMILES CCC1CC(O)C1CC(C)C.OO.OO.OO.OO.OO.OOO.[CH3-].[Db]; emitting sentinel -1.0
2026-05-12 13:04:41,696 [INFO] spec 20/500  MassSpecGymID0345113  pool=256  pred=SOBKPGZZCBRXBJ  correct=False  t=29.7s
2026-05-12 13:04:41,829 [INFO] ms-clip: auto-picked GPU 7 (free 24092 MiB)
2026-05-12 13:04:41,829 [INFO] ms-clip: using CUDA_VISIBLE_DEVICES=7
2026-05-12 13:04:41,829 [INFO] ms-clip: launching predict_smi (n_candidates=256)
2026-05-12 13:04:53,504 [WARNING] ms-clip dropped SMILES CC(C)=[Zr+2].CCCC[c-]1cccc1.CCCC[c-]1cccc1.[Cl-].[Cl-]; emitting sentinel -1.0
2026-05-12 13:04:53,504 [WARNING] ms-clip dropped SMILES CC1=[C-]C(C)(C)C(C)=C1C.CCC1=[C-]C(CC)C(C)=C1C.Cl[Zr+2]Cl; emitting sentinel -1.0
2026-05-12 13:05:06,970 [INFO] ms-clip: auto-picked GPU 7 (free 24092 MiB)
2026-05-12 13:05:06,970 [INFO] ms-clip: using CUDA_VISIBLE_DEVICES=7
2026-05-12 13:05:06,970 [INFO] ms-clip: launching predict_smi (n_candidates=108)
2026-05-12 13:05:18,304 [WARNING] ms-clip dropped SMILES CCCCCCCCCCCCCCCCCC(=O)NCCCCC(N)C(=O)[O-].CCCCCCCCCCCCCCCCCC(=O)NCCCCC(N)C(=O)[O-].[Ca+2]; emitting sentinel -1.0
2026-05-12 13:05:18,304 [WARNING] ms-clip dropped SMILES CCCCCCCCCCCCCCCCC/C([O-])=N/CCCC[C@H](N)C(=O)[O-].CCCCCCCCCCCCCCCCCC(=O)NCCCC[C@H](N)C(=O)O.[Ca+2]; emitting sentinel -1.0
2026-05-12 13:05:18,304 [WARNING] ms-clip dropped SMILES [Cu+2].[O-]c1c(Br)cc(Br)cc1/C=N/Cc1ccccc1Cl.[O-]c1c(Br)cc(Br)cc1/C=N/Cc1ccccc1Cl; emitting sentinel -1.0
2026-05-12 13:05:18,304 [WARNING] ms-clip dropped SMILES CCCCCCCCCCCCCCCCCC(=O)NCCCC[C@H](N)C(=O)[O-].CCCCCCCCCCCCCCCCCC(=O)NCCCC[C@H](N)C(=O)[O-].[Ca+2]; emitting sentinel -1.0
2026-05-12 13:05:27,912 [INFO] ms-clip: auto-picked GPU 7 (free 24092 MiB)
2026-05-12 13:05:27,912 [INFO] ms-clip: using CUDA_VISIBLE_DEVICES=7
2026-05-12 13:05:27,913 [INFO] ms-clip: launching predict_smi (n_candidates=256)
2026-05-12 13:05:39,512 [WARNING] ms-clip dropped SMILES Cc1cc(C)c(-c2ccc(CN(Cc3ccc(-c4c(C)cc(C)cc4C)[n-]3)Cc3ccc(-c4c(C)cc(C)cc4C)[n-]3)[n-]2)c(C)c1.[N-]=[N+]=O.[V+4]; emitting sentinel -1.0
2026-05-12 13:05:39,513 [WARNING] ms-clip dropped SMILES Cc1cc(C)c(-c2cccc([N-]CCCCC[N-]c3cccc(-c4c(C)cc(C)cc4C)n3)n2)c(C)c1.[CH3-].[CH3-].[Hf+4]; emitting sentinel -1.0
2026-05-12 13:05:39,513 [WARNING] ms-clip dropped SMILES CCCC[Sn](CCCC)(CCCC)[C@@H]1[C@@H](C#C[Si](C)(C)C)[C@@H]1COC(c1ccccc1)(c1ccccc1)c1ccccc1; emitting sentinel -1.0
2026-05-12 13:05:39,513 [WARNING] ms-clip dropped SMILES CCc1c2[n-]c(c1C)/C=C1\[N-]/C(=C3\c4[n-]c(c(C)c4C(=O)[C@@H]3C(=O)OC)/C=c3\[n-]/c(c(C=O)c3CC)=C\2)[C@@H](CCC(=O)OCCC(C)C)[C@@H]1C.[Mg+2]; emitting sentinel -1.0
2026-05-12 13:05:39,513 [WARNING] ms-clip dropped SMILES C=[Zr].CC1=[C-]C(C)(C)c2cc3c(cc21)-c1cc2c(cc1C3)C(C)(C)C=C2C.CC1=[C-]C(C)C=C1[Si](C)(C)C.[CH2-]C.[c-]1ccccc1; emitting sentinel -1.0
2026-05-12 13:05:39,513 [WARNING] ms-clip dropped SMILES CCCC[Sn](CCCC)(CCCC)Cc1ccc(C)cc1C[Sn](CCCC)(CCCC)CCCC; emitting sentinel -1.0
2026-05-12 13:05:39,513 [WARNING] ms-clip dropped SMILES CCCC[Sn](CCCC)(CCCC)Cc1cccc(C)c1C[Sn](CCCC)(CCCC)CCCC; emitting sentinel -1.0
2026-05-12 13:05:39,513 [WARNING] ms-clip dropped SMILES C=[Zr].CC1=[C-]C(C)(C)c2cc3c(cc21)-c1cc2c(cc1C3)C(C)(C)C=C2C.CC1=[C-]C(C)C=C1[Si](C)(C)C.Cc1cc[c-]cc1.[CH3-]; emitting sentinel -1.0
2026-05-12 13:05:39,514 [WARNING] ms-clip dropped SMILES CC.CC.[CH2-][N+]1=C(C=CC=CC=C2N(CC(C)=O)c3ccc4ccccc4c3C2(C)C)C(C)(C)c2ccccc21.[Y].[c-]1ccccc1; emitting sentinel -1.0
2026-05-12 13:05:59,660 [INFO] ms-clip: auto-picked GPU 7 (free 24092 MiB)
2026-05-12 13:05:59,660 [INFO] ms-clip: using CUDA_VISIBLE_DEVICES=7
2026-05-12 13:05:59,660 [INFO] ms-clip: launching predict_smi (n_candidates=256)
2026-05-12 13:06:11,107 [WARNING] ms-clip dropped SMILES CC1=C(C(C)O)c2cc3nc(cc4[n-]c(cc5[n-]c(cc1n2)c(C)c5CCC(=O)[O-])c(CCC(=O)[O-])c4C)C(C(C)O)=C3C.[H+].[Mn+3]; emitting sentinel -1.0
2026-05-12 13:06:11,108 [WARNING] ms-clip dropped SMILES O=C1NC=CC=CC(=[W])c2nccn2CCCCCCOc2ccc(-c3ccc(C4CC4)nc3)cc21; emitting sentinel -1.0
2026-05-12 13:06:11,108 [WARNING] ms-clip dropped SMILES CC#N.CC#N.[Cu+].c1ccc(P(c2ccccc2)c2ccccc2)cc1.c1ccc([C-](c2ccccc2)c2ccccc2)cc1; emitting sentinel -1.0
2026-05-12 13:06:11,108 [WARNING] ms-clip dropped SMILES Cc1[c]c(C(C)(C)C)cc(C(C)(C)C)c1.Cc1[c]c(C(C)(C)C)cc(C(C)(C)C)c1.[I-].[InH2+]; emitting sentinel -1.0
2026-05-12 13:06:11,108 [WARNING] ms-clip dropped SMILES CCCC[Si]1([C-]2CCC3CC=CC=C23)CCC1.CCCC[Si]1([C-]2CCC3CC=CC=C23)CCC1.[Cl-].[Cl-].[Zr+4]; emitting sentinel -1.0
2026-05-12 13:06:11,108 [WARNING] ms-clip dropped SMILES Cc1[c-]c2c(cc1C(C)(C)C)-c1cc(C(C)(C)C)c(C)cc1C2.[CH3-].[CH3-].[CH3-].[CH3-].[Cl-].[Cl-].[SiH2]=[Zr]=[SiH2].c1cc[cH-]c1; emitting sentinel -1.0
2026-05-12 13:06:11,108 [WARNING] ms-clip dropped SMILES C[C@@H](Cl)[C@@H]1CN(C(=O)c2cc3cc(OCC4CCN(C)CC4)ccc3[nH]2)c2cc(O)c3ccccc3c21.[CH2-]C.[CH3-].[Y]; emitting sentinel -1.0
2026-05-12 13:06:27,797 [WARNING] llm_rerank attempt 1 parse error: no JSON object found
2026-05-12 13:06:48,530 [INFO] ms-clip: auto-picked GPU 7 (free 20364 MiB)
2026-05-12 13:06:48,530 [INFO] ms-clip: using CUDA_VISIBLE_DEVICES=7
2026-05-12 13:06:48,530 [INFO] ms-clip: launching predict_smi (n_candidates=256)
2026-05-12 13:07:00,312 [WARNING] ms-clip dropped SMILES C1CCC2=NCCCN2CC1.Cc1ccc([Bi](Cl)(Cl)c2ccc(C)cc2)cc1; emitting sentinel -1.0
2026-05-12 13:07:00,312 [WARNING] ms-clip dropped SMILES CC(C)(C)N1[CH]N(CP(C(C)(C)C)C(C)(C)C)C=C1.[Cl-].[Cl-].[H][H].[Ru+2].[c]1ccccn1.[c]1ccccn1; emitting sentinel -1.0
2026-05-12 13:08:58,371 [WARNING] llm_rerank attempt 1 parse error: json decode failed: Expecting ',' delimiter: line 1 column 193 (char 192)
2026-05-12 13:10:04,507 [INFO] ms-clip: auto-picked GPU 7 (free 24092 MiB)
2026-05-12 13:10:04,508 [INFO] ms-clip: using CUDA_VISIBLE_DEVICES=7
2026-05-12 13:10:04,508 [INFO] ms-clip: launching predict_smi (n_candidates=256)
2026-05-12 13:10:16,028 [WARNING] ms-clip dropped SMILES [CH3-].[Cl-].[Cl-].[H][C-]=C(C)C.[Ti+4].[c-]1ccc[nH]1.c1ccc2[cH-]ccc2c1; emitting sentinel -1.0
2026-05-12 13:10:16,028 [WARNING] ms-clip dropped SMILES C=C(C)C(=O)OCCO[Po]OC; emitting sentinel -1.0
2026-05-12 13:10:16,028 [WARNING] ms-clip dropped SMILES [Cu+2].c1ccc(CC[SH+]CC[SH+]CCc2ccccn2)nc1; emitting sentinel -1.0
2026-05-12 13:10:16,028 [WARNING] ms-clip dropped SMILES C[Si](C)(C)O/C(=C\[Ge](C)(C)C)[P+](=O)O[Si](C)(C)C; emitting sentinel -1.0
2026-05-12 13:10:37,273 [INFO] ms-clip: auto-picked GPU 7 (free 24092 MiB)
2026-05-12 13:10:37,273 [INFO] ms-clip: using CUDA_VISIBLE_DEVICES=7
2026-05-12 13:10:37,274 [INFO] ms-clip: launching predict_smi (n_candidates=256)
2026-05-12 13:10:48,970 [WARNING] ms-clip dropped SMILES CC[N-]C.CC[N-]C.CC[N-]C.F[GeH2][c-]1cccc1.[Zr+4]; emitting sentinel -1.0
2026-05-12 13:10:58,866 [INFO] ms-clip: auto-picked GPU 7 (free 17392 MiB)
2026-05-12 13:10:58,866 [INFO] ms-clip: using CUDA_VISIBLE_DEVICES=7
2026-05-12 13:10:58,866 [INFO] ms-clip: launching predict_smi (n_candidates=256)
2026-05-12 13:11:26,740 [INFO] ms-clip: auto-picked GPU 7 (free 24092 MiB)
2026-05-12 13:11:26,740 [INFO] ms-clip: using CUDA_VISIBLE_DEVICES=7
2026-05-12 13:11:26,740 [INFO] ms-clip: launching predict_smi (n_candidates=256)
2026-05-12 13:11:45,108 [INFO] ms-clip: auto-picked GPU 7 (free 24092 MiB)
2026-05-12 13:11:45,108 [INFO] ms-clip: using CUDA_VISIBLE_DEVICES=7
2026-05-12 13:11:45,108 [INFO] ms-clip: launching predict_smi (n_candidates=256)
2026-05-12 13:13:01,782 [INFO] spec 30/500  MassSpecGymID0091919  pool=256  pred=RQZASZKMGLDNEH  correct=False  t=76.8s
2026-05-12 13:13:01,921 [INFO] ms-clip: auto-picked GPU 7 (free 24092 MiB)
2026-05-12 13:13:01,921 [INFO] ms-clip: using CUDA_VISIBLE_DEVICES=7
2026-05-12 13:13:01,921 [INFO] ms-clip: launching predict_smi (n_candidates=256)
2026-05-12 13:13:12,978 [WARNING] ms-clip dropped SMILES CC(C)O.CC(C)O.CC(C)O.Cc1cc[c-]cc1.[Zr]; emitting sentinel -1.0
2026-05-12 13:13:12,978 [WARNING] ms-clip dropped SMILES C.C.C.C=C(C)/[C]=C/B1OC(C)(C)C(C)(C)O1.[Sn]; emitting sentinel -1.0
2026-05-12 13:15:28,585 [INFO] ms-clip: auto-picked GPU 7 (free 24092 MiB)
2026-05-12 13:15:28,586 [INFO] ms-clip: using CUDA_VISIBLE_DEVICES=7
2026-05-12 13:15:28,586 [INFO] ms-clip: launching predict_smi (n_candidates=256)
2026-05-12 13:15:40,799 [WARNING] ms-clip dropped SMILES CN(C)C1=CC2=C3C=C(N(C)C)C=CN3CCCN2C=C1.CN1c2ccccc2N(C)C12CCCCC21N(C)c2ccccc2N1C.[Li+].[O-]c1cccc2ccc[nH+]c12; emitting sentinel -1.0
2026-05-12 13:15:40,799 [WARNING] ms-clip dropped SMILES CCCCCCCCCCCCCCCCCCCC#CC(=O)[O-].CCCCCCCCCCCCCCCCCCCC#CC(=O)[O-].[Cd+2]; emitting sentinel -1.0
2026-05-12 13:15:52,012 [INFO] ms-clip: auto-picked GPU 7 (free 24092 MiB)
2026-05-12 13:15:52,013 [INFO] ms-clip: using CUDA_VISIBLE_DEVICES=7
2026-05-12 13:15:52,013 [INFO] ms-clip: launching predict_smi (n_candidates=256)
2026-05-12 13:17:53,745 [WARNING] chat retry attempt 1/3 after APIConnectionError: Error communicating with OpenAI: HTTPSConnectionPool(host='api.viviai.cc', port=443): Max retries exceeded with url: /v1 — sleeping 11.7s (caller=msg_llm_reranker, trace=None)
2026-05-12 13:18:19,805 [INFO] ms-clip: auto-picked GPU 7 (free 24092 MiB)
2026-05-12 13:18:19,806 [INFO] ms-clip: using CUDA_VISIBLE_DEVICES=7
2026-05-12 13:18:19,806 [INFO] ms-clip: launching predict_smi (n_candidates=256)
2026-05-12 13:18:31,564 [WARNING] ms-clip dropped SMILES CCC1c2cc3[n-]c4c(c3C)C(=O)[C@H](C(=O)OC)c4c3nc(cc4[n-]c(cc(n2)C1C)c(C(C)O)c4C)[C@@H](C)[C@@H]3CCC(=O)O.[Mg+2]; emitting sentinel -1.0
2026-05-12 13:18:31,565 [WARNING] ms-clip dropped SMILES [CH2]C1(C#N)C=C2CN(S(=O)(=O)c3ccc(C)cc3)CC2C(C)(C)C1.[CH2]CCC.[CH2]CCC.[CH2]CCC.[Sn]; emitting sentinel -1.0
2026-05-12 13:18:31,565 [WARNING] ms-clip dropped SMILES C=C(C#N)CC(C)(C)C1CN(S(=O)(=O)c2ccc(C)cc2)C/C1=C\[Sn](CCCC)(CCCC)CCCC; emitting sentinel -1.0
2026-05-12 13:18:31,565 [WARNING] ms-clip dropped SMILES [CH2-]C1CC2C(=O)NC(B3OC4CC5CC(C5(C)C)C4(C)O3)CCCCC(NC(=O)OC(C)(C)C)C(=O)N2C1.[CH3-].[Y]; emitting sentinel -1.0
2026-05-12 13:18:31,565 [WARNING] ms-clip dropped SMILES CC[C@H]1/C2=C/c3[n-]c4c(c3C)C(=O)[C@H](C(=O)OC)/C4=C3/[N-]/C(=C\c4[n-]c(c(C(C)O)c4C)/C=C(\[N-]2)[C@@H]1C)[C@@H](C)[C@@H]3CCC(=O)O.[Mg+2]; emitting sentinel -1.0
2026-05-12 13:18:31,565 [WARNING] ms-clip dropped SMILES CCCCOP(=O)(O)CCCC.CCCCOP(=O)(O)CCCC.CCCCOP(=O)(O)CCCC.[Cr]; emitting sentinel -1.0
2026-05-12 13:19:20,453 [INFO] ms-clip: auto-picked GPU 7 (free 20808 MiB)
2026-05-12 13:19:20,454 [INFO] ms-clip: using CUDA_VISIBLE_DEVICES=7
2026-05-12 13:19:20,454 [INFO] ms-clip: launching predict_smi (n_candidates=256)
2026-05-12 13:19:32,471 [WARNING] ms-clip dropped SMILES C=C(C)C.C=C(C)O.CCCCC(CC)Cn1c(O)c(C#N)c(C)c(N)c1=O.Nc1ccc(SN(CCO)CCOC=O)cc1.[W]; emitting sentinel -1.0
2026-05-12 13:19:32,472 [WARNING] ms-clip dropped SMILES [Ni+2].[Ni+2].[Ni+2].[Ni+2].[Ni+2].[Ni+2].[Ni+2].[Ni+2].[O-][Si]([O-])([O-])[O-].[O-][Si]([O-])([O-])[O-].[O-][Si]([O-])([O-])[O-].[O-][Si]([O-])([O-])[O-]; emitting sentinel -1.0
2026-05-12 13:19:32,472 [WARNING] ms-clip dropped SMILES O=C(O)CN1CCN(CC(=O)O)CCN(CC(=O)O)CCN(CC(=O)O)CCN(CC(=O)O)CCN(CC(=O)O)CC1.[225Ac]; emitting sentinel -1.0
2026-05-12 13:19:43,098 [INFO] ms-clip: auto-picked GPU 7 (free 24092 MiB)
2026-05-12 13:19:43,098 [INFO] ms-clip: using CUDA_VISIBLE_DEVICES=7
2026-05-12 13:19:43,098 [INFO] ms-clip: launching predict_smi (n_candidates=256)
2026-05-12 13:20:38,206 [WARNING] llm_rerank attempt 1 parse error: no JSON object found
2026-05-12 13:21:48,786 [WARNING] llm_rerank attempt 2 parse error: json decode failed: Expecting ',' delimiter: line 1 column 1699 (char 1698)
2026-05-12 13:21:48,922 [INFO] ms-clip: auto-picked GPU 7 (free 24092 MiB)
2026-05-12 13:21:48,923 [INFO] ms-clip: using CUDA_VISIBLE_DEVICES=7
2026-05-12 13:21:48,923 [INFO] ms-clip: launching predict_smi (n_candidates=226)
2026-05-12 13:22:00,694 [WARNING] ms-clip dropped SMILES CP(C)(=O)C1CC[C@H](CBr)O1.OC1CC[C@H](CBr)C1.[Ac]; emitting sentinel -1.0
2026-05-12 13:22:00,694 [WARNING] ms-clip dropped SMILES [Cr+3].[O-]c1ccc(Cl)cc1/N=N/c1c(O)ccc2ccccc12.[O-]c1ccc(Cl)cc1/N=N/c1c([O-])ccc2ccccc12; emitting sentinel -1.0
2026-05-12 13:22:00,694 [WARNING] ms-clip dropped SMILES O=C([O-])c1ccccc1[N+](=O)[O-].O=C([O-])c1ccccc1[N+](=O)[O-].[Cd+2].[OH3+].c1cnc2c(c1)ccc1cccnc12; emitting sentinel -1.0
2026-05-12 13:22:00,695 [WARNING] ms-clip dropped SMILES CC(C)(C[Sn](Cl)(CC(C)(C)c1ccccc1)c1cccc(C(F)(F)F)c1)c1ccccc1.[Br-]; emitting sentinel -1.0
2026-05-12 13:22:00,695 [WARNING] ms-clip dropped SMILES [Cl-].[Cl-].[Cl-].[NH2-].[Os+4].c1ccc(-c2ccnc3c2ccc2c(-c4ccccc4)ccnc23)cc1; emitting sentinel -1.0
2026-05-12 13:22:00,695 [WARNING] ms-clip dropped SMILES [CH2-]c1cc(N(C)C)c2c(c1[CH2-])C(O)=C1C(=O)C3(O)C(O)=C(C(N)=O)C(=O)C(N(C)C)[C@@H]3CC1C2.[Y].[Y]; emitting sentinel -1.0
2026-05-12 13:22:00,695 [WARNING] ms-clip dropped SMILES C#C.C=CC(=O)N1Cc2cc(Cl)sc2C1.CCn1cc(-c2ccccc2F)c(C(F)(F)F)n1.[CH3-].[Cs+]; emitting sentinel -1.0
2026-05-12 13:22:00,695 [WARNING] ms-clip dropped SMILES O=C(Cc1ccccc1Nc1c(Cl)cccc1Cl)O[Sn](c1ccccc1)(c1ccccc1)c1ccccc1; emitting sentinel -1.0
2026-05-12 13:22:00,695 [WARNING] ms-clip dropped SMILES [Cr+3].[H+].[O-]c1ccc(Cl)cc1/N=N/c1c([O-])ccc2ccccc12.[O-]c1ccc(Cl)cc1/N=N/c1c([O-])ccc2ccccc12; emitting sentinel -1.0
2026-05-12 13:24:22,575 [WARNING] chat retry attempt 1/3 after APIConnectionError: Error communicating with OpenAI: HTTPSConnectionPool(host='api.viviai.cc', port=443): Max retries exceeded with url: /v1 — sleeping 9.1s (caller=msg_llm_reranker, trace=None)
2026-05-12 13:24:39,872 [INFO] ms-clip: auto-picked GPU 7 (free 24092 MiB)
2026-05-12 13:24:39,872 [INFO] ms-clip: using CUDA_VISIBLE_DEVICES=7
2026-05-12 13:24:39,873 [INFO] ms-clip: launching predict_smi (n_candidates=256)
2026-05-12 13:24:52,176 [WARNING] ms-clip dropped SMILES CCc1c2[n-]c(c1CC)[C+](c1ccccc1)c1ccc([n-]1)[C+](c1ccccc1)c1ccc([n-]1)[C+](c1ccccc1)c1ccc([n-]1)[C+]2c1ccccc1.Cc1cccnc1.[Zn]; emitting sentinel -1.0
2026-05-12 13:24:52,177 [WARNING] ms-clip dropped SMILES CC.O=[C-]NCC(=O)N(c1ccc(NC=O)cc1)c1ncc([N+](=O)[O-])c(Nc2ccccc2C(=O)c2ccccc2)n1.[Fm]; emitting sentinel -1.0
2026-05-12 13:25:09,275 [WARNING] llm_rerank attempt 1 parse error: no JSON object found
2026-05-12 13:25:39,904 [INFO] ms-clip: auto-picked GPU 7 (free 24092 MiB)
2026-05-12 13:25:39,904 [INFO] ms-clip: using CUDA_VISIBLE_DEVICES=7
2026-05-12 13:25:39,904 [INFO] ms-clip: launching predict_smi (n_candidates=256)
2026-05-12 13:25:51,455 [WARNING] ms-clip dropped SMILES CCCC[Sn]CCCC.CCCOC(=O)/C=C\C(=O)O.CCCOC(=O)/C=C\C(=O)O; emitting sentinel -1.0
2026-05-12 13:25:51,456 [WARNING] ms-clip dropped SMILES CC(C)(C)[N-]CCNC(C)(C)C.CC(C)(C)[N-]CCNC(C)(C)C.Cl[Ga].Cl[Ga]; emitting sentinel -1.0
2026-05-12 13:26:00,936 [INFO] ms-clip: auto-picked GPU 7 (free 24092 MiB)
2026-05-12 13:26:00,936 [INFO] ms-clip: using CUDA_VISIBLE_DEVICES=7
2026-05-12 13:26:00,936 [INFO] ms-clip: launching predict_smi (n_candidates=256)
2026-05-12 13:26:12,525 [WARNING] ms-clip dropped SMILES CN(C)C1=CC2=C3C=C(N(C)C)C=CN3CCCN2C=C1.CN1c2ccccc2N(C)C12CCCCC21N(C)c2ccccc2N1C.[Li+].[O-]c1cccc2ccc[nH+]c12; emitting sentinel -1.0
2026-05-12 13:26:12,526 [WARNING] ms-clip dropped SMILES CCCCCCCCCCCCCCCCCCCC#CC(=O)[O-].CCCCCCCCCCCCCCCCCCCC#CC(=O)[O-].[Cd+2]; emitting sentinel -1.0
2026-05-12 13:26:22,260 [WARNING] llm_rerank attempt 1 parse error: no JSON object found
2026-05-12 13:26:32,614 [INFO] spec 40/500  MassSpecGymID0258453  pool=256  pred=QOVKKEKBURQILF  correct=True  t=31.8s
2026-05-12 13:26:32,757 [INFO] ms-clip: auto-picked GPU 7 (free 24092 MiB)
2026-05-12 13:26:32,757 [INFO] ms-clip: using CUDA_VISIBLE_DEVICES=7
2026-05-12 13:26:32,757 [INFO] ms-clip: launching predict_smi (n_candidates=256)
2026-05-12 13:26:44,032 [WARNING] ms-clip dropped SMILES CCc1[cH-]ccc1C.CCc1[cH-]ccc1C.C[Si](C)=[Ti](Cl)Cl; emitting sentinel -1.0
2026-05-12 13:26:44,032 [WARNING] ms-clip dropped SMILES CC1=NC2[CH-]CCC2C(C)=C1C(=O)NN.[W]; emitting sentinel -1.0
2026-05-12 13:26:44,033 [WARNING] ms-clip dropped SMILES C=C[Bi](c1ccccc1)c1ccccc1; emitting sentinel -1.0
2026-05-12 13:27:13,107 [INFO] ms-clip: auto-picked GPU 7 (free 20888 MiB)
2026-05-12 13:27:13,107 [INFO] ms-clip: using CUDA_VISIBLE_DEVICES=7
2026-05-12 13:27:13,107 [INFO] ms-clip: launching predict_smi (n_candidates=256)
2026-05-12 13:27:25,326 [WARNING] ms-clip dropped SMILES Cc1cc(C(C)(C)C)cc(C)c1C(=O)Pc1ccc(-c2ccccc2)cc1.[Li]; emitting sentinel -1.0
2026-05-12 13:27:54,954 [INFO] ms-clip: auto-picked GPU 7 (free 24092 MiB)
2026-05-12 13:27:54,955 [INFO] ms-clip: using CUDA_VISIBLE_DEVICES=7
2026-05-12 13:27:54,955 [INFO] ms-clip: launching predict_smi (n_candidates=256)
2026-05-12 13:28:15,388 [INFO] ms-clip: auto-picked GPU 7 (free 24092 MiB)
2026-05-12 13:28:15,389 [INFO] ms-clip: using CUDA_VISIBLE_DEVICES=7
2026-05-12 13:28:15,389 [INFO] ms-clip: launching predict_smi (n_candidates=256)
2026-05-12 13:28:26,843 [WARNING] ms-clip dropped SMILES CCCCC[Sn](C)C(=O)CC(=O)C(CCCC)(CCCC)CCCC; emitting sentinel -1.0
2026-05-12 13:28:38,138 [INFO] ms-clip: auto-picked GPU 7 (free 24092 MiB)
2026-05-12 13:28:38,138 [INFO] ms-clip: using CUDA_VISIBLE_DEVICES=7
2026-05-12 13:28:38,138 [INFO] ms-clip: launching predict_smi (n_candidates=256)
2026-05-12 13:30:34,612 [WARNING] chat retry attempt 1/3 after APIConnectionError: Error communicating with OpenAI: HTTPSConnectionPool(host='api.viviai.cc', port=443): Max retries exceeded with url: /v1 — sleeping 11.2s (caller=msg_llm_reranker, trace=None)
2026-05-12 13:32:39,981 [WARNING] chat retry attempt 2/3 after APIConnectionError: Error communicating with OpenAI: HTTPSConnectionPool(host='api.viviai.cc', port=443): Max retries exceeded with url: /v1 — sleeping 26.6s (caller=msg_llm_reranker, trace=None)
2026-05-12 13:35:09,073 [WARNING] chat retry attempt 3/3 after APIConnectionError: Error communicating with OpenAI: HTTPSConnectionPool(host='api.viviai.cc', port=443): Max retries exceeded with url: /v1 — sleeping 69.7s (caller=msg_llm_reranker, trace=None)
2026-05-12 13:36:38,730 [INFO] ms-clip: auto-picked GPU 7 (free 24092 MiB)
2026-05-12 13:36:38,730 [INFO] ms-clip: using CUDA_VISIBLE_DEVICES=7
2026-05-12 13:36:38,730 [INFO] ms-clip: launching predict_smi (n_candidates=256)
2026-05-12 13:37:38,467 [WARNING] llm_rerank attempt 1 parse error: no JSON object found
2026-05-12 13:38:12,341 [INFO] ms-clip: auto-picked GPU 7 (free 24092 MiB)
2026-05-12 13:38:12,341 [INFO] ms-clip: using CUDA_VISIBLE_DEVICES=7
2026-05-12 13:38:12,341 [INFO] ms-clip: launching predict_smi (n_candidates=256)
2026-05-12 13:38:28,869 [WARNING] chat retry attempt 1/3 after APIConnectionError: Error communicating with OpenAI: HTTPSConnectionPool(host='api.viviai.cc', port=443): Max retries exceeded with url: /v1 — sleeping 11.5s (caller=msg_llm_reranker, trace=None)
2026-05-12 13:39:08,658 [WARNING] llm_rerank attempt 1 parse error: no JSON object found
2026-05-12 13:39:32,446 [WARNING] llm_rerank attempt 2 parse error: no JSON object found
2026-05-12 13:39:32,581 [INFO] ms-clip: auto-picked GPU 7 (free 24092 MiB)
2026-05-12 13:39:32,582 [INFO] ms-clip: using CUDA_VISIBLE_DEVICES=7
2026-05-12 13:39:32,582 [INFO] ms-clip: launching predict_smi (n_candidates=256)
2026-05-12 13:41:41,083 [WARNING] chat retry attempt 1/3 after APIConnectionError: Error communicating with OpenAI: HTTPSConnectionPool(host='api.viviai.cc', port=443): Max retries exceeded with url: /v1 — sleeping 8.8s (caller=msg_llm_reranker, trace=None)
2026-05-12 13:41:54,865 [WARNING] chat retry attempt 2/3 after APIConnectionError: Error communicating with OpenAI: HTTPSConnectionPool(host='api.viviai.cc', port=443): Max retries exceeded with url: /v1 — sleeping 33.6s (caller=msg_llm_reranker, trace=None)
2026-05-12 13:42:33,514 [WARNING] chat retry attempt 3/3 after APIConnectionError: Error communicating with OpenAI: HTTPSConnectionPool(host='api.viviai.cc', port=443): Max retries exceeded with url: /v1 — sleeping 62.3s (caller=msg_llm_reranker, trace=None)
2026-05-12 13:43:44,587 [INFO] ms-clip: auto-picked GPU 7 (free 20808 MiB)
2026-05-12 13:43:44,587 [INFO] ms-clip: using CUDA_VISIBLE_DEVICES=7
2026-05-12 13:43:44,588 [INFO] ms-clip: launching predict_smi (n_candidates=256)
2026-05-12 13:44:45,374 [INFO] ms-clip: auto-picked GPU 7 (free 24092 MiB)
2026-05-12 13:44:45,374 [INFO] ms-clip: using CUDA_VISIBLE_DEVICES=7
2026-05-12 13:44:45,374 [INFO] ms-clip: launching predict_smi (n_candidates=256)
2026-05-12 13:44:57,086 [WARNING] ms-clip dropped SMILES C=CC1(O[Si](C)(C)C)C(=O)c2ccccc21.[C-]#[O+].[C-]#[O+].[C-]#[O+].[Cr+6]; emitting sentinel -1.0
2026-05-12 13:44:57,087 [WARNING] ms-clip dropped SMILES Oc1ccccc1[Sb](c1ccccc1)c1ccccc1; emitting sentinel -1.0
2026-05-12 13:44:57,087 [WARNING] ms-clip dropped SMILES CC/C=C/[Sn+](CCCC)CCCC.[Br-]; emitting sentinel -1.0
2026-05-12 13:44:57,087 [WARNING] ms-clip dropped SMILES [CH2-]CCN([CH2-])C1=NS(=O)(=O)c2cc(C)c(C)cc2N1.[Y]; emitting sentinel -1.0
2026-05-12 13:44:57,087 [WARNING] ms-clip dropped SMILES C1C[N-]CC[N-]CCC[N-]CC[N-]C1.Cl[Ru]Cl; emitting sentinel -1.0
2026-05-12 13:45:26,480 [INFO] spec 50/500  MassSpecGymID0210737  pool=256  pred=BURFVHLJIGXODD  correct=True  t=41.2s
2026-05-12 13:45:26,616 [INFO] ms-clip: auto-picked GPU 7 (free 24092 MiB)
2026-05-12 13:45:26,616 [INFO] ms-clip: using CUDA_VISIBLE_DEVICES=7
2026-05-12 13:45:26,616 [INFO] ms-clip: launching predict_smi (n_candidates=256)
2026-05-12 13:45:38,023 [WARNING] ms-clip dropped SMILES C=CCCCCC(O)(O)C(=O)[O-].C=CCCCCC(O)(O)C(=O)[O-].[Zn+2]; emitting sentinel -1.0
2026-05-12 13:47:43,055 [WARNING] chat retry attempt 1/3 after APIConnectionError: Error communicating with OpenAI: HTTPSConnectionPool(host='api.viviai.cc', port=443): Max retries exceeded with url: /v1 — sleeping 10.5s (caller=msg_llm_reranker, trace=None)
2026-05-12 13:48:15,025 [INFO] ms-clip: auto-picked GPU 7 (free 24092 MiB)
2026-05-12 13:48:15,025 [INFO] ms-clip: using CUDA_VISIBLE_DEVICES=7
2026-05-12 13:48:15,025 [INFO] ms-clip: launching predict_smi (n_candidates=256)
2026-05-12 13:48:26,338 [WARNING] ms-clip dropped SMILES CN(C)C1=CC2=C3C=C(N(C)C)C=CN3CCCN2C=C1.CN1c2ccccc2N(C)C12CCCCC21N(C)c2ccccc2N1C.[Li+].[O-]c1cccc2ccc[nH+]c12; emitting sentinel -1.0
2026-05-12 13:48:26,338 [WARNING] ms-clip dropped SMILES CCCCCCCCCCCCCCCCCCCC#CC(=O)[O-].CCCCCCCCCCCCCCCCCCCC#CC(=O)[O-].[Cd+2]; emitting sentinel -1.0
2026-05-12 13:49:12,206 [INFO] ms-clip: auto-picked GPU 7 (free 24092 MiB)
2026-05-12 13:49:12,207 [INFO] ms-clip: using CUDA_VISIBLE_DEVICES=7
2026-05-12 13:49:12,207 [INFO] ms-clip: launching predict_smi (n_candidates=256)
2026-05-12 13:49:23,805 [WARNING] ms-clip dropped SMILES [CH3-].[Cl-].[Cl-].[H][C-]=C(C)C.[Ti+4].[c-]1ccc[nH]1.c1ccc2[cH-]ccc2c1; emitting sentinel -1.0
2026-05-12 13:49:23,805 [WARNING] ms-clip dropped SMILES C=C(C)C(=O)OCCO[Po]OC; emitting sentinel -1.0
2026-05-12 13:49:23,805 [WARNING] ms-clip dropped SMILES [Cu+2].c1ccc(CC[SH+]CC[SH+]CCc2ccccn2)nc1; emitting sentinel -1.0
2026-05-12 13:49:23,805 [WARNING] ms-clip dropped SMILES C[Si](C)(C)O/C(=C\[Ge](C)(C)C)[P+](=O)O[Si](C)(C)C; emitting sentinel -1.0
2026-05-12 13:50:48,655 [INFO] ms-clip: auto-picked GPU 7 (free 24092 MiB)
2026-05-12 13:50:48,655 [INFO] ms-clip: using CUDA_VISIBLE_DEVICES=7
2026-05-12 13:50:48,656 [INFO] ms-clip: launching predict_smi (n_candidates=256)
2026-05-12 13:50:59,998 [WARNING] ms-clip dropped SMILES CC(C)(C)c1cccc(C(C)(C)C)c1O.C[C]1C(C)=C(C)C(C)=C1C.C[Si](C)(C)[CH-][Si](C)(C)C.[Y]; emitting sentinel -1.0
2026-05-12 13:50:59,998 [WARNING] ms-clip dropped SMILES CCCC[Sn](CCCC)(CCCC)c1c(CO[Si](C)(C)C(C)(C)C)nnn1C[Si](C)(C)C; emitting sentinel -1.0
2026-05-12 13:51:21,633 [INFO] ms-clip: auto-picked GPU 7 (free 24092 MiB)
2026-05-12 13:51:21,633 [INFO] ms-clip: using CUDA_VISIBLE_DEVICES=7
2026-05-12 13:51:21,633 [INFO] ms-clip: launching predict_smi (n_candidates=256)
2026-05-12 13:52:27,183 [INFO] ms-clip: auto-picked GPU 7 (free 24092 MiB)
2026-05-12 13:52:27,184 [INFO] ms-clip: using CUDA_VISIBLE_DEVICES=7
2026-05-12 13:52:27,184 [INFO] ms-clip: launching predict_smi (n_candidates=256)
2026-05-12 13:53:15,263 [INFO] ms-clip: auto-picked GPU 7 (free 24092 MiB)
2026-05-12 13:53:15,263 [INFO] ms-clip: using CUDA_VISIBLE_DEVICES=7
2026-05-12 13:53:15,263 [INFO] ms-clip: launching predict_smi (n_candidates=256)
2026-05-12 13:53:26,597 [WARNING] ms-clip dropped SMILES C[C]1[C](C)[C](C)[C](C)[C]1C.C[C]1[C](C)[C](C)[C](C)[C]1C.C[Si](C)(C)C#C[Si](C)(C)C.[Ti+2]; emitting sentinel -1.0
2026-05-12 13:53:41,877 [INFO] ms-clip: auto-picked GPU 7 (free 24092 MiB)
2026-05-12 13:53:41,878 [INFO] ms-clip: using CUDA_VISIBLE_DEVICES=7
2026-05-12 13:53:41,878 [INFO] ms-clip: launching predict_smi (n_candidates=256)
2026-05-12 13:53:53,465 [WARNING] ms-clip dropped SMILES CC(C)(C)c1cc([O-])c([O-])c(C(C)(C)C)c1.Cc1[c]c(C)cc(C)c1.[Sb]; emitting sentinel -1.0
2026-05-12 13:55:19,396 [WARNING] llm_rerank attempt 1 parse error: no JSON object found
2026-05-12 13:56:25,316 [INFO] ms-clip: auto-picked GPU 7 (free 24092 MiB)
2026-05-12 13:56:25,316 [INFO] ms-clip: using CUDA_VISIBLE_DEVICES=7
2026-05-12 13:56:25,316 [INFO] ms-clip: launching predict_smi (n_candidates=256)
2026-05-12 13:57:44,806 [WARNING] llm_rerank attempt 1 parse error: no JSON object found
2026-05-12 13:58:09,253 [INFO] ms-clip: auto-picked GPU 7 (free 24092 MiB)
2026-05-12 13:58:09,254 [INFO] ms-clip: using CUDA_VISIBLE_DEVICES=7
2026-05-12 13:58:09,254 [INFO] ms-clip: launching predict_smi (n_candidates=256)
2026-05-12 13:58:52,556 [INFO] spec 60/500  MassSpecGymID0217950  pool=256  pred=PZQSHWWGHCZYDF  correct=False  t=43.4s
2026-05-12 13:58:52,705 [INFO] ms-clip: auto-picked GPU 7 (free 24092 MiB)
2026-05-12 13:58:52,705 [INFO] ms-clip: using CUDA_VISIBLE_DEVICES=7
2026-05-12 13:58:52,705 [INFO] ms-clip: launching predict_smi (n_candidates=256)
2026-05-12 13:59:04,289 [WARNING] ms-clip dropped SMILES C1CCOC1.CC[BH-](CC)CC.Cc1cc(C(C)(C)C)nn1[BH-](n1nc(C(C)(C)C)cc1C)n1nc(C(C)(C)C)cc1C.[Tm]; emitting sentinel -1.0
2026-05-12 13:59:04,289 [WARNING] ms-clip dropped SMILES CCCC[N+](CCCC)(CCCC)CCCC.[Li].c1ccc2c(c1)-c1nc-2nc2[nH]c(nc3nc(nc4[nH]c(n1)c1ccccc41)-c1ccccc1-3)c1ccccc21; emitting sentinel -1.0
2026-05-12 13:59:04,289 [WARNING] ms-clip dropped SMILES CC(C)CCO.CCOCCCC(C)C.[B]C(C)=O.[B]n1ncc(CC(NC(=O)C(N)CSC2CC(=O)N(CCNC=O)C2=O)C(=O)C(C)C(C)C)n1; emitting sentinel -1.0
2026-05-12 13:59:04,290 [WARNING] ms-clip dropped SMILES CC(C)Cc1cc(/C=N/C2CCCCC2C)c(O)c(C(C)(C)C)c1.CC1CCCCC1/N=C/c1cc(C(C)(C)C)cc(C(C)(C)C)c1O.[CH3-].[Zr]; emitting sentinel -1.0
2026-05-12 13:59:04,290 [WARNING] ms-clip dropped SMILES C[CH-]COC1CCCCC1.[Y].[Y].[Y].[Y].[Y].[Y].[Y]; emitting sentinel -1.0
2026-05-12 13:59:50,842 [INFO] ms-clip: auto-picked GPU 7 (free 24092 MiB)
2026-05-12 13:59:50,842 [INFO] ms-clip: using CUDA_VISIBLE_DEVICES=7
2026-05-12 13:59:50,842 [INFO] ms-clip: launching predict_smi (n_candidates=190)
2026-05-12 14:00:02,625 [WARNING] ms-clip dropped SMILES CCCCCCCCCCCCCCCCCCCCCC(=O)O.CCCCCCCCCCCCCCCCCCCCCC(=O)O.[Ca]; emitting sentinel -1.0
2026-05-12 14:00:13,339 [INFO] ms-clip: auto-picked GPU 7 (free 24092 MiB)
2026-05-12 14:00:13,339 [INFO] ms-clip: using CUDA_VISIBLE_DEVICES=7
2026-05-12 14:00:13,339 [INFO] ms-clip: launching predict_smi (n_candidates=256)
2026-05-12 14:00:24,645 [WARNING] ms-clip dropped SMILES C.CC(C)(C)[PH+](C1CCCCC1)C(C)(C)C.CCC.Cl[Pd+].[CH3-]; emitting sentinel -1.0
2026-05-12 14:00:56,490 [INFO] ms-clip: auto-picked GPU 7 (free 24092 MiB)
2026-05-12 14:00:56,491 [INFO] ms-clip: using CUDA_VISIBLE_DEVICES=7
2026-05-12 14:00:56,491 [INFO] ms-clip: launching predict_smi (n_candidates=256)
2026-05-12 14:01:32,644 [INFO] ms-clip: auto-picked GPU 7 (free 24092 MiB)
2026-05-12 14:01:32,645 [INFO] ms-clip: using CUDA_VISIBLE_DEVICES=7
2026-05-12 14:01:32,645 [INFO] ms-clip: launching predict_smi (n_candidates=256)
2026-05-12 14:02:20,224 [INFO] ms-clip: auto-picked GPU 7 (free 24092 MiB)
2026-05-12 14:02:20,224 [INFO] ms-clip: using CUDA_VISIBLE_DEVICES=7
2026-05-12 14:02:20,224 [INFO] ms-clip: launching predict_smi (n_candidates=256)
2026-05-12 14:02:31,853 [WARNING] ms-clip dropped SMILES CC(C)C([C-]=O)n1cc(-c2ccc(Cl)s2)nn1.[CH2-][C@H](O)C[CH-]c1nc2ccccc2s1.[Li+]; emitting sentinel -1.0
2026-05-12 14:02:44,180 [INFO] ms-clip: auto-picked GPU 7 (free 24092 MiB)
2026-05-12 14:02:44,180 [INFO] ms-clip: using CUDA_VISIBLE_DEVICES=7
2026-05-12 14:02:44,180 [INFO] ms-clip: launching predict_smi (n_candidates=256)
2026-05-12 14:02:56,945 [WARNING] ms-clip dropped SMILES CN(C)C1=CC2=C3C=C(N(C)C)C=CN3CCCN2C=C1.CN1c2ccccc2N(C)C12CCCCC21N(C)c2ccccc2N1C.[Li+].[O-]c1cccc2ccc[nH+]c12; emitting sentinel -1.0
2026-05-12 14:02:56,945 [WARNING] ms-clip dropped SMILES CCCCCCCCCCCCCCCCCCCC#CC(=O)[O-].CCCCCCCCCCCCCCCCCCCC#CC(=O)[O-].[Cd+2]; emitting sentinel -1.0
2026-05-12 14:03:12,247 [INFO] ms-clip: auto-picked GPU 7 (free 20808 MiB)
2026-05-12 14:03:12,247 [INFO] ms-clip: using CUDA_VISIBLE_DEVICES=7
2026-05-12 14:03:12,247 [INFO] ms-clip: launching predict_smi (n_candidates=256)
2026-05-12 14:03:23,767 [WARNING] ms-clip dropped SMILES COc1cc(C)c(NC(=O)C2([P+](C)(C)C)CCC2)c(C)c1.[Y]; emitting sentinel -1.0
2026-05-12 14:03:50,300 [INFO] ms-clip: auto-picked GPU 7 (free 24092 MiB)
2026-05-12 14:03:50,300 [INFO] ms-clip: using CUDA_VISIBLE_DEVICES=7
2026-05-12 14:03:50,300 [INFO] ms-clip: launching predict_smi (n_candidates=256)
2026-05-12 14:05:04,738 [INFO] ms-clip: auto-picked GPU 7 (free 24092 MiB)
2026-05-12 14:05:04,739 [INFO] ms-clip: using CUDA_VISIBLE_DEVICES=7
2026-05-12 14:05:04,739 [INFO] ms-clip: launching predict_smi (n_candidates=256)
2026-05-12 14:05:30,976 [INFO] spec 70/500  MassSpecGymID0230073  pool=256  pred=ITYWLFANYGWSLX  correct=False  t=26.4s
2026-05-12 14:05:31,122 [INFO] ms-clip: auto-picked GPU 7 (free 24092 MiB)
2026-05-12 14:05:31,122 [INFO] ms-clip: using CUDA_VISIBLE_DEVICES=7
2026-05-12 14:05:31,122 [INFO] ms-clip: launching predict_smi (n_candidates=256)
2026-05-12 14:05:42,625 [WARNING] ms-clip dropped SMILES [Zr+3].c1ccc([SiH]c2ccccc2)cc1.c1ccc2[cH-]ccc2c1.c1ccc2[cH-]ccc2c1; emitting sentinel -1.0
2026-05-12 14:05:42,625 [WARNING] ms-clip dropped SMILES CCCCCCCCSSC1=CNN(SSCCCCCCCC)S1.[Cu]; emitting sentinel -1.0
2026-05-12 14:05:42,626 [WARNING] ms-clip dropped SMILES C.CC.CCc1ccnc2ccccc12.CCc1ccncc1.[CH3-].[Y].[Y]; emitting sentinel -1.0
2026-05-12 14:06:24,671 [WARNING] llm_rerank attempt 1 parse error: no JSON object found
2026-05-12 14:06:33,013 [INFO] ms-clip: auto-picked GPU 7 (free 24092 MiB)
2026-05-12 14:06:33,013 [INFO] ms-clip: using CUDA_VISIBLE_DEVICES=7
2026-05-12 14:06:33,013 [INFO] ms-clip: launching predict_smi (n_candidates=256)
2026-05-12 14:08:17,108 [INFO] ms-clip: auto-picked GPU 7 (free 24092 MiB)
2026-05-12 14:08:17,109 [INFO] ms-clip: using CUDA_VISIBLE_DEVICES=7
2026-05-12 14:08:17,109 [INFO] ms-clip: launching predict_smi (n_candidates=256)
2026-05-12 14:08:28,374 [WARNING] ms-clip dropped SMILES Cl[Mn]Cl.NN1CCN[C@@H]2CCCC[C@H]2/N=C\c2cccc(n2)/C=N/[C@@H]2CCCC[C@H]21; emitting sentinel -1.0
2026-05-12 14:08:53,312 [INFO] ms-clip: auto-picked GPU 7 (free 24092 MiB)
2026-05-12 14:08:53,313 [INFO] ms-clip: using CUDA_VISIBLE_DEVICES=7
2026-05-12 14:08:53,313 [INFO] ms-clip: launching predict_smi (n_candidates=256)
2026-05-12 14:09:04,356 [WARNING] ms-clip dropped SMILES CC.COC(C=O)C1OC(C)(C)OC1S[TlH2]; emitting sentinel -1.0
2026-05-12 14:09:04,356 [WARNING] ms-clip dropped SMILES Cc1cccc(C)c1NC(=O)C[n+]1cccc(C(=O)OC2CCCC2)c1.[Y]; emitting sentinel -1.0
2026-05-12 14:10:58,437 [WARNING] chat retry attempt 1/3 after APIConnectionError: Error communicating with OpenAI: HTTPSConnectionPool(host='api.viviai.cc', port=443): Max retries exceeded with url: /v1 — sleeping 9.9s (caller=msg_llm_reranker, trace=None)
2026-05-12 14:11:33,478 [INFO] ms-clip: auto-picked GPU 7 (free 24092 MiB)
2026-05-12 14:11:33,479 [INFO] ms-clip: using CUDA_VISIBLE_DEVICES=7
2026-05-12 14:11:33,479 [INFO] ms-clip: launching predict_smi (n_candidates=256)
2026-05-12 14:11:45,438 [WARNING] ms-clip dropped SMILES C1CCC2CCCC2C1.C1CCC2CCCC2C1.Oc1cccc2ccccc12.Oc1cccc2ccccc12.[Ti]; emitting sentinel -1.0
2026-05-12 14:11:57,718 [INFO] ms-clip: auto-picked GPU 7 (free 24092 MiB)
2026-05-12 14:11:57,719 [INFO] ms-clip: using CUDA_VISIBLE_DEVICES=7
2026-05-12 14:11:57,719 [INFO] ms-clip: launching predict_smi (n_candidates=256)
2026-05-12 14:12:31,574 [INFO] ms-clip: auto-picked GPU 7 (free 24092 MiB)
2026-05-12 14:12:31,575 [INFO] ms-clip: using CUDA_VISIBLE_DEVICES=7
2026-05-12 14:12:31,575 [INFO] ms-clip: launching predict_smi (n_candidates=256)
2026-05-12 14:12:43,189 [WARNING] ms-clip dropped SMILES CCCC[Sn](CCCC)(CCCC)c1ccc(-c2ccco2)o1; emitting sentinel -1.0
2026-05-12 14:12:43,190 [WARNING] ms-clip dropped SMILES CCN(CC)C1=C(N(CC)CC)C(OC)c2ccccc21.[C-]#[O+].[C-]#[O+].[C-]#[O+].[Cr]; emitting sentinel -1.0
2026-05-12 14:12:53,868 [INFO] ms-clip: auto-picked GPU 7 (free 24092 MiB)
2026-05-12 14:12:53,869 [INFO] ms-clip: using CUDA_VISIBLE_DEVICES=7
2026-05-12 14:12:53,869 [INFO] ms-clip: launching predict_smi (n_candidates=256)
2026-05-12 14:14:26,582 [INFO] ms-clip: auto-picked GPU 7 (free 24092 MiB)
2026-05-12 14:14:26,583 [INFO] ms-clip: using CUDA_VISIBLE_DEVICES=7
2026-05-12 14:14:26,583 [INFO] ms-clip: launching predict_smi (n_candidates=256)
2026-05-12 14:16:37,189 [WARNING] chat retry attempt 1/3 after APIConnectionError: Error communicating with OpenAI: HTTPSConnectionPool(host='api.viviai.cc', port=443): Max retries exceeded with url: /v1 — sleeping 9.1s (caller=msg_llm_reranker, trace=None)
2026-05-12 14:17:17,429 [INFO] ms-clip: auto-picked GPU 7 (free 24092 MiB)
2026-05-12 14:17:17,429 [INFO] ms-clip: using CUDA_VISIBLE_DEVICES=7
2026-05-12 14:17:17,430 [INFO] ms-clip: launching predict_smi (n_candidates=256)
2026-05-12 14:19:15,694 [WARNING] chat retry attempt 1/3 after APIConnectionError: Error communicating with OpenAI: HTTPSConnectionPool(host='api.viviai.cc', port=443): Max retries exceeded with url: /v1 — sleeping 11.1s (caller=msg_llm_reranker, trace=None)
2026-05-12 14:19:47,714 [INFO] spec 80/500  MassSpecGymID0207631  pool=256  pred=JEJVVLKQKGDPOE  correct=True  t=150.4s
2026-05-12 14:19:47,852 [INFO] ms-clip: auto-picked GPU 7 (free 20808 MiB)
2026-05-12 14:19:47,852 [INFO] ms-clip: using CUDA_VISIBLE_DEVICES=7
2026-05-12 14:19:47,852 [INFO] ms-clip: launching predict_smi (n_candidates=256)
2026-05-12 14:20:34,304 [INFO] ms-clip: auto-picked GPU 7 (free 24092 MiB)
2026-05-12 14:20:34,304 [INFO] ms-clip: using CUDA_VISIBLE_DEVICES=7
2026-05-12 14:20:34,304 [INFO] ms-clip: launching predict_smi (n_candidates=256)
2026-05-12 14:20:46,667 [WARNING] ms-clip dropped SMILES CN(C)C1=CC2=C3C=C(N(C)C)C=CN3CCCN2C=C1.CN1c2ccccc2N(C)C12CCCCC21N(C)c2ccccc2N1C.[Li+].[O-]c1cccc2ccc[nH+]c12; emitting sentinel -1.0
2026-05-12 14:21:30,075 [WARNING] llm_rerank attempt 1 parse error: no JSON object found
2026-05-12 14:21:52,563 [INFO] ms-clip: auto-picked GPU 7 (free 24092 MiB)
2026-05-12 14:21:52,563 [INFO] ms-clip: using CUDA_VISIBLE_DEVICES=7
2026-05-12 14:21:52,564 [INFO] ms-clip: launching predict_smi (n_candidates=256)
2026-05-12 14:22:04,564 [WARNING] ms-clip dropped SMILES C[Si](C)(C)CC1CCC([Si](C)(C)[Si](C)(C)C2CCC3CC4CCCC4CC32)C1.Cl[Zr+2]Cl.[CH3-].[CH3-]; emitting sentinel -1.0
2026-05-12 14:22:04,564 [WARNING] ms-clip dropped SMILES CC(C)[PH+](Cc1cccc(C[PH+](C(C)C)C(C)C)n1)C(C)C.F[B-](F)(F)F.Nc1ccccc1.[Rh+2]; emitting sentinel -1.0
2026-05-12 14:22:04,564 [WARNING] ms-clip dropped SMILES CCCC[Sn](CCCC)(Cc1ccc(C(=O)c2ccccc2)cc1)Cc1ccc(C(=O)c2ccccc2)cc1; emitting sentinel -1.0
2026-05-12 14:22:21,822 [INFO] ms-clip: auto-picked GPU 7 (free 24092 MiB)
2026-05-12 14:22:21,823 [INFO] ms-clip: using CUDA_VISIBLE_DEVICES=7
2026-05-12 14:22:21,823 [INFO] ms-clip: launching predict_smi (n_candidates=256)
2026-05-12 14:22:33,685 [WARNING] ms-clip dropped SMILES [3H]C1C[C@H]([C-]=O)N(C(=O)CNC(=O)[C@@H]2C[C@H]([3H])CN2C)C1.[Y]; emitting sentinel -1.0
2026-05-12 14:22:33,685 [WARNING] ms-clip dropped SMILES CCCC[Sn]CCCC.NSc1ccccc1; emitting sentinel -1.0
2026-05-12 14:22:33,685 [WARNING] ms-clip dropped SMILES C1CCCC1.C1CCCC1.Cc1cccc([Se])c1.[Ti+2]; emitting sentinel -1.0
2026-05-12 14:22:33,685 [WARNING] ms-clip dropped SMILES O=C(O)[C@@H]1CCCN1C([N-]c1ccccc1)c1ccccc1.[Zn]; emitting sentinel -1.0
2026-05-12 14:22:49,106 [INFO] ms-clip: auto-picked GPU 7 (free 24092 MiB)
2026-05-12 14:22:49,106 [INFO] ms-clip: using CUDA_VISIBLE_DEVICES=7
2026-05-12 14:22:49,107 [INFO] ms-clip: launching predict_smi (n_candidates=256)
2026-05-12 14:24:14,886 [WARNING] llm_rerank attempt 1 parse error: json decode failed: Expecting ',' delimiter: line 1 column 1762 (char 1761)
2026-05-12 14:24:19,891 [WARNING] chat retry attempt 1/3 after APIConnectionError: Error communicating with OpenAI: HTTPSConnectionPool(host='api.viviai.cc', port=443): Max retries exceeded with url: /v1 — sleeping 11.9s (caller=msg_llm_reranker, trace=None)
2026-05-12 14:24:51,691 [INFO] ms-clip: auto-picked GPU 7 (free 24092 MiB)
2026-05-12 14:24:51,692 [INFO] ms-clip: using CUDA_VISIBLE_DEVICES=7
2026-05-12 14:24:51,692 [INFO] ms-clip: launching predict_smi (n_candidates=256)
2026-05-12 14:25:03,545 [WARNING] ms-clip dropped SMILES CC(C)(COC(C)(C)CCNc1cccc2c1C(=O)NC2=O)NC(=O)CNC1CCCC1.CCC(CC)c1c[c-]n2nccc2n1.CCCCC=O.CNC=O.[Na+]; emitting sentinel -1.0
2026-05-12 14:25:26,031 [INFO] ms-clip: auto-picked GPU 7 (free 24092 MiB)
2026-05-12 14:25:26,031 [INFO] ms-clip: using CUDA_VISIBLE_DEVICES=7
2026-05-12 14:25:26,031 [INFO] ms-clip: launching predict_smi (n_candidates=256)
2026-05-12 14:25:37,785 [WARNING] ms-clip dropped SMILES [CH2-]c1ccccc1.[CH2-]c1ccccc1.[Cl-].[Cl-].[Zr+4]; emitting sentinel -1.0
2026-05-12 14:25:37,785 [WARNING] ms-clip dropped SMILES O=C(O)O[O-].O=C(O)O[O-].O=C(O)O[O-].O=C(O)O[O-].[Al+3].[Li+]; emitting sentinel -1.0
2026-05-12 14:25:37,785 [WARNING] ms-clip dropped SMILES Cc1[c-]ccc(C(O)(C(F)(F)F)C(F)(F)F)c1.[Rb+]; emitting sentinel -1.0
2026-05-12 14:25:37,785 [WARNING] ms-clip dropped SMILES C[Ge](C)C.C[Ge](C)C.C[Ge]C; emitting sentinel -1.0
2026-05-12 14:25:37,785 [WARNING] ms-clip dropped SMILES COC(=O)[N-]CCc1ccc(S(=O)(=O)[O-])cc1.[Rb+]; emitting sentinel -1.0
2026-05-12 14:25:37,785 [WARNING] ms-clip dropped SMILES Cc1cc[c-]cc1.Cc1cc[c-]cc1.Cl[Zr+2]Cl; emitting sentinel -1.0
2026-05-12 14:25:37,785 [WARNING] ms-clip dropped SMILES Cl[Ti]Cl.[S-]c1cccc2ccccc12.c1cc[cH-]c1; emitting sentinel -1.0
2026-05-12 14:25:37,785 [WARNING] ms-clip dropped SMILES [C-]1=C(C/C=C\CC2=[C-]CC=C2)C=CC1.[Cl-].[Cl-].[Zr+4]; emitting sentinel -1.0
2026-05-12 14:25:37,785 [WARNING] ms-clip dropped SMILES C=C[c-]1cccc1.C=C[c-]1cccc1.[Cl-].[Cl-].[Zr+4]; emitting sentinel -1.0
2026-05-12 14:25:47,101 [INFO] ms-clip: auto-picked GPU 7 (free 24092 MiB)
2026-05-12 14:25:47,101 [INFO] ms-clip: using CUDA_VISIBLE_DEVICES=7
2026-05-12 14:25:47,101 [INFO] ms-clip: launching predict_smi (n_candidates=256)
2026-05-12 14:26:23,692 [INFO] ms-clip: auto-picked GPU 7 (free 24092 MiB)
2026-05-12 14:26:23,692 [INFO] ms-clip: using CUDA_VISIBLE_DEVICES=7
2026-05-12 14:26:23,692 [INFO] ms-clip: launching predict_smi (n_candidates=256)
2026-05-12 14:26:36,737 [WARNING] ms-clip dropped SMILES C.CC(C)C.CC(C)C.CC(C)C.CCOC(=S)[S-].Nc1ccccc1O.Nc1nc2ccccc2o1.S=c1[nH]c2ccccc2o1.[Ar].[K+]; emitting sentinel -1.0
2026-05-12 14:26:36,738 [WARNING] ms-clip dropped SMILES CC(C)Oc1ccccc1[Bi](Cl)(c1ccccc1OC(C)C)(c1ccccc1OC(C)C)c1ccccc1OC(C)C; emitting sentinel -1.0
2026-05-12 14:26:36,738 [WARNING] ms-clip dropped SMILES O=S(=O)([O-])O[C@@H](COCc1ccccc1)[C@@H](C[S+]1C[C@@H](OCc2ccccc2)[C@H](OCc2ccccc2)[C@H]1COCc1ccccc1)OCc1ccccc1; emitting sentinel -1.0
2026-05-12 14:26:36,738 [WARNING] ms-clip dropped SMILES CC(C)(C)c1cc(C[Si](C)(C)C)c([Ge]2=[Ge](c3c(C[Si](C)(C)C)cc(C(C)(C)C)cc3C[Si](C)(C)C)C=C2)c(C[Si](C)(C)C)c1; emitting sentinel -1.0
2026-05-12 14:26:36,738 [WARNING] ms-clip dropped SMILES CCCC[Sn](CCCC)(CCCC)c1cc2oc3c(c2o1)C(C)(C)c1cc(CO)c2c4c(cc(OC)c2c1-3)C(C)(C)c1c-4oc2cc(C)oc12; emitting sentinel -1.0
2026-05-12 14:26:45,852 [INFO] ms-clip: auto-picked GPU 7 (free 24092 MiB)
2026-05-12 14:26:45,852 [INFO] ms-clip: using CUDA_VISIBLE_DEVICES=7
2026-05-12 14:26:45,852 [INFO] ms-clip: launching predict_smi (n_candidates=256)
2026-05-12 14:27:09,552 [INFO] spec 90/500  MassSpecGymID0276007  pool=256  pred=CDJAEKWAWWXNAX  correct=False  t=23.8s
2026-05-12 14:27:09,696 [INFO] ms-clip: auto-picked GPU 7 (free 24092 MiB)
2026-05-12 14:27:09,696 [INFO] ms-clip: using CUDA_VISIBLE_DEVICES=7
2026-05-12 14:27:09,696 [INFO] ms-clip: launching predict_smi (n_candidates=256)
2026-05-12 14:27:21,287 [WARNING] ms-clip dropped SMILES C[C-](C)C(C)(C)C.[CH2-]P(C(C)(C)C)C(C)(C)C.[Hf].c1cc[cH-]c1; emitting sentinel -1.0
2026-05-12 14:27:41,425 [INFO] ms-clip: auto-picked GPU 7 (free 24092 MiB)
2026-05-12 14:27:41,425 [INFO] ms-clip: using CUDA_VISIBLE_DEVICES=7
2026-05-12 14:27:41,425 [INFO] ms-clip: launching predict_smi (n_candidates=256)
2026-05-12 14:27:53,101 [WARNING] ms-clip dropped SMILES O=[N+]1C(c2ccco2)=C(c2ccco2)N(O)[C@H]2CCCC[C@H]21; emitting sentinel -1.0
2026-05-12 14:27:53,102 [WARNING] ms-clip dropped SMILES O=C(O)c1ccc(COc2ccccc2-c2cnc[nH]2)cc1.[Li]; emitting sentinel -1.0
2026-05-12 14:27:53,102 [WARNING] ms-clip dropped SMILES CCOP(=O)(OCC)C(c1ccccc1)n1[c-]ncn1.[Li+]; emitting sentinel -1.0
2026-05-12 14:27:53,102 [WARNING] ms-clip dropped SMILES CC(C)C[Te+](CC(C)C)C(C)(C)C; emitting sentinel -1.0
2026-05-12 14:28:55,730 [WARNING] llm_rerank attempt 1 parse error: no JSON object found
2026-05-12 14:30:30,256 [WARNING] chat retry attempt 1/3 after APIConnectionError: Error communicating with OpenAI: HTTPSConnectionPool(host='api.viviai.cc', port=443): Max retries exceeded with url: /v1 — sleeping 8.1s (caller=msg_llm_reranker, trace=None)
2026-05-12 14:32:51,255 [WARNING] llm_rerank attempt 2 parse error: no JSON object found
2026-05-12 14:32:51,394 [INFO] ms-clip: auto-picked GPU 7 (free 24092 MiB)
2026-05-12 14:32:51,395 [INFO] ms-clip: using CUDA_VISIBLE_DEVICES=7
2026-05-12 14:32:51,395 [INFO] ms-clip: launching predict_smi (n_candidates=256)
2026-05-12 14:33:03,550 [WARNING] ms-clip dropped SMILES CCc1c(C)/c2[n-]/c1=C\c1[n-]c3c(c1C)C(=O)[C@H](C)/C3=C1/[N-]/C(=C\c3[n-]c(c(C)c3C)/C=2)C[C@@H]1CC.[Mg+2]; emitting sentinel -1.0
2026-05-12 14:33:17,078 [INFO] ms-clip: auto-picked GPU 7 (free 24092 MiB)
2026-05-12 14:33:17,078 [INFO] ms-clip: using CUDA_VISIBLE_DEVICES=7
2026-05-12 14:33:17,078 [INFO] ms-clip: launching predict_smi (n_candidates=256)
2026-05-12 14:33:28,945 [WARNING] ms-clip dropped SMILES [CH2]C(C)C(=O)CC(=O)C(C)C.[CH2]C(C)C(=O)CC(=O)C(C)C.[CH2]C(C)C(=O)CC(=O)C(C)C.[Y]; emitting sentinel -1.0
2026-05-12 14:33:39,432 [INFO] ms-clip: auto-picked GPU 7 (free 24092 MiB)
2026-05-12 14:33:39,433 [INFO] ms-clip: using CUDA_VISIBLE_DEVICES=7
2026-05-12 14:33:39,433 [INFO] ms-clip: launching predict_smi (n_candidates=256)
2026-05-12 14:33:50,708 [WARNING] ms-clip dropped SMILES CC(C)(C)c1ccc(Nc2ccc(C(C)(C)C)cc2)cc1.[Sr+2]; emitting sentinel -1.0
2026-05-12 14:35:15,085 [INFO] ms-clip: auto-picked GPU 7 (free 24092 MiB)
2026-05-12 14:35:15,085 [INFO] ms-clip: using CUDA_VISIBLE_DEVICES=7
2026-05-12 14:35:15,086 [INFO] ms-clip: launching predict_smi (n_candidates=256)
2026-05-12 14:36:10,816 [INFO] ms-clip: auto-picked GPU 7 (free 24092 MiB)
2026-05-12 14:36:10,816 [INFO] ms-clip: using CUDA_VISIBLE_DEVICES=7
2026-05-12 14:36:10,816 [INFO] ms-clip: launching predict_smi (n_candidates=256)
2026-05-12 14:36:23,054 [WARNING] ms-clip dropped SMILES Cl[Mn]Cl.Oc1ccccc1CC1CNCCNCCNCCNCCN1; emitting sentinel -1.0
2026-05-12 14:36:23,054 [WARNING] ms-clip dropped SMILES [B]c1ccc(S(=O)(=O)Nc2nc3ccccc3nc2Nc2cc(OC)cc(OC)c2)cc1; emitting sentinel -1.0
2026-05-12 14:36:45,559 [INFO] ms-clip: auto-picked GPU 7 (free 24092 MiB)
2026-05-12 14:36:45,560 [INFO] ms-clip: using CUDA_VISIBLE_DEVICES=7
2026-05-12 14:36:45,560 [INFO] ms-clip: launching predict_smi (n_candidates=256)
2026-05-12 14:36:57,714 [WARNING] ms-clip dropped SMILES [B]N1CC(COc2ccccc2OCc2ccccc2)CC(N(C(=O)c2ccc(OC)c(OCCCOC)c2)C(C)C)C1; emitting sentinel -1.0
2026-05-12 14:36:57,715 [WARNING] ms-clip dropped SMILES CCCC[Sn](/C=C/[C@@]12O[C@]1(C)C[C@@H](O[Si](C)(C)C(C)(C)C)CC2(C)C)(CCCC)CCCC; emitting sentinel -1.0
2026-05-12 14:36:57,715 [WARNING] ms-clip dropped SMILES CC(C)(C)[Si](C)(C)OCC/[C]=C/C(=O)C1CCCCC1.[CH2]CCC.[CH2]CCC.[CH2]CCC.[Sn]; emitting sentinel -1.0
2026-05-12 14:37:02,741 [WARNING] chat retry attempt 1/3 after APIConnectionError: Error communicating with OpenAI: HTTPSConnectionPool(host='api.viviai.cc', port=443): Max retries exceeded with url: /v1 — sleeping 9.4s (caller=msg_llm_reranker, trace=None)
2026-05-12 14:38:24,942 [INFO] ms-clip: auto-picked GPU 7 (free 24092 MiB)
2026-05-12 14:38:24,943 [INFO] ms-clip: using CUDA_VISIBLE_DEVICES=7
2026-05-12 14:38:24,943 [INFO] ms-clip: launching predict_smi (n_candidates=256)
2026-05-12 14:39:05,577 [INFO] ms-clip: auto-picked GPU 7 (free 24092 MiB)
2026-05-12 14:39:05,577 [INFO] ms-clip: using CUDA_VISIBLE_DEVICES=7
2026-05-12 14:39:05,577 [INFO] ms-clip: launching predict_smi (n_candidates=256)
2026-05-12 14:39:18,380 [WARNING] ms-clip dropped SMILES C=C/C=C/C.CCC(C)P(c1cc2ccccc2[cH-]1)C(C)CC.CCC(C)P(c1cc2ccccc2[cH-]1)C(C)CC.[Ti+2]; emitting sentinel -1.0
2026-05-12 14:39:18,381 [WARNING] ms-clip dropped SMILES CC(C)(C)[Si](C)(C)O[C@@H]1C=[C]OC[C@H]1O[Si](C)(C)C(C)(C)C.[CH2]CCC.[CH2]CCC.[CH2]CCC.[Sn]; emitting sentinel -1.0
2026-05-12 14:39:18,381 [WARNING] ms-clip dropped SMILES CC(C)(C)c1cc(/C=N/[C@H]2CCCC[C@@H]2/N=C/c2cc(C(C)(C)C)cc(C(C)(C)C)c2O)c(O)c(C(C)(C)C)c1.Cl.[Cr]; emitting sentinel -1.0
2026-05-12 14:39:18,381 [WARNING] ms-clip dropped SMILES [CH2-]C([CH2-])C1CCC(S(=O)(=O)N2C3C(C)CCCC3N(C)CC2(C)C)C(C)C1.[U+2]; emitting sentinel -1.0
2026-05-12 14:39:36,464 [INFO] spec 100/500  MassSpecGymID0189208  pool=256  pred=YUHHQTGJEOQYDV  correct=False  t=31.0s
2026-05-12 14:39:36,607 [INFO] ms-clip: auto-picked GPU 7 (free 24092 MiB)
2026-05-12 14:39:36,607 [INFO] ms-clip: using CUDA_VISIBLE_DEVICES=7
2026-05-12 14:39:36,608 [INFO] ms-clip: launching predict_smi (n_candidates=256)
2026-05-12 14:39:48,841 [WARNING] ms-clip dropped SMILES O=C([O-])[C@@H](/N=C(\c1ccccc1)c1ccccc1/N=C(/[O-])[C@@H]1CCCN1Cc1ccccc1)[C@@H]1c2ccccc2CCN1c1ccccc1.[Ni+2]; emitting sentinel -1.0
2026-05-12 14:39:48,841 [WARNING] ms-clip dropped SMILES CCN(CC)CCOC(=S)[S-].CCN(CC)CCOC(=S)[S-].CCN(CC)CC[Sn+2]CCN(CC)CC; emitting sentinel -1.0
2026-05-12 14:39:48,842 [WARNING] ms-clip dropped SMILES C[CH-]C.Cc1ccc(C)c(-c2cccc3[cH-]ccc23)c1.Cc1ccc(C)c(-c2cccc3[cH-]ccc23)c1.[H][C-]=[SiH2].[Hf+4]; emitting sentinel -1.0
2026-05-12 14:39:48,842 [WARNING] ms-clip dropped SMILES CCCC[Sn](CCCC)(CCCC)c1ccc(CN2C(=O)C(=O)c3cc(S(=O)(=O)N4CCC[C@H]4COC)ccc32)cc1; emitting sentinel -1.0
2026-05-12 14:39:48,842 [WARNING] ms-clip dropped SMILES O=C([O-])[C@@H](/N=C(\c1ccccc1)c1ccccc1/N=C(\[O-])[C@@H]1CCCN1Cc1ccccc1)[C@@H]1c2ccccc2CCN1c1ccccc1.[Ni+3]; emitting sentinel -1.0
2026-05-12 14:39:48,842 [WARNING] ms-clip dropped SMILES C=C.C[Pb]SN1C=C1C#CCOc1ccc(C2CCCN2Cc2ccc(CC3=CCCC=C3)cc2)cc1; emitting sentinel -1.0
2026-05-12 14:39:48,842 [WARNING] ms-clip dropped SMILES O=C([O-])[C@@H](/N=C(\c1ccccc1)c1ccccc1/N=C(/[O-])[C@@H]1CCCN1Cc1ccccc1)[C@H]1c2ccccc2CCN1c1ccccc1.[Ni+2]; emitting sentinel -1.0
2026-05-12 14:39:48,842 [WARNING] ms-clip dropped SMILES Cl[Al](Cl)Cl.c1ccc(CCc2ccc(CCc3ccc(CCc4ccccc4)cc3)cc2)cc1.c1ccc(CCc2ccccc2)cc1; emitting sentinel -1.0
2026-05-12 14:39:48,842 [WARNING] ms-clip dropped SMILES CN1CN(C)CN(C)CN(C)C1.C[N-]CN(C)CN(C)C[N-]C.[Re].[Re]; emitting sentinel -1.0
2026-05-12 14:39:48,842 [WARNING] ms-clip dropped SMILES C/C(=N/N=C([S-])N(C)C)c1ncccc1CN1CCOCC1.C/C(=N\N=C([S-])N(C)C)c1ncccc1CN1CCOCC1.[Zn+2]; emitting sentinel -1.0
2026-05-12 14:40:22,165 [INFO] ms-clip: auto-picked GPU 7 (free 24092 MiB)
2026-05-12 14:40:22,165 [INFO] ms-clip: using CUDA_VISIBLE_DEVICES=7
2026-05-12 14:40:22,165 [INFO] ms-clip: launching predict_smi (n_candidates=256)
2026-05-12 14:40:33,737 [WARNING] ms-clip dropped SMILES CC(C)c1cccc(C(C)C)c1N1[CH]N(c2c(C(C)C)cccc2C(C)C)CC1.CC[O-].[Cu+]; emitting sentinel -1.0
2026-05-12 14:41:02,117 [INFO] ms-clip: auto-picked GPU 7 (free 24092 MiB)
2026-05-12 14:41:02,117 [INFO] ms-clip: using CUDA_VISIBLE_DEVICES=7
2026-05-12 14:41:02,117 [INFO] ms-clip: launching predict_smi (n_candidates=256)
2026-05-12 14:41:14,243 [WARNING] ms-clip dropped SMILES CC(C)(COC(C)(C)CCNc1cccc2c1C(=O)NC2=O)NC(=O)CNC1CCCC1.CCC(CC)c1c[c-]n2nccc2n1.CCCCC=O.CNC=O.[Na+]; emitting sentinel -1.0
2026-05-12 14:41:14,243 [WARNING] ms-clip dropped SMILES CCCC[Sn](CCCC)(CCCC)COCC1=C[C@@]2(C)CC[C@@H](O[Si](CC)(CC)CC)[C@@](C)(CCCO[Si](C)(C)C(C)(C)C)[C@@H]2CC1; emitting sentinel -1.0
2026-05-12 14:41:14,243 [WARNING] ms-clip dropped SMILES COCCOCCOC.COCCOCCOC.COCCOCCOC.COCCOCCOC.[Li].[Li].c1cc2ccc3ccc4ccc5ccc1c1c2c3c4c51; emitting sentinel -1.0
2026-05-12 14:41:24,043 [INFO] ms-clip: auto-picked GPU 7 (free 24092 MiB)
2026-05-12 14:41:24,044 [INFO] ms-clip: using CUDA_VISIBLE_DEVICES=7
2026-05-12 14:41:24,044 [INFO] ms-clip: launching predict_smi (n_candidates=256)
2026-05-12 14:41:36,026 [WARNING] ms-clip dropped SMILES CN(C)C1=CC2=C3C=C(N(C)C)C=CN3CCCN2C=C1.CN1c2ccccc2N(C)C12CCCCC21N(C)c2ccccc2N1C.[Li+].[O-]c1cccc2ccc[nH+]c12; emitting sentinel -1.0
2026-05-12 14:41:36,027 [WARNING] ms-clip dropped SMILES CCCCCCCCCCCCCCCCCCCC#CC(=O)[O-].CCCCCCCCCCCCCCCCCCCC#CC(=O)[O-].[Cd+2]; emitting sentinel -1.0
2026-05-12 14:41:48,771 [INFO] ms-clip: auto-picked GPU 7 (free 24092 MiB)
2026-05-12 14:41:48,772 [INFO] ms-clip: using CUDA_VISIBLE_DEVICES=7
2026-05-12 14:41:48,772 [INFO] ms-clip: launching predict_smi (n_candidates=256)
2026-05-12 14:42:00,801 [WARNING] ms-clip dropped SMILES CC(=O)O[C@H]1CC[C@]23CO[C@@H](C[C@H]4[C@@H]5CC[C@H]([C@H](C)CCCC(C)C)[C@@]5(C)CC[C@@H]42)[C@@]3([Hg]Cl)C1; emitting sentinel -1.0
2026-05-12 14:42:00,801 [WARNING] ms-clip dropped SMILES Cc1nc(-c2ccc3c(c2)CC(N(C)O)C3)no1.N/C=N/C=C\C(N)=N\C1=NNC(C2CCCC2)C1.[NH-]C1CCCCC1.[Y]; emitting sentinel -1.0
2026-05-12 14:43:12,025 [INFO] ms-clip: auto-picked GPU 7 (free 22094 MiB)
2026-05-12 14:43:12,025 [INFO] ms-clip: using CUDA_VISIBLE_DEVICES=7
2026-05-12 14:43:12,025 [INFO] ms-clip: launching predict_smi (n_candidates=256)
2026-05-12 14:43:24,060 [WARNING] ms-clip dropped SMILES C.C.C.C.C.C.C.CCC=CCC(C(=O)O)C(CC=CCC(C(=O)[O-])C(C)C(=O)[O-])C(=O)O.[Li+].[Li+]; emitting sentinel -1.0
2026-05-12 14:45:29,959 [WARNING] chat retry attempt 1/3 after APIConnectionError: Error communicating with OpenAI: HTTPSConnectionPool(host='api.viviai.cc', port=443): Max retries exceeded with url: /v1 — sleeping 8.0s (caller=msg_llm_reranker, trace=None)
2026-05-12 14:45:42,976 [WARNING] chat retry attempt 2/3 after APIConnectionError: Error communicating with OpenAI: HTTPSConnectionPool(host='api.viviai.cc', port=443): Max retries exceeded with url: /v1 — sleeping 33.4s (caller=msg_llm_reranker, trace=None)
2026-05-12 14:48:03,344 [INFO] ms-clip: auto-picked GPU 7 (free 24092 MiB)
2026-05-12 14:48:03,345 [INFO] ms-clip: using CUDA_VISIBLE_DEVICES=7
2026-05-12 14:48:03,345 [INFO] ms-clip: launching predict_smi (n_candidates=256)
2026-05-12 14:48:15,374 [WARNING] ms-clip dropped SMILES Cc1c(C)n(C(C)C)c(=[Te])n1C(C)C; emitting sentinel -1.0
2026-05-12 14:48:15,375 [WARNING] ms-clip dropped SMILES C=C(C[CH2-])[C@H](C)CCOC1CCCCO1.Cl[Zn+]; emitting sentinel -1.0
2026-05-12 14:48:15,375 [WARNING] ms-clip dropped SMILES [CH2-]C(=O)OC(C)(C)C.[H]/[C-]=C/C(=C\C=[Ni])C1OCCO1; emitting sentinel -1.0
2026-05-12 14:48:18,221 [WARNING] chat retry attempt 1/3 after APIConnectionError: Error communicating with OpenAI: HTTPSConnectionPool(host='api.viviai.cc', port=443): Max retries exceeded with url: /v1 — sleeping 9.5s (caller=msg_llm_reranker, trace=None)
2026-05-12 14:48:32,745 [WARNING] chat retry attempt 2/3 after APIConnectionError: Error communicating with OpenAI: HTTPSConnectionPool(host='api.viviai.cc', port=443): Max retries exceeded with url: /v1 — sleeping 29.9s (caller=msg_llm_reranker, trace=None)
2026-05-12 14:49:07,671 [WARNING] chat retry attempt 3/3 after APIConnectionError: Error communicating with OpenAI: HTTPSConnectionPool(host='api.viviai.cc', port=443): Max retries exceeded with url: /v1 — sleeping 68.8s (caller=msg_llm_reranker, trace=None)
2026-05-12 14:50:21,505 [WARNING] llm_rerank attempt 1 chat_fn failed: Error communicating with OpenAI: HTTPSConnectionPool(host='api.viviai.cc', port=443): Max retries exceeded with url: /v1/chat/completions (Caused by SSLError(SSLZeroReturnError(6, 'TLS/SSL connection has been closed (EOF) (_ssl.c:1147)')))
2026-05-12 14:51:28,614 [INFO] ms-clip: auto-picked GPU 7 (free 24092 MiB)
2026-05-12 14:51:28,614 [INFO] ms-clip: using CUDA_VISIBLE_DEVICES=7
2026-05-12 14:51:28,614 [INFO] ms-clip: launching predict_smi (n_candidates=256)
2026-05-12 14:52:10,413 [INFO] ms-clip: auto-picked GPU 7 (free 24092 MiB)
2026-05-12 14:52:10,413 [INFO] ms-clip: using CUDA_VISIBLE_DEVICES=7
2026-05-12 14:52:10,413 [INFO] ms-clip: launching predict_smi (n_candidates=256)
2026-05-12 14:52:21,536 [WARNING] ms-clip dropped SMILES CCCCc1cccc2c1[cH-]c1ccccc12.CCCCc1cccc2c1[cH-]c1ccccc12.Clc1cc[c-]cc1.[CH2-]CCCC.[CH3-].[Ti]; emitting sentinel -1.0
2026-05-12 14:52:43,801 [INFO] ms-clip: auto-picked GPU 7 (free 24092 MiB)
2026-05-12 14:52:43,801 [INFO] ms-clip: using CUDA_VISIBLE_DEVICES=7
2026-05-12 14:52:43,802 [INFO] ms-clip: launching predict_smi (n_candidates=256)
2026-05-12 14:53:42,085 [WARNING] llm_rerank attempt 1 parse error: json decode failed: Expecting ',' delimiter: line 1 column 1357 (char 1356)
2026-05-12 14:54:18,842 [WARNING] llm_rerank attempt 2 parse error: no JSON object found
2026-05-12 14:54:18,843 [INFO] spec 110/500  MassSpecGymID0217685  pool=256  pred=IPJLKPWXBCNKLW  correct=True  t=95.2s
2026-05-12 14:54:18,995 [INFO] ms-clip: auto-picked GPU 7 (free 24092 MiB)
2026-05-12 14:54:18,996 [INFO] ms-clip: using CUDA_VISIBLE_DEVICES=7
2026-05-12 14:54:18,996 [INFO] ms-clip: launching predict_smi (n_candidates=256)
2026-05-12 14:54:40,732 [INFO] ms-clip: auto-picked GPU 7 (free 24092 MiB)
2026-05-12 14:54:40,733 [INFO] ms-clip: using CUDA_VISIBLE_DEVICES=7
2026-05-12 14:54:40,733 [INFO] ms-clip: launching predict_smi (n_candidates=256)
2026-05-12 14:55:12,661 [INFO] ms-clip: auto-picked GPU 7 (free 24092 MiB)
2026-05-12 14:55:12,661 [INFO] ms-clip: using CUDA_VISIBLE_DEVICES=7
2026-05-12 14:55:12,661 [INFO] ms-clip: launching predict_smi (n_candidates=256)
2026-05-12 14:55:23,650 [WARNING] ms-clip dropped SMILES CCCC[Sn](CCCC)OC(=O)/C=C/c1ccccc1F; emitting sentinel -1.0
2026-05-12 14:55:23,650 [WARNING] ms-clip dropped SMILES CC1CN2CC(C)(NC(=O)OC(C)(C)C)C(=O)N2C1(C)[C-]=O.[Y+3]; emitting sentinel -1.0
2026-05-12 14:55:28,674 [WARNING] chat retry attempt 1/3 after APIConnectionError: Error communicating with OpenAI: HTTPSConnectionPool(host='api.viviai.cc', port=443): Max retries exceeded with url: /v1 — sleeping 8.0s (caller=msg_llm_reranker, trace=None)
2026-05-12 14:55:41,722 [WARNING] chat retry attempt 2/3 after APIConnectionError: Error communicating with OpenAI: HTTPSConnectionPool(host='api.viviai.cc', port=443): Max retries exceeded with url: /v1 — sleeping 30.5s (caller=msg_llm_reranker, trace=None)
2026-05-12 14:56:17,300 [WARNING] chat retry attempt 3/3 after APIConnectionError: Error communicating with OpenAI: HTTPSConnectionPool(host='api.viviai.cc', port=443): Max retries exceeded with url: /v1 — sleeping 55.6s (caller=msg_llm_reranker, trace=None)
2026-05-12 14:58:14,819 [WARNING] llm_rerank attempt 1 parse error: no JSON object found
2026-05-12 14:59:57,880 [WARNING] chat retry attempt 1/3 after APIConnectionError: Error communicating with OpenAI: HTTPSConnectionPool(host='api.viviai.cc', port=443): Max retries exceeded with url: /v1 — sleeping 9.1s (caller=msg_llm_reranker, trace=None)
2026-05-12 15:00:31,057 [INFO] ms-clip: auto-picked GPU 7 (free 24092 MiB)
2026-05-12 15:00:31,057 [INFO] ms-clip: using CUDA_VISIBLE_DEVICES=7
2026-05-12 15:00:31,057 [INFO] ms-clip: launching predict_smi (n_candidates=256)
2026-05-12 15:00:42,388 [WARNING] ms-clip dropped SMILES CCCCC(CC)C(=O)[O-].CCCCC(CC)C(=O)[O-].CCCCC(CC)C(=O)[O-].CCCCC(CC)C(=O)[O-].CCCCC(CC)C(=O)[O-].[V]; emitting sentinel -1.0
2026-05-12 15:00:42,389 [WARNING] ms-clip dropped SMILES CC(C)CCCCC(=O)[O-].CC(C)CCCCC(=O)[O-].CC(C)CCCCC(=O)[O-].CC(C)CCCCC(=O)[O-].CC(C)CCCCC(=O)[O-].[V]; emitting sentinel -1.0
2026-05-12 15:00:42,389 [WARNING] ms-clip dropped SMILES CCCCCCCCCCCCCCCCCC(=O)[O-].CCCCCCCCCCCCCCCCCC(=O)[O-].Cc1cc(O)ccc1Cl.[Ni+2]; emitting sentinel -1.0
2026-05-12 15:00:42,389 [WARNING] ms-clip dropped SMILES CCCCCCCC/C=C\CCCCCCCC(=O)O.CCCCCCCC/C=C\CCCCCCCC(=O)O.[Hg]; emitting sentinel -1.0
2026-05-12 15:00:42,389 [WARNING] ms-clip dropped SMILES CCCCCCCC(=O)[O-].CCCCCCCC(=O)[O-].CCCCCCCC(=O)[O-].CCCCCCCC(=O)[O-].CCCCCCCC(=O)[O-].[V]; emitting sentinel -1.0
2026-05-12 15:00:42,389 [WARNING] ms-clip dropped SMILES [Au].[Cd].[Cd].[Cd].[Cd].[Cd]; emitting sentinel -1.0
2026-05-12 15:00:42,389 [WARNING] ms-clip dropped SMILES C1CCC([PH+](C2CCCCC2)C2CCCCC2)CC1.C1CCC([PH+](C2CCCCC2)C2CCCCC2)CC1.C1CCOC1.[CH3-].[CH3-].[Ru+2]; emitting sentinel -1.0
2026-05-12 15:00:59,761 [INFO] ms-clip: auto-picked GPU 7 (free 22458 MiB)
2026-05-12 15:00:59,762 [INFO] ms-clip: using CUDA_VISIBLE_DEVICES=7
2026-05-12 15:00:59,762 [INFO] ms-clip: launching predict_smi (n_candidates=256)
2026-05-12 15:01:12,053 [WARNING] ms-clip dropped SMILES CC(C)=[Zr+2].CC1[C-]=CC(C2(C)C3CC4CC(C3)CC2C4)=C1.Cc1[c-]c2c(cc1C(C)(C)C)-c1cc(C(C)(C)C)c(C)cc1C2.[Cl-].[Cl-]; emitting sentinel -1.0
2026-05-12 15:01:12,054 [WARNING] ms-clip dropped SMILES CC(C)(C)P(Cc1ccccc1CP(C(C)(C)C)C(C)(C)C)C(C)(C)C.O=C(/C=C/c1ccccc1)/C=C/c1ccccc1.[Pd]; emitting sentinel -1.0
2026-05-12 15:01:12,054 [WARNING] ms-clip dropped SMILES CCCCCc1ccc2cc(S(=O)(=O)[O-])c(CCCCC)cc2c1.CCCCCc1ccc2cc(S(=O)(=O)[O-])c(CCCCC)cc2c1.[Ca+2]; emitting sentinel -1.0
2026-05-12 15:01:12,054 [WARNING] ms-clip dropped SMILES CC(C)(C)C(=O)CC(=O)C(C)(C)[C-](O)O.CC(C)(C)C(=O)CC(=O)C(C)(C)[C-](O)O.CC(C)(C)C(=O)CC(=O)C(C)(C)[C-](O)O.[Y+3]; emitting sentinel -1.0
2026-05-12 15:01:12,054 [WARNING] ms-clip dropped SMILES CCCCCc1cc(CCCCC)c2ccccc2c1S(=O)(=O)[O-].CCCCCc1cc(CCCCC)c2ccccc2c1S(=O)(=O)[O-].[Ca+2]; emitting sentinel -1.0
2026-05-12 15:01:12,054 [WARNING] ms-clip dropped SMILES CCCCCCCCCCc1ccc2cc(S(=O)(=O)[O-])ccc2c1.CCCCCCCCCCc1ccc2cc(S(=O)(=O)[O-])ccc2c1.[Ca+2]; emitting sentinel -1.0
2026-05-12 15:01:12,054 [WARNING] ms-clip dropped SMILES CCCCCc1ccc(S(=O)(=O)[O-])c2c(CCCCC)cccc12.CCCCCc1ccc(S(=O)(=O)[O-])c2c(CCCCC)cccc12.[Ca+2]; emitting sentinel -1.0
2026-05-12 15:01:12,054 [WARNING] ms-clip dropped SMILES CCCCCc1ccc2c(CCCCC)ccc(S(=O)(=O)[O-])c2c1.CCCCCc1ccc2c(CCCCC)ccc(S(=O)(=O)[O-])c2c1.[Ca+2]; emitting sentinel -1.0
2026-05-12 15:01:12,054 [WARNING] ms-clip dropped SMILES CC(C)[C@H](NC(=O)CN1CCN(CC(=O)O)CCN(CC(=O)O)CCN(CC(=O)O)CC1)C(=O)N[C@H](C)C(=O)N1CCC[C@H]1B(O)O.[Cu]; emitting sentinel -1.0
2026-05-12 15:01:12,054 [WARNING] ms-clip dropped SMILES CCCCCc1cc2ccccc2c(S(=O)(=O)[O-])c1CCCCC.CCCCCc1cc2ccccc2c(S(=O)(=O)[O-])c1CCCCC.[Ca+2]; emitting sentinel -1.0
2026-05-12 15:01:12,055 [WARNING] ms-clip dropped SMILES CCCCCc1cc2cccc(S(=O)(=O)[O-])c2cc1CCCCC.CCCCCc1cc2cccc(S(=O)(=O)[O-])c2cc1CCCCC.[Ca+2]; emitting sentinel -1.0
2026-05-12 15:01:29,663 [INFO] ms-clip: auto-picked GPU 7 (free 24092 MiB)
2026-05-12 15:01:29,663 [INFO] ms-clip: using CUDA_VISIBLE_DEVICES=7
2026-05-12 15:01:29,663 [INFO] ms-clip: launching predict_smi (n_candidates=256)
2026-05-12 15:01:41,007 [WARNING] ms-clip dropped SMILES CC(C)(C)c1cccc(C(C)(C)C)c1O.C[C]1C(C)=C(C)C(C)=C1C.C[Si](C)(C)[CH-][Si](C)(C)C.[Y]; emitting sentinel -1.0
2026-05-12 15:01:41,007 [WARNING] ms-clip dropped SMILES CCCC[Sn](CCCC)(CCCC)c1c(CO[Si](C)(C)C(C)(C)C)nnn1C[Si](C)(C)C; emitting sentinel -1.0
2026-05-12 15:01:54,237 [INFO] ms-clip: auto-picked GPU 7 (free 20808 MiB)
2026-05-12 15:01:54,237 [INFO] ms-clip: using CUDA_VISIBLE_DEVICES=7
2026-05-12 15:01:54,237 [INFO] ms-clip: launching predict_smi (n_candidates=256)
2026-05-12 15:02:50,496 [INFO] ms-clip: auto-picked GPU 7 (free 24092 MiB)
2026-05-12 15:02:50,496 [INFO] ms-clip: using CUDA_VISIBLE_DEVICES=7
2026-05-12 15:02:50,497 [INFO] ms-clip: launching predict_smi (n_candidates=256)
2026-05-12 15:03:01,649 [WARNING] ms-clip dropped SMILES CC(=O)/C=C(/C)O.CC(=O)/C=C(/C)O.CC(O)CC(C)(C)O.[Ti]; emitting sentinel -1.0
2026-05-12 15:03:33,537 [WARNING] llm_rerank attempt 1 parse error: no JSON object found
2026-05-12 15:03:38,543 [WARNING] chat retry attempt 1/3 after APIConnectionError: Error communicating with OpenAI: HTTPSConnectionPool(host='api.viviai.cc', port=443): Max retries exceeded with url: /v1 — sleeping 10.1s (caller=msg_llm_reranker, trace=None)
2026-05-12 15:04:10,641 [INFO] ms-clip: auto-picked GPU 7 (free 24092 MiB)
2026-05-12 15:04:10,641 [INFO] ms-clip: using CUDA_VISIBLE_DEVICES=7
2026-05-12 15:04:10,641 [INFO] ms-clip: launching predict_smi (n_candidates=256)
2026-05-12 15:05:03,970 [INFO] ms-clip: auto-picked GPU 7 (free 24092 MiB)
2026-05-12 15:05:03,970 [INFO] ms-clip: using CUDA_VISIBLE_DEVICES=7
2026-05-12 15:05:03,970 [INFO] ms-clip: launching predict_smi (n_candidates=256)
2026-05-12 15:05:15,326 [WARNING] ms-clip dropped SMILES CCCCCCCCCCCCCCCC(=O)OC(=O)CNC.[Ca]; emitting sentinel -1.0
2026-05-12 15:05:36,792 [INFO] spec 120/500  MassSpecGymID0202068  pool=256  pred=KSBQHXFJTCXBEK  correct=False  t=33.0s
2026-05-12 15:05:36,942 [INFO] ms-clip: auto-picked GPU 7 (free 24092 MiB)
2026-05-12 15:05:36,942 [INFO] ms-clip: using CUDA_VISIBLE_DEVICES=7
2026-05-12 15:05:36,942 [INFO] ms-clip: launching predict_smi (n_candidates=256)
2026-05-12 15:05:48,689 [WARNING] ms-clip dropped SMILES CCCC/C1=C2/N=C(C(CC)=C2CC)C(c2ccccc2)C2=N/C(=C(/CCCC)c3[n-]c(c(CC)c3CC)C(CCCC)c3[n-]c1c(CC)c3CC)C(CC)=C2CC.[Ni+2]; emitting sentinel -1.0
2026-05-12 15:05:48,689 [WARNING] ms-clip dropped SMILES CCCC/C1=C2/N=C(C(CC)=C2CC)[C@H](CCCC)c2[n-]c(c(CC)c2CC)/C(CCCC)=C2\N=C(C(CC)=C2CC)[C@H](c2ccccc2)c2[n-]c1c(CC)c2CC.[Ni+2]; emitting sentinel -1.0
2026-05-12 15:06:01,230 [INFO] ms-clip: auto-picked GPU 7 (free 24092 MiB)
2026-05-12 15:06:01,230 [INFO] ms-clip: using CUDA_VISIBLE_DEVICES=7
2026-05-12 15:06:01,230 [INFO] ms-clip: launching predict_smi (n_candidates=256)
2026-05-12 15:06:12,775 [WARNING] ms-clip dropped SMILES CC.CCC.CCCC(=O)c1cc(C)c(-c2cc3cnc(N(C)O)cc3n3ccnc23)cn1.[U]; emitting sentinel -1.0
2026-05-12 15:06:47,880 [INFO] ms-clip: auto-picked GPU 7 (free 24092 MiB)
2026-05-12 15:06:47,880 [INFO] ms-clip: using CUDA_VISIBLE_DEVICES=7
2026-05-12 15:06:47,880 [INFO] ms-clip: launching predict_smi (n_candidates=256)
2026-05-12 15:06:59,423 [WARNING] ms-clip dropped SMILES CCCCCC(=C1C=CC(CCc2ccc([C-](CCCCC)c3ccccc3)cc2)=C[CH+]1)c1ccccc1.[Li].[Li]; emitting sentinel -1.0
2026-05-12 15:07:44,054 [INFO] ms-clip: auto-picked GPU 7 (free 24092 MiB)
2026-05-12 15:07:44,054 [INFO] ms-clip: using CUDA_VISIBLE_DEVICES=7
2026-05-12 15:07:44,055 [INFO] ms-clip: launching predict_smi (n_candidates=256)
2026-05-12 15:07:55,074 [WARNING] ms-clip dropped SMILES C/C(=C/C(C)=N/c1c(C)cccc1C)[N-]c1c(C)cccc1C.Cl[Cr+2].[CH]1[CH][CH][CH][CH]1; emitting sentinel -1.0
2026-05-12 15:08:18,215 [WARNING] chat retry attempt 1/3 after APIConnectionError: Error communicating with OpenAI: HTTPSConnectionPool(host='api.viviai.cc', port=443): Max retries exceeded with url: /v1 — sleeping 11.4s (caller=msg_llm_reranker, trace=None)
2026-05-12 15:08:34,647 [WARNING] chat retry attempt 2/3 after APIConnectionError: Error communicating with OpenAI: HTTPSConnectionPool(host='api.viviai.cc', port=443): Max retries exceeded with url: /v1 — sleeping 34.5s (caller=msg_llm_reranker, trace=None)
2026-05-12 15:09:41,017 [INFO] ms-clip: auto-picked GPU 7 (free 24092 MiB)
2026-05-12 15:09:41,017 [INFO] ms-clip: using CUDA_VISIBLE_DEVICES=7
2026-05-12 15:09:41,018 [INFO] ms-clip: launching predict_smi (n_candidates=256)
2026-05-12 15:09:52,299 [WARNING] ms-clip dropped SMILES CC(=O)/C=C(/C)O.C[N+]1=C=[N+]2c3[c-]cc4c(c3Sc3cccc1c32)C(C)(C)CCC4(C)C.[Ir]; emitting sentinel -1.0
2026-05-12 15:09:52,299 [WARNING] ms-clip dropped SMILES C=CC1=C(N/C=N/C)C2c3c(cc4c([nH]c5ccccc54)c3O)CC2(c2ccc(C)cc2)C1[Pb]; emitting sentinel -1.0
2026-05-12 15:09:52,299 [WARNING] ms-clip dropped SMILES CC(=O)O.Cl.NN1CCC[C@H](C(=O)NC2CC(F)(F)C2)C1.O=NN1CCC[C@H](C(=O)NC2CC(F)(F)C2)C1.[Zn]; emitting sentinel -1.0
2026-05-12 15:10:19,288 [INFO] ms-clip: auto-picked GPU 7 (free 24092 MiB)
2026-05-12 15:10:19,288 [INFO] ms-clip: using CUDA_VISIBLE_DEVICES=7
2026-05-12 15:10:19,288 [INFO] ms-clip: launching predict_smi (n_candidates=256)
2026-05-12 15:10:30,435 [WARNING] ms-clip dropped SMILES COC(c1ccc(C(=O)NC(CCSC)C(=O)O)c(-c2ccccc2C)c1)c1ccc(-c2ccc(C=O)cc2)o1.[Li]; emitting sentinel -1.0
2026-05-12 15:10:30,435 [WARNING] ms-clip dropped SMILES CSCCC(NC(=O)c1ccc(COCc2ccc(-c3ccc(C=O)cc3)o2)cc1-c1ccccc1C)C(=O)O.[Li]; emitting sentinel -1.0
2026-05-12 15:10:30,436 [WARNING] ms-clip dropped SMILES C[CH-]/C(Cl)=C\C=C(/C)[C@@]1(NC(=O)OC(C)(C)C)C[C@@H]1C(C)=O.[U]; emitting sentinel -1.0
2026-05-12 15:10:30,436 [WARNING] ms-clip dropped SMILES CCCCCCCCCCCC(=O)O[Sn]1(CCCCCCCC)OC(=O)CC(O)C(=O)O1; emitting sentinel -1.0
2026-05-12 15:10:30,436 [WARNING] ms-clip dropped SMILES CC(=O)[C-]=O.CC(=O)[C-]=O.CC(C)P(C(C)C)C(C)C.CC(C)P(C(C)C)C(C)C.[Ru+2]; emitting sentinel -1.0
2026-05-12 15:11:42,873 [INFO] ms-clip: auto-picked GPU 7 (free 24092 MiB)
2026-05-12 15:11:42,873 [INFO] ms-clip: using CUDA_VISIBLE_DEVICES=7
2026-05-12 15:11:42,873 [INFO] ms-clip: launching predict_smi (n_candidates=256)
2026-05-12 15:11:54,118 [WARNING] ms-clip dropped SMILES CCCCCCCCCCCC(=O)O[Sn](Cc1ccccc1)(Cc1ccccc1)OC(=O)CCCCCCCCCCC; emitting sentinel -1.0
2026-05-12 15:11:54,118 [WARNING] ms-clip dropped SMILES CC.CC.CCC1=CC2=N/C1=C\c1c(CC)c(CC)c3n1[Sn]N(C)C(=C/C1=N/C(=C\3)C(CC)=C1CC)/C(CC)=C(CC)\C=C/2; emitting sentinel -1.0
2026-05-12 15:11:54,118 [WARNING] ms-clip dropped SMILES CC[C@H](NC(=O)c1cccc(O)c1C)[C@H](O)CN1C[C@H]2CCCC[C@H]2C[C@H]1C(=O)NC(C)(C)C.[Ac]; emitting sentinel -1.0
2026-05-12 15:11:54,119 [WARNING] ms-clip dropped SMILES CCCC[Sn](CCCC)(OC(=O)c1cccc(C(C)(C)C)c1C(C)(C)C)OC(=O)c1cccc(C(C)(C)C)c1C(C)(C)C; emitting sentinel -1.0
2026-05-12 15:11:54,119 [WARNING] ms-clip dropped SMILES CC(C)(C)c1ccc(C(=O)[O-])cc1.CC(C)(C)c1ccc(C(=O)[O-])cc1.[CH2]CCCCCCC.[CH2]CCCCCCC.[Sn+2]; emitting sentinel -1.0
2026-05-12 15:12:05,245 [INFO] ms-clip: auto-picked GPU 7 (free 24092 MiB)
2026-05-12 15:12:05,245 [INFO] ms-clip: using CUDA_VISIBLE_DEVICES=7
2026-05-12 15:12:05,245 [INFO] ms-clip: launching predict_smi (n_candidates=256)
2026-05-12 15:12:17,041 [WARNING] ms-clip dropped SMILES CCCC[Sn](CCCC)(CCCC)c1ccc(OCCC[C@@H](C[C@H](NC(=O)OC(C)(C)C)C(=O)OC(C)(C)C)C(=O)OC(C)(C)C)cc1; emitting sentinel -1.0
2026-05-12 15:12:17,041 [WARNING] ms-clip dropped SMILES CCCC[Sn](CCCC)(CCCC)c1ccc(OCCC[C@H](C(=O)O)C(C(C)(C)C)[C@@](NC(=O)OC(C)(C)C)(C(=O)O)C(C)(C)C)cc1; emitting sentinel -1.0
2026-05-12 15:12:17,041 [WARNING] ms-clip dropped SMILES CCCCCCC(O)CCCC.CCCCCCC(O)CCCC.OCCCCCCN(CCO)CCCCCCO.[Y].[Y]; emitting sentinel -1.0
2026-05-12 15:12:17,042 [WARNING] ms-clip dropped SMILES COCCN(Cc1cc(C(C)(C)C)cc(C(C)(C)C)c1O)Cc1cc(C(C)(C)C)cc(C(C)(C)C)c1O.[CH2-]c1ccccc1.[CH2-]c1ccccc1.[Zr+2]; emitting sentinel -1.0
2026-05-12 15:12:32,143 [INFO] ms-clip: auto-picked GPU 7 (free 24092 MiB)
2026-05-12 15:12:32,144 [INFO] ms-clip: using CUDA_VISIBLE_DEVICES=7
2026-05-12 15:12:32,144 [INFO] ms-clip: launching predict_smi (n_candidates=256)
2026-05-12 15:15:31,391 [WARNING] chat retry attempt 1/3 after APIConnectionError: Error communicating with OpenAI: HTTPSConnectionPool(host='api.viviai.cc', port=443): Max retries exceeded with url: /v1 — sleeping 9.1s (caller=msg_llm_reranker, trace=None)
2026-05-12 15:16:53,792 [WARNING] llm_rerank attempt 1 parse error: json decode failed: Expecting ',' delimiter: line 1 column 1812 (char 1811)
2026-05-12 15:17:19,700 [INFO] ms-clip: auto-picked GPU 7 (free 24092 MiB)
2026-05-12 15:17:19,701 [INFO] ms-clip: using CUDA_VISIBLE_DEVICES=7
2026-05-12 15:17:19,701 [INFO] ms-clip: launching predict_smi (n_candidates=256)
2026-05-12 15:17:30,941 [WARNING] ms-clip dropped SMILES [CH2]CCC.[CH2]CCC.[CH2]CCC.[CH]=C1C[C@H]2C(=O)N(c3ccc(OC)cc3)[C@H]2[C@@H]1CC(=O)OC.[Sn]; emitting sentinel -1.0
2026-05-12 15:17:30,942 [WARNING] ms-clip dropped SMILES [CH2]CCC.[CH2]CCC.[CH2]CCC.[CH]=C1[C@H](CC(=O)OC)CN2C(=O)[C@@H](OCc3ccccc3)[C@@H]12.[Sn]; emitting sentinel -1.0
2026-05-12 15:17:30,942 [WARNING] ms-clip dropped SMILES C/C(=C\c1csc(C)n1)C1C[CH-]C(C)(C)CCCC(C)C(C)C(C)C(=O)C(C)(C)C(C)CC(=O)O1.[Y]; emitting sentinel -1.0
2026-05-12 15:17:30,942 [WARNING] ms-clip dropped SMILES CCCC[Sn](/C=C1\CN2C(=O)[C@H](OCc3ccccc3)[C@@H]2[C@H]1CC(=O)OC)(CCCC)CCCC; emitting sentinel -1.0
2026-05-12 15:17:52,270 [INFO] spec 130/500  MassSpecGymID0376694  pool=256  pred=BRPVCFILVPHAJH  correct=False  t=32.7s
2026-05-12 15:17:52,390 [INFO] ms-clip: auto-picked GPU 7 (free 24092 MiB)
2026-05-12 15:17:52,390 [INFO] ms-clip: using CUDA_VISIBLE_DEVICES=7
2026-05-12 15:17:52,390 [INFO] ms-clip: launching predict_smi (n_candidates=256)
2026-05-12 15:18:04,369 [WARNING] ms-clip dropped SMILES CCCCC(=O)N(Cc1ccc(-c2ccccc2-c2nn[nH]n2)cc1)[C@H](C(=O)O)C(C)C.O.O.O.O.[Ca]; emitting sentinel -1.0
2026-05-12 15:18:34,278 [INFO] ms-clip: auto-picked GPU 7 (free 24092 MiB)
2026-05-12 15:18:34,279 [INFO] ms-clip: using CUDA_VISIBLE_DEVICES=7
2026-05-12 15:18:34,279 [INFO] ms-clip: launching predict_smi (n_candidates=256)
2026-05-12 15:20:40,571 [WARNING] chat retry attempt 1/3 after APIConnectionError: Error communicating with OpenAI: HTTPSConnectionPool(host='api.viviai.cc', port=443): Max retries exceeded with url: /v1 — sleeping 11.2s (caller=msg_llm_reranker, trace=None)
2026-05-12 15:20:56,758 [WARNING] chat retry attempt 2/3 after APIConnectionError: Error communicating with OpenAI: HTTPSConnectionPool(host='api.viviai.cc', port=443): Max retries exceeded with url: /v1 — sleeping 25.9s (caller=msg_llm_reranker, trace=None)
2026-05-12 15:21:45,756 [INFO] ms-clip: auto-picked GPU 7 (free 24092 MiB)
2026-05-12 15:21:45,756 [INFO] ms-clip: using CUDA_VISIBLE_DEVICES=7
2026-05-12 15:21:45,756 [INFO] ms-clip: launching predict_smi (n_candidates=256)
2026-05-12 15:21:56,995 [WARNING] ms-clip dropped SMILES CC(C)CCC(=O)NCC(CO)OC(=O)COc1ccc(Cl)cc1Cl.[V]; emitting sentinel -1.0
2026-05-12 15:21:56,996 [WARNING] ms-clip dropped SMILES CC[Al]1CCC(c2c(F)c(F)c(F)c(F)c2F)=C1c1c(F)c(F)c(F)c(F)c1F; emitting sentinel -1.0
2026-05-12 15:21:56,996 [WARNING] ms-clip dropped SMILES CB(O)N1CC(CCl)c2c1[c-]cc1ccccc21.[W]; emitting sentinel -1.0
2026-05-12 15:21:56,996 [WARNING] ms-clip dropped SMILES C1=Cc2cc3ccc(cc4ccc(cc5nc(cc1n2)C=C5)[nH]4)[nH]3.C=O.[Ru]; emitting sentinel -1.0
2026-05-12 15:22:39,072 [INFO] ms-clip: auto-picked GPU 7 (free 24092 MiB)
2026-05-12 15:22:39,072 [INFO] ms-clip: using CUDA_VISIBLE_DEVICES=7
2026-05-12 15:22:39,072 [INFO] ms-clip: launching predict_smi (n_candidates=256)
2026-05-12 15:23:00,754 [INFO] ms-clip: auto-picked GPU 7 (free 24092 MiB)
2026-05-12 15:23:00,754 [INFO] ms-clip: using CUDA_VISIBLE_DEVICES=7
2026-05-12 15:23:00,754 [INFO] ms-clip: launching predict_smi (n_candidates=256)
2026-05-12 15:24:15,652 [WARNING] llm_rerank attempt 1 parse error: no JSON object found
2026-05-12 15:25:23,079 [INFO] ms-clip: auto-picked GPU 7 (free 20808 MiB)
2026-05-12 15:25:23,079 [INFO] ms-clip: using CUDA_VISIBLE_DEVICES=7
2026-05-12 15:25:23,079 [INFO] ms-clip: launching predict_smi (n_candidates=256)
2026-05-12 15:26:07,915 [INFO] ms-clip: auto-picked GPU 7 (free 24092 MiB)
2026-05-12 15:26:07,916 [INFO] ms-clip: using CUDA_VISIBLE_DEVICES=7
2026-05-12 15:26:07,916 [INFO] ms-clip: launching predict_smi (n_candidates=256)
2026-05-12 15:26:38,545 [INFO] ms-clip: auto-picked GPU 7 (free 24092 MiB)
2026-05-12 15:26:38,546 [INFO] ms-clip: using CUDA_VISIBLE_DEVICES=7
2026-05-12 15:26:38,546 [INFO] ms-clip: launching predict_smi (n_candidates=256)
2026-05-12 15:26:50,358 [WARNING] ms-clip dropped SMILES CCc1[cH-]ccc1C.CCc1[cH-]ccc1C.C[Si](C)=[Ti](Cl)Cl; emitting sentinel -1.0
2026-05-12 15:26:50,358 [WARNING] ms-clip dropped SMILES CC1=NC2[CH-]CCC2C(C)=C1C(=O)NN.[W]; emitting sentinel -1.0
2026-05-12 15:26:50,359 [WARNING] ms-clip dropped SMILES C=C[Bi](c1ccccc1)c1ccccc1; emitting sentinel -1.0
2026-05-12 15:27:12,990 [INFO] ms-clip: auto-picked GPU 7 (free 24092 MiB)
2026-05-12 15:27:12,990 [INFO] ms-clip: using CUDA_VISIBLE_DEVICES=7
2026-05-12 15:27:12,990 [INFO] ms-clip: launching predict_smi (n_candidates=256)
2026-05-12 15:27:25,080 [WARNING] ms-clip dropped SMILES O.O=S(=O)([O-])C(F)(F)F.c1ccc2c(c1)COCc1ccccc1[Bi+]2; emitting sentinel -1.0
2026-05-12 15:27:25,081 [WARNING] ms-clip dropped SMILES Oc1ccccc1-c1nnc(-c2ccccc2)s1.Oc1ccccc1-c1nnc(-c2ccccc2)s1.[Zn]; emitting sentinel -1.0
2026-05-12 15:27:25,081 [WARNING] ms-clip dropped SMILES [B]C.[B]OC(B=O)(CC(C)=O)C(=O)C[CH2-].[CH2-]CC(=O)C(O)(O)CC(C)=O.[CH3-].[CH3-].[Y].[Y]; emitting sentinel -1.0
2026-05-12 15:27:25,081 [WARNING] ms-clip dropped SMILES CCCCN(C(=S)[S-])C1CCS(=O)(=O)C1.CCCCN(C(=S)[S-])C1CCS(=O)(=O)C1.[Ca+2]; emitting sentinel -1.0
2026-05-12 15:27:25,081 [WARNING] ms-clip dropped SMILES CC(C)(C)c1ccc([Te]c2ccc3c4c(ccc([Se]c5ccccc5)c24)CC3)cc1; emitting sentinel -1.0
2026-05-12 15:27:37,098 [INFO] ms-clip: auto-picked GPU 7 (free 24092 MiB)
2026-05-12 15:27:37,099 [INFO] ms-clip: using CUDA_VISIBLE_DEVICES=7
2026-05-12 15:27:37,099 [INFO] ms-clip: launching predict_smi (n_candidates=256)
2026-05-12 15:27:48,670 [WARNING] ms-clip dropped SMILES CC.CCCC(CC)C(C)O[N-]CCc1ccccc1.[Y]; emitting sentinel -1.0
2026-05-12 15:29:54,640 [WARNING] chat retry attempt 1/3 after APIConnectionError: Error communicating with OpenAI: HTTPSConnectionPool(host='api.viviai.cc', port=443): Max retries exceeded with url: /v1 — sleeping 8.8s (caller=msg_llm_reranker, trace=None)
2026-05-12 15:31:50,551 [WARNING] chat retry attempt 2/3 after APIConnectionError: Error communicating with OpenAI: HTTPSConnectionPool(host='api.viviai.cc', port=443): Max retries exceeded with url: /v1 — sleeping 28.7s (caller=msg_llm_reranker, trace=None)
2026-05-12 15:34:11,739 [WARNING] chat retry attempt 3/3 after APIConnectionError: Error communicating with OpenAI: HTTPSConnectionPool(host='api.viviai.cc', port=443): Max retries exceeded with url: /v1 — sleeping 59.3s (caller=msg_llm_reranker, trace=None)
2026-05-12 15:36:38,992 [WARNING] llm_rerank attempt 1 chat_fn failed: Error communicating with OpenAI: HTTPSConnectionPool(host='api.viviai.cc', port=443): Max retries exceeded with url: /v1/chat/completions (Caused by ProxyError('Unable to connect to proxy', RemoteDisconnected('Remote end closed connection without response')))
2026-05-12 15:37:37,334 [INFO] spec 140/500  MassSpecGymID0376415  pool=256  pred=LSEYOPVIOSEEFH  correct=False  t=600.4s
2026-05-12 15:37:37,460 [INFO] ms-clip: auto-picked GPU 7 (free 24092 MiB)
2026-05-12 15:37:37,461 [INFO] ms-clip: using CUDA_VISIBLE_DEVICES=7
2026-05-12 15:37:37,461 [INFO] ms-clip: launching predict_smi (n_candidates=256)
2026-05-12 15:38:09,732 [INFO] ms-clip: auto-picked GPU 7 (free 24092 MiB)
2026-05-12 15:38:09,732 [INFO] ms-clip: using CUDA_VISIBLE_DEVICES=7
2026-05-12 15:38:09,732 [INFO] ms-clip: launching predict_smi (n_candidates=211)
2026-05-12 15:39:25,652 [INFO] ms-clip: auto-picked GPU 7 (free 24092 MiB)
2026-05-12 15:39:25,652 [INFO] ms-clip: using CUDA_VISIBLE_DEVICES=7
2026-05-12 15:39:25,652 [INFO] ms-clip: launching predict_smi (n_candidates=256)
2026-05-12 15:39:38,141 [WARNING] ms-clip dropped SMILES [2H]C([2H])([2H])N1C=CN2C1=[Pt]=C1N(C=CN1C([2H])([2H])[2H])c1[c-]c(ccc1)N(c1c(-c3ccccc3)cccc1-c1ccccc1)c1[c-]c2ccc1; emitting sentinel -1.0
2026-05-12 15:39:38,142 [WARNING] ms-clip dropped SMILES CC(=O)N(O)CCCC1NC(=O)CNC(=O)CNC(=O)CNC(=O)C(CCCN(O)C(C)=O)NC(=O)C(CCCN(O)C(C)=O)NC1=O.[Ga]; emitting sentinel -1.0
2026-05-12 15:40:32,265 [WARNING] llm_rerank attempt 1 parse error: json decode failed: Expecting ',' delimiter: line 1 column 2033 (char 2032)
2026-05-12 15:41:03,390 [INFO] ms-clip: auto-picked GPU 7 (free 24092 MiB)
2026-05-12 15:41:03,391 [INFO] ms-clip: using CUDA_VISIBLE_DEVICES=7
2026-05-12 15:41:03,391 [INFO] ms-clip: launching predict_smi (n_candidates=256)
2026-05-12 15:41:14,782 [WARNING] ms-clip dropped SMILES [B]N1C(C(=O)OC)Cc2c([nH]c3ccccc23)C1c1ccc(NC(=O)CCCCCNC(=O)CCCCC2SCC3NC(=O)NC32)cc1; emitting sentinel -1.0
2026-05-12 15:41:14,782 [WARNING] ms-clip dropped SMILES CC(C)(C)c1c[c-]c2c(c1)-c1cc(C(C)(C)C)ccc1C2.CCC1=[C-]C(C)C=C1C(C)(C)C.[Zr+2]=Cc1cccc2ccccc12; emitting sentinel -1.0
2026-05-12 15:41:14,782 [WARNING] ms-clip dropped SMILES CC(C)CCCCCOC(=O)CCS.CC(C)CCCCCOC(=O)CCS.CCCC[Sn]CCCC; emitting sentinel -1.0
2026-05-12 15:41:14,783 [WARNING] ms-clip dropped SMILES CC(C)(C)Nc1n[n+]([O-])c2ccccc2[n+]1[O-].CC(C)(C)Oc1cccc2nc3c(cc12)Cn1c-3cc2c(c1=O)COC(=O)[C@H]2O.CCC; emitting sentinel -1.0
2026-05-12 15:41:14,783 [WARNING] ms-clip dropped SMILES C[N-]C1CC(C)(C)NC(C)(C)C1.Cc1cc(-c2ccc3c(n2)[N-]C3=O)cc2cn(C)nc12.[U+2]; emitting sentinel -1.0
2026-05-12 15:41:14,783 [WARNING] ms-clip dropped SMILES C=[Zr].CC1=[C-]C(C)(C)c2cc3c(cc21)-c1cc2c(cc1C3)C(C)(C)C=C2C.CC1=[C-]C(C)C=C1C(C)C.[CH2-]C.[c-]1ccccc1; emitting sentinel -1.0
2026-05-12 15:41:14,783 [WARNING] ms-clip dropped SMILES C=C(C(COCc1ccc(OC)cc1)C[C@H](O)CC(C)CC/C=C(\C)COCOCC[Si](C)(C)C)[Sn](C)(C)C; emitting sentinel -1.0
2026-05-12 15:41:14,783 [WARNING] ms-clip dropped SMILES CCCCC(CC)COC(=O)CCS.CCCCC(CC)COC(=O)CCS.CCCC[Sn]CCCC; emitting sentinel -1.0
2026-05-12 15:43:12,625 [WARNING] chat retry attempt 1/3 after APIConnectionError: Error communicating with OpenAI: HTTPSConnectionPool(host='api.viviai.cc', port=443): Max retries exceeded with url: /v1 — sleeping 9.3s (caller=msg_llm_reranker, trace=None)
2026-05-12 15:44:06,307 [INFO] ms-clip: auto-picked GPU 7 (free 24092 MiB)
2026-05-12 15:44:06,307 [INFO] ms-clip: using CUDA_VISIBLE_DEVICES=7
2026-05-12 15:44:06,307 [INFO] ms-clip: launching predict_smi (n_candidates=256)
2026-05-12 15:46:03,155 [INFO] error_code=bad_response_status_code error_message=openai_error error_param= error_type=bad_response_status_code message='OpenAI API error received' stream_error=False
2026-05-12 15:46:03,155 [WARNING] chat retry attempt 1/3 after APIError: openai_error {"error":{"message":"openai_error","type":"bad_response_status_code","param":"","code":"bad_response_status — sleeping 9.0s (caller=msg_llm_reranker, trace=None)
2026-05-12 15:46:57,414 [INFO] ms-clip: auto-picked GPU 7 (free 24092 MiB)
2026-05-12 15:46:57,415 [INFO] ms-clip: using CUDA_VISIBLE_DEVICES=7
2026-05-12 15:46:57,415 [INFO] ms-clip: launching predict_smi (n_candidates=256)
2026-05-12 15:47:23,852 [INFO] ms-clip: auto-picked GPU 7 (free 24092 MiB)
2026-05-12 15:47:23,852 [INFO] ms-clip: using CUDA_VISIBLE_DEVICES=7
2026-05-12 15:47:23,852 [INFO] ms-clip: launching predict_smi (n_candidates=256)
2026-05-12 15:47:36,085 [WARNING] ms-clip dropped SMILES C=C1CCC(=O)N1.CCCO.O.[U]; emitting sentinel -1.0
2026-05-12 15:47:36,085 [WARNING] ms-clip dropped SMILES CCCC[Sn](C#CC(=O)N1CCCC1)(CCCC)CCCC; emitting sentinel -1.0
2026-05-12 15:47:36,085 [WARNING] ms-clip dropped SMILES CCOCCOc1ccc(PC(=O)c2c(OC)cc(OC)cc2OC)c(C)c1.[Li]; emitting sentinel -1.0
2026-05-12 15:49:18,128 [WARNING] chat retry attempt 1/3 after APIConnectionError: Error communicating with OpenAI: HTTPSConnectionPool(host='api.viviai.cc', port=443): Max retries exceeded with url: /v1 — sleeping 9.7s (caller=msg_llm_reranker, trace=None)
2026-05-12 15:51:37,828 [WARNING] chat retry attempt 2/3 after APIConnectionError: Error communicating with OpenAI: HTTPSConnectionPool(host='api.viviai.cc', port=443): Max retries exceeded with url: /v1 — sleeping 33.1s (caller=msg_llm_reranker, trace=None)
2026-05-12 15:54:20,558 [WARNING] chat retry attempt 3/3 after APIConnectionError: Error communicating with OpenAI: HTTPSConnectionPool(host='api.viviai.cc', port=443): Max retries exceeded with url: /v1 — sleeping 65.3s (caller=msg_llm_reranker, trace=None)
2026-05-12 15:57:33,230 [WARNING] llm_rerank attempt 1 chat_fn failed: Error communicating with OpenAI: HTTPSConnectionPool(host='api.viviai.cc', port=443): Max retries exceeded with url: /v1/chat/completions (Caused by ProxyError('Unable to connect to proxy', RemoteDisconnected('Remote end closed connection without response')))
2026-05-12 15:59:58,405 [WARNING] chat retry attempt 1/3 after APIConnectionError: Error communicating with OpenAI: HTTPSConnectionPool(host='api.viviai.cc', port=443): Max retries exceeded with url: /v1 — sleeping 10.0s (caller=msg_llm_reranker, trace=None)
2026-05-12 16:02:27,819 [WARNING] chat retry attempt 2/3 after APIConnectionError: Error communicating with OpenAI: HTTPSConnectionPool(host='api.viviai.cc', port=443): Max retries exceeded with url: /v1 — sleeping 25.7s (caller=msg_llm_reranker, trace=None)
2026-05-12 16:04:28,979 [WARNING] chat retry attempt 3/3 after APIConnectionError: Error communicating with OpenAI: HTTPSConnectionPool(host='api.viviai.cc', port=443): Max retries exceeded with url: /v1 — sleeping 54.6s (caller=msg_llm_reranker, trace=None)
2026-05-12 16:07:14,922 [WARNING] llm_rerank attempt 2 chat_fn failed: Error communicating with OpenAI: HTTPSConnectionPool(host='api.viviai.cc', port=443): Max retries exceeded with url: /v1/chat/completions (Caused by ProxyError('Unable to connect to proxy', RemoteDisconnected('Remote end closed connection without response')))
2026-05-12 16:07:15,068 [INFO] ms-clip: auto-picked GPU 7 (free 24092 MiB)
2026-05-12 16:07:15,069 [INFO] ms-clip: using CUDA_VISIBLE_DEVICES=7
2026-05-12 16:07:15,069 [INFO] ms-clip: launching predict_smi (n_candidates=256)
2026-05-12 16:07:27,045 [WARNING] ms-clip dropped SMILES CCCC[Sn](C/C=C\O[C@@H]1[C@@H](O)[C@@H]2OC(C)(C)OC[C@H]2O[C@H]1CCCO[Si](c1ccccc1)(c1ccccc1)C(C)(C)C)(CCCC)CCCC; emitting sentinel -1.0
2026-05-12 16:07:27,045 [WARNING] ms-clip dropped SMILES [CH]1[CH]c2ccccc2[C]1CCN1CCCCC1.[CH]1[CH]c2ccccc2[C]1CCN1CCCCC1.[CH]1[CH]c2ccccc2[C]1CCN1CCCCC1.[Sm+3]; emitting sentinel -1.0
2026-05-12 16:07:27,045 [WARNING] ms-clip dropped SMILES CC(C)(C)c1cc[n-]/c(=N\c2nccc3ccccc23)c1.CC(C)c1cccc(C(C)C)c1-c1ccnc(/N=c2/cc(-c3c(C(C)C)cccc3C(C)C)cc[n-]2)c1.[Zn+2]; emitting sentinel -1.0
2026-05-12 16:07:32,078 [WARNING] chat retry attempt 1/3 after APIConnectionError: Error communicating with OpenAI: HTTPSConnectionPool(host='api.viviai.cc', port=443): Max retries exceeded with url: /v1 — sleeping 10.3s (caller=msg_llm_reranker, trace=None)
2026-05-12 16:09:33,741 [WARNING] chat retry attempt 2/3 after APIConnectionError: Error communicating with OpenAI: HTTPSConnectionPool(host='api.viviai.cc', port=443): Max retries exceeded with url: /v1 — sleeping 33.8s (caller=msg_llm_reranker, trace=None)
2026-05-12 16:10:08,280 [INFO] error_code=bad_response_status_code error_message=openai_error error_param= error_type=bad_response_status_code message='OpenAI API error received' stream_error=False
2026-05-12 16:10:08,281 [WARNING] chat retry attempt 3/3 after APIError: openai_error {"error":{"message":"openai_error","type":"bad_response_status_code","param":"","code":"bad_response_status — sleeping 61.9s (caller=msg_llm_reranker, trace=None)
2026-05-12 16:11:10,882 [INFO] error_code=bad_response_status_code error_message=openai_error error_param= error_type=bad_response_status_code message='OpenAI API error received' stream_error=False
2026-05-12 16:11:10,883 [WARNING] llm_rerank attempt 1 chat_fn failed: openai_error {"error":{"message":"openai_error","type":"bad_response_status_code","param":"","code":"bad_response_status_code"}} 502 {'error': {'message': 'openai_error', 'type': 'bad_response_status_code', 'param': '', 'code': 'bad_response_status_code'}} {'Server': 'nginx', 'Date': 'Tue, 12 May 2026 08:11:10 GMT', 'Content-Type': 'application/json; charset=utf-8', 'Content-Length': '115', 'Connection': 'keep-alive', 'X-New-Api-Version': 'v0.13.0', 'X-Oneapi-Request-Id': '202605120811107101517048268d9d6Gc987Hjs'}
2026-05-12 16:11:11,077 [INFO] error_code=bad_response_status_code error_message=openai_error error_param= error_type=bad_response_status_code message='OpenAI API error received' stream_error=False
2026-05-12 16:11:11,077 [WARNING] chat retry attempt 1/3 after APIError: openai_error {"error":{"message":"openai_error","type":"bad_response_status_code","param":"","code":"bad_response_status — sleeping 11.2s (caller=msg_llm_reranker, trace=None)
2026-05-12 16:11:22,438 [INFO] error_code=bad_response_status_code error_message=openai_error error_param= error_type=bad_response_status_code message='OpenAI API error received' stream_error=False
2026-05-12 16:11:22,438 [WARNING] chat retry attempt 2/3 after APIError: openai_error {"error":{"message":"openai_error","type":"bad_response_status_code","param":"","code":"bad_response_status — sleeping 25.2s (caller=msg_llm_reranker, trace=None)
2026-05-12 16:11:47,901 [INFO] error_code=bad_response_status_code error_message=openai_error error_param= error_type=bad_response_status_code message='OpenAI API error received' stream_error=False
2026-05-12 16:11:47,901 [WARNING] chat retry attempt 3/3 after APIError: openai_error {"error":{"message":"openai_error","type":"bad_response_status_code","param":"","code":"bad_response_status — sleeping 62.8s (caller=msg_llm_reranker, trace=None)
2026-05-12 16:12:51,687 [INFO] error_code=bad_response_status_code error_message=openai_error error_param= error_type=bad_response_status_code message='OpenAI API error received' stream_error=False
2026-05-12 16:12:51,688 [WARNING] llm_rerank attempt 2 chat_fn failed: openai_error {"error":{"message":"openai_error","type":"bad_response_status_code","param":"","code":"bad_response_status_code"}} 502 {'error': {'message': 'openai_error', 'type': 'bad_response_status_code', 'param': '', 'code': 'bad_response_status_code'}} {'Server': 'nginx', 'Date': 'Tue, 12 May 2026 08:12:51 GMT', 'Content-Type': 'application/json; charset=utf-8', 'Content-Length': '115', 'Connection': 'keep-alive', 'X-New-Api-Version': 'v0.13.0', 'X-Oneapi-Request-Id': '202605120812512683922298268d9d6TgP2xLry'}
2026-05-12 16:12:51,839 [INFO] ms-clip: auto-picked GPU 7 (free 24092 MiB)
2026-05-12 16:12:51,839 [INFO] ms-clip: using CUDA_VISIBLE_DEVICES=7
2026-05-12 16:12:51,839 [INFO] ms-clip: launching predict_smi (n_candidates=256)
2026-05-12 16:13:03,728 [WARNING] ms-clip dropped SMILES CCCCCCCCCCCCc1ccc(S(=O)(=O)[O-])cc1.CCCCCCCCCCCCc1ccc(S(=O)(=O)[O-])cc1.[Zn+2]; emitting sentinel -1.0
2026-05-12 16:13:03,728 [WARNING] ms-clip dropped SMILES CCOP(=O)(O)Cc1cc(C(C)(C)C)c(O)c(C(C)(C)C)c1.CCOP(=O)(O)Cc1cc(C(C)(C)C)c(O)c(C(C)(C)C)c1.[Ni]; emitting sentinel -1.0
2026-05-12 16:13:03,956 [INFO] error_code=bad_response_status_code error_message=openai_error error_param= error_type=bad_response_status_code message='OpenAI API error received' stream_error=False
2026-05-12 16:13:03,956 [WARNING] chat retry attempt 1/3 after APIError: openai_error {"error":{"message":"openai_error","type":"bad_response_status_code","param":"","code":"bad_response_status — sleeping 9.4s (caller=msg_llm_reranker, trace=None)
2026-05-12 16:13:14,017 [INFO] error_code=bad_response_status_code error_message=openai_error error_param= error_type=bad_response_status_code message='OpenAI API error received' stream_error=False
2026-05-12 16:13:14,018 [WARNING] chat retry attempt 2/3 after APIError: openai_error {"error":{"message":"openai_error","type":"bad_response_status_code","param":"","code":"bad_response_status — sleeping 31.1s (caller=msg_llm_reranker, trace=None)
2026-05-12 16:13:45,849 [INFO] error_code=bad_response_status_code error_message=openai_error error_param= error_type=bad_response_status_code message='OpenAI API error received' stream_error=False
2026-05-12 16:13:45,849 [WARNING] chat retry attempt 3/3 after APIError: openai_error {"error":{"message":"openai_error","type":"bad_response_status_code","param":"","code":"bad_response_status — sleeping 58.3s (caller=msg_llm_reranker, trace=None)
2026-05-12 16:16:30,326 [WARNING] llm_rerank attempt 1 chat_fn failed: Error communicating with OpenAI: HTTPSConnectionPool(host='api.viviai.cc', port=443): Max retries exceeded with url: /v1/chat/completions (Caused by ProxyError('Unable to connect to proxy', RemoteDisconnected('Remote end closed connection without response')))
2026-05-12 16:19:10,969 [WARNING] chat retry attempt 1/3 after APIConnectionError: Error communicating with OpenAI: HTTPSConnectionPool(host='api.viviai.cc', port=443): Max retries exceeded with url: /v1 — sleeping 9.3s (caller=msg_llm_reranker, trace=None)
2026-05-12 16:21:13,566 [WARNING] chat retry attempt 2/3 after APIConnectionError: Error communicating with OpenAI: HTTPSConnectionPool(host='api.viviai.cc', port=443): Max retries exceeded with url: /v1 — sleeping 34.9s (caller=msg_llm_reranker, trace=None)
2026-05-12 16:24:01,322 [WARNING] chat retry attempt 3/3 after APIConnectionError: Error communicating with OpenAI: HTTPSConnectionPool(host='api.viviai.cc', port=443): Max retries exceeded with url: /v1 — sleeping 65.5s (caller=msg_llm_reranker, trace=None)
2026-05-12 16:25:07,702 [WARNING] llm_rerank attempt 2 chat_fn failed: The server is overloaded or not ready yet.
2026-05-12 16:25:07,847 [INFO] ms-clip: auto-picked GPU 7 (free 24092 MiB)
2026-05-12 16:25:07,848 [INFO] ms-clip: using CUDA_VISIBLE_DEVICES=7
2026-05-12 16:25:07,848 [INFO] ms-clip: launching predict_smi (n_candidates=256)
2026-05-12 16:25:19,024 [WARNING] ms-clip dropped SMILES O=[C-]C(F)(F)CF.[Rf]; emitting sentinel -1.0
2026-05-12 16:25:19,024 [WARNING] ms-clip dropped SMILES C=C(NC)N1CCN(C(C)=O)CC1.CC(N)=O.CO.[CH3-].[Y]; emitting sentinel -1.0
2026-05-12 16:25:19,263 [WARNING] chat retry attempt 1/3 after ServiceUnavailableError: The server is overloaded or not ready yet. — sleeping 11.5s (caller=msg_llm_reranker, trace=None)
2026-05-12 16:25:35,501 [WARNING] chat retry attempt 2/3 after ServiceUnavailableError: The server is overloaded or not ready yet. — sleeping 30.1s (caller=msg_llm_reranker, trace=None)
2026-05-12 16:26:05,875 [WARNING] chat retry attempt 3/3 after ServiceUnavailableError: The server is overloaded or not ready yet. — sleeping 57.3s (caller=msg_llm_reranker, trace=None)
2026-05-12 16:29:04,545 [WARNING] llm_rerank attempt 1 chat_fn failed: Error communicating with OpenAI: HTTPSConnectionPool(host='api.viviai.cc', port=443): Max retries exceeded with url: /v1/chat/completions (Caused by ProxyError('Unable to connect to proxy', RemoteDisconnected('Remote end closed connection without response')))
2026-05-12 16:29:05,252 [WARNING] chat retry attempt 1/3 after ServiceUnavailableError: The server is overloaded or not ready yet. — sleeping 9.7s (caller=msg_llm_reranker, trace=None)
2026-05-12 16:29:15,209 [WARNING] chat retry attempt 2/3 after ServiceUnavailableError: The server is overloaded or not ready yet. — sleeping 29.6s (caller=msg_llm_reranker, trace=None)
2026-05-12 16:29:45,048 [INFO] error_code=bad_response_status_code error_message=openai_error error_param= error_type=bad_response_status_code message='OpenAI API error received' stream_error=False
2026-05-12 16:29:45,049 [WARNING] chat retry attempt 3/3 after APIError: openai_error {"error":{"message":"openai_error","type":"bad_response_status_code","param":"","code":"bad_response_status — sleeping 64.0s (caller=msg_llm_reranker, trace=None)
2026-05-12 16:32:49,911 [WARNING] llm_rerank attempt 2 chat_fn failed: Error communicating with OpenAI: HTTPSConnectionPool(host='api.viviai.cc', port=443): Max retries exceeded with url: /v1/chat/completions (Caused by ProxyError('Unable to connect to proxy', RemoteDisconnected('Remote end closed connection without response')))
2026-05-12 16:32:49,913 [INFO] spec 150/500  MassSpecGymID0207521  pool=256  pred=YGWUEIKJBWTKOE  correct=True  t=462.2s
2026-05-12 16:32:50,060 [INFO] ms-clip: auto-picked GPU 7 (free 24092 MiB)
2026-05-12 16:32:50,060 [INFO] ms-clip: using CUDA_VISIBLE_DEVICES=7
2026-05-12 16:32:50,060 [INFO] ms-clip: launching predict_smi (n_candidates=256)
2026-05-12 16:34:32,510 [WARNING] chat retry attempt 1/3 after APIConnectionError: Error communicating with OpenAI: HTTPSConnectionPool(host='api.viviai.cc', port=443): Max retries exceeded with url: /v1 — sleeping 9.8s (caller=msg_llm_reranker, trace=None)
2026-05-12 16:37:20,100 [WARNING] chat retry attempt 2/3 after APIConnectionError: Error communicating with OpenAI: HTTPSConnectionPool(host='api.viviai.cc', port=443): Max retries exceeded with url: /v1 — sleeping 33.5s (caller=msg_llm_reranker, trace=None)
2026-05-12 16:37:54,339 [INFO] error_code=bad_response_status_code error_message=openai_error error_param= error_type=bad_response_status_code message='OpenAI API error received' stream_error=False
2026-05-12 16:37:54,339 [WARNING] chat retry attempt 3/3 after APIError: openai_error {"error":{"message":"openai_error","type":"bad_response_status_code","param":"","code":"bad_response_status — sleeping 63.4s (caller=msg_llm_reranker, trace=None)
2026-05-12 16:40:32,176 [WARNING] llm_rerank attempt 1 chat_fn failed: Error communicating with OpenAI: HTTPSConnectionPool(host='api.viviai.cc', port=443): Max retries exceeded with url: /v1/chat/completions (Caused by ProxyError('Unable to connect to proxy', RemoteDisconnected('Remote end closed connection without response')))
2026-05-12 16:42:08,138 [INFO] ms-clip: auto-picked GPU 7 (free 24092 MiB)
2026-05-12 16:42:08,138 [INFO] ms-clip: using CUDA_VISIBLE_DEVICES=7
2026-05-12 16:42:08,138 [INFO] ms-clip: launching predict_smi (n_candidates=256)
2026-05-12 16:42:19,571 [WARNING] ms-clip dropped SMILES Cc1cc(C)c([GeH](C(=O)c2cccs2)c2c(C)cc(C)cc2C)c(C)c1; emitting sentinel -1.0
2026-05-12 16:42:19,571 [WARNING] ms-clip dropped SMILES COc1cc(Cc2cnc(N)nc2N)cc([Sn](C)(C)C)c1OC; emitting sentinel -1.0
2026-05-12 16:42:38,894 [INFO] ms-clip: auto-picked GPU 7 (free 24092 MiB)
2026-05-12 16:42:38,894 [INFO] ms-clip: using CUDA_VISIBLE_DEVICES=7
2026-05-12 16:42:38,894 [INFO] ms-clip: launching predict_smi (n_candidates=256)
2026-05-12 16:43:18,741 [INFO] ms-clip: auto-picked GPU 7 (free 24092 MiB)
2026-05-12 16:43:18,741 [INFO] ms-clip: using CUDA_VISIBLE_DEVICES=7
2026-05-12 16:43:18,741 [INFO] ms-clip: launching predict_smi (n_candidates=256)
2026-05-12 16:43:29,955 [WARNING] ms-clip dropped SMILES CC(C)P(c1cc2ccccc2[cH-]1)C(C)C.CCCCP(CCCC)c1cc2ccccc2[cH-]1.[Cl-].[Cl-].[Ti+4]; emitting sentinel -1.0
2026-05-12 16:43:29,956 [WARNING] ms-clip dropped SMILES CC(C)(C)P(c1cc2ccccc2[cH-]1)C(C)(C)C.CC(C)P(c1cc2ccccc2[cH-]1)C(C)C.[Cl-].[Cl-].[Ti+4]; emitting sentinel -1.0
2026-05-12 16:43:29,956 [WARNING] ms-clip dropped SMILES CCCCCCCCCCCS(=O)(=O)[O-].CCCCCCCCCCCS(=O)(=O)[O-].[Ba+2]; emitting sentinel -1.0
2026-05-12 16:43:29,956 [WARNING] ms-clip dropped SMILES [CH2-]c1ccccc1.[CH2-]c1ccccc1.[Zr+4].c1ccc([N-]c2ccccc2)cc1.c1ccc([N-]c2ccccc2)cc1; emitting sentinel -1.0
2026-05-12 16:43:29,956 [WARNING] ms-clip dropped SMILES C.C.C.C.C.C.Cc1ccc(S(=O)(=O)c2ccc(S(C)(=O)=O)cc2)c(OC(F)(F)C(F)(F)S(=O)(=O)[O-])c1.[Li+]; emitting sentinel -1.0
2026-05-12 16:44:11,118 [INFO] ms-clip: auto-picked GPU 7 (free 24092 MiB)
2026-05-12 16:44:11,119 [INFO] ms-clip: using CUDA_VISIBLE_DEVICES=7
2026-05-12 16:44:11,119 [INFO] ms-clip: launching predict_smi (n_candidates=256)
2026-05-12 16:44:22,869 [WARNING] ms-clip dropped SMILES Cn1c2nc3nc(nc4[n-]c(nc5nc(nc1c1cc6ccccc6cc12)-c1cc2ccccc2cc1-5)c1cc2ccccc2cc41)-c1cc2ccccc2cc1-3.O=[V]; emitting sentinel -1.0
2026-05-12 16:44:22,869 [WARNING] ms-clip dropped SMILES C=CCN(C)Cc1cccc(N)c1.C=CCN(C)Cc1cccc([N+](=O)[O-])c1.C=CCNC.Cl[Sn]Cl.O=Cc1cccc([N+](=O)[O-])c1; emitting sentinel -1.0
2026-05-12 16:44:22,869 [WARNING] ms-clip dropped SMILES Cc1cc(Oc2[c-]c3c(cc2)c2ccccc2n3-c2cc(F)ccn2)[c-]c(-n2nc(-c3ccccc3)c(-c3c(C)cccc3C)c2-c2ccccc2)c1.[Pd+2]; emitting sentinel -1.0
2026-05-12 16:44:22,869 [WARNING] ms-clip dropped SMILES CCOC(=O)C(C(=O)OCC)=C(C)C.CCOC(=O)C(C(=O)OCC)C(C)(C)c1ccc(C(F)(F)F)cc1.FC(F)(F)c1cc[c-]cc1.[Br-].[Mg+2]; emitting sentinel -1.0
2026-05-12 16:44:22,869 [WARNING] ms-clip dropped SMILES Cc1cc(C)c(/N=C2C(=N/c3c(C)cc(C)cc3-c3cccc4ccccc34)/c3c(C)c(Cl)cc4cccc/2c34)c(-c2cccc3ccccc23)c1.[Pd]; emitting sentinel -1.0
2026-05-12 16:44:22,869 [WARNING] ms-clip dropped SMILES Fc1c[c-]c(-c2cccc(-c3[c-]cc(F)cc3F)n2)c(F)c1.[Au+3].[C-]#Cc1c(C)cc(N(c2ccccc2)c2ccccc2)cc1C; emitting sentinel -1.0
2026-05-12 16:44:22,869 [WARNING] ms-clip dropped SMILES Cc1ccc([C+]2c3ccc([n-]3)[C+](c3ccc([N+](=O)[O-])cc3)c3ccc([n-]3)[C+](c3ccc(C)cc3)c3ccc([n-]3)[C+](c3ccc([N+](=O)[O-])cc3)c3ccc2[n-]3)cc1.[Zn]; emitting sentinel -1.0
2026-05-12 16:44:22,869 [WARNING] ms-clip dropped SMILES CCSC(=S)NCCC1C(=O)O[C-]2CN(C)C3[CH-]CN(Cc4cccc(n4)CN1C2)C(CCNC(=S)SCC[C@H](N)C(=O)O)C(=O)OC3.[Mn+2]; emitting sentinel -1.0
2026-05-12 16:44:22,869 [WARNING] ms-clip dropped SMILES CCCCC(CC)Cc1nc2c3cc([Sn](C)(C)C)sc3c3sc([Sn](C)(C)C)cc3c2nc1CC(CC)CCCC; emitting sentinel -1.0
2026-05-12 16:44:22,869 [WARNING] ms-clip dropped SMILES O=C1C=CC(=C2c3ccc([n-]3)C(=C3C=CC(=O)C=C3)c3ccc([nH]3)C(=C3C=Cc4ccccc4N3)c3ccc([n-]3)C(=C3C=CC(=O)C=C3)c3ccc2[nH]3)C=C1.[OH3+].[Zn+2]; emitting sentinel -1.0
2026-05-12 16:44:22,869 [WARNING] ms-clip dropped SMILES [Hf].c1ccc(-c2ccc(-c3cc4c(ccc5ccccc54)[cH-]3)o2)cc1.c1ccc(-c2ccc(-c3cc4c(ccc5ccccc54)[cH-]3)o2)cc1; emitting sentinel -1.0
2026-05-12 16:44:22,869 [WARNING] ms-clip dropped SMILES C=CCOP(=NC)(N=P(N=P(N=P(N=P(C)(O)OCC)(OCC)OCC)(OCC)OCC)(OCC)OCC)OCC.[NH2-].[Y]; emitting sentinel -1.0
2026-05-12 16:44:22,869 [WARNING] ms-clip dropped SMILES Cc1ccc2c(c1)C(=O)C(c1nc3c4cccnc4c4ncccc4c3[nH]1)CO2.[Ru].c1ccc(-c2ccccn2)nc1.c1ccc(-c2ccccn2)nc1; emitting sentinel -1.0
2026-05-12 16:44:22,870 [WARNING] ms-clip dropped SMILES C.CCOC(=O)C(=O)c1c(Cl)c(C(=O)Nc2ccc(F)c(C#N)c2)n(C)c1C.Cc1c(C(=O)C(=O)O)c(Cl)c(C(=O)Nc2ccc(F)c(C#N)c2)n1C.[Li+].[OH-]; emitting sentinel -1.0
2026-05-12 16:44:22,870 [WARNING] ms-clip dropped SMILES COc1ccc(NC(=O)C(c2ccccc2C)N(CCNC(=O)OCc2ccccc2)C(=O)Cn2cc(C)c(=O)[nH]c2=O)c([N+](=O)[O-])c1.[C-]#[O+].[C-]#[O+].[C-]#[O+].[Cr]; emitting sentinel -1.0
2026-05-12 16:44:22,870 [WARNING] ms-clip dropped SMILES Oc1ccc(-c2c3nc(c(-c4ccc(O)cc4)c4ccc([n-]4)c(-c4ccc5ccccc5n4)c4nc(c(-c5ccc(O)cc5)c5ccc2[n-]5)C=C4)C=C3)cc1.[OH3+].[Zn+2]; emitting sentinel -1.0
2026-05-12 16:44:22,870 [WARNING] ms-clip dropped SMILES CCOc1ccc(C(=N\N=C(/[S-])NC)/C(=N/N=C(\[S-])NCCOC[P+](c2ccccc2)(c2ccccc2)c2ccccc2)c2ccccc2)cc1.[Cu+2]; emitting sentinel -1.0
2026-05-12 16:44:34,892 [INFO] ms-clip: auto-picked GPU 7 (free 24092 MiB)
2026-05-12 16:44:34,892 [INFO] ms-clip: using CUDA_VISIBLE_DEVICES=7
2026-05-12 16:44:34,892 [INFO] ms-clip: launching predict_smi (n_candidates=256)
2026-05-12 16:44:46,510 [WARNING] ms-clip dropped SMILES CCC.CCCC.CCCC[Sn]c1nc(N2CCOCC2)c2nc(CN3CCC(C(C)(C)O)CC3)n(C)c2n1; emitting sentinel -1.0
2026-05-12 16:44:46,510 [WARNING] ms-clip dropped SMILES CCCCCCCCCCCCCCC(=O)[O-].CCCCc1cccc(C(=O)[O-])c1.[CH2]CCC.[CH2]CCC.[Sn+2]; emitting sentinel -1.0
2026-05-12 16:44:46,510 [WARNING] ms-clip dropped SMILES CCCCC1=Nc2nc1c(CCCC)c1c(CCCC)c(C)c(c(C)c3nc(cc4nnc(n2)n4CCCC)C=C3C)n1C.[Ni]; emitting sentinel -1.0
2026-05-12 16:44:46,511 [WARNING] ms-clip dropped SMILES CCCCCCCCCCCCC/C=C/[C@@H](OCc1ccc(OC)cc1)[C@H]1CO[Sn](CCCC)(CCCC)O1; emitting sentinel -1.0
2026-05-12 16:44:46,511 [WARNING] ms-clip dropped SMILES CCCCCCCCCCCCCCCCCC(=O)[O-].Cc1ccc(C(=O)[O-])cc1.[CH2]CCC.[CH2]CCC.[Sn+2]; emitting sentinel -1.0
2026-05-12 16:44:46,511 [WARNING] ms-clip dropped SMILES CCCCCCCCCCCCC(CCCCCCCCCC)COC([NH-])=O.Cc1cc(=O)[nH]c(NC([NH-])=O)n1.[Y]; emitting sentinel -1.0
2026-05-12 16:44:46,728 [INFO] error_code=bad_response_status_code error_message=openai_error error_param= error_type=bad_response_status_code message='OpenAI API error received' stream_error=False
2026-05-12 16:44:46,729 [WARNING] chat retry attempt 1/3 after APIError: openai_error {"error":{"message":"openai_error","type":"bad_response_status_code","param":"","code":"bad_response_status — sleeping 10.8s (caller=msg_llm_reranker, trace=None)
2026-05-12 16:44:57,688 [INFO] error_code=bad_response_status_code error_message=openai_error error_param= error_type=bad_response_status_code message='OpenAI API error received' stream_error=False
2026-05-12 16:44:57,688 [WARNING] chat retry attempt 2/3 after APIError: openai_error {"error":{"message":"openai_error","type":"bad_response_status_code","param":"","code":"bad_response_status — sleeping 27.0s (caller=msg_llm_reranker, trace=None)
2026-05-12 16:45:25,389 [INFO] error_code=bad_response_status_code error_message=openai_error error_param= error_type=bad_response_status_code message='OpenAI API error received' stream_error=False
2026-05-12 16:45:25,390 [WARNING] chat retry attempt 3/3 after APIError: openai_error {"error":{"message":"openai_error","type":"bad_response_status_code","param":"","code":"bad_response_status — sleeping 62.4s (caller=msg_llm_reranker, trace=None)
2026-05-12 16:46:28,469 [INFO] error_code=bad_response_status_code error_message=openai_error error_param= error_type=bad_response_status_code message='OpenAI API error received' stream_error=False
2026-05-12 16:46:28,469 [WARNING] llm_rerank attempt 1 chat_fn failed: openai_error {"error":{"message":"openai_error","type":"bad_response_status_code","param":"","code":"bad_response_status_code"}} 502 {'error': {'message': 'openai_error', 'type': 'bad_response_status_code', 'param': '', 'code': 'bad_response_status_code'}} {'Server': 'nginx', 'Date': 'Tue, 12 May 2026 08:46:28 GMT', 'Content-Type': 'application/json; charset=utf-8', 'Content-Length': '115', 'Connection': 'keep-alive', 'X-New-Api-Version': 'v0.13.0', 'X-Oneapi-Request-Id': '202605120846283084073958268d9d6J7yAoacz'}
2026-05-12 16:46:28,663 [INFO] error_code=bad_response_status_code error_message=openai_error error_param= error_type=bad_response_status_code message='OpenAI API error received' stream_error=False
2026-05-12 16:46:28,663 [WARNING] chat retry attempt 1/3 after APIError: openai_error {"error":{"message":"openai_error","type":"bad_response_status_code","param":"","code":"bad_response_status — sleeping 11.5s (caller=msg_llm_reranker, trace=None)
2026-05-12 16:46:40,382 [INFO] error_code=bad_response_status_code error_message=openai_error error_param= error_type=bad_response_status_code message='OpenAI API error received' stream_error=False
2026-05-12 16:46:40,382 [WARNING] chat retry attempt 2/3 after APIError: openai_error {"error":{"message":"openai_error","type":"bad_response_status_code","param":"","code":"bad_response_status — sleeping 27.3s (caller=msg_llm_reranker, trace=None)
2026-05-12 16:47:07,877 [INFO] error_code=bad_response_status_code error_message=openai_error error_param= error_type=bad_response_status_code message='OpenAI API error received' stream_error=False
2026-05-12 16:47:07,877 [WARNING] chat retry attempt 3/3 after APIError: openai_error {"error":{"message":"openai_error","type":"bad_response_status_code","param":"","code":"bad_response_status — sleeping 67.3s (caller=msg_llm_reranker, trace=None)
2026-05-12 16:48:15,963 [INFO] error_code=bad_response_status_code error_message=openai_error error_param= error_type=bad_response_status_code message='OpenAI API error received' stream_error=False
2026-05-12 16:48:15,964 [WARNING] llm_rerank attempt 2 chat_fn failed: openai_error {"error":{"message":"openai_error","type":"bad_response_status_code","param":"","code":"bad_response_status_code"}} 502 {'error': {'message': 'openai_error', 'type': 'bad_response_status_code', 'param': '', 'code': 'bad_response_status_code'}} {'Server': 'nginx', 'Date': 'Tue, 12 May 2026 08:48:15 GMT', 'Content-Type': 'application/json; charset=utf-8', 'Content-Length': '115', 'Connection': 'keep-alive', 'X-New-Api-Version': 'v0.13.0', 'X-Oneapi-Request-Id': '202605120848158037421868268d9d6FiulfJA4'}
2026-05-12 16:48:16,095 [INFO] ms-clip: auto-picked GPU 7 (free 24092 MiB)
2026-05-12 16:48:16,095 [INFO] ms-clip: using CUDA_VISIBLE_DEVICES=7
2026-05-12 16:48:16,095 [INFO] ms-clip: launching predict_smi (n_candidates=256)
2026-05-12 16:48:27,760 [WARNING] ms-clip dropped SMILES CC(C)(C)c1cccc(C(C)(C)C)c1O.C[C]1C(C)=C(C)C(C)=C1C.C[Si](C)(C)[CH-][Si](C)(C)C.[Y]; emitting sentinel -1.0
2026-05-12 16:48:27,761 [WARNING] ms-clip dropped SMILES CCCC[Sn](CCCC)(CCCC)c1c(CO[Si](C)(C)C(C)(C)C)nnn1C[Si](C)(C)C; emitting sentinel -1.0
2026-05-12 16:48:28,460 [INFO] error_code=bad_response_status_code error_message=openai_error error_param= error_type=bad_response_status_code message='OpenAI API error received' stream_error=False
2026-05-12 16:48:28,460 [WARNING] chat retry attempt 1/3 after APIError: openai_error {"error":{"message":"openai_error","type":"bad_response_status_code","param":"","code":"bad_response_status — sleeping 8.6s (caller=msg_llm_reranker, trace=None)
2026-05-12 16:48:37,282 [INFO] error_code=bad_response_status_code error_message=openai_error error_param= error_type=bad_response_status_code message='OpenAI API error received' stream_error=False
2026-05-12 16:48:37,282 [WARNING] chat retry attempt 2/3 after APIError: openai_error {"error":{"message":"openai_error","type":"bad_response_status_code","param":"","code":"bad_response_status — sleeping 26.2s (caller=msg_llm_reranker, trace=None)
2026-05-12 16:49:03,742 [INFO] error_code=bad_response_status_code error_message=openai_error error_param= error_type=bad_response_status_code message='OpenAI API error received' stream_error=False
2026-05-12 16:49:03,742 [WARNING] chat retry attempt 3/3 after APIError: openai_error {"error":{"message":"openai_error","type":"bad_response_status_code","param":"","code":"bad_response_status — sleeping 62.1s (caller=msg_llm_reranker, trace=None)
2026-05-12 16:50:06,568 [INFO] error_code=bad_response_status_code error_message=openai_error error_param= error_type=bad_response_status_code message='OpenAI API error received' stream_error=False
2026-05-12 16:50:06,569 [WARNING] llm_rerank attempt 1 chat_fn failed: openai_error {"error":{"message":"openai_error","type":"bad_response_status_code","param":"","code":"bad_response_status_code"}} 502 {'error': {'message': 'openai_error', 'type': 'bad_response_status_code', 'param': '', 'code': 'bad_response_status_code'}} {'Server': 'nginx', 'Date': 'Tue, 12 May 2026 08:50:06 GMT', 'Content-Type': 'application/json; charset=utf-8', 'Content-Length': '115', 'Connection': 'keep-alive', 'X-New-Api-Version': 'v0.13.0', 'X-Oneapi-Request-Id': '202605120850064081776588268d9d684JsHlWU'}
2026-05-12 16:50:06,764 [INFO] error_code=bad_response_status_code error_message=openai_error error_param= error_type=bad_response_status_code message='OpenAI API error received' stream_error=False
2026-05-12 16:50:06,764 [WARNING] chat retry attempt 1/3 after APIError: openai_error {"error":{"message":"openai_error","type":"bad_response_status_code","param":"","code":"bad_response_status — sleeping 8.0s (caller=msg_llm_reranker, trace=None)
2026-05-12 16:50:15,016 [INFO] error_code=bad_response_status_code error_message=openai_error error_param= error_type=bad_response_status_code message='OpenAI API error received' stream_error=False
2026-05-12 16:50:15,016 [WARNING] chat retry attempt 2/3 after APIError: openai_error {"error":{"message":"openai_error","type":"bad_response_status_code","param":"","code":"bad_response_status — sleeping 25.5s (caller=msg_llm_reranker, trace=None)
2026-05-12 16:50:40,743 [INFO] error_code=bad_response_status_code error_message=openai_error error_param= error_type=bad_response_status_code message='OpenAI API error received' stream_error=False
2026-05-12 16:50:40,744 [WARNING] chat retry attempt 3/3 after APIError: openai_error {"error":{"message":"openai_error","type":"bad_response_status_code","param":"","code":"bad_response_status — sleeping 65.2s (caller=msg_llm_reranker, trace=None)
2026-05-12 16:51:46,632 [INFO] error_code=bad_response_status_code error_message=openai_error error_param= error_type=bad_response_status_code message='OpenAI API error received' stream_error=False
2026-05-12 16:51:46,632 [WARNING] llm_rerank attempt 2 chat_fn failed: openai_error {"error":{"message":"openai_error","type":"bad_response_status_code","param":"","code":"bad_response_status_code"}} 502 {'error': {'message': 'openai_error', 'type': 'bad_response_status_code', 'param': '', 'code': 'bad_response_status_code'}} {'Server': 'nginx', 'Date': 'Tue, 12 May 2026 08:51:46 GMT', 'Content-Type': 'application/json; charset=utf-8', 'Content-Length': '115', 'Connection': 'keep-alive', 'X-New-Api-Version': 'v0.13.0', 'X-Oneapi-Request-Id': '202605120851464730459688268d9d6NcNDuEZR'}
2026-05-12 16:51:46,767 [INFO] ms-clip: auto-picked GPU 7 (free 24092 MiB)
2026-05-12 16:51:46,767 [INFO] ms-clip: using CUDA_VISIBLE_DEVICES=7
2026-05-12 16:51:46,767 [INFO] ms-clip: launching predict_smi (n_candidates=256)
2026-05-12 16:51:59,313 [WARNING] ms-clip dropped SMILES CCCCCCCCCCCC[Sn]1(CCCCCCCCCCCC)CCC(OC(C)=O)(OC(C)=O)C(F)(F)O1; emitting sentinel -1.0
2026-05-12 16:51:59,313 [WARNING] ms-clip dropped SMILES CCCCC(C)(CCC)C(=O)[O-].CCCCCCC(C)(C)C(=O)[O-].CCCCCCC(C)(C)C(=O)[O-].[Tm+3]; emitting sentinel -1.0
2026-05-12 16:51:59,314 [WARNING] ms-clip dropped SMILES CCCCCC(C)(CC)C(=O)[O-].CCCCCC(C)(CC)C(=O)[O-].CCCCCC(C)(CC)C(=O)[O-].[Tm+3]; emitting sentinel -1.0
2026-05-12 16:51:59,314 [WARNING] ms-clip dropped SMILES CCCCC(C)(CCC)C(=O)[O-].CCCCCC(C)(CC)C(=O)[O-].CCCCCCC(C)(C)C(=O)[O-].[Tm+3]; emitting sentinel -1.0
2026-05-12 16:51:59,537 [INFO] error_code=bad_response_status_code error_message=openai_error error_param= error_type=bad_response_status_code message='OpenAI API error received' stream_error=False
2026-05-12 16:51:59,537 [WARNING] chat retry attempt 1/3 after APIError: openai_error {"error":{"message":"openai_error","type":"bad_response_status_code","param":"","code":"bad_response_status — sleeping 11.6s (caller=msg_llm_reranker, trace=None)
2026-05-12 16:52:11,333 [INFO] error_code=bad_response_status_code error_message=openai_error error_param= error_type=bad_response_status_code message='OpenAI API error received' stream_error=False
2026-05-12 16:52:11,333 [WARNING] chat retry attempt 2/3 after APIError: openai_error {"error":{"message":"openai_error","type":"bad_response_status_code","param":"","code":"bad_response_status — sleeping 30.3s (caller=msg_llm_reranker, trace=None)
2026-05-12 16:52:41,907 [INFO] error_code=bad_response_status_code error_message=openai_error error_param= error_type=bad_response_status_code message='OpenAI API error received' stream_error=False
2026-05-12 16:52:41,907 [WARNING] chat retry attempt 3/3 after APIError: openai_error {"error":{"message":"openai_error","type":"bad_response_status_code","param":"","code":"bad_response_status — sleeping 65.1s (caller=msg_llm_reranker, trace=None)
2026-05-12 16:53:52,033 [WARNING] llm_rerank attempt 1 chat_fn failed: Error communicating with OpenAI: HTTPSConnectionPool(host='api.viviai.cc', port=443): Max retries exceeded with url: /v1/chat/completions (Caused by SSLError(SSLZeroReturnError(6, 'TLS/SSL connection has been closed (EOF) (_ssl.c:1147)')))
2026-05-12 16:53:52,722 [INFO] error_code=bad_response_status_code error_message=openai_error error_param= error_type=bad_response_status_code message='OpenAI API error received' stream_error=False
2026-05-12 16:53:52,722 [WARNING] chat retry attempt 1/3 after APIError: openai_error {"error":{"message":"openai_error","type":"bad_response_status_code","param":"","code":"bad_response_status — sleeping 11.9s (caller=msg_llm_reranker, trace=None)
2026-05-12 16:54:04,824 [INFO] error_code=bad_response_status_code error_message=openai_error error_param= error_type=bad_response_status_code message='OpenAI API error received' stream_error=False
2026-05-12 16:54:04,824 [WARNING] chat retry attempt 2/3 after APIError: openai_error {"error":{"message":"openai_error","type":"bad_response_status_code","param":"","code":"bad_response_status — sleeping 32.4s (caller=msg_llm_reranker, trace=None)
2026-05-12 16:54:37,488 [INFO] error_code=bad_response_status_code error_message=openai_error error_param= error_type=bad_response_status_code message='OpenAI API error received' stream_error=False
2026-05-12 16:54:37,489 [WARNING] chat retry attempt 3/3 after APIError: openai_error {"error":{"message":"openai_error","type":"bad_response_status_code","param":"","code":"bad_response_status — sleeping 58.4s (caller=msg_llm_reranker, trace=None)
2026-05-12 16:55:40,906 [WARNING] llm_rerank attempt 2 chat_fn failed: Error communicating with OpenAI: HTTPSConnectionPool(host='api.viviai.cc', port=443): Max retries exceeded with url: /v1/chat/completions (Caused by SSLError(SSLZeroReturnError(6, 'TLS/SSL connection has been closed (EOF) (_ssl.c:1147)')))
2026-05-12 16:55:41,027 [INFO] ms-clip: auto-picked GPU 7 (free 24092 MiB)
2026-05-12 16:55:41,028 [INFO] ms-clip: using CUDA_VISIBLE_DEVICES=7
2026-05-12 16:55:41,028 [INFO] ms-clip: launching predict_smi (n_candidates=256)
2026-05-12 16:55:57,340 [WARNING] chat retry attempt 1/3 after APIConnectionError: Error communicating with OpenAI: HTTPSConnectionPool(host='api.viviai.cc', port=443): Max retries exceeded with url: /v1 — sleeping 11.1s (caller=msg_llm_reranker, trace=None)
2026-05-12 16:56:09,168 [INFO] error_code=bad_response_status_code error_message=openai_error error_param= error_type=bad_response_status_code message='OpenAI API error received' stream_error=False
2026-05-12 16:56:09,168 [WARNING] chat retry attempt 2/3 after APIError: openai_error {"error":{"message":"openai_error","type":"bad_response_status_code","param":"","code":"bad_response_status — sleeping 33.8s (caller=msg_llm_reranker, trace=None)
2026-05-12 16:56:43,145 [INFO] error_code=bad_response_status_code error_message=openai_error error_param= error_type=bad_response_status_code message='OpenAI API error received' stream_error=False
2026-05-12 16:56:43,145 [WARNING] chat retry attempt 3/3 after APIError: openai_error {"error":{"message":"openai_error","type":"bad_response_status_code","param":"","code":"bad_response_status — sleeping 51.6s (caller=msg_llm_reranker, trace=None)
2026-05-12 16:57:35,025 [INFO] error_code=bad_response_status_code error_message=openai_error error_param= error_type=bad_response_status_code message='OpenAI API error received' stream_error=False
2026-05-12 16:57:35,026 [WARNING] llm_rerank attempt 1 chat_fn failed: openai_error {"error":{"message":"openai_error","type":"bad_response_status_code","param":"","code":"bad_response_status_code"}} 502 {'error': {'message': 'openai_error', 'type': 'bad_response_status_code', 'param': '', 'code': 'bad_response_status_code'}} {'Server': 'nginx', 'Date': 'Tue, 12 May 2026 08:57:34 GMT', 'Content-Type': 'application/json; charset=utf-8', 'Content-Length': '115', 'Connection': 'keep-alive', 'X-New-Api-Version': 'v0.13.0', 'X-Oneapi-Request-Id': '202605120857348592095368268d9d6vqWhGjrO'}
2026-05-12 16:57:35,232 [INFO] error_code=bad_response_status_code error_message=openai_error error_param= error_type=bad_response_status_code message='OpenAI API error received' stream_error=False
2026-05-12 16:57:35,232 [WARNING] chat retry attempt 1/3 after APIError: openai_error {"error":{"message":"openai_error","type":"bad_response_status_code","param":"","code":"bad_response_status — sleeping 8.4s (caller=msg_llm_reranker, trace=None)
2026-05-12 16:57:43,840 [INFO] error_code=bad_response_status_code error_message=openai_error error_param= error_type=bad_response_status_code message='OpenAI API error received' stream_error=False
2026-05-12 16:57:43,841 [WARNING] chat retry attempt 2/3 after APIError: openai_error {"error":{"message":"openai_error","type":"bad_response_status_code","param":"","code":"bad_response_status — sleeping 26.8s (caller=msg_llm_reranker, trace=None)
2026-05-12 16:58:10,849 [INFO] error_code=bad_response_status_code error_message=openai_error error_param= error_type=bad_response_status_code message='OpenAI API error received' stream_error=False
2026-05-12 16:58:10,850 [WARNING] chat retry attempt 3/3 after APIError: openai_error {"error":{"message":"openai_error","type":"bad_response_status_code","param":"","code":"bad_response_status — sleeping 69.5s (caller=msg_llm_reranker, trace=None)
2026-05-12 16:59:21,098 [INFO] error_code=bad_response_status_code error_message=openai_error error_param= error_type=bad_response_status_code message='OpenAI API error received' stream_error=False
2026-05-12 16:59:21,099 [WARNING] llm_rerank attempt 2 chat_fn failed: openai_error {"error":{"message":"openai_error","type":"bad_response_status_code","param":"","code":"bad_response_status_code"}} 502 {'error': {'message': 'openai_error', 'type': 'bad_response_status_code', 'param': '', 'code': 'bad_response_status_code'}} {'Server': 'nginx', 'Date': 'Tue, 12 May 2026 08:59:20 GMT', 'Content-Type': 'application/json; charset=utf-8', 'Content-Length': '115', 'Connection': 'keep-alive', 'X-New-Api-Version': 'v0.13.0', 'X-Oneapi-Request-Id': '202605120859209286073498268d9d6i1S1aqxa'}
2026-05-12 16:59:21,244 [INFO] ms-clip: auto-picked GPU 7 (free 24092 MiB)
2026-05-12 16:59:21,244 [INFO] ms-clip: using CUDA_VISIBLE_DEVICES=7
2026-05-12 16:59:21,244 [INFO] ms-clip: launching predict_smi (n_candidates=256)
2026-05-12 16:59:33,693 [WARNING] ms-clip dropped SMILES C[Ge](C)(C)c1cc2oc3cc4ccccc4nc3c3cc4ccccc4c4oc(c1)c2c34; emitting sentinel -1.0
2026-05-12 16:59:33,921 [INFO] error_code=bad_response_status_code error_message=openai_error error_param= error_type=bad_response_status_code message='OpenAI API error received' stream_error=False
2026-05-12 16:59:33,921 [WARNING] chat retry attempt 1/3 after APIError: openai_error {"error":{"message":"openai_error","type":"bad_response_status_code","param":"","code":"bad_response_status — sleeping 10.4s (caller=msg_llm_reranker, trace=None)
2026-05-12 17:00:07,611 [INFO] spec 160/500  MassSpecGymID0209396  pool=256  pred=BKPPHNVPJAFZCW  correct=True  t=46.5s
2026-05-12 17:00:07,781 [INFO] ms-clip: auto-picked GPU 7 (free 24092 MiB)
2026-05-12 17:00:07,781 [INFO] ms-clip: using CUDA_VISIBLE_DEVICES=7
2026-05-12 17:00:07,781 [INFO] ms-clip: launching predict_smi (n_candidates=256)
2026-05-12 17:00:19,341 [WARNING] ms-clip dropped SMILES C[Si](C)(C)C([Si](C)(C)C)[Ge]1(C([Si](C)(C)C)[Si](C)(C)C)C=CC=C1; emitting sentinel -1.0
2026-05-12 17:00:19,341 [WARNING] ms-clip dropped SMILES Oc1ccccc1/C=N/CCN1CC1.Oc1ccccc1C=NCCN1CC1.[Zn+2]; emitting sentinel -1.0
2026-05-12 17:00:19,341 [WARNING] ms-clip dropped SMILES C=[Hf+2].CC(C)O.CC(C)O.[C-]1=CC=CC1.[C-]1=CC=CC1; emitting sentinel -1.0
2026-05-12 17:00:19,341 [WARNING] ms-clip dropped SMILES CC(C)(CO)/N=C/c1ccccc1O.CC(C)(CO)/N=C/c1ccccc1O.[Ni]; emitting sentinel -1.0
2026-05-12 17:01:56,189 [WARNING] chat retry attempt 1/3 after APIConnectionError: Error communicating with OpenAI: HTTPSConnectionPool(host='api.viviai.cc', port=443): Max retries exceeded with url: /v1 — sleeping 8.3s (caller=msg_llm_reranker, trace=None)
2026-05-12 17:04:21,088 [WARNING] chat retry attempt 2/3 after APIConnectionError: Error communicating with OpenAI: HTTPSConnectionPool(host='api.viviai.cc', port=443): Max retries exceeded with url: /v1 — sleeping 35.0s (caller=msg_llm_reranker, trace=None)
2026-05-12 17:05:01,105 [WARNING] chat retry attempt 3/3 after APIConnectionError: Error communicating with OpenAI: HTTPSConnectionPool(host='api.viviai.cc', port=443): Max retries exceeded with url: /v1 — sleeping 68.0s (caller=msg_llm_reranker, trace=None)
2026-05-12 17:06:14,173 [WARNING] llm_rerank attempt 1 chat_fn failed: Error communicating with OpenAI: HTTPSConnectionPool(host='api.viviai.cc', port=443): Max retries exceeded with url: /v1/chat/completions (Caused by SSLError(SSLZeroReturnError(6, 'TLS/SSL connection has been closed (EOF) (_ssl.c:1147)')))
2026-05-12 17:08:36,756 [WARNING] chat retry attempt 1/3 after APIConnectionError: Error communicating with OpenAI: HTTPSConnectionPool(host='api.viviai.cc', port=443): Max retries exceeded with url: /v1 — sleeping 9.2s (caller=msg_llm_reranker, trace=None)
2026-05-12 17:09:24,834 [INFO] ms-clip: auto-picked GPU 7 (free 24092 MiB)
2026-05-12 17:09:24,834 [INFO] ms-clip: using CUDA_VISIBLE_DEVICES=7
2026-05-12 17:09:24,834 [INFO] ms-clip: launching predict_smi (n_candidates=256)
2026-05-12 17:09:47,887 [INFO] ms-clip: auto-picked GPU 7 (free 24092 MiB)
2026-05-12 17:09:47,887 [INFO] ms-clip: using CUDA_VISIBLE_DEVICES=7
2026-05-12 17:09:47,887 [INFO] ms-clip: launching predict_smi (n_candidates=256)
2026-05-12 17:10:18,475 [INFO] ms-clip: auto-picked GPU 7 (free 24092 MiB)
2026-05-12 17:10:18,475 [INFO] ms-clip: using CUDA_VISIBLE_DEVICES=7
2026-05-12 17:10:18,475 [INFO] ms-clip: launching predict_smi (n_candidates=256)
2026-05-12 17:10:30,169 [WARNING] ms-clip dropped SMILES CC(C)[N-]C(C)C.CC(C)[N-]C(C)C.CC(C)[N-]C(C)C.[Li+].[Pd+2]; emitting sentinel -1.0
2026-05-12 17:10:42,659 [INFO] error_code=bad_response_status_code error_message=openai_error error_param= error_type=bad_response_status_code message='OpenAI API error received' stream_error=False
2026-05-12 17:10:42,660 [WARNING] chat retry attempt 1/3 after APIError: openai_error {"error":{"message":"openai_error","type":"bad_response_status_code","param":"","code":"bad_response_status — sleeping 11.6s (caller=msg_llm_reranker, trace=None)
2026-05-12 17:11:05,519 [INFO] ms-clip: auto-picked GPU 7 (free 24092 MiB)
2026-05-12 17:11:05,519 [INFO] ms-clip: using CUDA_VISIBLE_DEVICES=7
2026-05-12 17:11:05,519 [INFO] ms-clip: launching predict_smi (n_candidates=256)
2026-05-12 17:11:17,713 [WARNING] ms-clip dropped SMILES CC.CC.CCc1[c-]cccc1.[CH2-]CN(C[CH2-])C(C)=O.[Y+3]; emitting sentinel -1.0
2026-05-12 17:11:40,722 [INFO] ms-clip: auto-picked GPU 7 (free 21512 MiB)
2026-05-12 17:11:40,722 [INFO] ms-clip: using CUDA_VISIBLE_DEVICES=7
2026-05-12 17:11:40,723 [INFO] ms-clip: launching predict_smi (n_candidates=108)
2026-05-12 17:11:52,352 [WARNING] ms-clip dropped SMILES CCCCCCCCCCCCCCCCCC(=O)NCCCCC(N)C(=O)[O-].CCCCCCCCCCCCCCCCCC(=O)NCCCCC(N)C(=O)[O-].[Ca+2]; emitting sentinel -1.0
2026-05-12 17:11:52,353 [WARNING] ms-clip dropped SMILES CCCCCCCCCCCCCCCCC/C([O-])=N/CCCC[C@H](N)C(=O)[O-].CCCCCCCCCCCCCCCCCC(=O)NCCCC[C@H](N)C(=O)O.[Ca+2]; emitting sentinel -1.0
2026-05-12 17:11:52,353 [WARNING] ms-clip dropped SMILES [Cu+2].[O-]c1c(Br)cc(Br)cc1/C=N/Cc1ccccc1Cl.[O-]c1c(Br)cc(Br)cc1/C=N/Cc1ccccc1Cl; emitting sentinel -1.0
2026-05-12 17:11:52,353 [WARNING] ms-clip dropped SMILES CCCCCCCCCCCCCCCCCC(=O)NCCCC[C@H](N)C(=O)[O-].CCCCCCCCCCCCCCCCCC(=O)NCCCC[C@H](N)C(=O)[O-].[Ca+2]; emitting sentinel -1.0
2026-05-12 17:12:46,327 [INFO] ms-clip: auto-picked GPU 7 (free 24092 MiB)
2026-05-12 17:12:46,327 [INFO] ms-clip: using CUDA_VISIBLE_DEVICES=7
2026-05-12 17:12:46,327 [INFO] ms-clip: launching predict_smi (n_candidates=256)
2026-05-12 17:12:58,172 [WARNING] ms-clip dropped SMILES C=C(C)C(=O)Oc1ccc([Te]c2ccc(OCC3CO3)cc2)cc1; emitting sentinel -1.0
2026-05-12 17:12:58,172 [WARNING] ms-clip dropped SMILES CC(C)c1cc[c-](C(C)(c2ccccc2)c2ccccc2)c1.[Cl-].[Cl-].[Cl-].[Ti+4]; emitting sentinel -1.0
2026-05-12 17:12:58,172 [WARNING] ms-clip dropped SMILES CC[C]1[CH][CH][CH][CH]1.CC[C]1[CH][CH][CH][CH]1.Cl[W]Cl; emitting sentinel -1.0
2026-05-12 17:12:58,173 [WARNING] ms-clip dropped SMILES Cc1ccccc1.N[C@@H]1CCCC[C@H]1NS(=O)(=O)C(F)(F)F.[Ru]; emitting sentinel -1.0
2026-05-12 17:14:18,991 [WARNING] llm_rerank attempt 1 parse error: json decode failed: Expecting ',' delimiter: line 1 column 1472 (char 1471)
2026-05-12 17:15:05,374 [WARNING] llm_rerank attempt 2 parse error: json decode failed: Expecting ',' delimiter: line 1 column 1633 (char 1632)
2026-05-12 17:15:05,524 [INFO] ms-clip: auto-picked GPU 7 (free 24092 MiB)
2026-05-12 17:15:05,524 [INFO] ms-clip: using CUDA_VISIBLE_DEVICES=7
2026-05-12 17:15:05,524 [INFO] ms-clip: launching predict_smi (n_candidates=236)
2026-05-12 17:15:22,323 [WARNING] chat retry attempt 1/3 after APIConnectionError: Error communicating with OpenAI: HTTPSConnectionPool(host='api.viviai.cc', port=443): Max retries exceeded with url: /v1 — sleeping 9.5s (caller=msg_llm_reranker, trace=None)
2026-05-12 17:16:05,892 [INFO] ms-clip: auto-picked GPU 7 (free 24092 MiB)
2026-05-12 17:16:05,892 [INFO] ms-clip: using CUDA_VISIBLE_DEVICES=7
2026-05-12 17:16:05,892 [INFO] ms-clip: launching predict_smi (n_candidates=256)
2026-05-12 17:16:17,396 [WARNING] ms-clip dropped SMILES CC(=O)O[Hg]c1cccc2ccccc12; emitting sentinel -1.0
2026-05-12 17:16:17,396 [WARNING] ms-clip dropped SMILES CCCCOC(C)O.O=C([O-])CC(=O)c1ccccc1.[Ag+]; emitting sentinel -1.0
2026-05-12 17:16:48,012 [INFO] ms-clip: auto-picked GPU 7 (free 24092 MiB)
2026-05-12 17:16:48,013 [INFO] ms-clip: using CUDA_VISIBLE_DEVICES=7
2026-05-12 17:16:48,013 [INFO] ms-clip: launching predict_smi (n_candidates=256)
2026-05-12 17:16:59,785 [WARNING] ms-clip dropped SMILES CCC/C(=C/C(=O)OCC)[Te]1(Cl)CC23CCC(CC2O1)C3(C)C; emitting sentinel -1.0
2026-05-12 17:16:59,786 [WARNING] ms-clip dropped SMILES C=C.[Ni].c1ccc(Pc2ccccc2)cc1.c1ccc(Pc2ccccc2)cc1; emitting sentinel -1.0
2026-05-12 17:16:59,786 [WARNING] ms-clip dropped SMILES CC(=O)/C=C(/C)O.CC(=O)/C=C(/C)O.CC(=O)/C=C(\C)O.[Gd]; emitting sentinel -1.0
2026-05-12 17:16:59,786 [WARNING] ms-clip dropped SMILES CC(=O)C(CCC(=O)CN)[N-]C(=O)c1[c-]cc(C)cc1.[W+2]; emitting sentinel -1.0
2026-05-12 17:16:59,786 [WARNING] ms-clip dropped SMILES CC(C)N1[C]N(C(C)C)C=C1.C[C]1[CH][CH][C](C(C)C)[CH][CH]1.Cl[Ru]Cl; emitting sentinel -1.0
2026-05-12 17:17:46,769 [WARNING] llm_rerank attempt 1 parse error: no JSON object found
2026-05-12 17:18:17,495 [INFO] spec 170/500  MassSpecGymID0064717  pool=256  pred=WMBWREPUVVBILR  correct=True  t=89.6s
2026-05-12 17:18:17,642 [INFO] ms-clip: auto-picked GPU 7 (free 24092 MiB)
2026-05-12 17:18:17,642 [INFO] ms-clip: using CUDA_VISIBLE_DEVICES=7
2026-05-12 17:18:17,642 [INFO] ms-clip: launching predict_smi (n_candidates=256)
2026-05-12 17:18:28,854 [WARNING] ms-clip dropped SMILES [3H]c1ccc(CC(CN)C(=O)CC([C-]=O)CCC/N=C(\C)N)cc1.[Y]; emitting sentinel -1.0
2026-05-12 17:18:33,877 [WARNING] chat retry attempt 1/3 after APIConnectionError: Error communicating with OpenAI: HTTPSConnectionPool(host='api.viviai.cc', port=443): Max retries exceeded with url: /v1 — sleeping 8.1s (caller=msg_llm_reranker, trace=None)
2026-05-12 17:18:46,991 [WARNING] chat retry attempt 2/3 after APIConnectionError: Error communicating with OpenAI: HTTPSConnectionPool(host='api.viviai.cc', port=443): Max retries exceeded with url: /v1 — sleeping 33.0s (caller=msg_llm_reranker, trace=None)
2026-05-12 17:20:54,589 [INFO] ms-clip: auto-picked GPU 7 (free 24092 MiB)
2026-05-12 17:20:54,589 [INFO] ms-clip: using CUDA_VISIBLE_DEVICES=7
2026-05-12 17:20:54,589 [INFO] ms-clip: launching predict_smi (n_candidates=256)
2026-05-12 17:21:17,026 [INFO] ms-clip: auto-picked GPU 7 (free 24092 MiB)
2026-05-12 17:21:17,027 [INFO] ms-clip: using CUDA_VISIBLE_DEVICES=7
2026-05-12 17:21:17,027 [INFO] ms-clip: launching predict_smi (n_candidates=256)
2026-05-12 17:22:42,417 [INFO] ms-clip: auto-picked GPU 7 (free 24092 MiB)
2026-05-12 17:22:42,417 [INFO] ms-clip: using CUDA_VISIBLE_DEVICES=7
2026-05-12 17:22:42,417 [INFO] ms-clip: launching predict_smi (n_candidates=256)
2026-05-12 17:22:54,379 [WARNING] ms-clip dropped SMILES C=[O+]C(C[N-])CCCCC.[CH2]CCC.[CH2]CCC.[CH2]CCC.[CH2]CCC.[CH2]CCC.[CH2]CCC.[Sn].[Sn]; emitting sentinel -1.0
2026-05-12 17:22:54,380 [WARNING] ms-clip dropped SMILES CCCCCCCCCCCCCCSCC(=O)[O-].CCCCCCCCCCCCCCSCC(=O)[O-].C[Sn+2]C; emitting sentinel -1.0
2026-05-12 17:22:54,380 [WARNING] ms-clip dropped SMILES CCCCCCCCCCCCCC(=O)OCCS[Sn](C)(C)SCCOC(=O)CCCCCCCCCCCCC; emitting sentinel -1.0
2026-05-12 17:22:54,380 [WARNING] ms-clip dropped SMILES C1CCCC1.C1CCCC1.CCC/[C-]=C/c1nc(C)cnc1C.[Zr+2].c1ccc([B-](c2ccccc2)(c2ccccc2)c2ccccc2)cc1; emitting sentinel -1.0
2026-05-12 17:22:54,380 [WARNING] ms-clip dropped SMILES CCCCCCC(=O)[O-].CCCCCCC(=O)[O-].CCCCCCC(=O)[O-].CCCCCCC(=O)[O-].[Pb]; emitting sentinel -1.0
2026-05-12 17:22:54,380 [WARNING] ms-clip dropped SMILES CC(C)(C)C(=O)/C=C(\[O-])C(C)(C)C.CC(C)(C)C(=O)/C=C(\[O-])C(C)(C)C.CC(C)(C)C(=O)/C=C(\[O-])C(C)(C)C.[Lu+3]; emitting sentinel -1.0
2026-05-12 17:23:03,796 [INFO] ms-clip: auto-picked GPU 7 (free 24092 MiB)
2026-05-12 17:23:03,797 [INFO] ms-clip: using CUDA_VISIBLE_DEVICES=7
2026-05-12 17:23:03,797 [INFO] ms-clip: launching predict_smi (n_candidates=256)
2026-05-12 17:23:15,128 [WARNING] ms-clip dropped SMILES CC1CCCC1.CCOCC.COc1cccc([C-]=O)c1.[C-]#[O+].[C-]#[O+].[Li+].[Mn]; emitting sentinel -1.0
2026-05-12 17:24:01,193 [INFO] ms-clip: auto-picked GPU 7 (free 24070 MiB)
2026-05-12 17:24:01,193 [INFO] ms-clip: using CUDA_VISIBLE_DEVICES=7
2026-05-12 17:24:01,194 [INFO] ms-clip: launching predict_smi (n_candidates=256)
2026-05-12 17:24:13,253 [WARNING] ms-clip dropped SMILES Cc1cc(C=O)c(O)c(CN2CC/N=C(/[O-])CCN(Cc3cc(C)cc(C=O)c3O)CC/N=C(/[O-])CC2)c1.[Ni+2]; emitting sentinel -1.0
2026-05-12 17:24:18,282 [WARNING] chat retry attempt 1/3 after APIConnectionError: Error communicating with OpenAI: HTTPSConnectionPool(host='api.viviai.cc', port=443): Max retries exceeded with url: /v1 — sleeping 11.3s (caller=msg_llm_reranker, trace=None)
2026-05-12 17:24:37,302 [INFO] ms-clip: auto-picked GPU 7 (free 24092 MiB)
2026-05-12 17:24:37,302 [INFO] ms-clip: using CUDA_VISIBLE_DEVICES=7
2026-05-12 17:24:37,302 [INFO] ms-clip: launching predict_smi (n_candidates=256)
2026-05-12 17:25:48,642 [WARNING] llm_rerank attempt 1 parse error: json decode failed: Expecting ',' delimiter: line 1 column 1859 (char 1858)
2026-05-12 17:26:31,138 [INFO] ms-clip: auto-picked GPU 7 (free 24092 MiB)
2026-05-12 17:26:31,139 [INFO] ms-clip: using CUDA_VISIBLE_DEVICES=7
2026-05-12 17:26:31,139 [INFO] ms-clip: launching predict_smi (n_candidates=256)
2026-05-12 17:26:42,361 [WARNING] ms-clip dropped SMILES Cc1csc(N)c1[C-]=O.[W]; emitting sentinel -1.0
2026-05-12 17:26:42,362 [WARNING] ms-clip dropped SMILES CC(=O)O[Sn](OC(C)=O)(C(C)=O)C(C)=O; emitting sentinel -1.0
2026-05-12 17:26:42,362 [WARNING] ms-clip dropped SMILES [Au+3].[C-]#N.[C-]#N.[C-]#N.[C-]#N.[Na+]; emitting sentinel -1.0
2026-05-12 17:26:42,362 [WARNING] ms-clip dropped SMILES O=[N+]([O-])c1c[c-]ccc1F.[W]; emitting sentinel -1.0
2026-05-12 17:26:42,362 [WARNING] ms-clip dropped SMILES CC(C)=CC[Sn](OC=O)(OC=O)OC=O; emitting sentinel -1.0
2026-05-12 17:28:38,664 [WARNING] chat retry attempt 1/3 after APIConnectionError: Error communicating with OpenAI: HTTPSConnectionPool(host='api.viviai.cc', port=443): Max retries exceeded with url: /v1 — sleeping 11.9s (caller=msg_llm_reranker, trace=None)
2026-05-12 17:29:17,934 [INFO] ms-clip: auto-picked GPU 7 (free 24092 MiB)
2026-05-12 17:29:17,934 [INFO] ms-clip: using CUDA_VISIBLE_DEVICES=7
2026-05-12 17:29:17,934 [INFO] ms-clip: launching predict_smi (n_candidates=256)
2026-05-12 17:29:36,443 [INFO] ms-clip: auto-picked GPU 7 (free 20364 MiB)
2026-05-12 17:29:36,444 [INFO] ms-clip: using CUDA_VISIBLE_DEVICES=7
2026-05-12 17:29:36,444 [INFO] ms-clip: launching predict_smi (n_candidates=256)
2026-05-12 17:29:47,866 [WARNING] ms-clip dropped SMILES CCCCCCCCCCCCCCc1ccc(O[P+]([O-])([S-])[S-])c(CCCCCCCCCCCCCC)c1.[Zn+2]; emitting sentinel -1.0
2026-05-12 17:29:47,867 [WARNING] ms-clip dropped SMILES CCCC[Sn](/C=C/[C@]1(O)CC[C@H]2[C@@H]3CCc4cc(OC(C)=O)ccc4[C@H]3[C@@H](OC)C[C@@]21C)(CCCC)CCCC; emitting sentinel -1.0
2026-05-12 17:29:47,867 [WARNING] ms-clip dropped SMILES CC1(C)CC(OC(CCCC(=O)O)C(=O)O)CC(C)(C)N1.CC1(C)CC(OC(CCCC(=O)O)C(=O)O)CC(C)(C)N1.[Ni]; emitting sentinel -1.0
2026-05-12 17:29:47,867 [WARNING] ms-clip dropped SMILES CCCCCCCCCCCCCCc1ccc(SP([O-])([O-])=S)c(CCCCCCCCCCCCCC)c1.[Zn+2]; emitting sentinel -1.0
2026-05-12 17:29:47,867 [WARNING] ms-clip dropped SMILES [CH2-]C(O)CN1CCN(CC(=O)OC(C)(C)C)CCN(CC(=O)OC(C)(C)C)CCN(CC(=O)OC(C)(C)C)CC1.[Y]; emitting sentinel -1.0
2026-05-12 17:29:47,867 [WARNING] ms-clip dropped SMILES CCCCCCCCCCCCCCc1cccc(CCCCCCCCCCCCCC)c1O[P+]([O-])([S-])[S-].[Zn+2]; emitting sentinel -1.0
2026-05-12 17:30:08,232 [INFO] spec 180/500  MassSpecGymID0370922  pool=256  pred=AYNMYQSRRVGZDT  correct=True  t=31.9s
2026-05-12 17:30:08,377 [INFO] ms-clip: auto-picked GPU 7 (free 24092 MiB)
2026-05-12 17:30:08,377 [INFO] ms-clip: using CUDA_VISIBLE_DEVICES=7
2026-05-12 17:30:08,377 [INFO] ms-clip: launching predict_smi (n_candidates=256)
2026-05-12 17:30:53,175 [INFO] ms-clip: auto-picked GPU 7 (free 24092 MiB)
2026-05-12 17:30:53,175 [INFO] ms-clip: using CUDA_VISIBLE_DEVICES=7
2026-05-12 17:30:53,175 [INFO] ms-clip: launching predict_smi (n_candidates=256)
2026-05-12 17:31:04,603 [WARNING] ms-clip dropped SMILES CCCCCCCCCCCCCCc1ccc(O[P+]([O-])([S-])[S-])c(CCCCCCCCCCCCCC)c1.[Zn+2]; emitting sentinel -1.0
2026-05-12 17:31:04,603 [WARNING] ms-clip dropped SMILES CCCC[Sn](/C=C/[C@]1(O)CC[C@H]2[C@@H]3CCc4cc(OC(C)=O)ccc4[C@H]3[C@@H](OC)C[C@@]21C)(CCCC)CCCC; emitting sentinel -1.0
2026-05-12 17:31:04,603 [WARNING] ms-clip dropped SMILES CC1(C)CC(OC(CCCC(=O)O)C(=O)O)CC(C)(C)N1.CC1(C)CC(OC(CCCC(=O)O)C(=O)O)CC(C)(C)N1.[Ni]; emitting sentinel -1.0
2026-05-12 17:31:04,604 [WARNING] ms-clip dropped SMILES CCCCCCCCCCCCCCc1ccc(SP([O-])([O-])=S)c(CCCCCCCCCCCCCC)c1.[Zn+2]; emitting sentinel -1.0
2026-05-12 17:31:04,604 [WARNING] ms-clip dropped SMILES [CH2-]C(O)CN1CCN(CC(=O)OC(C)(C)C)CCN(CC(=O)OC(C)(C)C)CCN(CC(=O)OC(C)(C)C)CC1.[Y]; emitting sentinel -1.0
2026-05-12 17:31:04,604 [WARNING] ms-clip dropped SMILES CCCCCCCCCCCCCCc1cccc(CCCCCCCCCCCCCC)c1O[P+]([O-])([S-])[S-].[Zn+2]; emitting sentinel -1.0
2026-05-12 17:31:47,134 [INFO] ms-clip: auto-picked GPU 7 (free 24092 MiB)
2026-05-12 17:31:47,134 [INFO] ms-clip: using CUDA_VISIBLE_DEVICES=7
2026-05-12 17:31:47,134 [INFO] ms-clip: launching predict_smi (n_candidates=256)
2026-05-12 17:32:12,161 [INFO] ms-clip: auto-picked GPU 7 (free 24092 MiB)
2026-05-12 17:32:12,162 [INFO] ms-clip: using CUDA_VISIBLE_DEVICES=7
2026-05-12 17:32:12,162 [INFO] ms-clip: launching predict_smi (n_candidates=256)
2026-05-12 17:32:23,357 [WARNING] ms-clip dropped SMILES CC(C)CS(=O)CC(C)C.[Tb+3]; emitting sentinel -1.0
2026-05-12 17:32:23,358 [WARNING] ms-clip dropped SMILES [H]/[C-]=C(/C=[C-]/C)c1cccc(-c2ccc(C)cc2)c1.[Y]; emitting sentinel -1.0
2026-05-12 17:32:35,787 [INFO] ms-clip: auto-picked GPU 7 (free 24092 MiB)
2026-05-12 17:32:35,787 [INFO] ms-clip: using CUDA_VISIBLE_DEVICES=7
2026-05-12 17:32:35,787 [INFO] ms-clip: launching predict_smi (n_candidates=256)
2026-05-12 17:32:47,182 [WARNING] ms-clip dropped SMILES [CH2-]C.[CH2-]COc1ccc(C)cc1.[U+2]; emitting sentinel -1.0
2026-05-12 17:33:18,402 [INFO] ms-clip: auto-picked GPU 7 (free 24092 MiB)
2026-05-12 17:33:18,402 [INFO] ms-clip: using CUDA_VISIBLE_DEVICES=7
2026-05-12 17:33:18,402 [INFO] ms-clip: launching predict_smi (n_candidates=256)
2026-05-12 17:33:29,909 [WARNING] ms-clip dropped SMILES C=CC[Te+](CCCC)CCCC.F[B-](F)(F)F; emitting sentinel -1.0
2026-05-12 17:33:29,909 [WARNING] ms-clip dropped SMILES CC1=[C-]C(C(C)(C)C2[C-]=C(C)C(C)=C2C)C(C)=C1C.[Cl-].[Cl-].[Ti+4]; emitting sentinel -1.0
2026-05-12 17:34:26,819 [INFO] ms-clip: auto-picked GPU 7 (free 24092 MiB)
2026-05-12 17:34:26,819 [INFO] ms-clip: using CUDA_VISIBLE_DEVICES=7
2026-05-12 17:34:26,819 [INFO] ms-clip: launching predict_smi (n_candidates=256)
2026-05-12 17:35:01,303 [INFO] ms-clip: auto-picked GPU 7 (free 24092 MiB)
2026-05-12 17:35:01,303 [INFO] ms-clip: using CUDA_VISIBLE_DEVICES=7
2026-05-12 17:35:01,303 [INFO] ms-clip: launching predict_smi (n_candidates=256)
2026-05-12 17:35:12,730 [WARNING] ms-clip dropped SMILES CCC(=O)O.CCC(=O)O.CCC(=O)O.CCC(=O)[O-].[Th]; emitting sentinel -1.0
2026-05-12 17:35:12,731 [WARNING] ms-clip dropped SMILES C=C1C(CCC)=C(CC)N=C([Hg])N1C(c1ccc(F)cc1)C1CCC1; emitting sentinel -1.0
2026-05-12 17:35:12,731 [WARNING] ms-clip dropped SMILES CCCC[S+](CCCCc1ccc(N(OS(=O)(=O)[O-])C(=O)c2ccccc2)cc1)Cc1ccccc1; emitting sentinel -1.0
2026-05-12 17:35:29,371 [INFO] ms-clip: auto-picked GPU 7 (free 24092 MiB)
2026-05-12 17:35:29,371 [INFO] ms-clip: using CUDA_VISIBLE_DEVICES=7
2026-05-12 17:35:29,372 [INFO] ms-clip: launching predict_smi (n_candidates=256)
2026-05-12 17:35:41,013 [WARNING] ms-clip dropped SMILES CCCCCCCCCCCCc1ccc(S(=O)(=O)[O-])cc1.CCCCCCCCCCCCc1ccc(S(=O)(=O)[O-])cc1.[Zn+2]; emitting sentinel -1.0
2026-05-12 17:35:41,013 [WARNING] ms-clip dropped SMILES CCOP(=O)(O)Cc1cc(C(C)(C)C)c(O)c(C(C)(C)C)c1.CCOP(=O)(O)Cc1cc(C(C)(C)C)c(O)c(C(C)(C)C)c1.[Ni]; emitting sentinel -1.0
2026-05-12 17:35:59,294 [INFO] ms-clip: auto-picked GPU 7 (free 24092 MiB)
2026-05-12 17:35:59,294 [INFO] ms-clip: using CUDA_VISIBLE_DEVICES=7
2026-05-12 17:35:59,294 [INFO] ms-clip: launching predict_smi (n_candidates=256)
2026-05-12 17:36:11,555 [WARNING] ms-clip dropped SMILES CC1=[C-]Cc2ccc3c(c21)-c1c(ccc2ccc([AlH2])c(C)c12)C3.[Bk]; emitting sentinel -1.0
2026-05-12 17:36:11,555 [WARNING] ms-clip dropped SMILES C[n+]1[c-]n(-c2cccc(Oc3ccc4c5ccccc5n(-c5cc6c(cn5)oc5ccccc56)c4c3)c2)c2ccccc21; emitting sentinel -1.0
2026-05-12 17:36:11,555 [WARNING] ms-clip dropped SMILES C[n+]1[c-]n(-c2cccc(Oc3ccc4c5ccccc5n(-c5cc6oc7ccccc7c6cn5)c4c3)c2)c2ccccc21; emitting sentinel -1.0
2026-05-12 17:37:08,465 [INFO] spec 190/500  MassSpecGymID0300331  pool=256  pred=OUGNWRCWQLUXHX  correct=True  t=69.3s
2026-05-12 17:37:08,615 [INFO] ms-clip: auto-picked GPU 7 (free 24092 MiB)
2026-05-12 17:37:08,616 [INFO] ms-clip: using CUDA_VISIBLE_DEVICES=7
2026-05-12 17:37:08,616 [INFO] ms-clip: launching predict_smi (n_candidates=256)
2026-05-12 17:37:20,306 [WARNING] ms-clip dropped SMILES CCCCCc1cc(CCCCC)c2c(S(=O)(=O)[O-])cccc2c1.CCCCCc1cc(CCCCC)c2c(S(=O)(=O)[O-])cccc2c1.[Ca+2]; emitting sentinel -1.0
2026-05-12 17:37:20,307 [WARNING] ms-clip dropped SMILES CC(C)(C)C1=CC[C-]=C1.CC1(C)CCC(C)(C)c2cc3c(cc21)[cH-]c1cc2c(cc13)C(C)(C)CCC2(C)C.[Cl-].[Cl-].[Zr+2]=C1CCCC1; emitting sentinel -1.0
2026-05-12 17:37:20,307 [WARNING] ms-clip dropped SMILES CCOCc1cc(C)n(-c2cc(C)c(F)[c-]c2F)c1C.CCOCc1cc(C)n(-c2cc(C)c(F)[c-]c2F)c1C.[C-]1=CC=CC1.[C-]1=CC=CC1.[Ti+4]; emitting sentinel -1.0
2026-05-12 17:37:20,307 [WARNING] ms-clip dropped SMILES CCCCCc1cccc2cc(S(=O)(=O)[O-])cc(CCCCC)c12.CCCCCc1cccc2cc(S(=O)(=O)[O-])cc(CCCCC)c12.[Ca+2]; emitting sentinel -1.0
2026-05-12 17:37:20,307 [WARNING] ms-clip dropped SMILES CCCCCc1ccc2c(S(=O)(=O)[O-])ccc(CCCCC)c2c1.CCCCCc1ccc2c(S(=O)(=O)[O-])ccc(CCCCC)c2c1.[Ca+2]; emitting sentinel -1.0
2026-05-12 17:37:20,307 [WARNING] ms-clip dropped SMILES CCCCCc1cc2ccccc2c(CCCCC)c1S(=O)(=O)[O-].CCCCCc1cc2ccccc2c(CCCCC)c1S(=O)(=O)[O-].[Ca+2]; emitting sentinel -1.0
2026-05-12 17:37:20,307 [WARNING] ms-clip dropped SMILES CCCCCc1cc2cccc(CCCCC)c2cc1S(=O)(=O)[O-].CCCCCc1cc2cccc(CCCCC)c2cc1S(=O)(=O)[O-].[Ca+2]; emitting sentinel -1.0
2026-05-12 17:37:20,307 [WARNING] ms-clip dropped SMILES CCCCCc1ccc2cc(CCCCC)c(S(=O)(=O)[O-])cc2c1.CCCCCc1ccc2cc(CCCCC)c(S(=O)(=O)[O-])cc2c1.[Ca+2]; emitting sentinel -1.0
2026-05-12 17:37:20,307 [WARNING] ms-clip dropped SMILES CC(C)=[Zr+2].CC1[C-]=CC(C2(C)C3CC4CC(C3)CC2C4)=C1.Cc1[c-]c2c(cc1C(C)(C)C)-c1cc(C(C)(C)C)c(C)cc1C2.[Cl-].[Cl-]; emitting sentinel -1.0
2026-05-12 17:37:20,307 [WARNING] ms-clip dropped SMILES CCCCCc1ccc(S(=O)(=O)[O-])c2c(CCCCC)cccc12.CCCCCc1ccc(S(=O)(=O)[O-])c2c(CCCCC)cccc12.[Ca+2]; emitting sentinel -1.0
2026-05-12 17:37:20,307 [WARNING] ms-clip dropped SMILES CC(C)=[Zr+2].C[C-]1C2=C3Cc4ccccc4C3=C3C=CCCC3C2(C)C(C)(C)C(C)(C)C1(C)C.[Cl-].[Cl-].c1cc(C2CCCCC2)c[cH-]1; emitting sentinel -1.0
2026-05-12 17:37:20,307 [WARNING] ms-clip dropped SMILES Cc1ccc(-c2cccc3[cH-]c(C4CCCCC4)cc23)cc1.Cc1ccc(-c2cccc3[cH-]c(C4CCCCC4)cc23)cc1.[CH2-]C[CH2-].[Cl-].[Cl-].[Ti+2]; emitting sentinel -1.0
2026-05-12 17:37:20,307 [WARNING] ms-clip dropped SMILES CCOCc1cc(C)n(-c2cc(C)c(F)[c-]c2F)c1C.CCOCc1cc(C)n(-c2cc(C)c(F)[c-]c2F)c1C.[Ti+4].c1cc[cH-]c1.c1cc[cH-]c1; emitting sentinel -1.0
2026-05-12 17:37:20,307 [WARNING] ms-clip dropped SMILES CCCCCc1ccc2cccc(CCCCC)c2c1S(=O)(=O)[O-].CCCCCc1ccc2cccc(CCCCC)c2c1S(=O)(=O)[O-].[Ca+2]; emitting sentinel -1.0
2026-05-12 17:37:20,308 [WARNING] ms-clip dropped SMILES CCCCCc1cc(CCCCC)c2cccc(S(=O)(=O)[O-])c2c1.CCCCCc1cc(CCCCC)c2cccc(S(=O)(=O)[O-])c2c1.[Ca+2]; emitting sentinel -1.0
2026-05-12 17:37:20,308 [WARNING] ms-clip dropped SMILES CCCCCCCCCCc1ccc2cc(S(=O)(=O)[O-])ccc2c1.CCCCCCCCCCc1ccc2cc(S(=O)(=O)[O-])ccc2c1.[Ca+2]; emitting sentinel -1.0
2026-05-12 17:38:23,770 [INFO] ms-clip: auto-picked GPU 7 (free 24092 MiB)
2026-05-12 17:38:23,770 [INFO] ms-clip: using CUDA_VISIBLE_DEVICES=7
2026-05-12 17:38:23,770 [INFO] ms-clip: launching predict_smi (n_candidates=256)
2026-05-12 17:38:35,299 [WARNING] ms-clip dropped SMILES C=CCOC(=O)CCCO.C=CCOC(=O)CCCOP(C)OC.COPOC.[CH2-]CC.[CH2-]CC.[Ni+2]; emitting sentinel -1.0
2026-05-12 17:39:11,540 [INFO] ms-clip: auto-picked GPU 7 (free 24092 MiB)
2026-05-12 17:39:11,540 [INFO] ms-clip: using CUDA_VISIBLE_DEVICES=7
2026-05-12 17:39:11,540 [INFO] ms-clip: launching predict_smi (n_candidates=256)
2026-05-12 17:40:59,344 [WARNING] chat retry attempt 1/3 after APIConnectionError: Error communicating with OpenAI: HTTPSConnectionPool(host='api.viviai.cc', port=443): Max retries exceeded with url: /v1 — sleeping 9.4s (caller=msg_llm_reranker, trace=None)
2026-05-12 17:41:45,664 [INFO] ms-clip: auto-picked GPU 7 (free 24092 MiB)
2026-05-12 17:41:45,664 [INFO] ms-clip: using CUDA_VISIBLE_DEVICES=7
2026-05-12 17:41:45,665 [INFO] ms-clip: launching predict_smi (n_candidates=256)
2026-05-12 17:41:56,823 [WARNING] ms-clip dropped SMILES [C-](CC[C-]=C(c1ccccc1)c1ccccc1)=C(c1ccccc1)c1ccccc1.[Ti].c1cc[cH-]c1.c1cc[cH-]c1; emitting sentinel -1.0
2026-05-12 17:43:00,217 [WARNING] llm_rerank attempt 1 parse error: json decode failed: Expecting ',' delimiter: line 1 column 1966 (char 1965)
2026-05-12 17:43:26,028 [INFO] ms-clip: auto-picked GPU 7 (free 20364 MiB)
2026-05-12 17:43:26,028 [INFO] ms-clip: using CUDA_VISIBLE_DEVICES=7
2026-05-12 17:43:26,028 [INFO] ms-clip: launching predict_smi (n_candidates=256)
2026-05-12 17:43:38,159 [WARNING] ms-clip dropped SMILES C1CCC2CCCC2C1.C1CCC2CCCC2C1.Oc1cccc2ccccc12.Oc1cccc2ccccc12.[Ti]; emitting sentinel -1.0
2026-05-12 17:44:34,319 [INFO] ms-clip: auto-picked GPU 7 (free 24092 MiB)
2026-05-12 17:44:34,319 [INFO] ms-clip: using CUDA_VISIBLE_DEVICES=7
2026-05-12 17:44:34,319 [INFO] ms-clip: launching predict_smi (n_candidates=256)
2026-05-12 17:45:07,695 [INFO] ms-clip: auto-picked GPU 7 (free 20292 MiB)
2026-05-12 17:45:07,695 [INFO] ms-clip: using CUDA_VISIBLE_DEVICES=7
2026-05-12 17:45:07,695 [INFO] ms-clip: launching predict_smi (n_candidates=256)
2026-05-12 17:45:19,530 [WARNING] ms-clip dropped SMILES CC(C)(C)[Ge](c1ccc2c3ccccc3n(-c3cccc(-n4cccn4)c3)c2c1)(c1ccccn1)C(C)(C)C; emitting sentinel -1.0
2026-05-12 17:45:35,361 [INFO] ms-clip: auto-picked GPU 7 (free 24092 MiB)
2026-05-12 17:45:35,361 [INFO] ms-clip: using CUDA_VISIBLE_DEVICES=7
2026-05-12 17:45:35,361 [INFO] ms-clip: launching predict_smi (n_candidates=256)
2026-05-12 17:46:53,224 [INFO] ms-clip: auto-picked GPU 7 (free 24092 MiB)
2026-05-12 17:46:53,224 [INFO] ms-clip: using CUDA_VISIBLE_DEVICES=7
2026-05-12 17:46:53,224 [INFO] ms-clip: launching predict_smi (n_candidates=256)
2026-05-12 17:48:37,819 [WARNING] chat retry attempt 1/3 after APIConnectionError: Error communicating with OpenAI: HTTPSConnectionPool(host='api.viviai.cc', port=443): Max retries exceeded with url: /v1 — sleeping 8.1s (caller=msg_llm_reranker, trace=None)
2026-05-12 17:49:27,686 [INFO] ms-clip: auto-picked GPU 7 (free 24092 MiB)
2026-05-12 17:49:27,686 [INFO] ms-clip: using CUDA_VISIBLE_DEVICES=7
2026-05-12 17:49:27,686 [INFO] ms-clip: launching predict_smi (n_candidates=256)
2026-05-12 17:49:39,225 [WARNING] ms-clip dropped SMILES CC(F)(F)C(C)(F)CO.[Rf]; emitting sentinel -1.0
2026-05-12 17:49:39,226 [WARNING] ms-clip dropped SMILES C=[C-]c1ccc(/C=C\C)c(C)c1.[Es]; emitting sentinel -1.0
2026-05-12 17:50:06,067 [INFO] spec 200/500  MassSpecGymID0204386  pool=256  pred=SENIDMFOGMNMOE  correct=True  t=38.5s
2026-05-12 17:50:06,220 [INFO] ms-clip: auto-picked GPU 7 (free 24092 MiB)
2026-05-12 17:50:06,220 [INFO] ms-clip: using CUDA_VISIBLE_DEVICES=7
2026-05-12 17:50:06,220 [INFO] ms-clip: launching predict_smi (n_candidates=256)
2026-05-12 17:50:17,823 [WARNING] ms-clip dropped SMILES CCC1CC(O)C1CC(C)C.OO.OO.OO.OO.OO.OOO.[CH3-].[Db]; emitting sentinel -1.0
2026-05-12 17:50:27,721 [INFO] ms-clip: auto-picked GPU 7 (free 20808 MiB)
2026-05-12 17:50:27,721 [INFO] ms-clip: using CUDA_VISIBLE_DEVICES=7
2026-05-12 17:50:27,721 [INFO] ms-clip: launching predict_smi (n_candidates=256)
2026-05-12 17:50:40,091 [WARNING] ms-clip dropped SMILES C#CCO.C#CCOCOC.CC(=O)Cl.CCN(C(C)C)C(C)C.CCN(C(C)C)C(C)C.COCCl.COCOC.Cl[Zn]Cl; emitting sentinel -1.0
2026-05-12 17:50:40,091 [WARNING] ms-clip dropped SMILES C.C.C.CC.CC.CC.CC.CC.CC.CC(N)=NO.Cc1noc(-c2[c-]cccc2)n1.O=C(Cl)c1[c-]cccc1.[Ar].[Ar].[V].[V]; emitting sentinel -1.0
2026-05-12 17:50:40,091 [WARNING] ms-clip dropped SMILES C[C-]1C2=C3Cc4ccccc4C3=C3C=CCCC3C2(C)C(C)(C)C(C)(C)C1(C)C.[C-]1=CC=CC1.[Cl-].[Cl-].[Hf+2]=C1CCCCC1; emitting sentinel -1.0
2026-05-12 17:50:40,091 [WARNING] ms-clip dropped SMILES Cc1cc(C)c(-c2cccc([N-]c3ccccc3-c3ccccc3[N-]c3cccc(-c4c(C)cc(C)cc4C)n3)n2)c(C)c1.[CH3-].[CH3-].[Hf]; emitting sentinel -1.0
2026-05-12 17:50:40,091 [WARNING] ms-clip dropped SMILES Cc1cccc(=O)c([OH2+])c1.Cc1cccc(=O)c([OH2+])c1.[H]/[O+]=c1\cccc(C)cc1[OH2+].[H]/[O+]=c1\cccc(C)cc1[OH2+].[Th]; emitting sentinel -1.0
2026-05-12 17:50:40,091 [WARNING] ms-clip dropped SMILES C[C-]1C2=C3Cc4ccccc4C3=C3C=CCCC3C2(C)C(C)(C)C(C)(C)C1(C)C.[Cl-].[Cl-].[Hf+2]=C1CCCCC1.c1cc[cH-]c1; emitting sentinel -1.0
2026-05-12 17:50:40,091 [WARNING] ms-clip dropped SMILES CCNC(=O)N1C[C@@H](P(C2CCCCC2)C2CCCCC2)C[C@H]1CP(c1ccccc1)c1ccccc1.[CH]1[CH]CC[CH][CH]CC1.[Cl-].[Rh]; emitting sentinel -1.0
2026-05-12 17:50:40,091 [WARNING] ms-clip dropped SMILES CC(C)(C)c1ccc([O-])c(C(C)(C)C)c1.CC(C)=[Zr+2].Cc1cc2c(-c3ccccc3)cccc2[cH-]1.Cc1cc2c(-c3ccccc3)cccc2[cH-]1.[Cl-]; emitting sentinel -1.0
2026-05-12 17:50:40,091 [WARNING] ms-clip dropped SMILES CCCC[Sn+2]CCCC.N#CCCN(CCC#N)C(=O)C1CCC=CC1C(=O)[O-].N#CCCN(CCC#N)C(=O)C1CCC=CC1C(=O)[O-]; emitting sentinel -1.0
2026-05-12 17:50:40,091 [WARNING] ms-clip dropped SMILES CC1=CC=CC2[CH-]C3(C)C4(C)C=CC=CC4(C)C4(C)C=CC=CC4(C)C3(C)C12C.[C-]1=CC=CC1.[Cl-].[Cl-].[Hf+2]=C1CCCCC1; emitting sentinel -1.0
2026-05-12 17:50:40,092 [WARNING] ms-clip dropped SMILES CN1C[CH-][C@@H](F)[C@H](Oc2cc(-c3cnn(C)c3)cc3ncnc(Nc4ccc5ncsc5c4F)c23)CC1.[Lr]; emitting sentinel -1.0
2026-05-12 17:50:53,198 [INFO] ms-clip: auto-picked GPU 7 (free 20364 MiB)
2026-05-12 17:50:53,199 [INFO] ms-clip: using CUDA_VISIBLE_DEVICES=7
2026-05-12 17:50:53,199 [INFO] ms-clip: launching predict_smi (n_candidates=256)
2026-05-12 17:51:04,892 [WARNING] ms-clip dropped SMILES O=C([O-])[C@@H](/N=C(\c1ccccc1)c1ccccc1/N=C(/[O-])[C@@H]1CCCN1Cc1ccccc1)[C@@H]1c2ccccc2CCN1c1ccccc1.[Ni+2]; emitting sentinel -1.0
2026-05-12 17:51:04,893 [WARNING] ms-clip dropped SMILES CCN(CC)CCOC(=S)[S-].CCN(CC)CCOC(=S)[S-].CCN(CC)CC[Sn+2]CCN(CC)CC; emitting sentinel -1.0
2026-05-12 17:51:04,893 [WARNING] ms-clip dropped SMILES C[CH-]C.Cc1ccc(C)c(-c2cccc3[cH-]ccc23)c1.Cc1ccc(C)c(-c2cccc3[cH-]ccc23)c1.[H][C-]=[SiH2].[Hf+4]; emitting sentinel -1.0
2026-05-12 17:51:04,893 [WARNING] ms-clip dropped SMILES CCCC[Sn](CCCC)(CCCC)c1ccc(CN2C(=O)C(=O)c3cc(S(=O)(=O)N4CCC[C@H]4COC)ccc32)cc1; emitting sentinel -1.0
2026-05-12 17:51:04,893 [WARNING] ms-clip dropped SMILES O=C([O-])[C@@H](/N=C(\c1ccccc1)c1ccccc1/N=C(\[O-])[C@@H]1CCCN1Cc1ccccc1)[C@@H]1c2ccccc2CCN1c1ccccc1.[Ni+3]; emitting sentinel -1.0
2026-05-12 17:51:04,893 [WARNING] ms-clip dropped SMILES C=C.C[Pb]SN1C=C1C#CCOc1ccc(C2CCCN2Cc2ccc(CC3=CCCC=C3)cc2)cc1; emitting sentinel -1.0
2026-05-12 17:51:04,893 [WARNING] ms-clip dropped SMILES O=C([O-])[C@@H](/N=C(\c1ccccc1)c1ccccc1/N=C(/[O-])[C@@H]1CCCN1Cc1ccccc1)[C@H]1c2ccccc2CCN1c1ccccc1.[Ni+2]; emitting sentinel -1.0
2026-05-12 17:51:04,893 [WARNING] ms-clip dropped SMILES Cl[Al](Cl)Cl.c1ccc(CCc2ccc(CCc3ccc(CCc4ccccc4)cc3)cc2)cc1.c1ccc(CCc2ccccc2)cc1; emitting sentinel -1.0
2026-05-12 17:51:04,893 [WARNING] ms-clip dropped SMILES CN1CN(C)CN(C)CN(C)C1.C[N-]CN(C)CN(C)C[N-]C.[Re].[Re]; emitting sentinel -1.0
2026-05-12 17:51:04,893 [WARNING] ms-clip dropped SMILES C/C(=N/N=C([S-])N(C)C)c1ncccc1CN1CCOCC1.C/C(=N\N=C([S-])N(C)C)c1ncccc1CN1CCOCC1.[Zn+2]; emitting sentinel -1.0
2026-05-12 17:52:13,554 [WARNING] llm_rerank attempt 1 parse error: no JSON object found
2026-05-12 17:52:18,560 [WARNING] chat retry attempt 1/3 after APIConnectionError: Error communicating with OpenAI: HTTPSConnectionPool(host='api.viviai.cc', port=443): Max retries exceeded with url: /v1 — sleeping 10.2s (caller=msg_llm_reranker, trace=None)
2026-05-12 17:53:05,576 [INFO] ms-clip: auto-picked GPU 7 (free 24092 MiB)
2026-05-12 17:53:05,577 [INFO] ms-clip: using CUDA_VISIBLE_DEVICES=7
2026-05-12 17:53:05,577 [INFO] ms-clip: launching predict_smi (n_candidates=256)
2026-05-12 17:53:17,126 [WARNING] ms-clip dropped SMILES CN([Si](=O)CC1C=Cc2ccccc21)C(C)(C)C.C[Si](C)(C)C#C[Si](C)(C)C.[Ti]; emitting sentinel -1.0
2026-05-12 17:53:34,828 [INFO] ms-clip: auto-picked GPU 7 (free 24092 MiB)
2026-05-12 17:53:34,828 [INFO] ms-clip: using CUDA_VISIBLE_DEVICES=7
2026-05-12 17:53:34,829 [INFO] ms-clip: launching predict_smi (n_candidates=256)
2026-05-12 17:53:46,525 [WARNING] ms-clip dropped SMILES Cc1cc(C=O)c(O)c(CN2CC/N=C(/[O-])CCN(Cc3cc(C)cc(C=O)c3O)CC/N=C(/[O-])CC2)c1.[Ni+2]; emitting sentinel -1.0
2026-05-12 17:55:07,850 [INFO] ms-clip: auto-picked GPU 7 (free 24092 MiB)
2026-05-12 17:55:07,850 [INFO] ms-clip: using CUDA_VISIBLE_DEVICES=7
2026-05-12 17:55:07,850 [INFO] ms-clip: launching predict_smi (n_candidates=256)
2026-05-12 17:55:19,114 [WARNING] ms-clip dropped SMILES Nc1ccc(C(=O)O)cc1.Nc1ccc(C(=O)O)cc1.Nc1ccc(C(=O)O)cc1.[Gd]; emitting sentinel -1.0
2026-05-12 17:55:19,114 [WARNING] ms-clip dropped SMILES C/[C-]=c1\nc(C2=CC(C)=NC2/[C-]=C/C=CC=[W])oc(=O)c1=CC(C)=[V].CC; emitting sentinel -1.0
2026-05-12 17:55:19,114 [WARNING] ms-clip dropped SMILES CC(=O)O.Cc1ccc(S(=O)(=O)Nc2ccccc2-c2ccccn2)cc1.[Pd].c1ccncc1; emitting sentinel -1.0
2026-05-12 17:55:19,114 [WARNING] ms-clip dropped SMILES C[N+]1=C=[N+](c2[c-]ccnc2)N=C1.N#Cc1c(F)c[c-]c(-c2ncncn2)c1F.[Ir]; emitting sentinel -1.0
2026-05-12 17:55:19,114 [WARNING] ms-clip dropped SMILES O=C(O[Sn](Cc1ccccc1F)(Cc1ccccc1F)Cc1ccccc1F)c1ccncc1; emitting sentinel -1.0
2026-05-12 17:55:41,883 [INFO] ms-clip: auto-picked GPU 7 (free 24092 MiB)
2026-05-12 17:55:41,884 [INFO] ms-clip: using CUDA_VISIBLE_DEVICES=7
2026-05-12 17:55:41,884 [INFO] ms-clip: launching predict_smi (n_candidates=256)
2026-05-12 17:57:44,543 [WARNING] chat retry attempt 1/3 after APIConnectionError: Error communicating with OpenAI: HTTPSConnectionPool(host='api.viviai.cc', port=443): Max retries exceeded with url: /v1 — sleeping 9.7s (caller=msg_llm_reranker, trace=None)
2026-05-12 17:57:59,248 [WARNING] chat retry attempt 2/3 after APIConnectionError: Error communicating with OpenAI: HTTPSConnectionPool(host='api.viviai.cc', port=443): Max retries exceeded with url: /v1 — sleeping 29.0s (caller=msg_llm_reranker, trace=None)
2026-05-12 17:58:33,289 [WARNING] chat retry attempt 3/3 after APIConnectionError: Error communicating with OpenAI: HTTPSConnectionPool(host='api.viviai.cc', port=443): Max retries exceeded with url: /v1 — sleeping 69.1s (caller=msg_llm_reranker, trace=None)
2026-05-12 18:00:05,491 [INFO] ms-clip: auto-picked GPU 7 (free 24092 MiB)
2026-05-12 18:00:05,491 [INFO] ms-clip: using CUDA_VISIBLE_DEVICES=7
2026-05-12 18:00:05,491 [INFO] ms-clip: launching predict_smi (n_candidates=256)
2026-05-12 18:00:17,280 [WARNING] ms-clip dropped SMILES Nc1ccn([C@@H]2O[C@H](CO[TlH2])[C@@H]3O[C@@H]32)c(=O)n1; emitting sentinel -1.0
2026-05-12 18:00:17,280 [WARNING] ms-clip dropped SMILES CC(=O)/C=C(/C)O.COc1c[c-]c(-c2cc(C)ccn2)c(OC)c1.[Rh]; emitting sentinel -1.0
2026-05-12 18:00:17,280 [WARNING] ms-clip dropped SMILES Nc1n[n+]([O-])c2cc([N+](=O)[O-])ccc2[n+]1[O-].O=[N+]([O-])c1ccc2c(c1)[n+]([O-])nc[n+]2[O-]; emitting sentinel -1.0
2026-05-12 18:01:16,156 [INFO] ms-clip: auto-picked GPU 7 (free 24092 MiB)
2026-05-12 18:01:16,157 [INFO] ms-clip: using CUDA_VISIBLE_DEVICES=7
2026-05-12 18:01:16,157 [INFO] ms-clip: launching predict_smi (n_candidates=256)
2026-05-12 18:01:27,412 [WARNING] ms-clip dropped SMILES COCCOCC(COCCOC)OCC(COC(COCCOC)COCCOC)OCCCS(=O)(=O)[O-].[Li+]; emitting sentinel -1.0
2026-05-12 18:01:27,412 [WARNING] ms-clip dropped SMILES Cc1c(C)c(C)c(C(=O)[O-])c(C)c1C.Cc1c(C)c(C)c(C(=O)[O-])c(C)c1C.Cc1c(C)c(C)c(C(=O)[O-])c(C)c1C.[Al+3]; emitting sentinel -1.0
2026-05-12 18:01:27,413 [WARNING] ms-clip dropped SMILES CN1C=CN(c2ccc3c(c2)N(c2cccc(-n4[c-][n+](C)c5ccccc54)c2)c2cccc4c5cc(C(C)(C)C)ccc5n-3c24)C1; emitting sentinel -1.0
2026-05-12 18:01:46,045 [INFO] ms-clip: auto-picked GPU 7 (free 24092 MiB)
2026-05-12 18:01:46,045 [INFO] ms-clip: using CUDA_VISIBLE_DEVICES=7
2026-05-12 18:01:46,045 [INFO] ms-clip: launching predict_smi (n_candidates=256)
2026-05-12 18:01:57,149 [WARNING] ms-clip dropped SMILES CC(C)(C)OC(=O)N1Cc2ccc([Sn](C)(C)C)nc2C1=O; emitting sentinel -1.0
2026-05-12 18:02:02,172 [WARNING] chat retry attempt 1/3 after APIConnectionError: Error communicating with OpenAI: HTTPSConnectionPool(host='api.viviai.cc', port=443): Max retries exceeded with url: /v1 — sleeping 8.8s (caller=msg_llm_reranker, trace=None)
2026-05-12 18:02:42,111 [INFO] spec 210/500  MassSpecGymID0088831  pool=256  pred=NCEXYHBECQHGNR  correct=True  t=56.2s
2026-05-12 18:02:42,256 [INFO] ms-clip: auto-picked GPU 7 (free 17392 MiB)
2026-05-12 18:02:42,256 [INFO] ms-clip: using CUDA_VISIBLE_DEVICES=7
2026-05-12 18:02:42,256 [INFO] ms-clip: launching predict_smi (n_candidates=256)
2026-05-12 18:02:53,673 [WARNING] ms-clip dropped SMILES [CH2]CCC.[CH2]CCC.[CH2]CCCCC[n+]1ccn(CC)c1.[CH]=CC(C)(C)O.[Sn]; emitting sentinel -1.0
2026-05-12 18:03:26,702 [INFO] ms-clip: auto-picked GPU 7 (free 24092 MiB)
2026-05-12 18:03:26,702 [INFO] ms-clip: using CUDA_VISIBLE_DEVICES=7
2026-05-12 18:03:26,702 [INFO] ms-clip: launching predict_smi (n_candidates=256)
2026-05-12 18:03:38,141 [WARNING] ms-clip dropped SMILES C1CCC2C(C1)CCC2C1(C2CCCC2)CCC1.C[N-]C.C[N-]C.[CH3-].[CH3-].[Zr+4]; emitting sentinel -1.0
2026-05-12 18:03:38,142 [WARNING] ms-clip dropped SMILES CC(C[Al]1CCCC(CC(C)c2ccccc2)(CC(C)c2ccccc2)O1)c1ccccc1; emitting sentinel -1.0
2026-05-12 18:03:51,706 [INFO] ms-clip: auto-picked GPU 7 (free 24092 MiB)
2026-05-12 18:03:51,707 [INFO] ms-clip: using CUDA_VISIBLE_DEVICES=7
2026-05-12 18:03:51,707 [INFO] ms-clip: launching predict_smi (n_candidates=256)
2026-05-12 18:04:27,412 [INFO] ms-clip: auto-picked GPU 7 (free 24092 MiB)
2026-05-12 18:04:27,412 [INFO] ms-clip: using CUDA_VISIBLE_DEVICES=7
2026-05-12 18:04:27,412 [INFO] ms-clip: launching predict_smi (n_candidates=256)
2026-05-12 18:06:38,311 [WARNING] chat retry attempt 1/3 after APIConnectionError: Error communicating with OpenAI: HTTPSConnectionPool(host='api.viviai.cc', port=443): Max retries exceeded with url: /v1 — sleeping 11.4s (caller=msg_llm_reranker, trace=None)
2026-05-12 18:07:19,650 [INFO] ms-clip: auto-picked GPU 7 (free 19892 MiB)
2026-05-12 18:07:19,650 [INFO] ms-clip: using CUDA_VISIBLE_DEVICES=7
2026-05-12 18:07:19,650 [INFO] ms-clip: launching predict_smi (n_candidates=256)
2026-05-12 18:07:31,067 [WARNING] ms-clip dropped SMILES CC(C)(C)c1[c-]c2c(cc1)-c1ccc(C(C)(C)C)cc1C2.Cc1cc(-c2ccccc2)c(C)[cH-]1.Cc1ccc(C(=[Zr+2])c2ccc(C)cc2)cc1.[Cl-].[Cl-]; emitting sentinel -1.0
2026-05-12 18:07:31,068 [WARNING] ms-clip dropped SMILES CC(C)(C)c1ccc2[cH-]c3ccc(C(C)(C)C)cc3c2c1.CC1=[C-]C(C)C=C1c1ccccc1.Cc1ccc(C(=[Zr+2])c2ccc(C)cc2)cc1.[Cl-].[Cl-]; emitting sentinel -1.0
2026-05-12 18:07:31,068 [WARNING] ms-clip dropped SMILES CC(C)(C)C1=CC[C-]=C1.CC1=CC(C)(C)c2cc3[cH-]c4cc5c(cc4c3cc21)C(C)=CC5(C)C.Cc1ccc(C(=[Zr+2])c2ccc(C)cc2)cc1.[Cl-].[Cl-]; emitting sentinel -1.0
2026-05-12 18:07:31,068 [WARNING] ms-clip dropped SMILES CC(C)(C)c1ccc2c(c1)[cH-]c1cc(C(C)(C)C)ccc12.[Cl-].[Cl-].[Hf+2]=C(CCCc1ccccc1)c1ccccc1.c1cc[cH-]c1; emitting sentinel -1.0
2026-05-12 18:07:31,068 [WARNING] ms-clip dropped SMILES C1=CC[N-]C=C1.C1CC[N-]CC1.O=[N+]([O-])C1CCC([N-]/N=N/C2CCCCC2F)CC1.O=[N+]([O-])c1ccc([N-]/N=N/c2ccccc2F)cc1.[Pd]; emitting sentinel -1.0
2026-05-12 18:07:31,068 [WARNING] ms-clip dropped SMILES CC1(C)[C-]=Cc2cc3c(cc21)Cc1cc2c(cc1-3)C=CC2(C)C.CCC1[C-]=CC(C(C)(C)C)=C1.[Cl-].[Cl-].[Zr+2]=C(Cc1ccccc1)Cc1ccccc1; emitting sentinel -1.0
2026-05-12 18:07:31,068 [WARNING] ms-clip dropped SMILES CC(C)(C)c1ccc([S+](c2ccccc2)c2ccccc2)cc1.Cc1c(C(C)C)cc(C(C)C)c(S(=O)(=O)[O-])c1C(C)C.[He].[Hf]; emitting sentinel -1.0
2026-05-12 18:07:31,068 [WARNING] ms-clip dropped SMILES O.O.O.O.O.O.O.O.O.O.O.O.O.O.[Cu+2].[Cu+2].[O-]/C1=N\CCNCCNCC/N=C(\[O-])C1C1/C([O-])=N/CCNCCNCC/N=C/1[O-]; emitting sentinel -1.0
2026-05-12 18:07:31,068 [WARNING] ms-clip dropped SMILES CCCc1cc2c(-c3ccc(C(C)(C)C)cc3)cccc2[cH-]1.CCCc1cc2c(-c3ccc(C(C)(C)C)cc3)cccc2[cH-]1.C[Ge]C.Cl[Ti]Cl; emitting sentinel -1.0
2026-05-12 18:07:31,068 [WARNING] ms-clip dropped SMILES CC(C)(C)c1ccc(C(=[Zr+2])c2ccc(C(C)(C)C)cc2)cc1.CC1(C)C=Cc2cc3c(cc21)[cH-]c1cc2c(cc13)C=CC2(C)C.[C-]1=CC=CC1.[Cl-].[Cl-]; emitting sentinel -1.0
2026-05-12 18:07:31,068 [WARNING] ms-clip dropped SMILES [CH2-]c1ccccc1.[CH2-]c1ccccc1.[Zr+4].c1ccc2c(c1)C1[C@@H]([N-]Cc3cc4ccccc4cn3)[C@H]([N-]Cc3cc4ccccc4cn3)C3c4ccccc4C213; emitting sentinel -1.0
2026-05-12 18:07:31,068 [WARNING] ms-clip dropped SMILES CC(C)(C)C1=CC[C-]=C1.CC1=[C-]C(C)(C)c2cc3c(cc21)-c1cc2c(cc1C3)C(C)(C)C=C2C.Cc1ccc(C(=[Zr+2])c2ccc(C)cc2)cc1.[Cl-].[Cl-]; emitting sentinel -1.0
2026-05-12 18:07:31,068 [WARNING] ms-clip dropped SMILES CC1(C)[C-]=Cc2cc3c(cc21)Cc1cc2c(cc1-3)C=CC2(C)C.CCc1cc(C(C)(C)C)c[cH-]1.Cc1ccc(C(=[Zr+2])c2ccc(C)cc2)cc1.[Cl-].[Cl-]; emitting sentinel -1.0
2026-05-12 18:07:31,068 [WARNING] ms-clip dropped SMILES CC1=CC(C)[C-]=C1.CC1=C[CH-]C(C)(C)c2cc3c(cc21)-c1cc2c(cc1C3)C(C)(C)CC=C2C.[Cl-].[Cl-].[Zr+2]=C(Cc1ccccc1)Cc1ccccc1; emitting sentinel -1.0
2026-05-12 18:07:31,068 [WARNING] ms-clip dropped SMILES CC(C)(C)c1cc[cH-]c1.CC1=C[CH-]C(C)(C)c2cc3c(cc21)-c1cc2c(cc1C3)C(C)(C)CC=C2C.[Cl-].[Cl-].[Zr+2]=C(c1ccccc1)c1ccccc1; emitting sentinel -1.0
2026-05-12 18:07:31,069 [WARNING] ms-clip dropped SMILES CC1=[C-]C(C)(C)c2cc3c(cc21)-c1cc2c(cc1C3)C(C)(C)C=C2C.Cc1cc(C(C)(C)C)c(C)[cH-]1.[Cl-].[Cl-].[Zr+2]=C(c1ccccc1)c1ccccc1; emitting sentinel -1.0
2026-05-12 18:07:31,069 [WARNING] ms-clip dropped SMILES O=C(O)CN(CCOCCOCCN(CC(=O)O)CC(=O)O)CC(=O)O.O=C(O)CN(CCOCCOCCN(CC(=O)O)CC(=O)O)CC(=O)O.[Ca]; emitting sentinel -1.0
2026-05-12 18:07:31,069 [WARNING] ms-clip dropped SMILES CC(C)(C)c1[c-]c2c(cc1)-c1ccc(C(C)(C)C)cc1C2.CC1=[C-]C(C)C=C1c1ccccc1.Cc1ccc(C(=[Zr+2])c2ccc(C)cc2)cc1.[Cl-].[Cl-]; emitting sentinel -1.0
2026-05-12 18:07:31,069 [WARNING] ms-clip dropped SMILES CC(C)(C)c1ccc(C=[Zr+2])cc1.CC1=CC(C)(C)c2cc3[cH-]c4cc5c(cc4c3cc21)C(C)=CC5(C)C.CC1=[C-]C(C)C=C1c1ccccc1.[Cl-].[Cl-]; emitting sentinel -1.0
2026-05-12 18:07:31,069 [WARNING] ms-clip dropped SMILES CC1=C[CH-]C(C)(C)c2cc3c(cc21)-c1cc2c(cc1C3)C(C)(C)CC=C2C.Cc1c[cH-]c(C)c1.Cc1ccc(C(=[Zr+2])c2ccc(C)cc2)cc1.[Cl-].[Cl-]; emitting sentinel -1.0
2026-05-12 18:07:31,069 [WARNING] ms-clip dropped SMILES [Ac].[Ac].[CH2-]c1ccc(C2C(C(=O)CC)C(c3ccc([CH2-])cc3)C2C(=O)CC)cc1; emitting sentinel -1.0
2026-05-12 18:07:31,069 [WARNING] ms-clip dropped SMILES CC(C)(C)C1=CC[C-]=C1.CC1=CCC(C)(C)c2cc3[cH-]c4cc5c(cc4c3cc21)C(C)=CCC5(C)C.[Cl-].[Cl-].[Zr+2]=C(c1ccccc1)c1ccccc1; emitting sentinel -1.0
2026-05-12 18:07:31,069 [WARNING] ms-clip dropped SMILES CC(C)(C)c1cc(-c2[c-]c(-c3nccc4ccsc34)cc(C(C)(C)C)c2)[c-]c(-c2cccc3c2[N-]c2ccccc2C3(C)C)c1.[Au+3]; emitting sentinel -1.0
2026-05-12 18:07:31,069 [WARNING] ms-clip dropped SMILES CC(C)(C)c1c[c-]c2c(c1)-c1cc(C(C)(C)C)ccc1C2.CC1=[C-]C(C)C=C1c1ccccc1.Cc1ccc(C(=[Zr+2])c2ccc(C)cc2)cc1.[Cl-].[Cl-]; emitting sentinel -1.0
2026-05-12 18:07:31,069 [WARNING] ms-clip dropped SMILES CC(C)(C)C1=CC(C)(C)c2cc3[cH-]c4cc5c(cc4c3cc21)C(C(C)(C)C)=CC5(C)C.[C-]1=CC=CC1.[Cl-].[Cl-].[Zr+2]=C(c1ccccc1)c1ccccc1; emitting sentinel -1.0
2026-05-12 18:07:31,808 [WARNING] ms-clip dropped SMILES CC1(C)C=Cc2cc3c(cc21)[cH-]c1cc2c(cc13)C=CC2(C)C.CCC1[C-]=CC(C(C)(C)C)=C1.Cc1ccc(C(=[Zr+2])c2ccc(C)cc2)cc1.[Cl-].[Cl-]; emitting sentinel -1.0
2026-05-12 18:07:31,808 [WARNING] ms-clip dropped SMILES CC1=[C-]C(C)(C)c2cc3c(cc21)-c1cc2c(cc1C3)C(C)(C)C=C2C.CC1=[C-]C(C)C=C1C(C)(C)C.[Cl-].[Cl-].[Zr+2]=C(c1ccccc1)c1ccccc1; emitting sentinel -1.0
2026-05-12 18:07:31,809 [WARNING] ms-clip dropped SMILES C.CC.CC.CC.CC.O=C1/C(=C/c2ccccc2)CCc2ccccc21.O=c1cc(-c2ccccc2)oc2ccccc12.[CH3-].[CH3-].[Y].[Y]; emitting sentinel -1.0
2026-05-12 18:07:43,350 [INFO] ms-clip: auto-picked GPU 7 (free 20808 MiB)
2026-05-12 18:07:43,350 [INFO] ms-clip: using CUDA_VISIBLE_DEVICES=7
2026-05-12 18:07:43,350 [INFO] ms-clip: launching predict_smi (n_candidates=256)
2026-05-12 18:08:08,320 [INFO] ms-clip: auto-picked GPU 7 (free 24092 MiB)
2026-05-12 18:08:08,321 [INFO] ms-clip: using CUDA_VISIBLE_DEVICES=7
2026-05-12 18:08:08,321 [INFO] ms-clip: launching predict_smi (n_candidates=256)
2026-05-12 18:08:19,684 [WARNING] ms-clip dropped SMILES CC.CCCC(CC)C(C)O[N-]CCc1ccccc1.[Y]; emitting sentinel -1.0
2026-05-12 18:08:24,706 [WARNING] chat retry attempt 1/3 after APIConnectionError: Error communicating with OpenAI: HTTPSConnectionPool(host='api.viviai.cc', port=443): Max retries exceeded with url: /v1 — sleeping 9.7s (caller=msg_llm_reranker, trace=None)
2026-05-12 18:09:21,719 [INFO] ms-clip: auto-picked GPU 7 (free 24092 MiB)
2026-05-12 18:09:21,720 [INFO] ms-clip: using CUDA_VISIBLE_DEVICES=7
2026-05-12 18:09:21,720 [INFO] ms-clip: launching predict_smi (n_candidates=256)
2026-05-12 18:09:33,247 [WARNING] ms-clip dropped SMILES O=C(O)C[C@H](O)C[C@H](O)/C=C/c1cnn(-c2ccnc(Nc3ccccc3)n2)c1-c1cccc(C(F)(F)F)c1.[Ca]; emitting sentinel -1.0
2026-05-12 18:09:33,247 [WARNING] ms-clip dropped SMILES Cc1c(-c2nn(C3CC(O)(CN4CCC4)C3)c3ncnc(N)c23)ccc2[c-]cc(-c3ccccc3)nc12.[Y]; emitting sentinel -1.0
2026-05-12 18:09:33,247 [WARNING] ms-clip dropped SMILES CC(C)Oc1ccc2c(c1)C(=O)NC=CC=CC(=[W])c1nccn1CCOCCO2; emitting sentinel -1.0
2026-05-12 18:09:33,247 [WARNING] ms-clip dropped SMILES CC.CC.CCC.Cc1ccccc1.[CH3-].[W].[W]; emitting sentinel -1.0
2026-05-12 18:10:12,272 [INFO] ms-clip: auto-picked GPU 7 (free 24092 MiB)
2026-05-12 18:10:12,273 [INFO] ms-clip: using CUDA_VISIBLE_DEVICES=7
2026-05-12 18:10:12,273 [INFO] ms-clip: launching predict_smi (n_candidates=256)
2026-05-12 18:11:55,589 [WARNING] chat retry attempt 1/3 after APIConnectionError: Error communicating with OpenAI: HTTPSConnectionPool(host='api.viviai.cc', port=443): Max retries exceeded with url: /v1 — sleeping 11.0s (caller=msg_llm_reranker, trace=None)
2026-05-12 18:12:31,416 [INFO] ms-clip: auto-picked GPU 7 (free 24092 MiB)
2026-05-12 18:12:31,416 [INFO] ms-clip: using CUDA_VISIBLE_DEVICES=7
2026-05-12 18:12:31,416 [INFO] ms-clip: launching predict_smi (n_candidates=256)
2026-05-12 18:12:42,531 [WARNING] ms-clip dropped SMILES C1CCC2CCCC2C1.C1CCC2CCCC2C1.Oc1cccc2ccccc12.Oc1cccc2ccccc12.[Ti]; emitting sentinel -1.0
2026-05-12 18:13:31,320 [INFO] spec 220/500  MassSpecGymID0277361  pool=256  pred=BLUDOZUJGDPPMA  correct=False  t=60.0s
2026-05-12 18:13:31,428 [INFO] ms-clip: auto-picked GPU 7 (free 24092 MiB)
2026-05-12 18:13:31,429 [INFO] ms-clip: using CUDA_VISIBLE_DEVICES=7
2026-05-12 18:13:31,429 [INFO] ms-clip: launching predict_smi (n_candidates=256)
2026-05-12 18:13:42,780 [WARNING] ms-clip dropped SMILES CC(C)(CO)/N=C/c1ccccc1O.CC(C)(CO)/N=C/c1ccccc1O.[Ni]; emitting sentinel -1.0
2026-05-12 18:13:42,781 [WARNING] ms-clip dropped SMILES CNCCNC(C)(O)C(C)(C)CCOC(C)(C)CN1C(=O)C=CC1=O.[Y]; emitting sentinel -1.0
2026-05-12 18:14:43,476 [WARNING] llm_rerank attempt 1 parse error: no JSON object found
2026-05-12 18:15:00,890 [INFO] ms-clip: auto-picked GPU 7 (free 24092 MiB)
2026-05-12 18:15:00,890 [INFO] ms-clip: using CUDA_VISIBLE_DEVICES=7
2026-05-12 18:15:00,890 [INFO] ms-clip: launching predict_smi (n_candidates=256)
2026-05-12 18:15:12,492 [WARNING] ms-clip dropped SMILES C=C/C(=C\C=C\C)N(C(=C)CCC(=C)C(=C)/C=C\C(=C)[Ge](c1ccccc1)(c1ccccc1)c1ccccc1)c1ccc2c(c1)c1ccccc1n2-c1ccc(F)cc1; emitting sentinel -1.0
2026-05-12 18:15:12,492 [WARNING] ms-clip dropped SMILES C[Si](C)=[Zr+2].Cc1ccc(-c2cc3c(-c4cccc(C(C)(C)C)c4)c(C)ccc3[cH-]2)o1.Cc1ccc(-c2cc3c(-c4cccc(C(C)(C)C)c4)c(C)ccc3[cH-]2)o1; emitting sentinel -1.0
2026-05-12 18:15:12,492 [WARNING] ms-clip dropped SMILES Cc1cc(C)c([N-]C(c2ccccc2)c2cccc(-c3ccccc3)n2)c(C)c1.[CH2-]c1ccccc1.[CH2-]c1ccccc1.[CH2-]c1ccccc1.[Hf+4]; emitting sentinel -1.0
2026-05-12 18:15:12,493 [WARNING] ms-clip dropped SMILES C[Si](C)=[Zr+2].Cc1cc(-c2cc3c(-c4cc(C)c(C)c(C)c4)c(C)ccc3[cH-]2)oc1C.Cc1cc(-c2cc3c(-c4cc(C)c(C)c(C)c4)c(C)ccc3[cH-]2)oc1C; emitting sentinel -1.0
2026-05-12 18:15:12,493 [WARNING] ms-clip dropped SMILES CC1=CC(C)(C)c2cc3[cH-]c4cc5c(cc4c3cc21)C(C)=CC5(C)C.CC1=[C-]C(C)C=C1CC12CC3CC(CC(C3)C1)C2.Cc1ccc(C=[Zr+2])cc1.[Cl-].[Cl-]; emitting sentinel -1.0
2026-05-12 18:15:12,493 [WARNING] ms-clip dropped SMILES Cc1cc(C)c([N-]C(c2ccccn2)c2ccccc2-c2ccccc2)c(C)c1.[CH2-]c1ccccc1.[CH2-]c1ccccc1.[CH2-]c1ccccc1.[Hf+4]; emitting sentinel -1.0
2026-05-12 18:15:12,493 [WARNING] ms-clip dropped SMILES CCc1ccc2c(c1)[cH-]c1cc(CC)ccc12.C[Si](C)(C)C1=[C-]C([Si](C)(C)C)C([Si](C)(C)C)=C1[Si](C)(C)C.[Zr+2]=C(c1ccccc1)c1ccccc1; emitting sentinel -1.0
2026-05-12 18:15:12,493 [WARNING] ms-clip dropped SMILES CC(C)(C)c1ccnc(-n2c3cc(Oc4ccc5c(c4)-n4[c-][n+](-c6ccccc6)c6cccc(c64)C5(C)C)ccc3c3c4c5c(cc32)Oc2cccc3c2B5c2c(cccc2O4)O3)c1; emitting sentinel -1.0
2026-05-12 18:15:12,493 [WARNING] ms-clip dropped SMILES [CH2-]c1ccccc1.[CH2-]c1ccccc1.[CH2-]c1ccccc1.[H][O+]=P([N-]c1c(C(C)C)cccc1C(C)C)(c1ccccc1)c1ccccc1.[Hf]; emitting sentinel -1.0
2026-05-12 18:15:12,493 [WARNING] ms-clip dropped SMILES CC1=[C-]C(C)(C)c2cc3c(cc21)-c1cc2c(cc1C3)C(C)(C)C=C2C.CC1=[C-]C(C)C=C1CC12CC3CC(CC(C3)C1)C2.Cc1ccc(C=[Zr+2])cc1.[Cl-].[Cl-]; emitting sentinel -1.0
2026-05-12 18:15:12,493 [WARNING] ms-clip dropped SMILES CC(C)(C)c1c[c-]c2c(c1)-c1cc(C(C)(C)C)ccc1C2.CC1=CC(C)(C23CC4CC(CC(C4)C2)C3)C=[C-]1.[Cl-].[Cl-].[Zr+2]=C(c1ccccc1)c1ccccc1; emitting sentinel -1.0
2026-05-12 18:15:22,043 [INFO] ms-clip: auto-picked GPU 7 (free 24092 MiB)
2026-05-12 18:15:22,043 [INFO] ms-clip: using CUDA_VISIBLE_DEVICES=7
2026-05-12 18:15:22,043 [INFO] ms-clip: launching predict_smi (n_candidates=256)
2026-05-12 18:15:34,196 [WARNING] ms-clip dropped SMILES CN(C)C1=CC2=C3C=C(N(C)C)C=CN3CCCN2C=C1.CN1c2ccccc2N(C)C12CCCCC21N(C)c2ccccc2N1C.[Li+].[O-]c1cccc2ccc[nH+]c12; emitting sentinel -1.0
2026-05-12 18:15:34,197 [WARNING] ms-clip dropped SMILES CCCCCCCCCCCCCCCCCCCC#CC(=O)[O-].CCCCCCCCCCCCCCCCCCCC#CC(=O)[O-].[Cd+2]; emitting sentinel -1.0
2026-05-12 18:15:45,841 [INFO] ms-clip: auto-picked GPU 7 (free 24092 MiB)
2026-05-12 18:15:45,841 [INFO] ms-clip: using CUDA_VISIBLE_DEVICES=7
2026-05-12 18:15:45,841 [INFO] ms-clip: launching predict_smi (n_candidates=256)
2026-05-12 18:15:57,351 [WARNING] ms-clip dropped SMILES Cc1cc2c(c(F)c1F)OC(C1CCC(C3CC[CH-]CC3)CC1)CC2.[Rb+]; emitting sentinel -1.0
2026-05-12 18:18:18,611 [WARNING] chat retry attempt 1/3 after APIConnectionError: Error communicating with OpenAI: HTTPSConnectionPool(host='api.viviai.cc', port=443): Max retries exceeded with url: /v1 — sleeping 11.6s (caller=msg_llm_reranker, trace=None)
2026-05-12 18:20:15,237 [WARNING] chat retry attempt 2/3 after APIConnectionError: Error communicating with OpenAI: HTTPSConnectionPool(host='api.viviai.cc', port=443): Max retries exceeded with url: /v1 — sleeping 27.7s (caller=msg_llm_reranker, trace=None)
2026-05-12 18:21:06,854 [INFO] ms-clip: auto-picked GPU 7 (free 24092 MiB)
2026-05-12 18:21:06,855 [INFO] ms-clip: using CUDA_VISIBLE_DEVICES=7
2026-05-12 18:21:06,855 [INFO] ms-clip: launching predict_smi (n_candidates=256)
2026-05-12 18:21:18,853 [WARNING] ms-clip dropped SMILES CN(C)C1=CC2=C3C=C(N(C)C)C=CN3CCCN2C=C1.CN1c2ccccc2N(C)C12CCCCC21N(C)c2ccccc2N1C.[Li+].[O-]c1cccc2ccc[nH+]c12; emitting sentinel -1.0
2026-05-12 18:21:31,706 [INFO] ms-clip: auto-picked GPU 7 (free 24092 MiB)
2026-05-12 18:21:31,706 [INFO] ms-clip: using CUDA_VISIBLE_DEVICES=7
2026-05-12 18:21:31,706 [INFO] ms-clip: launching predict_smi (n_candidates=256)
2026-05-12 18:22:44,532 [INFO] ms-clip: auto-picked GPU 7 (free 24092 MiB)
2026-05-12 18:22:44,532 [INFO] ms-clip: using CUDA_VISIBLE_DEVICES=7
2026-05-12 18:22:44,532 [INFO] ms-clip: launching predict_smi (n_candidates=256)
2026-05-12 18:22:55,602 [WARNING] ms-clip dropped SMILES CC(C/C=N/OCc1ccccc1)C(O)C1C(=O)CCCCCCCCCCN1C.[Ac]; emitting sentinel -1.0
2026-05-12 18:22:55,602 [WARNING] ms-clip dropped SMILES [CH2]C(CC(=C)C#N)C(=O)O[C@@H]1C[C@H](C)CC[C@H]1C(C)(C)c1ccccc1.[CH2]CCC.[CH2]CCC.[CH2]CCC.[Sn]; emitting sentinel -1.0
2026-05-12 18:22:55,602 [WARNING] ms-clip dropped SMILES CCCC[Sn](CCCC)(CCCC)[C@@H](c1ccccc1)[C@@H](c1ccccc1NC(=O)OC(C)(C)C)C(C)(C)C; emitting sentinel -1.0
2026-05-12 18:22:55,602 [WARNING] ms-clip dropped SMILES C=C(C#N)C[C@@H](C[Sn](CCCC)(CCCC)CCCC)C(=O)O[C@@H]1C[C@H](C)CC[C@H]1C(C)(C)c1ccccc1; emitting sentinel -1.0
2026-05-12 18:23:05,716 [INFO] ms-clip: auto-picked GPU 7 (free 24092 MiB)
2026-05-12 18:23:05,716 [INFO] ms-clip: using CUDA_VISIBLE_DEVICES=7
2026-05-12 18:23:05,717 [INFO] ms-clip: launching predict_smi (n_candidates=256)
2026-05-12 18:23:17,740 [WARNING] ms-clip dropped SMILES N#CC1=C(C2CCCCCC2)Nc2[nH]ncc2C1C1=CC=CC(=[Tm])/C1=N\O; emitting sentinel -1.0
2026-05-12 18:23:17,741 [WARNING] ms-clip dropped SMILES CCc1ccccc1C(=O)O[Ga](OC(=O)c1ccccc1CC)OC(=O)c1ccccc1CC; emitting sentinel -1.0
2026-05-12 18:23:17,741 [WARNING] ms-clip dropped SMILES Cc1ccc(C)c(C(=O)[O-])c1.Cc1ccc(C)c(C(=O)[O-])c1.Cc1ccc(C)c(C(=O)[O-])c1.[Ga+3]; emitting sentinel -1.0
2026-05-12 18:23:17,741 [WARNING] ms-clip dropped SMILES COCc1[c]c(COC)ccc1.[Sn].[c]1ccccc1.[c]1ccccc1.[c]1ccccc1; emitting sentinel -1.0
2026-05-12 18:23:17,741 [WARNING] ms-clip dropped SMILES COc1[c-]c2c(cc1)-c1ccccc1C2.[C-]1=CC=CC1.[Zr+2]=C(c1ccccc1)c1ccccc1; emitting sentinel -1.0
2026-05-12 18:23:17,741 [WARNING] ms-clip dropped SMILES CC(C)(C[Sn](Cl)(CC(C)(C)c1ccccc1)c1ccc(F)cc1)c1ccccc1; emitting sentinel -1.0
2026-05-12 18:23:17,741 [WARNING] ms-clip dropped SMILES Cc1ccnc(-c2cc(C)cc(-c3cc(C)ccn3)n2)c1.OCc1cccc(CO)n1.[Ru]; emitting sentinel -1.0
2026-05-12 18:23:17,741 [WARNING] ms-clip dropped SMILES Cc1cccc(C(=O)O[Ga](OC(=O)c2cccc(C)c2C)OC(=O)c2cccc(C)c2C)c1C; emitting sentinel -1.0
2026-05-12 18:23:17,742 [WARNING] ms-clip dropped SMILES CCc1ccc(C(=O)O[Ga](OC(=O)c2ccc(CC)cc2)OC(=O)c2ccc(CC)cc2)cc1; emitting sentinel -1.0
2026-05-12 18:24:13,058 [INFO] ms-clip: auto-picked GPU 7 (free 24092 MiB)
2026-05-12 18:24:13,058 [INFO] ms-clip: using CUDA_VISIBLE_DEVICES=7
2026-05-12 18:24:13,058 [INFO] ms-clip: launching predict_smi (n_candidates=256)
2026-05-12 18:24:24,975 [WARNING] ms-clip dropped SMILES CCCCCCCCCCCCc1ccc(S(=O)(=O)[O-])cc1.CCCCCCCCCCCCc1ccc(S(=O)(=O)[O-])cc1.[Zn+2]; emitting sentinel -1.0
2026-05-12 18:24:24,975 [WARNING] ms-clip dropped SMILES CCOP(=O)(O)Cc1cc(C(C)(C)C)c(O)c(C(C)(C)C)c1.CCOP(=O)(O)Cc1cc(C(C)(C)C)c(O)c(C(C)(C)C)c1.[Ni]; emitting sentinel -1.0
2026-05-12 18:24:37,763 [INFO] ms-clip: auto-picked GPU 7 (free 24092 MiB)
2026-05-12 18:24:37,763 [INFO] ms-clip: using CUDA_VISIBLE_DEVICES=7
2026-05-12 18:24:37,763 [INFO] ms-clip: launching predict_smi (n_candidates=256)
2026-05-12 18:24:48,759 [WARNING] ms-clip dropped SMILES CC.CCCC(CC)C(C)O[N-]CCc1ccccc1.[Y]; emitting sentinel -1.0
2026-05-12 18:26:54,302 [WARNING] chat retry attempt 1/3 after APIConnectionError: Error communicating with OpenAI: HTTPSConnectionPool(host='api.viviai.cc', port=443): Max retries exceeded with url: /v1 — sleeping 9.0s (caller=msg_llm_reranker, trace=None)
2026-05-12 18:27:24,197 [INFO] spec 230/500  MassSpecGymID0376453  pool=256  pred=IBJSSWIFVCITFA  correct=False  t=166.6s
2026-05-12 18:27:24,332 [INFO] ms-clip: auto-picked GPU 7 (free 24092 MiB)
2026-05-12 18:27:24,332 [INFO] ms-clip: using CUDA_VISIBLE_DEVICES=7
2026-05-12 18:27:24,332 [INFO] ms-clip: launching predict_smi (n_candidates=256)
2026-05-12 18:27:35,472 [WARNING] ms-clip dropped SMILES C1=CC2C=CC1C2.CC(C)[PH+](c1ccccc1CCc1ccccc1[PH+](C(C)C)C(C)C)C(C)C.F[B-](F)(F)F.[Rh]; emitting sentinel -1.0
2026-05-12 18:27:35,473 [WARNING] ms-clip dropped SMILES CC1[CH-]C2=CCCCC(C)(C)C2C1.CC1[CH-]C2=CCCCC(C)(C)C2C1.Cl.Cl.[Si]=[Zr].[c-]1ccccc1.[c-]1ccccc1; emitting sentinel -1.0
2026-05-12 18:27:35,473 [WARNING] ms-clip dropped SMILES C=CC1(O)CCN(C(=O)OCc2ccccc2)CC1.CCOCC.O=C1CCN(C(=O)OCc2ccccc2)CC1.[Br-].[H][C-]=C.[Mg+2]; emitting sentinel -1.0
2026-05-12 18:27:35,473 [WARNING] ms-clip dropped SMILES [2H]C([2H])([2H])n1c(=[Pt])n(-c2[c-]c(Oc3[c-]c4c(cc3)C(C)CCN4c3cc(C(C)(C)C)ccn3)ccc2)c2ccccc21; emitting sentinel -1.0
2026-05-12 18:27:35,473 [WARNING] ms-clip dropped SMILES CO.COCC(=O)[C@@H]1CC(=O)N([C@H](C)c2ccccc2)C1.COCCC(=O)[C@@H]1CC(=O)N([C@H](C)c2ccccc2)C1.[Br-].[H][C-]=C.[Mg+2]; emitting sentinel -1.0
2026-05-12 18:27:35,473 [WARNING] ms-clip dropped SMILES CC(=O)[O-].CC(=O)[O-].CCCCCCCC[Sn+2]CCCCCCCC.CCCC[Sn+2]CCCC; emitting sentinel -1.0
2026-05-12 18:28:31,368 [WARNING] llm_rerank attempt 1 parse error: json decode failed: Expecting ',' delimiter: line 1 column 1620 (char 1619)
2026-05-12 18:29:04,609 [INFO] ms-clip: auto-picked GPU 7 (free 24092 MiB)
2026-05-12 18:29:04,609 [INFO] ms-clip: using CUDA_VISIBLE_DEVICES=7
2026-05-12 18:29:04,609 [INFO] ms-clip: launching predict_smi (n_candidates=256)
2026-05-12 18:29:54,745 [INFO] ms-clip: auto-picked GPU 7 (free 24092 MiB)
2026-05-12 18:29:54,745 [INFO] ms-clip: using CUDA_VISIBLE_DEVICES=7
2026-05-12 18:29:54,745 [INFO] ms-clip: launching predict_smi (n_candidates=256)
2026-05-12 18:30:06,430 [WARNING] ms-clip dropped SMILES C[NH-].[CH2-]CC(C)(C)OC(C)(C)C(COCC)CC(C)(C)O.[U+2]; emitting sentinel -1.0
2026-05-12 18:30:34,920 [INFO] ms-clip: auto-picked GPU 7 (free 24092 MiB)
2026-05-12 18:30:34,920 [INFO] ms-clip: using CUDA_VISIBLE_DEVICES=7
2026-05-12 18:30:34,920 [INFO] ms-clip: launching predict_smi (n_candidates=256)
2026-05-12 18:30:45,787 [WARNING] ms-clip dropped SMILES C[C-]1C(C)(C)C=CC(C)(C)C1(C)C.[W]; emitting sentinel -1.0
2026-05-12 18:31:08,514 [INFO] ms-clip: auto-picked GPU 7 (free 18114 MiB)
2026-05-12 18:31:08,514 [INFO] ms-clip: using CUDA_VISIBLE_DEVICES=7
2026-05-12 18:31:08,514 [INFO] ms-clip: launching predict_smi (n_candidates=256)
2026-05-12 18:31:19,511 [WARNING] ms-clip dropped SMILES CC(C)(CO)/N=C/c1ccccc1O.CC(C)(CO)/N=C/c1ccccc1O.[Ni]; emitting sentinel -1.0
2026-05-12 18:31:19,511 [WARNING] ms-clip dropped SMILES CNCCNC(C)(O)C(C)(C)CCOC(C)(C)CN1C(=O)C=CC1=O.[Y]; emitting sentinel -1.0
2026-05-12 18:32:15,336 [INFO] ms-clip: auto-picked GPU 7 (free 24092 MiB)
2026-05-12 18:32:15,336 [INFO] ms-clip: using CUDA_VISIBLE_DEVICES=7
2026-05-12 18:32:15,336 [INFO] ms-clip: launching predict_smi (n_candidates=256)
2026-05-12 18:33:32,467 [INFO] ms-clip: auto-picked GPU 7 (free 24092 MiB)
2026-05-12 18:33:32,467 [INFO] ms-clip: using CUDA_VISIBLE_DEVICES=7
2026-05-12 18:33:32,468 [INFO] ms-clip: launching predict_smi (n_candidates=256)
2026-05-12 18:33:43,764 [WARNING] ms-clip dropped SMILES CCCCC(C)(O)C/C=C/[C@@H]1[C@H]2c3cccc(CCC)c3O[C@H]2C[C@H]1O.[Ac]; emitting sentinel -1.0
2026-05-12 18:33:43,764 [WARNING] ms-clip dropped SMILES CCCCCCCCOc1ccc(/C=N/CC/N=C/c2ccc(OCCCCCCCC)cc2[O-])c([O-])c1.[Cu+2]; emitting sentinel -1.0
2026-05-12 18:34:26,597 [WARNING] llm_rerank attempt 1 parse error: no JSON object found
2026-05-12 18:34:41,387 [INFO] ms-clip: auto-picked GPU 7 (free 24092 MiB)
2026-05-12 18:34:41,387 [INFO] ms-clip: using CUDA_VISIBLE_DEVICES=7
2026-05-12 18:34:41,387 [INFO] ms-clip: launching predict_smi (n_candidates=256)
2026-05-12 18:34:52,773 [WARNING] ms-clip dropped SMILES COc1ccc(C(=O)[O-])c(O)c1.COc1ccc(C(=O)[O-])c(O)c1.[Mg+2]; emitting sentinel -1.0
2026-05-12 18:34:52,773 [WARNING] ms-clip dropped SMILES CCCCS[Sn](Cl)(CCCC)CCCC; emitting sentinel -1.0
2026-05-12 18:34:52,773 [WARNING] ms-clip dropped SMILES CC.CN(C)C(=O)O.C[CH-]c1ccccc1[N+](=O)[O-].[Y]; emitting sentinel -1.0
2026-05-12 18:36:25,623 [INFO] ms-clip: auto-picked GPU 7 (free 24092 MiB)
2026-05-12 18:36:25,624 [INFO] ms-clip: using CUDA_VISIBLE_DEVICES=7
2026-05-12 18:36:25,624 [INFO] ms-clip: launching predict_smi (n_candidates=256)
2026-05-12 18:36:37,062 [WARNING] ms-clip dropped SMILES CC(C)C(=O)/C=C(\O)c1ccccc1.CC(C)C(=O)/C=C(\O)c1ccccc1.[Cu]; emitting sentinel -1.0
2026-05-12 18:37:34,672 [INFO] ms-clip: auto-picked GPU 7 (free 24092 MiB)
2026-05-12 18:37:34,672 [INFO] ms-clip: using CUDA_VISIBLE_DEVICES=7
2026-05-12 18:37:34,672 [INFO] ms-clip: launching predict_smi (n_candidates=256)
2026-05-12 18:37:46,485 [WARNING] ms-clip dropped SMILES C=Cc1c2[n-]c(c1C)CC1[N-]/C(=C3\c4[n-]c(c(C)c4C(=O)[C@@H]3C(=O)OC)/C=c3\[n-]/c(c(C)c3CC)=C\2)[C@@H](CCC(=O)OC/C=C/C)[C@@H]1C.[Mg+2]; emitting sentinel -1.0
2026-05-12 18:37:46,485 [WARNING] ms-clip dropped SMILES C1CCC(C2CCCC[N-]2)[N-]C1.C1CCC(C2CCCC[N-]2)[N-]C1.Cl[Os].NCCc1cnc[nH]1; emitting sentinel -1.0
2026-05-12 18:37:46,485 [WARNING] ms-clip dropped SMILES CCCCCCCC[Sn+2]CCCCCCCC.O=C([O-])CCCC(Cc1ccccc1)(Cc1ccccc1)C(=O)[O-]; emitting sentinel -1.0
2026-05-12 18:37:46,485 [WARNING] ms-clip dropped SMILES CC(C)(C)OCC1(C)C=C2/C=C3/CC(C)(C)/C(=C/C4=N/C(=C\C5=N/C(=C\C1=N2)C(C)(C)C5)C(C)(COC(C)(C)C)C4)[N-]3.Cl[Zn+]; emitting sentinel -1.0
2026-05-12 18:37:46,485 [WARNING] ms-clip dropped SMILES Cc1ccc([C@H]2C[C@@H]3CC[C@H]([C@H]2C(=O)NCCCCCC2CNCC/N=C(\[O-])CCNCCNC2)N3C)cc1.O=[99Tc+]=O; emitting sentinel -1.0
2026-05-12 18:37:46,485 [WARNING] ms-clip dropped SMILES CN(C)CC[N-]C([N-][Si](C)(C)C)c1ccccc1.C[Si](C)(C)[CH-][Si](C)(C)C.C[Si](C)(C)[CH-][Si](C)(C)C.[Y]; emitting sentinel -1.0
2026-05-12 18:37:46,485 [WARNING] ms-clip dropped SMILES CC1(C)CC(NC(=O)c2ccccc2)C(Cc2ccccc2)C(NC(=O)c2ccccc2)C1.[CH2-]c1ccccc1.[CH2-]c1ccccc1.[Ti+2]; emitting sentinel -1.0
2026-05-12 18:37:46,485 [WARNING] ms-clip dropped SMILES C=Cc1c2[n-]c(c1C)/C=C1\[N-]C([C@@H](CCC(=O)OC/C=C\C)[C@@H]1C)[C@H]1c3[n-]c(c(C)c3C(=O)[C@@H]1C(=O)OC)/C=c1\[n-]/c(c(C)c1CC)=C\2.[Mg+2]; emitting sentinel -1.0
2026-05-12 18:37:46,485 [WARNING] ms-clip dropped SMILES C=Cc1c2[n-]c(c1C)/C=C1\[N-]/C(=C3\c4[n-]c(c(C)c4C(=O)[C@@H]3C(=O)OC)/C=c3\[n-]/c(c(C)c3CC)=C\2)[C@@H](CCC(O)OC/C=C/C)[C@@H]1C.[Mg+2]; emitting sentinel -1.0
2026-05-12 18:38:02,978 [INFO] spec 240/500  MassSpecGymID0372011  pool=256  pred=VYTUJXKQBGJYKL  correct=False  t=28.4s
2026-05-12 18:38:03,110 [INFO] ms-clip: auto-picked GPU 7 (free 24092 MiB)
2026-05-12 18:38:03,111 [INFO] ms-clip: using CUDA_VISIBLE_DEVICES=7
2026-05-12 18:38:03,111 [INFO] ms-clip: launching predict_smi (n_candidates=256)
2026-05-12 18:38:14,535 [WARNING] ms-clip dropped SMILES CCCCCCCCCCCCCCCCCC(=O)O.S=C(Nc1ccccc1)c1ccccc1.[Pb]; emitting sentinel -1.0
2026-05-12 18:38:14,536 [WARNING] ms-clip dropped SMILES CCCC[Sn](CCCC)(CCCC)[C@@H]1[C@H](Cn2cnc3ccccc32)N1C(c1ccccc1)(c1ccccc1)c1ccccc1; emitting sentinel -1.0
2026-05-12 18:38:43,952 [INFO] ms-clip: auto-picked GPU 7 (free 24092 MiB)
2026-05-12 18:38:43,952 [INFO] ms-clip: using CUDA_VISIBLE_DEVICES=7
2026-05-12 18:38:43,952 [INFO] ms-clip: launching predict_smi (n_candidates=256)
2026-05-12 18:38:55,352 [WARNING] ms-clip dropped SMILES CC(=S)SC(C)(C)C(C)(C)C(C)(C)C(C)(C)[C-](C)C.[Rf]; emitting sentinel -1.0
2026-05-12 18:39:07,062 [INFO] ms-clip: auto-picked GPU 7 (free 24092 MiB)
2026-05-12 18:39:07,062 [INFO] ms-clip: using CUDA_VISIBLE_DEVICES=7
2026-05-12 18:39:07,062 [INFO] ms-clip: launching predict_smi (n_candidates=256)
2026-05-12 18:39:52,110 [INFO] ms-clip: auto-picked GPU 7 (free 24092 MiB)
2026-05-12 18:39:52,110 [INFO] ms-clip: using CUDA_VISIBLE_DEVICES=7
2026-05-12 18:39:52,110 [INFO] ms-clip: launching predict_smi (n_candidates=256)
2026-05-12 18:40:03,940 [WARNING] ms-clip dropped SMILES CC(C)(C)OC(=O)N1Cc2ccc([Sn](C)(C)C)nc2C1=O; emitting sentinel -1.0
2026-05-12 18:40:46,612 [INFO] ms-clip: auto-picked GPU 7 (free 20364 MiB)
2026-05-12 18:40:46,613 [INFO] ms-clip: using CUDA_VISIBLE_DEVICES=7
2026-05-12 18:40:46,613 [INFO] ms-clip: launching predict_smi (n_candidates=256)
2026-05-12 18:40:58,847 [WARNING] ms-clip dropped SMILES CCCC/C1=C2/N=C(C(CC)=C2CC)C(c2ccccc2)C2=N/C(=C(/CCCC)c3[n-]c(c(CC)c3CC)C(CCCC)c3[n-]c1c(CC)c3CC)C(CC)=C2CC.[Ni+2]; emitting sentinel -1.0
2026-05-12 18:40:58,847 [WARNING] ms-clip dropped SMILES CCCC/C1=C2/N=C(C(CC)=C2CC)[C@H](CCCC)c2[n-]c(c(CC)c2CC)/C(CCCC)=C2\N=C(C(CC)=C2CC)[C@H](c2ccccc2)c2[n-]c1c(CC)c2CC.[Ni+2]; emitting sentinel -1.0
2026-05-12 18:41:16,728 [INFO] ms-clip: auto-picked GPU 7 (free 24092 MiB)
2026-05-12 18:41:16,728 [INFO] ms-clip: using CUDA_VISIBLE_DEVICES=7
2026-05-12 18:41:16,728 [INFO] ms-clip: launching predict_smi (n_candidates=256)
2026-05-12 18:41:50,711 [INFO] ms-clip: auto-picked GPU 7 (free 24092 MiB)
2026-05-12 18:41:50,712 [INFO] ms-clip: using CUDA_VISIBLE_DEVICES=7
2026-05-12 18:41:50,712 [INFO] ms-clip: launching predict_smi (n_candidates=256)
2026-05-12 18:42:02,866 [WARNING] ms-clip dropped SMILES CCCCCCCC[Sn]CCCCCCCC.ClCCl; emitting sentinel -1.0
2026-05-12 18:42:31,844 [INFO] ms-clip: auto-picked GPU 7 (free 24092 MiB)
2026-05-12 18:42:31,844 [INFO] ms-clip: using CUDA_VISIBLE_DEVICES=7
2026-05-12 18:42:31,844 [INFO] ms-clip: launching predict_smi (n_candidates=256)
2026-05-12 18:43:09,982 [INFO] ms-clip: auto-picked GPU 7 (free 24092 MiB)
2026-05-12 18:43:09,982 [INFO] ms-clip: using CUDA_VISIBLE_DEVICES=7
2026-05-12 18:43:09,982 [INFO] ms-clip: launching predict_smi (n_candidates=256)
2026-05-12 18:43:21,576 [WARNING] ms-clip dropped SMILES CCC/C(=C/C(=O)OCC)[Te]1(Cl)CC23CCC(CC2O1)C3(C)C; emitting sentinel -1.0
2026-05-12 18:43:21,577 [WARNING] ms-clip dropped SMILES C=C.[Ni].c1ccc(Pc2ccccc2)cc1.c1ccc(Pc2ccccc2)cc1; emitting sentinel -1.0
2026-05-12 18:43:21,577 [WARNING] ms-clip dropped SMILES CC(=O)/C=C(/C)O.CC(=O)/C=C(/C)O.CC(=O)/C=C(\C)O.[Gd]; emitting sentinel -1.0
2026-05-12 18:43:21,577 [WARNING] ms-clip dropped SMILES CC(=O)C(CCC(=O)CN)[N-]C(=O)c1[c-]cc(C)cc1.[W+2]; emitting sentinel -1.0
2026-05-12 18:43:21,577 [WARNING] ms-clip dropped SMILES CC(C)N1[C]N(C(C)C)C=C1.C[C]1[CH][CH][C](C(C)C)[CH][CH]1.Cl[Ru]Cl; emitting sentinel -1.0
2026-05-12 18:43:36,439 [INFO] ms-clip: auto-picked GPU 7 (free 24092 MiB)
2026-05-12 18:43:36,439 [INFO] ms-clip: using CUDA_VISIBLE_DEVICES=7
2026-05-12 18:43:36,439 [INFO] ms-clip: launching predict_smi (n_candidates=256)
2026-05-12 18:44:07,745 [INFO] spec 250/500  MassSpecGymID0211202  pool=256  pred=OYFCDWLVIVPEDW  correct=True  t=31.4s
2026-05-12 18:44:07,852 [INFO] ms-clip: auto-picked GPU 7 (free 24092 MiB)
2026-05-12 18:44:07,852 [INFO] ms-clip: using CUDA_VISIBLE_DEVICES=7
2026-05-12 18:44:07,853 [INFO] ms-clip: launching predict_smi (n_candidates=256)
2026-05-12 18:44:19,539 [WARNING] ms-clip dropped SMILES CC(C)(C)/N=C/c1ccc(C(C)(C)c2ccc(/C=N/C(C)(C)C)[n-]2)[n-]1.CC(C)(C)/N=C/c1ccc(C(C)(C)c2ccc(/C=N/C(C)(C)C)[n-]2)[n-]1.[Mn+2].[Mn+2]; emitting sentinel -1.0
2026-05-12 18:44:19,540 [WARNING] ms-clip dropped SMILES CC1CC2C(c3ccc(C(C)(C)C)cc3)CCCC2C1[Si](C)(C)C1C(C)CC2C(c3ccc(C(C)(C)C)cc3)CCCC21.Cl[Zr+2]Cl.[CH3-].[CH3-]; emitting sentinel -1.0
2026-05-12 18:44:19,540 [WARNING] ms-clip dropped SMILES COc1c(C(C)(C)C)cc(C2CCCC3C2CCC3[Si](C)(C)[Si](C)(C)C2CCC(CC(C)(C)C)C2)cc1C(C)(C)C.Cl[Zr+2]Cl.[CH3-].[CH3-]; emitting sentinel -1.0
2026-05-12 18:44:19,540 [WARNING] ms-clip dropped SMILES C/[C-]=C\CC(C)C.CC(C)(C)c1cccc(-c2cccc3[cH-]ccc23)c1.CC(C)(C)c1cccc(-c2cccc3[cH-]ccc23)c1.[CH3-].[Hf+4]; emitting sentinel -1.0
2026-05-12 18:44:19,540 [WARNING] ms-clip dropped SMILES CC1CCCN1C(=S)Nc1cc2c(c3c1=CC=C[N-]3)[N-]C=CC=2.CN1CCCCC1C1CCCC[N-]1.CN1CCCCC1C1CCCC[N-]1.[Ru+4]; emitting sentinel -1.0
2026-05-12 18:44:19,541 [WARNING] ms-clip dropped SMILES C#Cc1ccc(-c2c3nc(c(-c4c(C)cc(C)cc4C)c4ccc([n-]4)c(-c4c(C)cc(C)cc4C)c4nc(c(-c5c(C)cc(C)cc5C)c5ccc2[n-]5)C=C4)C=C3)cc1.[Mg+2]; emitting sentinel -1.0
2026-05-12 18:44:50,791 [INFO] ms-clip: auto-picked GPU 7 (free 24092 MiB)
2026-05-12 18:44:50,791 [INFO] ms-clip: using CUDA_VISIBLE_DEVICES=7
2026-05-12 18:44:50,791 [INFO] ms-clip: launching predict_smi (n_candidates=256)
2026-05-12 18:45:02,802 [WARNING] ms-clip dropped SMILES CCCOc1ccc(PC(=O)c2c(OC)cc(OC)cc2OC)c(C)c1.[Li]; emitting sentinel -1.0
2026-05-12 18:45:02,802 [WARNING] ms-clip dropped SMILES COc1cc(OC)c(C(=O)Pc2ccc(OC(C)(C)C)cc2)c(OC)c1.[Li+]; emitting sentinel -1.0
2026-05-12 18:45:43,265 [INFO] ms-clip: auto-picked GPU 7 (free 24092 MiB)
2026-05-12 18:45:43,265 [INFO] ms-clip: using CUDA_VISIBLE_DEVICES=7
2026-05-12 18:45:43,265 [INFO] ms-clip: launching predict_smi (n_candidates=256)
2026-05-12 18:45:54,384 [WARNING] ms-clip dropped SMILES C[N-]C.C[N-]C.C[N-]C.[Zr+4].c1cc[c-](C2CCC2)c1; emitting sentinel -1.0
2026-05-12 18:46:05,452 [INFO] ms-clip: auto-picked GPU 7 (free 24092 MiB)
2026-05-12 18:46:05,452 [INFO] ms-clip: using CUDA_VISIBLE_DEVICES=7
2026-05-12 18:46:05,452 [INFO] ms-clip: launching predict_smi (n_candidates=256)
2026-05-12 18:46:17,196 [WARNING] ms-clip dropped SMILES O=C(O)c1ccccc1[TlH2]; emitting sentinel -1.0
2026-05-12 18:46:17,196 [WARNING] ms-clip dropped SMILES Nc1c(F)cccc1F.[CH3-].[W]; emitting sentinel -1.0
[18:46:17] WARNING: not removing hydrogen atom without neighbors
2026-05-12 18:46:33,995 [INFO] ms-clip: auto-picked GPU 7 (free 24092 MiB)
2026-05-12 18:46:33,996 [INFO] ms-clip: using CUDA_VISIBLE_DEVICES=7
2026-05-12 18:46:33,996 [INFO] ms-clip: launching predict_smi (n_candidates=256)
2026-05-12 18:46:46,005 [WARNING] ms-clip dropped SMILES CC(C)(CO)/N=C/c1ccccc1O.CC(C)(CO)/N=C/c1ccccc1O.[Ni]; emitting sentinel -1.0
2026-05-12 18:46:46,005 [WARNING] ms-clip dropped SMILES CC(C)(CO)N/C=C1/C=CC=CC1=O.CC(C)(CO)N/C=C1/C=CC=CC1=O.[Ni]; emitting sentinel -1.0
2026-05-12 18:47:10,731 [INFO] ms-clip: auto-picked GPU 7 (free 24092 MiB)
2026-05-12 18:47:10,731 [INFO] ms-clip: using CUDA_VISIBLE_DEVICES=7
2026-05-12 18:47:10,731 [INFO] ms-clip: launching predict_smi (n_candidates=256)
2026-05-12 18:47:22,363 [WARNING] ms-clip dropped SMILES CC(C)(C)c1ccnc(-c2cc(C(C)(C)C)ccn2)c1.C[SiH](C)c1ccccc1[SiH](C)C.C[Si](C)c1ccccc1[Si](C)C.[CH3-].[CH3-].[Ru+2]; emitting sentinel -1.0
2026-05-12 18:47:22,364 [WARNING] ms-clip dropped SMILES Cl[Ru](Cl)=C=Cc1ccccc1.c1cn(C2CCCCC2)c(=P(C2CCCCC2)(C2CCCCC2)C2CCCCC2)n1C1CCCCC1; emitting sentinel -1.0
2026-05-12 18:47:22,364 [WARNING] ms-clip dropped SMILES CC(C)(C)C1=[C-]C(C)(C)c2cc3c(cc21)-c1cc2c(cc1C3)C(C)(C)C=C2C(C)(C)C.Cc1cc(C(C)(C)C)c[cH-]1.[Cl-].[Cl-].[Zr+2]=C1CCCCC1; emitting sentinel -1.0
2026-05-12 18:47:22,364 [WARNING] ms-clip dropped SMILES CC(C)c1cccc(C(C)C)c1[N-]C(c1cccc(-c2[c-]cccc2)n1)c1cc2ccccc2c2ccccc12.C[N-]C.C[N-]C.[Hf]; emitting sentinel -1.0
2026-05-12 18:47:22,364 [WARNING] ms-clip dropped SMILES CC(C)(C)/C(C(=O)O)=C(\Cc1ccccc1)C(=O)O.CC(C)(C)/C(C(=O)O)=C(\Cc1ccccc1)C(=O)O.CCCCCC[Sn]CCCC; emitting sentinel -1.0
2026-05-12 18:47:22,364 [WARNING] ms-clip dropped SMILES CC(C)(C)c1cc([N-]c2ccccc2Oc2ccccc2)c([S-])c(C(C)(C)C)c1.Cc1ccccc1[N-]c1cc(C(C)(C)C)cc(C(C)(C)C)c1[S-].[Ni]; emitting sentinel -1.0
2026-05-12 18:47:22,364 [WARNING] ms-clip dropped SMILES CC(C)c1cc(C(C)C)c(-c2ccccc2[PH+](C2CCCCC2)C2CCCCC2)c(C(C)C)c1.Cl[Pd+].Nc1ccccc1-c1[c-]cccc1; emitting sentinel -1.0
2026-05-12 18:47:22,364 [WARNING] ms-clip dropped SMILES CC(C)c1cc(C(C)C)c(-c2cccc(P(C3CCCCC3)C3CCCCC3)c2)c(C(C)C)c1.Nc1ccccc1-c1ccccc1.[Cl-].[Pd]; emitting sentinel -1.0
2026-05-12 18:47:22,365 [WARNING] ms-clip dropped SMILES CC(C)=[Zr+2].C[C-]1C2=C3Cc4ccccc4C3=C3C=CCCC3C2(C)C(C)(C)C(C)(C)C1(C)C.[Cl-].[Cl-].c1cc(C23CC4CC(CC(C4)C2)C3)c[cH-]1; emitting sentinel -1.0
2026-05-12 18:48:46,306 [INFO] ms-clip: auto-picked GPU 7 (free 24092 MiB)
2026-05-12 18:48:46,306 [INFO] ms-clip: using CUDA_VISIBLE_DEVICES=7
2026-05-12 18:48:46,306 [INFO] ms-clip: launching predict_smi (n_candidates=256)
2026-05-12 18:48:58,103 [WARNING] ms-clip dropped SMILES CC[Si](CC)(CC)c1ccc(C(=[Zr+2])c2ccc([Si](CC)(CC)CC)cc2)cc1.c1ccc2[cH-]ccc2c1.c1ccc2[cH-]ccc2c1; emitting sentinel -1.0
2026-05-12 18:48:58,103 [WARNING] ms-clip dropped SMILES CCCC[Sn](CCCC)(CCCC)CC[Si]1(c2ccccc2)CC[Sn](CCCC)(CCCC)CC1; emitting sentinel -1.0
2026-05-12 18:48:58,103 [WARNING] ms-clip dropped SMILES CC(C)c1cc(-c2ccc(-c3ccc([Ge](C)(C)C)cc3)cc2)cc(C(C)C)c1-n1c(-c2cccc3c2oc2ccccc23)nc2ccccc21; emitting sentinel -1.0
2026-05-12 18:48:58,104 [WARNING] ms-clip dropped SMILES CCOc1cc(CN(O)c2ccc(-c3ccccc3F)cc2NC)ccc1OC.CSC.O.[U]; emitting sentinel -1.0
2026-05-12 18:49:09,874 [INFO] ms-clip: auto-picked GPU 7 (free 24092 MiB)
2026-05-12 18:49:09,874 [INFO] ms-clip: using CUDA_VISIBLE_DEVICES=7
2026-05-12 18:49:09,874 [INFO] ms-clip: launching predict_smi (n_candidates=256)
2026-05-12 18:49:21,387 [WARNING] ms-clip dropped SMILES CC(C)(C)[PH+](CCNCC[PH+](C(C)(C)C)C(C)(C)C)C(C)(C)C.CC(O)CC(C)O.[Rh]; emitting sentinel -1.0
2026-05-12 18:49:43,466 [INFO] ms-clip: auto-picked GPU 7 (free 24092 MiB)
2026-05-12 18:49:43,466 [INFO] ms-clip: using CUDA_VISIBLE_DEVICES=7
2026-05-12 18:49:43,466 [INFO] ms-clip: launching predict_smi (n_candidates=256)
2026-05-12 18:49:54,825 [WARNING] ms-clip dropped SMILES CCCCCC(=O)O.CCCCCC(=O)O.[Rh]; emitting sentinel -1.0
2026-05-12 18:49:54,826 [WARNING] ms-clip dropped SMILES CN(C)c1cccc2cccc([Sn](C)(C)C)c12; emitting sentinel -1.0
2026-05-12 18:50:04,662 [INFO] ms-clip: auto-picked GPU 7 (free 24092 MiB)
2026-05-12 18:50:04,663 [INFO] ms-clip: using CUDA_VISIBLE_DEVICES=7
2026-05-12 18:50:04,663 [INFO] ms-clip: launching predict_smi (n_candidates=256)
2026-05-12 18:50:15,677 [WARNING] ms-clip dropped SMILES C=CCCCCCCCC(=O)[O-].C=CCCCCCCCC(=O)[O-].[Ca+2]; emitting sentinel -1.0
2026-05-12 18:50:15,678 [WARNING] ms-clip dropped SMILES CCCCCCCCCCCCC/C=C/CC(CC(=O)[O-])C(=O)[O-].[Ca+2]; emitting sentinel -1.0
2026-05-12 18:50:49,375 [INFO] spec 260/500  MassSpecGymID0206353  pool=256  pred=MLYPKMKIOXLVAN  correct=False  t=44.9s
2026-05-12 18:50:49,512 [INFO] ms-clip: auto-picked GPU 7 (free 24092 MiB)
2026-05-12 18:50:49,512 [INFO] ms-clip: using CUDA_VISIBLE_DEVICES=7
2026-05-12 18:50:49,512 [INFO] ms-clip: launching predict_smi (n_candidates=256)
2026-05-12 18:51:02,003 [WARNING] ms-clip dropped SMILES CCCCOC(CC)C(=O)CC(=O)[O-].CCCCOC(CC)C(=O)CC(=O)[O-].CCCCOC(CC)C(=O)CC(=O)[O-].[Al+3]; emitting sentinel -1.0
2026-05-12 18:51:26,798 [INFO] ms-clip: auto-picked GPU 7 (free 24092 MiB)
2026-05-12 18:51:26,799 [INFO] ms-clip: using CUDA_VISIBLE_DEVICES=7
2026-05-12 18:51:26,799 [INFO] ms-clip: launching predict_smi (n_candidates=256)
2026-05-12 18:52:01,077 [INFO] ms-clip: auto-picked GPU 7 (free 24092 MiB)
2026-05-12 18:52:01,077 [INFO] ms-clip: using CUDA_VISIBLE_DEVICES=7
2026-05-12 18:52:01,077 [INFO] ms-clip: launching predict_smi (n_candidates=256)
2026-05-12 18:52:13,157 [WARNING] ms-clip dropped SMILES CC(C)(C)C1CCCC1.CC(C)(C)C1CCCC1.Cl[Zr+2]Cl.[CH3-].[CH3-]; emitting sentinel -1.0
2026-05-12 18:54:19,871 [WARNING] chat retry attempt 1/3 after APIConnectionError: Error communicating with OpenAI: HTTPSConnectionPool(host='api.viviai.cc', port=443): Max retries exceeded with url: /v1 — sleeping 9.6s (caller=msg_llm_reranker, trace=None)
2026-05-12 18:54:34,491 [WARNING] chat retry attempt 2/3 after APIConnectionError: Error communicating with OpenAI: HTTPSConnectionPool(host='api.viviai.cc', port=443): Max retries exceeded with url: /v1 — sleeping 25.5s (caller=msg_llm_reranker, trace=None)
2026-05-12 18:55:04,990 [WARNING] chat retry attempt 3/3 after APIConnectionError: Error communicating with OpenAI: HTTPSConnectionPool(host='api.viviai.cc', port=443): Max retries exceeded with url: /v1 — sleeping 67.2s (caller=msg_llm_reranker, trace=None)
2026-05-12 18:56:17,254 [WARNING] llm_rerank attempt 1 chat_fn failed: Error communicating with OpenAI: HTTPSConnectionPool(host='api.viviai.cc', port=443): Max retries exceeded with url: /v1/chat/completions (Caused by SSLError(SSLZeroReturnError(6, 'TLS/SSL connection has been closed (EOF) (_ssl.c:1147)')))
2026-05-12 18:57:45,561 [WARNING] llm_rerank attempt 2 parse error: no JSON object found
2026-05-12 18:57:45,694 [INFO] ms-clip: auto-picked GPU 7 (free 24092 MiB)
2026-05-12 18:57:45,694 [INFO] ms-clip: using CUDA_VISIBLE_DEVICES=7
2026-05-12 18:57:45,695 [INFO] ms-clip: launching predict_smi (n_candidates=256)
2026-05-12 18:57:57,604 [WARNING] ms-clip dropped SMILES CN(C)C1=CC2=C3C=C(N(C)C)C=CN3CCCN2C=C1.CN1c2ccccc2N(C)C12CCCCC21N(C)c2ccccc2N1C.[Li+].[O-]c1cccc2ccc[nH+]c12; emitting sentinel -1.0
2026-05-12 18:58:24,925 [INFO] ms-clip: auto-picked GPU 7 (free 24092 MiB)
2026-05-12 18:58:24,925 [INFO] ms-clip: using CUDA_VISIBLE_DEVICES=7
2026-05-12 18:58:24,925 [INFO] ms-clip: launching predict_smi (n_candidates=256)
2026-05-12 18:58:36,156 [WARNING] ms-clip dropped SMILES CC(C)=CCC/C(C)=C/CC/C(C)=C/CCN(C)CCOP(=O)([O-])OP(=O)([O-])O.[Mg+2]; emitting sentinel -1.0
2026-05-12 18:58:41,178 [WARNING] chat retry attempt 1/3 after APIConnectionError: Error communicating with OpenAI: HTTPSConnectionPool(host='api.viviai.cc', port=443): Max retries exceeded with url: /v1 — sleeping 9.0s (caller=msg_llm_reranker, trace=None)
2026-05-12 18:59:43,550 [INFO] ms-clip: auto-picked GPU 7 (free 24092 MiB)
2026-05-12 18:59:43,551 [INFO] ms-clip: using CUDA_VISIBLE_DEVICES=7
2026-05-12 18:59:43,551 [INFO] ms-clip: launching predict_smi (n_candidates=256)
2026-05-12 19:01:22,989 [WARNING] llm_rerank attempt 1 parse error: no JSON object found
2026-05-12 19:02:55,531 [WARNING] chat retry attempt 1/3 after APIConnectionError: Error communicating with OpenAI: HTTPSConnectionPool(host='api.viviai.cc', port=443): Max retries exceeded with url: /v1 — sleeping 10.7s (caller=msg_llm_reranker, trace=None)
2026-05-12 19:03:25,918 [INFO] ms-clip: auto-picked GPU 7 (free 24092 MiB)
2026-05-12 19:03:25,918 [INFO] ms-clip: using CUDA_VISIBLE_DEVICES=7
2026-05-12 19:03:25,919 [INFO] ms-clip: launching predict_smi (n_candidates=256)
2026-05-12 19:03:37,503 [WARNING] ms-clip dropped SMILES C=CCc1cc(O)cc2c1C[C@@H]1[C@@H]3CCCC[C@]23CCN1[Sn](CCCC)(CCCC)CCCC; emitting sentinel -1.0
2026-05-12 19:03:37,504 [WARNING] ms-clip dropped SMILES CCCCCC[Sn](CCCCCC)(CCCCCC)Sc1nc(NCC)nc(NCC)n1; emitting sentinel -1.0
2026-05-12 19:03:37,504 [WARNING] ms-clip dropped SMILES CCOC(=O)C1CCN(Cc2ccccc2)C1.CON(C)C(=O)C1CCN(Cc2ccccc2)C1.C[Al](C)Cl; emitting sentinel -1.0
2026-05-12 19:04:08,547 [INFO] ms-clip: auto-picked GPU 7 (free 24092 MiB)
2026-05-12 19:04:08,548 [INFO] ms-clip: using CUDA_VISIBLE_DEVICES=7
2026-05-12 19:04:08,548 [INFO] ms-clip: launching predict_smi (n_candidates=256)
2026-05-12 19:05:08,414 [WARNING] chat retry attempt 1/3 after APIConnectionError: Error communicating with OpenAI: HTTPSConnectionPool(host='api.viviai.cc', port=443): Max retries exceeded with url: /v1 — sleeping 10.0s (caller=msg_llm_reranker, trace=None)
2026-05-12 19:07:38,014 [WARNING] chat retry attempt 2/3 after APIConnectionError: Error communicating with OpenAI: HTTPSConnectionPool(host='api.viviai.cc', port=443): Max retries exceeded with url: /v1 — sleeping 27.4s (caller=msg_llm_reranker, trace=None)
2026-05-12 19:09:40,459 [WARNING] chat retry attempt 3/3 after APIConnectionError: Error communicating with OpenAI: HTTPSConnectionPool(host='api.viviai.cc', port=443): Max retries exceeded with url: /v1 — sleeping 52.9s (caller=msg_llm_reranker, trace=None)
2026-05-12 19:12:54,094 [WARNING] llm_rerank attempt 1 chat_fn failed: Error communicating with OpenAI: HTTPSConnectionPool(host='api.viviai.cc', port=443): Max retries exceeded with url: /v1/chat/completions (Caused by ProxyError('Unable to connect to proxy', RemoteDisconnected('Remote end closed connection without response')))
2026-05-12 19:12:59,100 [WARNING] chat retry attempt 1/3 after APIConnectionError: Error communicating with OpenAI: HTTPSConnectionPool(host='api.viviai.cc', port=443): Max retries exceeded with url: /v1 — sleeping 9.2s (caller=msg_llm_reranker, trace=None)
2026-05-12 19:14:27,835 [WARNING] llm_rerank attempt 2 parse error: json decode failed: Expecting ',' delimiter: line 1 column 1547 (char 1546)
2026-05-12 19:14:27,990 [INFO] ms-clip: auto-picked GPU 7 (free 24092 MiB)
2026-05-12 19:14:27,991 [INFO] ms-clip: using CUDA_VISIBLE_DEVICES=7
2026-05-12 19:14:27,991 [INFO] ms-clip: launching predict_smi (n_candidates=256)
2026-05-12 19:14:39,981 [WARNING] ms-clip dropped SMILES CCCCCCCCCCCC[Sn+](CCCCCCCCCCCC)CCCCCCCCCCCC.CN(C)C(=S)[S-]; emitting sentinel -1.0
2026-05-12 19:14:39,981 [WARNING] ms-clip dropped SMILES CC(C)(C)c1cc(CN(Cc2cc(C(C)(C)C)cc(C(C)(C)C)c2[O-])Cc2cc(C(C)(C)C)cc(C(C)(C)C)c2[O-])c([O-])c(C(C)(C)C)c1.C[O-].[Ti+4]; emitting sentinel -1.0
2026-05-12 19:14:39,981 [WARNING] ms-clip dropped SMILES C[CH-]c1[c-]c(C(=O)c2cccs2)ccc1.[Y].[Y].[Y].[Y].[Y].[Y]; emitting sentinel -1.0
2026-05-12 19:14:39,981 [WARNING] ms-clip dropped SMILES [CH2-]C[CH-]CC[CH2-].[CH2-]C[CH2-].[Y].[Y].[Y].[Y].[Y].[Y].[Y]; emitting sentinel -1.0
2026-05-12 19:14:39,981 [WARNING] ms-clip dropped SMILES C[CH-]CC1CCCCC1.[Y].[Y].[Y].[Y].[Y].[Y].[Y]; emitting sentinel -1.0
2026-05-12 19:15:14,426 [WARNING] llm_rerank attempt 1 parse error: no JSON object found
2026-05-12 19:15:40,522 [INFO] ms-clip: auto-picked GPU 7 (free 24092 MiB)
2026-05-12 19:15:40,523 [INFO] ms-clip: using CUDA_VISIBLE_DEVICES=7
2026-05-12 19:15:40,523 [INFO] ms-clip: launching predict_smi (n_candidates=256)
2026-05-12 19:17:02,134 [WARNING] llm_rerank attempt 1 parse error: no JSON object found
2026-05-12 19:17:17,588 [INFO] spec 270/500  MassSpecGymID0012652  pool=256  pred=OJYUSGQDUGFHOF  correct=False  t=97.2s
2026-05-12 19:17:17,725 [INFO] ms-clip: auto-picked GPU 7 (free 24092 MiB)
2026-05-12 19:17:17,725 [INFO] ms-clip: using CUDA_VISIBLE_DEVICES=7
2026-05-12 19:17:17,726 [INFO] ms-clip: launching predict_smi (n_candidates=256)
2026-05-12 19:17:29,628 [WARNING] ms-clip dropped SMILES CC(C)c1cccc(C(C)C)c1N1[CH-]C2(CC1(C)C)C1CC3CC(C1)CC2C3.Cl[Ag]; emitting sentinel -1.0
2026-05-12 19:17:29,628 [WARNING] ms-clip dropped SMILES CCC1=[C-]CC=C1.CCC1=[C-]CC=C1.CCc1cccc(O)c1.CCc1cccc(O)c1.[Zr+2]; emitting sentinel -1.0
2026-05-12 19:17:29,629 [WARNING] ms-clip dropped SMILES CCCCC1=[C-]CC=C1.CCCCC1=[C-]CC=C1.Oc1ccccc1.Oc1ccccc1.[Zr+2]; emitting sentinel -1.0
2026-05-12 19:17:29,629 [WARNING] ms-clip dropped SMILES CC[c-]1cccc1.CC[c-]1cccc1.CCc1ccccc1O.CCc1ccccc1O.[Zr+2]; emitting sentinel -1.0
2026-05-12 19:19:12,176 [INFO] ms-clip: auto-picked GPU 7 (free 24092 MiB)
2026-05-12 19:19:12,177 [INFO] ms-clip: using CUDA_VISIBLE_DEVICES=7
2026-05-12 19:19:12,177 [INFO] ms-clip: launching predict_smi (n_candidates=256)
2026-05-12 19:19:29,446 [WARNING] chat retry attempt 1/3 after APIConnectionError: Error communicating with OpenAI: HTTPSConnectionPool(host='api.viviai.cc', port=443): Max retries exceeded with url: /v1 — sleeping 10.3s (caller=msg_llm_reranker, trace=None)
2026-05-12 19:20:24,839 [INFO] ms-clip: auto-picked GPU 7 (free 24092 MiB)
2026-05-12 19:20:24,839 [INFO] ms-clip: using CUDA_VISIBLE_DEVICES=7
2026-05-12 19:20:24,839 [INFO] ms-clip: launching predict_smi (n_candidates=256)
2026-05-12 19:20:36,403 [WARNING] ms-clip dropped SMILES CCCCCCCCCCCCCCCCOP(=O)([O-])[O-].CCCCCCCCCCCCCCCCOS(=O)(=O)c1cccc2cc3ccccc3cc12.[Mn+2]; emitting sentinel -1.0
2026-05-12 19:20:36,403 [WARNING] ms-clip dropped SMILES Cc1c(C)[n+](C)c(-c2c3nc(c(-c4n(C)c(C)c(C)[n+]4C)c4ccc([nH]4)c(-c4n(C)c(C)c(C)[n+]4C)c4nc(c(-c5n(C)c(C)c(C)[n+]5C)c5ccc2[nH]5)C=C4)C=C3)n1C.[Mn+3]; emitting sentinel -1.0
2026-05-12 19:20:36,403 [WARNING] ms-clip dropped SMILES CCn1cc[n+](CC)c1-c1c2nc(c(-c3n(CC)cc[n+]3CC)c3ccc([nH]3)c(-c3n(CC)cc[n+]3CC)c3ccc([nH]3)c(-c3n(CC)cc[n+]3CC)c3nc1C=C3)C=C2.[Mn+3]; emitting sentinel -1.0
2026-05-12 19:20:36,403 [WARNING] ms-clip dropped SMILES CC(C)c1cccc(C(C)C)c1N1C=CN(c2c(C(C)C)cccc2C(C)C)B1/C=C(\[Sn]N(c1c(C(C)C)cccc1C(C)C)[Si](C)(C)C)c1ccccc1; emitting sentinel -1.0
2026-05-12 19:20:36,403 [WARNING] ms-clip dropped SMILES CCn1cc[n+](CC)c1-c1c2nc(c(-c3n(CC)cc[n+]3CC)c3ccc([nH]3)c(-c3n(CC)cc[n+]3CC)c3nc(c(-c4n(CC)cc[n+]4CC)c4ccc1[nH]4)C=C3)C=C2.[Mn+3]; emitting sentinel -1.0
[19:20:36] WARNING: not removing hydrogen atom without neighbors
[19:21:16] WARNING: not removing hydrogen atom without neighbors
2026-05-12 19:21:16,845 [INFO] ms-clip: auto-picked GPU 7 (free 24092 MiB)
2026-05-12 19:21:16,845 [INFO] ms-clip: using CUDA_VISIBLE_DEVICES=7
2026-05-12 19:21:16,845 [INFO] ms-clip: launching predict_smi (n_candidates=256)
2026-05-12 19:21:28,456 [WARNING] ms-clip dropped SMILES Cl.Nc1nc2nc[nH]c2c(=O)[nH]1.O=[Bi]; emitting sentinel -1.0
2026-05-12 19:21:28,456 [WARNING] ms-clip dropped SMILES O=[Ge](OC1=C(O)C(C(O)CO)OC1)OC1=C(O)COC1C(O)CO; emitting sentinel -1.0
2026-05-12 19:21:28,457 [WARNING] ms-clip dropped SMILES C1CCOC1.C1CCOC1.CC(C)(C)C=[Nb](Cl)(Cl)Cl; emitting sentinel -1.0
2026-05-12 19:21:38,348 [INFO] ms-clip: auto-picked GPU 7 (free 24092 MiB)
2026-05-12 19:21:38,348 [INFO] ms-clip: using CUDA_VISIBLE_DEVICES=7
2026-05-12 19:21:38,348 [INFO] ms-clip: launching predict_smi (n_candidates=256)
2026-05-12 19:21:49,884 [WARNING] ms-clip dropped SMILES Cc1ccc(N(c2ccc(N(c3ccccc3)c3ccccc3)cc2)c2ccc([Ge](c3ccccc3)(c3ccccc3)c3ccccc3)cc2)cc1; emitting sentinel -1.0
2026-05-12 19:21:49,885 [WARNING] ms-clip dropped SMILES CCCCC(CC)COC(=O)CS[Sb](SCC(=O)OCC(CC)CCCC)SCC(=O)OCC(CC)CCCC; emitting sentinel -1.0
2026-05-12 19:21:49,885 [WARNING] ms-clip dropped SMILES CC(O)CC(C)O.CN1[CH-]N(c2[c-]cccc2)c2ccccc21.[CH2-]C=C[PH+](c1ccccc1)c1ccccc1.[Os]; emitting sentinel -1.0
2026-05-12 19:22:25,506 [INFO] ms-clip: auto-picked GPU 7 (free 24092 MiB)
2026-05-12 19:22:25,506 [INFO] ms-clip: using CUDA_VISIBLE_DEVICES=7
2026-05-12 19:22:25,506 [INFO] ms-clip: launching predict_smi (n_candidates=256)
2026-05-12 19:23:06,641 [INFO] ms-clip: auto-picked GPU 7 (free 24092 MiB)
2026-05-12 19:23:06,642 [INFO] ms-clip: using CUDA_VISIBLE_DEVICES=7
2026-05-12 19:23:06,642 [INFO] ms-clip: launching predict_smi (n_candidates=256)
2026-05-12 19:23:18,385 [WARNING] ms-clip dropped SMILES CCC(C)OC(OC(C)CC1CCCCC1)c1ccc(C(=O)NC(CCSC)C(=O)O)c(-c2ccccc2C)c1.[Li]; emitting sentinel -1.0
2026-05-12 19:23:18,385 [WARNING] ms-clip dropped SMILES C.C=C(C(C)=O)N1CCC(CC(=O)OC)CC1.C=C(C(C)=O)N1CCC(CC(=O)OC)CC1.CC.[CH2-]C.[V]; emitting sentinel -1.0
2026-05-12 19:23:18,385 [WARNING] ms-clip dropped SMILES CC(C)(C)[Si](C)(C)O.CC(C)(C)[Si](C)(C)O.CC(C)(C)[Si](C)(C)O.CC(C)(C)[Si](C)(C)O.[Ti]; emitting sentinel -1.0
2026-05-12 19:23:23,406 [WARNING] chat retry attempt 1/3 after APIConnectionError: Error communicating with OpenAI: HTTPSConnectionPool(host='api.viviai.cc', port=443): Max retries exceeded with url: /v1 — sleeping 9.1s (caller=msg_llm_reranker, trace=None)
2026-05-12 19:25:26,255 [WARNING] chat retry attempt 2/3 after APIConnectionError: Error communicating with OpenAI: HTTPSConnectionPool(host='api.viviai.cc', port=443): Max retries exceeded with url: /v1 — sleeping 28.9s (caller=msg_llm_reranker, trace=None)
2026-05-12 19:26:00,162 [WARNING] chat retry attempt 3/3 after APIConnectionError: Error communicating with OpenAI: HTTPSConnectionPool(host='api.viviai.cc', port=443): Max retries exceeded with url: /v1 — sleeping 55.2s (caller=msg_llm_reranker, trace=None)
2026-05-12 19:27:00,402 [WARNING] llm_rerank attempt 1 chat_fn failed: Error communicating with OpenAI: HTTPSConnectionPool(host='api.viviai.cc', port=443): Max retries exceeded with url: /v1/chat/completions (Caused by SSLError(SSLZeroReturnError(6, 'TLS/SSL connection has been closed (EOF) (_ssl.c:1147)')))
2026-05-12 19:27:05,408 [WARNING] chat retry attempt 1/3 after APIConnectionError: Error communicating with OpenAI: HTTPSConnectionPool(host='api.viviai.cc', port=443): Max retries exceeded with url: /v1 — sleeping 11.5s (caller=msg_llm_reranker, trace=None)
2026-05-12 19:29:04,662 [INFO] ms-clip: auto-picked GPU 7 (free 24092 MiB)
2026-05-12 19:29:04,663 [INFO] ms-clip: using CUDA_VISIBLE_DEVICES=7
2026-05-12 19:29:04,663 [INFO] ms-clip: launching predict_smi (n_candidates=256)
2026-05-12 19:30:55,289 [WARNING] chat retry attempt 1/3 after APIConnectionError: Error communicating with OpenAI: HTTPSConnectionPool(host='api.viviai.cc', port=443): Max retries exceeded with url: /v1 — sleeping 11.2s (caller=msg_llm_reranker, trace=None)
2026-05-12 19:31:18,711 [INFO] ms-clip: auto-picked GPU 7 (free 24092 MiB)
2026-05-12 19:31:18,711 [INFO] ms-clip: using CUDA_VISIBLE_DEVICES=7
2026-05-12 19:31:18,711 [INFO] ms-clip: launching predict_smi (n_candidates=256)
2026-05-12 19:31:30,897 [WARNING] ms-clip dropped SMILES COC([O-])(CC(NC(=O)OC(C)(C)C)C1COC(C)(C)O1)c1cccs1.[Li+]; emitting sentinel -1.0
2026-05-12 19:33:20,986 [WARNING] chat retry attempt 1/3 after APIConnectionError: Error communicating with OpenAI: HTTPSConnectionPool(host='api.viviai.cc', port=443): Max retries exceeded with url: /v1 — sleeping 8.4s (caller=msg_llm_reranker, trace=None)
2026-05-12 19:34:24,929 [WARNING] llm_rerank attempt 1 parse error: no JSON object found
2026-05-12 19:34:34,892 [INFO] ms-clip: auto-picked GPU 7 (free 24092 MiB)
2026-05-12 19:34:34,892 [INFO] ms-clip: using CUDA_VISIBLE_DEVICES=7
2026-05-12 19:34:34,892 [INFO] ms-clip: launching predict_smi (n_candidates=256)
2026-05-12 19:34:46,421 [WARNING] ms-clip dropped SMILES [CH2-]C(C)=O.[CH2-]CN1CC2CCN(C)C2C1.[W+2]; emitting sentinel -1.0
2026-05-12 19:34:46,421 [WARNING] ms-clip dropped SMILES C1=CC2OC[n+]3c(sc4ccccc43)C2C=C1.[Li+].[O-]c1cccc2ccc[nH+]c12; emitting sentinel -1.0
2026-05-12 19:35:08,665 [INFO] spec 280/500  MassSpecGymID0247776  pool=256  pred=KQIXOBKAGZBVGB  correct=True  t=33.9s
2026-05-12 19:35:08,799 [INFO] ms-clip: auto-picked GPU 7 (free 24092 MiB)
2026-05-12 19:35:08,799 [INFO] ms-clip: using CUDA_VISIBLE_DEVICES=7
2026-05-12 19:35:08,799 [INFO] ms-clip: launching predict_smi (n_candidates=256)
2026-05-12 19:37:03,411 [WARNING] llm_rerank attempt 1 parse error: no JSON object found
2026-05-12 19:37:23,401 [INFO] ms-clip: auto-picked GPU 7 (free 24092 MiB)
2026-05-12 19:37:23,401 [INFO] ms-clip: using CUDA_VISIBLE_DEVICES=7
2026-05-12 19:37:23,401 [INFO] ms-clip: launching predict_smi (n_candidates=256)
2026-05-12 19:37:35,509 [WARNING] ms-clip dropped SMILES CC#N.CC(C)c1cc(C(C)C)n([B-](n2nc(C(C)C)cc2C(C)C)n2nc(C(C)C)cc2C(C)C)n1.[Cu+]; emitting sentinel -1.0
2026-05-12 19:37:45,562 [INFO] ms-clip: auto-picked GPU 7 (free 24092 MiB)
2026-05-12 19:37:45,562 [INFO] ms-clip: using CUDA_VISIBLE_DEVICES=7
2026-05-12 19:37:45,562 [INFO] ms-clip: launching predict_smi (n_candidates=256)
2026-05-12 19:37:57,204 [WARNING] ms-clip dropped SMILES Cn1c2nc3nc(nc4[n-]c(nc5nc(nc1c1cc6ccccc6cc12)-c1cc2ccccc2cc1-5)c1cc2ccccc2cc41)-c1cc2ccccc2cc1-3.O=[V]; emitting sentinel -1.0
2026-05-12 19:37:57,204 [WARNING] ms-clip dropped SMILES C=CCN(C)Cc1cccc(N)c1.C=CCN(C)Cc1cccc([N+](=O)[O-])c1.C=CCNC.Cl[Sn]Cl.O=Cc1cccc([N+](=O)[O-])c1; emitting sentinel -1.0
2026-05-12 19:37:57,204 [WARNING] ms-clip dropped SMILES Cc1cc(Oc2[c-]c3c(cc2)c2ccccc2n3-c2cc(F)ccn2)[c-]c(-n2nc(-c3ccccc3)c(-c3c(C)cccc3C)c2-c2ccccc2)c1.[Pd+2]; emitting sentinel -1.0
2026-05-12 19:37:57,204 [WARNING] ms-clip dropped SMILES CCOC(=O)C(C(=O)OCC)=C(C)C.CCOC(=O)C(C(=O)OCC)C(C)(C)c1ccc(C(F)(F)F)cc1.FC(F)(F)c1cc[c-]cc1.[Br-].[Mg+2]; emitting sentinel -1.0
2026-05-12 19:37:57,204 [WARNING] ms-clip dropped SMILES Cc1cc(C)c(/N=C2C(=N/c3c(C)cc(C)cc3-c3cccc4ccccc34)/c3c(C)c(Cl)cc4cccc/2c34)c(-c2cccc3ccccc23)c1.[Pd]; emitting sentinel -1.0
2026-05-12 19:37:57,204 [WARNING] ms-clip dropped SMILES Fc1c[c-]c(-c2cccc(-c3[c-]cc(F)cc3F)n2)c(F)c1.[Au+3].[C-]#Cc1c(C)cc(N(c2ccccc2)c2ccccc2)cc1C; emitting sentinel -1.0
2026-05-12 19:37:57,204 [WARNING] ms-clip dropped SMILES Cc1ccc([C+]2c3ccc([n-]3)[C+](c3ccc([N+](=O)[O-])cc3)c3ccc([n-]3)[C+](c3ccc(C)cc3)c3ccc([n-]3)[C+](c3ccc([N+](=O)[O-])cc3)c3ccc2[n-]3)cc1.[Zn]; emitting sentinel -1.0
2026-05-12 19:37:57,205 [WARNING] ms-clip dropped SMILES CCSC(=S)NCCC1C(=O)O[C-]2CN(C)C3[CH-]CN(Cc4cccc(n4)CN1C2)C(CCNC(=S)SCC[C@H](N)C(=O)O)C(=O)OC3.[Mn+2]; emitting sentinel -1.0
2026-05-12 19:37:57,205 [WARNING] ms-clip dropped SMILES CCCCC(CC)Cc1nc2c3cc([Sn](C)(C)C)sc3c3sc([Sn](C)(C)C)cc3c2nc1CC(CC)CCCC; emitting sentinel -1.0
2026-05-12 19:37:57,205 [WARNING] ms-clip dropped SMILES O=C1C=CC(=C2c3ccc([n-]3)C(=C3C=CC(=O)C=C3)c3ccc([nH]3)C(=C3C=Cc4ccccc4N3)c3ccc([n-]3)C(=C3C=CC(=O)C=C3)c3ccc2[nH]3)C=C1.[OH3+].[Zn+2]; emitting sentinel -1.0
2026-05-12 19:37:57,205 [WARNING] ms-clip dropped SMILES [Hf].c1ccc(-c2ccc(-c3cc4c(ccc5ccccc54)[cH-]3)o2)cc1.c1ccc(-c2ccc(-c3cc4c(ccc5ccccc54)[cH-]3)o2)cc1; emitting sentinel -1.0
2026-05-12 19:37:57,205 [WARNING] ms-clip dropped SMILES C=CCOP(=NC)(N=P(N=P(N=P(N=P(C)(O)OCC)(OCC)OCC)(OCC)OCC)(OCC)OCC)OCC.[NH2-].[Y]; emitting sentinel -1.0
2026-05-12 19:37:57,205 [WARNING] ms-clip dropped SMILES Cc1ccc2c(c1)C(=O)C(c1nc3c4cccnc4c4ncccc4c3[nH]1)CO2.[Ru].c1ccc(-c2ccccn2)nc1.c1ccc(-c2ccccn2)nc1; emitting sentinel -1.0
2026-05-12 19:37:57,205 [WARNING] ms-clip dropped SMILES C.CCOC(=O)C(=O)c1c(Cl)c(C(=O)Nc2ccc(F)c(C#N)c2)n(C)c1C.Cc1c(C(=O)C(=O)O)c(Cl)c(C(=O)Nc2ccc(F)c(C#N)c2)n1C.[Li+].[OH-]; emitting sentinel -1.0
2026-05-12 19:37:57,205 [WARNING] ms-clip dropped SMILES COc1ccc(NC(=O)C(c2ccccc2C)N(CCNC(=O)OCc2ccccc2)C(=O)Cn2cc(C)c(=O)[nH]c2=O)c([N+](=O)[O-])c1.[C-]#[O+].[C-]#[O+].[C-]#[O+].[Cr]; emitting sentinel -1.0
2026-05-12 19:37:57,205 [WARNING] ms-clip dropped SMILES Oc1ccc(-c2c3nc(c(-c4ccc(O)cc4)c4ccc([n-]4)c(-c4ccc5ccccc5n4)c4nc(c(-c5ccc(O)cc5)c5ccc2[n-]5)C=C4)C=C3)cc1.[OH3+].[Zn+2]; emitting sentinel -1.0
2026-05-12 19:37:57,205 [WARNING] ms-clip dropped SMILES CCOc1ccc(C(=N\N=C(/[S-])NC)/C(=N/N=C(\[S-])NCCOC[P+](c2ccccc2)(c2ccccc2)c2ccccc2)c2ccccc2)cc1.[Cu+2]; emitting sentinel -1.0
2026-05-12 19:38:28,029 [WARNING] llm_rerank attempt 1 parse error: no JSON object found
2026-05-12 19:39:22,775 [INFO] ms-clip: auto-picked GPU 7 (free 24092 MiB)
2026-05-12 19:39:22,776 [INFO] ms-clip: using CUDA_VISIBLE_DEVICES=7
2026-05-12 19:39:22,776 [INFO] ms-clip: launching predict_smi (n_candidates=256)
2026-05-12 19:39:34,190 [WARNING] ms-clip dropped SMILES CCOC(C)Oc1ccc(PC(=O)c2c(OC)cc(OC)cc2OC)cc1.[Li+]; emitting sentinel -1.0
2026-05-12 19:39:34,190 [WARNING] ms-clip dropped SMILES [CH][N+]1(C)CC[N+]([CH])(CCCN2c3ccccc3Sc3ccc(Cl)cc32)CC1; emitting sentinel -1.0
2026-05-12 19:39:34,190 [WARNING] ms-clip dropped SMILES CCCC/[C-]=C(\CCCC)C(C)=[N-].[CH]1[CH][CH][CH][CH]1.[CH]1[CH][CH][CH][CH]1.[Zr+2]; emitting sentinel -1.0
2026-05-12 19:41:49,122 [WARNING] chat retry attempt 1/3 after APIConnectionError: Error communicating with OpenAI: HTTPSConnectionPool(host='api.viviai.cc', port=443): Max retries exceeded with url: /v1 — sleeping 9.7s (caller=msg_llm_reranker, trace=None)
2026-05-12 19:42:03,841 [WARNING] chat retry attempt 2/3 after APIConnectionError: Error communicating with OpenAI: HTTPSConnectionPool(host='api.viviai.cc', port=443): Max retries exceeded with url: /v1 — sleeping 25.3s (caller=msg_llm_reranker, trace=None)
2026-05-12 19:42:39,207 [INFO] ms-clip: auto-picked GPU 7 (free 24092 MiB)
2026-05-12 19:42:39,208 [INFO] ms-clip: using CUDA_VISIBLE_DEVICES=7
2026-05-12 19:42:39,208 [INFO] ms-clip: launching predict_smi (n_candidates=256)
2026-05-12 19:44:26,316 [WARNING] chat retry attempt 1/3 after APIConnectionError: Error communicating with OpenAI: HTTPSConnectionPool(host='api.viviai.cc', port=443): Max retries exceeded with url: /v1 — sleeping 10.4s (caller=msg_llm_reranker, trace=None)
2026-05-12 19:44:41,715 [WARNING] chat retry attempt 2/3 after APIConnectionError: Error communicating with OpenAI: HTTPSConnectionPool(host='api.viviai.cc', port=443): Max retries exceeded with url: /v1 — sleeping 25.8s (caller=msg_llm_reranker, trace=None)
2026-05-12 19:45:12,556 [WARNING] chat retry attempt 3/3 after APIConnectionError: Error communicating with OpenAI: HTTPSConnectionPool(host='api.viviai.cc', port=443): Max retries exceeded with url: /v1 — sleeping 50.9s (caller=msg_llm_reranker, trace=None)
2026-05-12 19:47:04,216 [WARNING] llm_rerank attempt 1 chat_fn failed: Error communicating with OpenAI: HTTPSConnectionPool(host='api.viviai.cc', port=443): Max retries exceeded with url: /v1/chat/completions (Caused by ProxyError('Unable to connect to proxy', RemoteDisconnected('Remote end closed connection without response')))
2026-05-12 19:48:00,288 [INFO] ms-clip: auto-picked GPU 7 (free 24092 MiB)
2026-05-12 19:48:00,288 [INFO] ms-clip: using CUDA_VISIBLE_DEVICES=7
2026-05-12 19:48:00,288 [INFO] ms-clip: launching predict_smi (n_candidates=108)
2026-05-12 19:48:11,504 [WARNING] ms-clip dropped SMILES CCCCCCCCCCCCCCCCCC(=O)NCCCCC(N)C(=O)[O-].CCCCCCCCCCCCCCCCCC(=O)NCCCCC(N)C(=O)[O-].[Ca+2]; emitting sentinel -1.0
2026-05-12 19:48:11,504 [WARNING] ms-clip dropped SMILES CCCCCCCCCCCCCCCCC/C([O-])=N/CCCC[C@H](N)C(=O)[O-].CCCCCCCCCCCCCCCCCC(=O)NCCCC[C@H](N)C(=O)O.[Ca+2]; emitting sentinel -1.0
2026-05-12 19:48:11,504 [WARNING] ms-clip dropped SMILES [Cu+2].[O-]c1c(Br)cc(Br)cc1/C=N/Cc1ccccc1Cl.[O-]c1c(Br)cc(Br)cc1/C=N/Cc1ccccc1Cl; emitting sentinel -1.0
2026-05-12 19:48:11,504 [WARNING] ms-clip dropped SMILES CCCCCCCCCCCCCCCCCC(=O)NCCCC[C@H](N)C(=O)[O-].CCCCCCCCCCCCCCCCCC(=O)NCCCC[C@H](N)C(=O)[O-].[Ca+2]; emitting sentinel -1.0
2026-05-12 19:48:57,862 [INFO] ms-clip: auto-picked GPU 7 (free 24092 MiB)
2026-05-12 19:48:57,862 [INFO] ms-clip: using CUDA_VISIBLE_DEVICES=7
2026-05-12 19:48:57,862 [INFO] ms-clip: launching predict_smi (n_candidates=256)
2026-05-12 19:49:09,460 [WARNING] ms-clip dropped SMILES [CH2]CCC.[CH2]CCC.[CH2]CCC.[CH]=CN1CCOC1=O.[Sn]; emitting sentinel -1.0
2026-05-12 19:49:14,486 [WARNING] chat retry attempt 1/3 after APIConnectionError: Error communicating with OpenAI: HTTPSConnectionPool(host='api.viviai.cc', port=443): Max retries exceeded with url: /v1 — sleeping 8.8s (caller=msg_llm_reranker, trace=None)
2026-05-12 19:49:28,253 [WARNING] chat retry attempt 2/3 after APIConnectionError: Error communicating with OpenAI: HTTPSConnectionPool(host='api.viviai.cc', port=443): Max retries exceeded with url: /v1 — sleeping 33.9s (caller=msg_llm_reranker, trace=None)
2026-05-12 19:50:19,576 [INFO] ms-clip: auto-picked GPU 7 (free 24092 MiB)
2026-05-12 19:50:19,577 [INFO] ms-clip: using CUDA_VISIBLE_DEVICES=7
2026-05-12 19:50:19,577 [INFO] ms-clip: launching predict_smi (n_candidates=256)
2026-05-12 19:50:30,717 [WARNING] ms-clip dropped SMILES C[C@H](c1ccccc1)N1C[C-]1C1=NC(C)(C)CO1.[Li+]; emitting sentinel -1.0
2026-05-12 19:50:30,717 [WARNING] ms-clip dropped SMILES C[C@H](c1ccccc1)N1CC1=C1[N]C(C)(C)CO1.[Li]; emitting sentinel -1.0
2026-05-12 19:50:59,729 [INFO] ms-clip: auto-picked GPU 7 (free 24092 MiB)
2026-05-12 19:50:59,729 [INFO] ms-clip: using CUDA_VISIBLE_DEVICES=7
2026-05-12 19:50:59,729 [INFO] ms-clip: launching predict_smi (n_candidates=53)
2026-05-12 19:51:10,601 [WARNING] ms-clip dropped SMILES CC.CC[CH-]c1[c-]cc(C(C)C)cc1.[CH3-].[Y].[Y].[Y].[Y].[Y].[Y]; emitting sentinel -1.0
2026-05-12 19:51:32,859 [INFO] ms-clip: auto-picked GPU 7 (free 24092 MiB)
2026-05-12 19:51:32,859 [INFO] ms-clip: using CUDA_VISIBLE_DEVICES=7
2026-05-12 19:51:32,859 [INFO] ms-clip: launching predict_smi (n_candidates=256)
2026-05-12 19:52:04,537 [INFO] spec 290/500  MassSpecGymID0215817  pool=256  pred=ATZKNJQPPLSNBB  correct=True  t=31.8s
2026-05-12 19:52:04,642 [INFO] ms-clip: auto-picked GPU 7 (free 24092 MiB)
2026-05-12 19:52:04,643 [INFO] ms-clip: using CUDA_VISIBLE_DEVICES=7
2026-05-12 19:52:04,643 [INFO] ms-clip: launching predict_smi (n_candidates=256)
2026-05-12 19:52:16,109 [WARNING] ms-clip dropped SMILES CCCCc1cccc2c1[cH-]c1ccccc12.CCCCc1cccc2c1[cH-]c1ccccc12.Clc1cc[c-]cc1.[CH2-]CCCC.[CH3-].[Ti]; emitting sentinel -1.0
2026-05-12 19:52:26,106 [INFO] ms-clip: auto-picked GPU 7 (free 24092 MiB)
2026-05-12 19:52:26,106 [INFO] ms-clip: using CUDA_VISIBLE_DEVICES=7
2026-05-12 19:52:26,106 [INFO] ms-clip: launching predict_smi (n_candidates=256)
2026-05-12 19:52:38,080 [WARNING] ms-clip dropped SMILES CC[C@H]1O[C@H]1CCCC/C=C\CCCCCCCCCC(=O)OC.CC[C@H]1O[C@H]1CCCCC#CCCCCCCCCCC(=O)OC.[H][H].[Ni].[PH-2]; emitting sentinel -1.0
2026-05-12 19:52:38,081 [WARNING] ms-clip dropped SMILES CCCCCCCC/C=C\CCCCCCCC(=O)O.CCCCCCCC/C=C\CCCCCCCC(=O)O.[Hg]; emitting sentinel -1.0
2026-05-12 19:52:38,081 [WARNING] ms-clip dropped SMILES CCCCC(CC)C(=O)[O-].CCCCC(CC)C(=O)[O-].CCCCC(CC)C(=O)[O-].CCCCC(CC)C(=O)[O-].CCCCC(CC)C(=O)[O-].[V]; emitting sentinel -1.0
2026-05-12 19:52:38,081 [WARNING] ms-clip dropped SMILES [Au].[Cd].[Cd].[Cd].[Cd].[Cd]; emitting sentinel -1.0
2026-05-12 19:52:38,081 [WARNING] ms-clip dropped SMILES C1CCC([PH+](C2CCCCC2)C2CCCCC2)CC1.C1CCC([PH+](C2CCCCC2)C2CCCCC2)CC1.C1CCOC1.[CH3-].[CH3-].[Ru+2]; emitting sentinel -1.0
2026-05-12 19:52:38,081 [WARNING] ms-clip dropped SMILES CCCCCCCC(=O)[O-].CCCCCCCC(=O)[O-].CCCCCCCC(=O)[O-].CCCCCCCC(=O)[O-].CCCCCCCC(=O)[O-].[V]; emitting sentinel -1.0
2026-05-12 19:52:48,176 [INFO] ms-clip: auto-picked GPU 7 (free 24092 MiB)
2026-05-12 19:52:48,176 [INFO] ms-clip: using CUDA_VISIBLE_DEVICES=7
2026-05-12 19:52:48,176 [INFO] ms-clip: launching predict_smi (n_candidates=256)
2026-05-12 19:52:59,980 [WARNING] ms-clip dropped SMILES C#C[In]1C[C@H](CC)CC[C@H]1[C@H](O)c1ccnc2ccc(OC)cc12; emitting sentinel -1.0
2026-05-12 19:52:59,980 [WARNING] ms-clip dropped SMILES CC1=C(C(=O)Nc2cc(C(=O)O)ccn2)C(c2ccc(C)cc2Cl)N=C(N[Al])N1; emitting sentinel -1.0
2026-05-12 19:52:59,980 [WARNING] ms-clip dropped SMILES Cc1cc(=O)oc2cc(OP(=O)(O)OC3[C@H](O)[C@H](O)C(O)[C@H](O)[C@H]3O)ccc12.[Li]; emitting sentinel -1.0
2026-05-12 19:53:10,589 [INFO] ms-clip: auto-picked GPU 7 (free 24092 MiB)
2026-05-12 19:53:10,589 [INFO] ms-clip: using CUDA_VISIBLE_DEVICES=7
2026-05-12 19:53:10,589 [INFO] ms-clip: launching predict_smi (n_candidates=256)
2026-05-12 19:53:21,892 [WARNING] ms-clip dropped SMILES [CH2+][C@@H]1CC(COC)(COC)C[C@H]1[CH2-].[CH]1C=CC=C1.[CH]1C=CC=C1.[Zr]; emitting sentinel -1.0
2026-05-12 19:53:43,618 [INFO] ms-clip: auto-picked GPU 7 (free 24092 MiB)
2026-05-12 19:53:43,619 [INFO] ms-clip: using CUDA_VISIBLE_DEVICES=7
2026-05-12 19:53:43,619 [INFO] ms-clip: launching predict_smi (n_candidates=256)
2026-05-12 19:53:55,719 [WARNING] ms-clip dropped SMILES Cc1cccc(C)c1/N=C1\SCCS\C1=N/c1c(C)cccc1C.[Ni]; emitting sentinel -1.0
2026-05-12 19:53:55,719 [WARNING] ms-clip dropped SMILES CN(C)CCN(C)C.[C-]#[O+].[C-]#[O+].[C-]#[O+].[C-]#[O+].[W+2]; emitting sentinel -1.0
2026-05-12 19:53:55,719 [WARNING] ms-clip dropped SMILES Cc1ccc(-c2[c-]cccc2)[c-]c1-c1n(-c2ccccc2)cc[n+]1C.[Y]; emitting sentinel -1.0
2026-05-12 19:53:55,719 [WARNING] ms-clip dropped SMILES CC1=C(C)C(C)C([N-]C(C)(C)C)=C1C.C[Si](C)=[Zr].Cl.Cl; emitting sentinel -1.0
2026-05-12 19:53:55,719 [WARNING] ms-clip dropped SMILES CC(=O)O[Hg]C1C2CC3C(C2OC(C)=O)C31; emitting sentinel -1.0
2026-05-12 19:53:55,719 [WARNING] ms-clip dropped SMILES C=CC(=O)c1ccc(F)[c-]c1F.C=CC(=O)c1ccc(F)[c-]c1F.[CH3-].[CH3-].[Ti+4]; emitting sentinel -1.0
2026-05-12 19:53:55,719 [WARNING] ms-clip dropped SMILES [Ce+4].[c-]1ccccc1.c1cc[cH-]c1.c1cc[cH-]c1.c1cc[cH-]c1; emitting sentinel -1.0
2026-05-12 19:54:40,455 [INFO] ms-clip: auto-picked GPU 7 (free 24092 MiB)
2026-05-12 19:54:40,455 [INFO] ms-clip: using CUDA_VISIBLE_DEVICES=7
2026-05-12 19:54:40,455 [INFO] ms-clip: launching predict_smi (n_candidates=256)
2026-05-12 19:54:52,148 [WARNING] ms-clip dropped SMILES Cc1cscc1S[At]; emitting sentinel -1.0
2026-05-12 19:54:52,148 [WARNING] ms-clip dropped SMILES Cl.Cl.[CH3-].[CH3-].[Si]=[Zr].c1cc2c([cH-]1)CCCC2; emitting sentinel -1.0
2026-05-12 19:54:57,166 [WARNING] chat retry attempt 1/3 after APIConnectionError: Error communicating with OpenAI: HTTPSConnectionPool(host='api.viviai.cc', port=443): Max retries exceeded with url: /v1 — sleeping 10.9s (caller=msg_llm_reranker, trace=None)
2026-05-12 19:55:13,130 [WARNING] chat retry attempt 2/3 after APIConnectionError: Error communicating with OpenAI: HTTPSConnectionPool(host='api.viviai.cc', port=443): Max retries exceeded with url: /v1 — sleeping 25.5s (caller=msg_llm_reranker, trace=None)
2026-05-12 19:55:57,712 [INFO] ms-clip: auto-picked GPU 7 (free 24092 MiB)
2026-05-12 19:55:57,712 [INFO] ms-clip: using CUDA_VISIBLE_DEVICES=7
2026-05-12 19:55:57,712 [INFO] ms-clip: launching predict_smi (n_candidates=256)
2026-05-12 19:57:41,969 [WARNING] chat retry attempt 1/3 after APIConnectionError: Error communicating with OpenAI: HTTPSConnectionPool(host='api.viviai.cc', port=443): Max retries exceeded with url: /v1 — sleeping 9.6s (caller=msg_llm_reranker, trace=None)
2026-05-12 19:58:39,474 [INFO] ms-clip: auto-picked GPU 7 (free 24092 MiB)
2026-05-12 19:58:39,474 [INFO] ms-clip: using CUDA_VISIBLE_DEVICES=7
2026-05-12 19:58:39,474 [INFO] ms-clip: launching predict_smi (n_candidates=256)
2026-05-12 20:00:23,407 [WARNING] chat retry attempt 1/3 after APIConnectionError: Error communicating with OpenAI: HTTPSConnectionPool(host='api.viviai.cc', port=443): Max retries exceeded with url: /v1 — sleeping 8.9s (caller=msg_llm_reranker, trace=None)
2026-05-12 20:01:00,700 [INFO] ms-clip: auto-picked GPU 7 (free 24092 MiB)
2026-05-12 20:01:00,701 [INFO] ms-clip: using CUDA_VISIBLE_DEVICES=7
2026-05-12 20:01:00,701 [INFO] ms-clip: launching predict_smi (n_candidates=256)
2026-05-12 20:01:41,228 [INFO] ms-clip: auto-picked GPU 7 (free 24092 MiB)
2026-05-12 20:01:41,229 [INFO] ms-clip: using CUDA_VISIBLE_DEVICES=7
2026-05-12 20:01:41,229 [INFO] ms-clip: launching predict_smi (n_candidates=256)
2026-05-12 20:01:52,843 [WARNING] ms-clip dropped SMILES CC1=Cc2c(cc3c4c(cccc24)CC3)C1=[Ti]=C1C(C)=Cc2c1cc1c3c(cccc23)CC1.C[CH-]CCC(C)=[Si].[CH2-]CCC; emitting sentinel -1.0
2026-05-12 20:01:52,843 [WARNING] ms-clip dropped SMILES CC(C)(C)OC(=O)N/C(=B/OC#N)N1CCCCC1.O=[C-]NCC(=O)O.[Fm]; emitting sentinel -1.0
2026-05-12 20:02:02,107 [INFO] spec 300/500  MassSpecGymID0381365  pool=256  pred=BUTLALRVMIWSAK  correct=False  t=21.0s
2026-05-12 20:02:02,218 [INFO] ms-clip: auto-picked GPU 7 (free 24092 MiB)
2026-05-12 20:02:02,219 [INFO] ms-clip: using CUDA_VISIBLE_DEVICES=7
2026-05-12 20:02:02,219 [INFO] ms-clip: launching predict_smi (n_candidates=256)
2026-05-12 20:02:14,090 [WARNING] ms-clip dropped SMILES [CH2]CCC.[CH2]CCC.[CH2]CCC.[CH]=C1C[C@H]2C(=O)N(c3ccc(OC)cc3)[C@H]2[C@@H]1CC(=O)OC.[Sn]; emitting sentinel -1.0
2026-05-12 20:02:14,091 [WARNING] ms-clip dropped SMILES [CH2]CCC.[CH2]CCC.[CH2]CCC.[CH]=C1[C@H](CC(=O)OC)CN2C(=O)[C@@H](OCc3ccccc3)[C@@H]12.[Sn]; emitting sentinel -1.0
2026-05-12 20:02:14,091 [WARNING] ms-clip dropped SMILES C/C(=C\c1csc(C)n1)C1C[CH-]C(C)(C)CCCC(C)C(C)C(C)C(=O)C(C)(C)C(C)CC(=O)O1.[Y]; emitting sentinel -1.0
2026-05-12 20:02:14,091 [WARNING] ms-clip dropped SMILES CCCC[Sn](/C=C1\CN2C(=O)[C@H](OCc3ccccc3)[C@@H]2[C@H]1CC(=O)OC)(CCCC)CCCC; emitting sentinel -1.0
2026-05-12 20:02:24,148 [INFO] ms-clip: auto-picked GPU 7 (free 24092 MiB)
2026-05-12 20:02:24,148 [INFO] ms-clip: using CUDA_VISIBLE_DEVICES=7
2026-05-12 20:02:24,148 [INFO] ms-clip: launching predict_smi (n_candidates=256)
2026-05-12 20:02:35,437 [WARNING] ms-clip dropped SMILES CCCC[Sn](CCCC)CCCC.Oc1ccc2c(c1)OCO2; emitting sentinel -1.0
2026-05-12 20:04:51,891 [WARNING] chat retry attempt 1/3 after APIConnectionError: Error communicating with OpenAI: HTTPSConnectionPool(host='api.viviai.cc', port=443): Max retries exceeded with url: /v1 — sleeping 11.7s (caller=msg_llm_reranker, trace=None)
2026-05-12 20:06:50,333 [WARNING] chat retry attempt 2/3 after APIConnectionError: Error communicating with OpenAI: HTTPSConnectionPool(host='api.viviai.cc', port=443): Max retries exceeded with url: /v1 — sleeping 32.7s (caller=msg_llm_reranker, trace=None)
2026-05-12 20:07:46,613 [INFO] ms-clip: auto-picked GPU 7 (free 24092 MiB)
2026-05-12 20:07:46,613 [INFO] ms-clip: using CUDA_VISIBLE_DEVICES=7
2026-05-12 20:07:46,613 [INFO] ms-clip: launching predict_smi (n_candidates=256)
2026-05-12 20:08:42,898 [INFO] ms-clip: using CUDA_VISIBLE_DEVICES=0
2026-05-12 20:08:42,899 [INFO] ms-clip: launching predict_smi (n_candidates=256)
2026-05-12 20:09:34,470 [INFO] ms-clip: using CUDA_VISIBLE_DEVICES=0
2026-05-12 20:09:34,471 [INFO] ms-clip: launching predict_smi (n_candidates=256)
2026-05-12 20:10:23,002 [INFO] ms-clip: using CUDA_VISIBLE_DEVICES=0
2026-05-12 20:10:23,003 [INFO] ms-clip: launching predict_smi (n_candidates=256)
2026-05-12 20:11:17,708 [INFO] ms-clip: using CUDA_VISIBLE_DEVICES=0
2026-05-12 20:11:17,709 [INFO] ms-clip: launching predict_smi (n_candidates=256)
2026-05-12 20:11:35,714 [WARNING] ms-clip dropped SMILES CC(C)(C)c1cc(-c2cc3cc(C(C)(C)C)ccc3[cH-]2)cc(C(C)(C)C)c1.CC(C)(C)c1cc(-c2cc3cc(C(C)(C)C)ccc3[cH-]2)cc(C(C)(C)C)c1.[Hf+4]; emitting sentinel -1.0
[20:11:35] WARNING: not removing hydrogen atom without neighbors
2026-05-12 20:11:40,749 [WARNING] chat retry attempt 1/3 after APIConnectionError: Error communicating with OpenAI: HTTPSConnectionPool(host='api.viviai.cc', port=443): Max retries exceeded with url: /v1 — sleeping 11.8s (caller=msg_llm_reranker, trace=None)
2026-05-12 20:12:07,341 [INFO] ms-clip: auto-picked GPU 7 (free 24092 MiB)
2026-05-12 20:12:07,341 [INFO] ms-clip: using CUDA_VISIBLE_DEVICES=7
2026-05-12 20:12:07,341 [INFO] ms-clip: launching predict_smi (n_candidates=256)
2026-05-12 20:12:48,184 [INFO] ms-clip: using CUDA_VISIBLE_DEVICES=0
2026-05-12 20:12:48,184 [INFO] ms-clip: launching predict_smi (n_candidates=256)
2026-05-12 20:13:32,233 [INFO] ms-clip: using CUDA_VISIBLE_DEVICES=0
2026-05-12 20:13:32,233 [INFO] ms-clip: launching predict_smi (n_candidates=256)
2026-05-12 20:13:47,648 [WARNING] ms-clip dropped SMILES C[N-]C.C[N-]C.C[N-]C.[C]1=CC=CC1.[Hf]; emitting sentinel -1.0
2026-05-12 20:13:47,648 [WARNING] ms-clip dropped SMILES C/C(=C\C(C)[Sn](C)(C)C)OC(=O)N(C(C)C)C(C)C; emitting sentinel -1.0
2026-05-12 20:13:52,668 [WARNING] chat retry attempt 1/3 after APIConnectionError: Error communicating with OpenAI: HTTPSConnectionPool(host='api.viviai.cc', port=443): Max retries exceeded with url: /v1 — sleeping 10.5s (caller=msg_llm_reranker, trace=None)
2026-05-12 20:14:54,225 [INFO] spec 310/500  MassSpecGymID0215427  pool=256  pred=RGZNJUVMQCOEOI  correct=True  t=87.9s
2026-05-12 20:15:00,577 [INFO] ms-clip: using CUDA_VISIBLE_DEVICES=0
2026-05-12 20:15:00,577 [INFO] ms-clip: launching predict_smi (n_candidates=256)
2026-05-12 20:15:17,908 [WARNING] ms-clip dropped SMILES CC(C)CCCCC(=O)[O-].CC(C)CCCCC(=O)[O-].CC(C)CCCCC(=O)[O-].[Rh+3]; emitting sentinel -1.0
2026-05-12 20:16:15,846 [INFO] ms-clip: using CUDA_VISIBLE_DEVICES=0
2026-05-12 20:16:15,846 [INFO] ms-clip: launching predict_smi (n_candidates=256)
2026-05-12 20:16:33,615 [WARNING] ms-clip dropped SMILES Cc1ccnc(-n2c3cc(Oc4cncc(-n5c(=[Pt])n(C)c6ccccc65)c4)ccc3c3ccc4c(c32)C(C)(C)C(C)(C)C4(C)C)c1; emitting sentinel -1.0
2026-05-12 20:16:33,615 [WARNING] ms-clip dropped SMILES CC(C)(C)C(=O)N1C(=O)C2C3CC(C(OC(=O)C4CCCCC4)C31)C2C(=O)O[CH-]C(F)(F)S(=O)(=O)[O-].[Rf]; emitting sentinel -1.0
2026-05-12 20:16:33,615 [WARNING] ms-clip dropped SMILES CC.CC.CC.CCCCN1CCC(C(C(N)=O)(c2ccccc2)c2ccccc2)C1.[Re].[Re]; emitting sentinel -1.0
2026-05-12 20:16:33,615 [WARNING] ms-clip dropped SMILES Cc1ccnc(-n2c3cc(Oc4cncc(-n5c(=[Pt])n(C)c6ccccc65)c4)ccc3c3cc4c(cc32)C(C)(C)C(C)(C)C4(C)C)c1; emitting sentinel -1.0
2026-05-12 20:16:33,615 [WARNING] ms-clip dropped SMILES CO[C@H]1[C@@H](c2ccccc2)[C@@H]1[C@@H](O[Ge](c1c(C)cc(C)cc1C)c1c(C)cc(C)cc1C)[Ge](c1c(C)cc(C)cc1C)c1c(C)cc(C)cc1C; emitting sentinel -1.0
2026-05-12 20:16:33,615 [WARNING] ms-clip dropped SMILES C.C.COc1cccc(-c2ccc(NC(=O)C3=C(C(=O)[O-])CCC3)c(F)c2)c1.COc1cccc(-c2ccc(NC(=O)C3=C(C(=O)[O-])CCC3)c(F)c2)c1.O.[Ca+2].[H-].[H-]; emitting sentinel -1.0
2026-05-12 20:16:33,616 [WARNING] ms-clip dropped SMILES Cc1ccnc(-n2c3cc(Oc4cncc(-n5c(=[Pt])n(C)c6ccccc65)c4)ccc3c3c4c(ccc32)C(C)(C)C(C)(C)C4(C)C)c1; emitting sentinel -1.0
2026-05-12 20:16:33,616 [WARNING] ms-clip dropped SMILES C=C(C)[C@@H]1CC[C@@H](C)/C(=C/C(=O)OCC)C1.C=C(C)[C@@H]1CC[C@@H](C)/C(=C/CO)C1.CCOCC.C[CH-]I.[AlH3].[CH2-]C.[H-].[Li+].[V].[V]; emitting sentinel -1.0
2026-05-12 20:16:33,616 [WARNING] ms-clip dropped SMILES CCCCCCC(CCCCC)(CCCCOC(=O)/C=C\C(=O)[O-])OC(=O)/C=C\C(=O)OCCCC.CCCCOC(=O)/C=C\C(=O)[O-].[Sn+2]; emitting sentinel -1.0
2026-05-12 20:16:47,975 [INFO] ms-clip: auto-picked GPU 7 (free 24092 MiB)
2026-05-12 20:16:47,975 [INFO] ms-clip: using CUDA_VISIBLE_DEVICES=7
2026-05-12 20:16:47,976 [INFO] ms-clip: launching predict_smi (n_candidates=256)
2026-05-12 20:17:03,224 [WARNING] ms-clip dropped SMILES CCCCCCC(=O)O.CCCCCCC(=O)O.CCCCCCC(=O)[O-].[U]; emitting sentinel -1.0
2026-05-12 20:17:03,225 [WARNING] ms-clip dropped SMILES CCCCCCCCCCCCCCCCCCO.O=[V].Oc1cccc2cccnc12.Oc1cccc2cccnc12; emitting sentinel -1.0
2026-05-12 20:17:29,176 [INFO] ms-clip: using CUDA_VISIBLE_DEVICES=0
2026-05-12 20:17:29,176 [INFO] ms-clip: launching predict_smi (n_candidates=256)
2026-05-12 20:19:27,958 [WARNING] chat retry attempt 1/3 after APIConnectionError: Error communicating with OpenAI: HTTPSConnectionPool(host='api.viviai.cc', port=443): Max retries exceeded with url: /v1 — sleeping 9.6s (caller=msg_llm_reranker, trace=None)
2026-05-12 20:20:24,355 [INFO] ms-clip: using CUDA_VISIBLE_DEVICES=0
2026-05-12 20:20:24,355 [INFO] ms-clip: launching predict_smi (n_candidates=256)
2026-05-12 20:20:41,903 [WARNING] ms-clip dropped SMILES Nc1ccn([C@@H]2O[C@H](CO[TlH2])[C@@H]3O[C@@H]32)c(=O)n1; emitting sentinel -1.0
2026-05-12 20:20:41,904 [WARNING] ms-clip dropped SMILES CC(=O)/C=C(/C)O.COc1c[c-]c(-c2cc(C)ccn2)c(OC)c1.[Rh]; emitting sentinel -1.0
2026-05-12 20:20:41,904 [WARNING] ms-clip dropped SMILES Nc1n[n+]([O-])c2cc([N+](=O)[O-])ccc2[n+]1[O-].O=[N+]([O-])c1ccc2c(c1)[n+]([O-])nc[n+]2[O-]; emitting sentinel -1.0
2026-05-12 20:21:21,085 [INFO] ms-clip: using CUDA_VISIBLE_DEVICES=0
2026-05-12 20:21:21,086 [INFO] ms-clip: launching predict_smi (n_candidates=256)
2026-05-12 20:22:08,840 [INFO] ms-clip: using CUDA_VISIBLE_DEVICES=0
2026-05-12 20:22:08,840 [INFO] ms-clip: launching predict_smi (n_candidates=256)
2026-05-12 20:23:03,275 [WARNING] chat retry attempt 1/3 after APIConnectionError: Error communicating with OpenAI: HTTPSConnectionPool(host='api.viviai.cc', port=443): Max retries exceeded with url: /v1 — sleeping 9.9s (caller=msg_llm_reranker, trace=None)
2026-05-12 20:24:17,953 [INFO] ms-clip: auto-picked GPU 7 (free 24092 MiB)
2026-05-12 20:24:17,954 [INFO] ms-clip: using CUDA_VISIBLE_DEVICES=7
2026-05-12 20:24:17,954 [INFO] ms-clip: launching predict_smi (n_candidates=256)
2026-05-12 20:25:24,062 [INFO] ms-clip: using CUDA_VISIBLE_DEVICES=0
2026-05-12 20:25:24,062 [INFO] ms-clip: launching predict_smi (n_candidates=256)
2026-05-12 20:25:38,912 [WARNING] ms-clip dropped SMILES CCCCOC(=O)c1ccccc1C(=O)[O-].CCCCOC(=O)c1ccccc1C(=O)[O-].[Ca+2]; emitting sentinel -1.0
2026-05-12 20:33:48,095 [WARNING] chat retry attempt 1/3 after APIConnectionError: Error communicating with OpenAI: HTTPSConnectionPool(host='api.viviai.cc', port=443): Max retries exceeded with url: /v1 — sleeping 9.3s (caller=msg_llm_reranker, trace=None)
2026-05-12 20:34:38,914 [INFO] ms-clip: using CUDA_VISIBLE_DEVICES=0
2026-05-12 20:34:38,914 [INFO] ms-clip: launching predict_smi (n_candidates=256)
2026-05-12 20:35:11,751 [INFO] spec 320/500  MassSpecGymID0336431  pool=256  pred=MHQYDMDJLVIBKF  correct=False  t=37.9s
2026-05-12 20:35:18,055 [INFO] ms-clip: using CUDA_VISIBLE_DEVICES=0
2026-05-12 20:35:18,055 [INFO] ms-clip: launching predict_smi (n_candidates=256)
2026-05-12 20:35:34,651 [WARNING] ms-clip dropped SMILES Cc1cc(C)c([Ge](c2c(C)cc(C)cc2C)(c2c(C)cc(C)cc2C)N2C[N-]2)c(C)c1.[Li+]; emitting sentinel -1.0
2026-05-12 20:35:53,208 [INFO] ms-clip: using CUDA_VISIBLE_DEVICES=0
2026-05-12 20:35:53,209 [INFO] ms-clip: launching predict_smi (n_candidates=256)
2026-05-12 20:36:24,745 [WARNING] llm_rerank attempt 1 parse error: no JSON object found
2026-05-12 20:37:05,100 [INFO] ms-clip: using CUDA_VISIBLE_DEVICES=0
2026-05-12 20:37:05,101 [INFO] ms-clip: launching predict_smi (n_candidates=256)
2026-05-12 20:37:21,614 [WARNING] ms-clip dropped SMILES CC(C)(C)c1ccnc(O[n+]2[c-]n(-c3cccc(Oc4ccc5c(c4)oc4ccccc45)c3)c3ccccc32)c1; emitting sentinel -1.0
2026-05-12 20:37:21,614 [WARNING] ms-clip dropped SMILES Cc1ccc(-c2ccc(C34CC5CC(CC(C5)C3)C4)cc2)c2cc(CC3CCCCC3)[cH-]c12.[Zr]; emitting sentinel -1.0
2026-05-12 20:37:21,614 [WARNING] ms-clip dropped SMILES O=C([O-])C1=C=C=C(C2=C=C(C3=C=C=C(C(=O)[O-])C#C3)[C-]=C(C3=C=C=C(C(=O)[O-])C#C3)[C+]2)C#C1.[Li].[Li].[Li].[Li].[Li].[Li].[Li].[Li].[Li].[Li].[Li].[Li].[Li].[Li].[Li]; emitting sentinel -1.0
2026-05-12 20:38:01,079 [WARNING] llm_rerank attempt 1 parse error: no JSON object found
2026-05-12 20:38:17,919 [INFO] ms-clip: using CUDA_VISIBLE_DEVICES=0
2026-05-12 20:38:17,919 [INFO] ms-clip: launching predict_smi (n_candidates=256)
2026-05-12 20:38:30,936 [WARNING] ms-clip dropped SMILES CCC1=C(CC)C(NC(=O)[O-])SS1.CCC1=C(CC)C(NC(=O)[O-])SS1.[Zn+2]; emitting sentinel -1.0
2026-05-12 20:38:30,936 [WARNING] ms-clip dropped SMILES Oc1c(C(c2ccsc2)c2ccc3ccccc3c2O)ccc2ccccc12.[Cl-].[Cl-].[Ti+2]; emitting sentinel -1.0
2026-05-12 20:38:30,936 [WARNING] ms-clip dropped SMILES COc1c(C(=O)C2=CN3C(=CC(=O)NC3[O-])N=C2)c(O)c(OC)c2occc12.O.[Cl-].[Cu+2]; emitting sentinel -1.0
2026-05-12 20:38:30,936 [WARNING] ms-clip dropped SMILES Cc1[c-]c(C)c(C)c(C)[c-]1.[W].[W]; emitting sentinel -1.0
2026-05-12 20:38:30,936 [WARNING] ms-clip dropped SMILES Cl[Ni]Cl.c1ccc(Pc2ccccc2)cc1.c1ccc(Pc2ccccc2)cc1; emitting sentinel -1.0
2026-05-12 20:38:30,937 [WARNING] ms-clip dropped SMILES CN(C(=S)[S-])C1(C)CCS(=O)(=O)C1.CN(C(=S)[S-])C1(C)CCS(=O)(=O)C1.[Mg+2]; emitting sentinel -1.0
2026-05-12 20:38:30,937 [WARNING] ms-clip dropped SMILES CCC(=O)CCCCC[C@H](N)C1=C(Br)N=C(c2ccc(F)cc2)[Sn]1; emitting sentinel -1.0
2026-05-12 20:38:30,937 [WARNING] ms-clip dropped SMILES O.O.O.O.O.O.O.O.O.O=C([O-])C(=O)O[Al]1OC(=O)C(=O)O1.O=C([O-])C(=O)[O-].[Mg+2].[Na+]; emitting sentinel -1.0
2026-05-12 20:38:30,937 [WARNING] ms-clip dropped SMILES O=[N+](O)N([N+](=O)O)[Te](c1ccccc1)(c1ccccc1)N([N+](=O)O)[N+](=O)O; emitting sentinel -1.0
2026-05-12 20:38:30,937 [WARNING] ms-clip dropped SMILES CC(=O)O.O=S(=O)([N-]c1cccc2ccc3cccnc3c12)c1ccccn1.[Pd]; emitting sentinel -1.0
2026-05-12 20:38:51,632 [WARNING] llm_rerank attempt 1 parse error: no JSON object found
2026-05-12 20:39:16,129 [INFO] ms-clip: auto-picked GPU 7 (free 24092 MiB)
2026-05-12 20:39:16,129 [INFO] ms-clip: using CUDA_VISIBLE_DEVICES=7
2026-05-12 20:39:16,129 [INFO] ms-clip: launching predict_smi (n_candidates=256)
2026-05-12 20:39:29,239 [WARNING] ms-clip dropped SMILES O=C(O)c1ccccc1[TlH2]; emitting sentinel -1.0
2026-05-12 20:39:29,240 [WARNING] ms-clip dropped SMILES Nc1c(F)cccc1F.[CH3-].[W]; emitting sentinel -1.0
2026-05-12 20:39:57,701 [INFO] ms-clip: using CUDA_VISIBLE_DEVICES=0
2026-05-12 20:39:57,702 [INFO] ms-clip: launching predict_smi (n_candidates=256)
2026-05-12 20:40:13,196 [WARNING] ms-clip dropped SMILES C/C(=C/C(=O)O)C(=O)O.CCCCCCCC[Sn]CCCCCCCC; emitting sentinel -1.0
2026-05-12 20:40:13,196 [WARNING] ms-clip dropped SMILES CCCC[Sn](/C=C\C(=O)OCCCCCC(=O)O)(CCCC)CCCC; emitting sentinel -1.0
2026-05-12 20:40:39,341 [INFO] ms-clip: auto-picked GPU 7 (free 24092 MiB)
2026-05-12 20:40:39,342 [INFO] ms-clip: using CUDA_VISIBLE_DEVICES=7
2026-05-12 20:40:39,342 [INFO] ms-clip: launching predict_smi (n_candidates=256)
2026-05-12 20:40:51,726 [WARNING] ms-clip dropped SMILES COc1ccc2c(c1)cc(S(=O)[O-])n2C(=O)OC(C)(C)C.[Li+]; emitting sentinel -1.0
2026-05-12 20:41:21,576 [INFO] ms-clip: using CUDA_VISIBLE_DEVICES=0
2026-05-12 20:41:21,577 [INFO] ms-clip: launching predict_smi (n_candidates=256)
2026-05-12 20:41:38,797 [WARNING] ms-clip dropped SMILES NCCCC[C@H](N)C(=O)[O-].NCCCC[C@H](N)C(=O)[O-].[Ca+2]; emitting sentinel -1.0
2026-05-12 20:43:11,906 [WARNING] llm_rerank attempt 1 parse error: no JSON object found
2026-05-12 20:44:59,425 [WARNING] llm_rerank attempt 2 parse error: no JSON object found
2026-05-12 20:45:04,469 [INFO] ms-clip: using CUDA_VISIBLE_DEVICES=0
2026-05-12 20:45:04,469 [INFO] ms-clip: launching predict_smi (n_candidates=256)
2026-05-12 20:45:22,969 [WARNING] ms-clip dropped SMILES Cc1ccccc1N1[CH-]N(c2ccccc2C)C(C)(C)C1(C)C.Cl[Ru+2]Cl.[CH2-]c1ccccc1[OH+]C(C)C; emitting sentinel -1.0
2026-05-12 20:45:22,970 [WARNING] ms-clip dropped SMILES C=CC1CCC[N+](CCC2=CCNc3ccc(OC)cc32)(Cc2cc(C(F)(F)F)cc(C(F)(F)F)c2)C1.[CH3-].[Y]; emitting sentinel -1.0
2026-05-12 20:45:22,970 [WARNING] ms-clip dropped SMILES CN/C=C\c1c(C=O)ncc2c1c(CNCc1cccc([Hg])c1)cn2Cc1ccc(F)cc1; emitting sentinel -1.0
2026-05-12 20:45:22,970 [WARNING] ms-clip dropped SMILES COc1ccc(Cc2ccc(O[C-]=O)c(C)c2)cc1C.C[C-]=O.Cc1cc(Cc2ccc(O)c(C)c2)ccc1O.[Y]; emitting sentinel -1.0
2026-05-12 20:45:27,997 [WARNING] chat retry attempt 1/3 after APIConnectionError: Error communicating with OpenAI: HTTPSConnectionPool(host='api.viviai.cc', port=443): Max retries exceeded with url: /v1 — sleeping 11.6s (caller=msg_llm_reranker, trace=None)
2026-05-12 20:46:02,879 [INFO] ms-clip: auto-picked GPU 7 (free 24092 MiB)
2026-05-12 20:46:02,879 [INFO] ms-clip: using CUDA_VISIBLE_DEVICES=7
2026-05-12 20:46:02,879 [INFO] ms-clip: launching predict_smi (n_candidates=256)
2026-05-12 20:46:24,227 [WARNING] ms-clip dropped SMILES CN(C)[Sn](c1ccccc1)(c1ccccc1)c1ccccc1; emitting sentinel -1.0
2026-05-12 20:47:05,092 [INFO] spec 330/500  MassSpecGymID0236749  pool=256  pred=ZNLVYSJQUMALEO  correct=True  t=62.3s
2026-05-12 20:47:10,436 [INFO] ms-clip: using CUDA_VISIBLE_DEVICES=0
2026-05-12 20:47:10,436 [INFO] ms-clip: launching predict_smi (n_candidates=256)
2026-05-12 20:48:04,004 [INFO] ms-clip: using CUDA_VISIBLE_DEVICES=0
2026-05-12 20:48:04,005 [INFO] ms-clip: launching predict_smi (n_candidates=256)
2026-05-12 20:48:22,840 [WARNING] ms-clip dropped SMILES C1=CCC(N=P(C2CCCCC2)(C2CCCCC2)C2CCCCC2)=C1.CC(=CC(C)C)C(C)=CC(C)C.[Ti]; emitting sentinel -1.0
2026-05-12 20:48:22,840 [WARNING] ms-clip dropped SMILES CCCCCCCCCCCCCCCC(=O)[O-].CCCCCCCCCCCCCCCC(=O)[O-].[Cu+2]; emitting sentinel -1.0
2026-05-12 20:48:22,841 [WARNING] ms-clip dropped SMILES CCCCC(CCCC)c1cc(C)c2c(c1)/C=N/CC/N=C/c1cc(C(CCCC)CCCC)cc(C)c1O[Al]O2; emitting sentinel -1.0
2026-05-12 20:48:22,841 [WARNING] ms-clip dropped SMILES C1=CCC(N=P(C2CCCCC2)(C2CCCCC2)C2CCCCC2)=C1.CC(C)(C)C=CC=CC(C)(C)C.[Ti]; emitting sentinel -1.0
2026-05-12 20:48:27,864 [WARNING] chat retry attempt 1/3 after APIConnectionError: Error communicating with OpenAI: HTTPSConnectionPool(host='api.viviai.cc', port=443): Max retries exceeded with url: /v1 — sleeping 10.0s (caller=msg_llm_reranker, trace=None)
2026-05-12 20:48:42,847 [WARNING] chat retry attempt 2/3 after APIConnectionError: Error communicating with OpenAI: HTTPSConnectionPool(host='api.viviai.cc', port=443): Max retries exceeded with url: /v1 — sleeping 33.5s (caller=msg_llm_reranker, trace=None)
2026-05-12 20:49:21,412 [WARNING] chat retry attempt 3/3 after APIConnectionError: Error communicating with OpenAI: HTTPSConnectionPool(host='api.viviai.cc', port=443): Max retries exceeded with url: /v1 — sleeping 60.5s (caller=msg_llm_reranker, trace=None)
2026-05-12 20:50:41,247 [WARNING] llm_rerank attempt 1 parse error: json decode failed: Expecting ',' delimiter: line 1 column 151 (char 150)
2026-05-12 20:52:03,564 [INFO] ms-clip: auto-picked GPU 7 (free 24092 MiB)
2026-05-12 20:52:03,564 [INFO] ms-clip: using CUDA_VISIBLE_DEVICES=7
2026-05-12 20:52:03,564 [INFO] ms-clip: launching predict_smi (n_candidates=256)
2026-05-12 20:52:19,555 [WARNING] ms-clip dropped SMILES Cc1cc(C)cc(-c2ccc3c([Ge](C)(C)C)cccc3[n+]2[O-])c1; emitting sentinel -1.0
2026-05-12 20:52:19,555 [WARNING] ms-clip dropped SMILES CCCC[P+](CCCC)(CCCC)CC(=O)O.[Pd]; emitting sentinel -1.0
2026-05-12 20:52:19,555 [WARNING] ms-clip dropped SMILES CC(C)(C)c1ccc2c(c1)[cH-]c1cc(C(C)(C)C)ccc12.[Zr+2]; emitting sentinel -1.0
2026-05-12 20:52:36,408 [INFO] ms-clip: auto-picked GPU 7 (free 24092 MiB)
2026-05-12 20:52:36,409 [INFO] ms-clip: using CUDA_VISIBLE_DEVICES=7
2026-05-12 20:52:36,409 [INFO] ms-clip: launching predict_smi (n_candidates=256)
2026-05-12 20:54:49,937 [WARNING] chat retry attempt 1/3 after APIConnectionError: Error communicating with OpenAI: HTTPSConnectionPool(host='api.viviai.cc', port=443): Max retries exceeded with url: /v1 — sleeping 9.3s (caller=msg_llm_reranker, trace=None)
2026-05-12 20:56:18,216 [INFO] ms-clip: auto-picked GPU 7 (free 24092 MiB)
2026-05-12 20:56:18,216 [INFO] ms-clip: using CUDA_VISIBLE_DEVICES=7
2026-05-12 20:56:18,216 [INFO] ms-clip: launching predict_smi (n_candidates=256)
2026-05-12 20:56:55,108 [INFO] ms-clip: auto-picked GPU 7 (free 24092 MiB)
2026-05-12 20:56:55,108 [INFO] ms-clip: using CUDA_VISIBLE_DEVICES=7
2026-05-12 20:56:55,109 [INFO] ms-clip: launching predict_smi (n_candidates=256)
2026-05-12 20:57:09,460 [WARNING] ms-clip dropped SMILES CC1=[C-]Cc2ccc3c(c21)-c1c(ccc2ccc([AlH2])c(C)c12)C3.[Bk]; emitting sentinel -1.0
2026-05-12 20:57:09,460 [WARNING] ms-clip dropped SMILES C[n+]1[c-]n(-c2cccc(Oc3ccc4c5ccccc5n(-c5cc6c(cn5)oc5ccccc56)c4c3)c2)c2ccccc21; emitting sentinel -1.0
2026-05-12 20:57:09,460 [WARNING] ms-clip dropped SMILES C[n+]1[c-]n(-c2cccc(Oc3ccc4c5ccccc5n(-c5cc6oc7ccccc7c6cn5)c4c3)c2)c2ccccc21; emitting sentinel -1.0
2026-05-12 20:57:22,608 [INFO] ms-clip: auto-picked GPU 7 (free 24092 MiB)
2026-05-12 20:57:22,609 [INFO] ms-clip: using CUDA_VISIBLE_DEVICES=7
2026-05-12 20:57:22,609 [INFO] ms-clip: launching predict_smi (n_candidates=256)
2026-05-12 20:57:40,409 [WARNING] ms-clip dropped SMILES CCCCC1CCC(C)C1.CCCCC1CCC(C)C1.Cl[Zr]Cl; emitting sentinel -1.0
2026-05-12 20:57:40,409 [WARNING] ms-clip dropped SMILES CC(C)CCCCCS[Sn](C)(C)SCCCCCC(C)C; emitting sentinel -1.0
2026-05-12 20:57:40,409 [WARNING] ms-clip dropped SMILES C=CC=C.C[c-]1[c-](C)[c-](C)[c-](C)[c-]1C.Cc1c(C)c(C)[c-](C)c1C.[Ni].[Ni]; emitting sentinel -1.0
2026-05-12 20:58:18,195 [WARNING] chat retry attempt 1/3 after APIConnectionError: Error communicating with OpenAI: HTTPSConnectionPool(host='api.viviai.cc', port=443): Max retries exceeded with url: /v1 — sleeping 9.6s (caller=msg_llm_reranker, trace=None)
2026-05-12 20:58:32,784 [WARNING] chat retry attempt 2/3 after APIConnectionError: Error communicating with OpenAI: HTTPSConnectionPool(host='api.viviai.cc', port=443): Max retries exceeded with url: /v1 — sleeping 34.4s (caller=msg_llm_reranker, trace=None)
2026-05-12 20:59:33,172 [INFO] ms-clip: using CUDA_VISIBLE_DEVICES=0
2026-05-12 20:59:33,172 [INFO] ms-clip: launching predict_smi (n_candidates=256)
2026-05-12 21:00:11,171 [INFO] ms-clip: using CUDA_VISIBLE_DEVICES=0
2026-05-12 21:00:11,171 [INFO] ms-clip: launching predict_smi (n_candidates=256)
2026-05-12 21:00:27,507 [WARNING] ms-clip dropped SMILES CCOC(=O)C=C(C)O[Al](OC(C)=CC(C)=O)OC(C)=CC(=O)OCC; emitting sentinel -1.0
2026-05-12 21:00:27,508 [WARNING] ms-clip dropped SMILES CC#Cc1ccccc1.CP(C)C.CP(C)C.[CH]1C=CC=C1.[V]; emitting sentinel -1.0
2026-05-12 21:00:53,225 [INFO] ms-clip: using CUDA_VISIBLE_DEVICES=0
2026-05-12 21:00:53,226 [INFO] ms-clip: launching predict_smi (n_candidates=256)
2026-05-12 21:01:10,168 [WARNING] ms-clip dropped SMILES CC1=[C-]Cc2ccc3c(c21)-c1c(ccc2ccc([AlH2])c(C)c12)C3.[Bk]; emitting sentinel -1.0
2026-05-12 21:01:10,168 [WARNING] ms-clip dropped SMILES C[n+]1[c-]n(-c2cccc(Oc3ccc4c5ccccc5n(-c5cc6c(cn5)oc5ccccc56)c4c3)c2)c2ccccc21; emitting sentinel -1.0
2026-05-12 21:01:10,168 [WARNING] ms-clip dropped SMILES C[n+]1[c-]n(-c2cccc(Oc3ccc4c5ccccc5n(-c5cc6oc7ccccc7c6cn5)c4c3)c2)c2ccccc21; emitting sentinel -1.0
2026-05-12 21:02:52,266 [INFO] spec 340/500  MassSpecGymID0300352  pool=256  pred=OUGNWRCWQLUXHX  correct=True  t=125.3s
2026-05-12 21:02:58,554 [INFO] ms-clip: using CUDA_VISIBLE_DEVICES=0
2026-05-12 21:02:58,555 [INFO] ms-clip: launching predict_smi (n_candidates=256)
2026-05-12 21:03:15,531 [WARNING] ms-clip dropped SMILES O=C([CH-]C(=O)C(F)(F)F)c1ccccc1.O=C([CH-]C(=O)C(F)(F)F)c1ccccc1.[Cu+2]; emitting sentinel -1.0
2026-05-12 21:03:15,531 [WARNING] ms-clip dropped SMILES CCn1ccn(CC)c1=O.I.[B].[CH2-]n1ccn(CC)c1=O.[Y]; emitting sentinel -1.0
2026-05-12 21:03:15,531 [WARNING] ms-clip dropped SMILES Cn1ccc2c3ccccc3[cH-]c21.[Cl-].[Cl-].[Zr+4].[c-]1cccc2c1Cc1ccccc1-2; emitting sentinel -1.0
2026-05-12 21:03:33,790 [INFO] ms-clip: using CUDA_VISIBLE_DEVICES=0
2026-05-12 21:03:33,790 [INFO] ms-clip: launching predict_smi (n_candidates=256)
2026-05-12 21:03:56,342 [WARNING] chat retry attempt 1/3 after APIConnectionError: Error communicating with OpenAI: HTTPSConnectionPool(host='api.viviai.cc', port=443): Max retries exceeded with url: /v1 — sleeping 8.2s (caller=msg_llm_reranker, trace=None)
2026-05-12 21:04:43,325 [INFO] ms-clip: using CUDA_VISIBLE_DEVICES=0
2026-05-12 21:04:43,325 [INFO] ms-clip: launching predict_smi (n_candidates=256)
2026-05-12 21:05:01,021 [WARNING] ms-clip dropped SMILES C.CC.CC.CC(C)(C)C.CC(C)(C)[C-]=O.CC(C)(C)[C-]=O.CNC(C)(C)C.CN[C-]=O.C[C-]=O.[Y].[Y]; emitting sentinel -1.0
2026-05-12 21:05:01,021 [WARNING] ms-clip dropped SMILES CCOC(C)OC[C@@H]1C[C@H](C(=O)OC(C)(C)C)N(C(=O)OC(C)(C)C)[C@H]1[C@@H]([NH-])C(=O)CC.[Ac]; emitting sentinel -1.0
2026-05-12 21:05:01,022 [WARNING] ms-clip dropped SMILES CCCC[Sn](CCCC)(CCCC)[C@@H](CN(C/C=C/CCl)Cc1ccccc1)OC(=O)N1C(C)(C)COC1(C)C; emitting sentinel -1.0
2026-05-12 21:05:01,022 [WARNING] ms-clip dropped SMILES CCCCP(CCCC)CCCC.O=S(=O)([O-])C(F)(F)F.[CH2-]CCO.[CH]1[CH]CC[CH][CH]CC1.[CH]1[CH]CC[CH][CH]CC1.[Ni+2]; emitting sentinel -1.0
2026-05-12 21:05:01,022 [WARNING] ms-clip dropped SMILES CC(C)(C)n1[c-][n+](-c2cccc(Oc3ccnc(-c4cc(Oc5cccc(-[n+]6[c-]n(C(C)(C)C)c7ccccc76)c5)ccn4)c3)c2)c2ccccc21; emitting sentinel -1.0
2026-05-12 21:05:01,022 [WARNING] ms-clip dropped SMILES CCC/C(C)=C\COC(=O)CC[C@@H]1/C2=C3/c4[n-]c(c(C)c4C(=O)[C@@H]3C(=O)OC)/C=c3\[n-]/c(c(C)c3C)=C\c3[n-]c(c(C)c3C)/C=C(\[N-]2)[C@H]1C.[Mg+2]; emitting sentinel -1.0
2026-05-12 21:05:01,022 [WARNING] ms-clip dropped SMILES C=Cc1c(C)c2cc3[nH+]c(c4c5[nH+]c(cc6[n-]c(cc1[n-]2)c(C)c6CC)C(C)=C5C(=O)C4C(=O)OC)C(CCC(=O)OCC=C(C)C)C3C.[Mg+2]; emitting sentinel -1.0
2026-05-12 21:05:01,022 [WARNING] ms-clip dropped SMILES C=Cc1c2[n-]c(c1C)/C=C1\[N-]C(C3=c4[n-]/c(c(C)c4C(=O)[C@@H]3C(=O)OC)=C\[C@H]3[N-]/C(=C\2)C(C)=C3CC)[C@@H](CCC(=O)OCC=C(C)C)[C@@H]1C.[Mg+2]; emitting sentinel -1.0
2026-05-12 21:05:01,022 [WARNING] ms-clip dropped SMILES CCCC[Sn](CCCC)(CCCC)c1cc2c(cn1)cnn2-c1cccc(N2CCCN(C(=O)OC(C)(C)C)CC2)n1; emitting sentinel -1.0
2026-05-12 21:05:28,233 [INFO] ms-clip: using CUDA_VISIBLE_DEVICES=0
2026-05-12 21:05:28,233 [INFO] ms-clip: launching predict_smi (n_candidates=256)
2026-05-12 21:05:45,909 [WARNING] ms-clip dropped SMILES CCCCCCCCCCCCc1sccc1[Sn](CCCC)(CCCC)CCCC; emitting sentinel -1.0
2026-05-12 21:05:45,909 [WARNING] ms-clip dropped SMILES CC.CC.CC.Cc1ccc(C(C)NC(=O)C2CC(O)CN2C(=O)C(N[C-]=O)C(C)(C)C)cc1.[Zn]; emitting sentinel -1.0
2026-05-12 21:05:45,909 [WARNING] ms-clip dropped SMILES CCCCCCCCCCCCc1cc[c]s1.[CH2]CCC.[CH2]CCC.[CH2]CCC.[Sn]; emitting sentinel -1.0
2026-05-12 21:05:45,910 [WARNING] ms-clip dropped SMILES CCCC1=C(c2ccc(C3=C(CCC)C(c4ccccc4)=[C-][Si]3(C)C)cc2)[Si](C)(C)[C-]=C1c1ccccc1.[Li+].[Li+]; emitting sentinel -1.0
2026-05-12 21:06:22,220 [WARNING] chat retry attempt 1/3 after APIConnectionError: Error communicating with OpenAI: HTTPSConnectionPool(host='api.viviai.cc', port=443): Max retries exceeded with url: /v1 — sleeping 11.7s (caller=msg_llm_reranker, trace=None)
2026-05-12 21:06:38,948 [WARNING] chat retry attempt 2/3 after APIConnectionError: Error communicating with OpenAI: HTTPSConnectionPool(host='api.viviai.cc', port=443): Max retries exceeded with url: /v1 — sleeping 32.7s (caller=msg_llm_reranker, trace=None)
2026-05-12 21:07:33,330 [WARNING] llm_rerank attempt 1 parse error: no JSON object found
2026-05-12 21:07:58,288 [INFO] ms-clip: using CUDA_VISIBLE_DEVICES=0
2026-05-12 21:07:58,289 [INFO] ms-clip: launching predict_smi (n_candidates=256)
2026-05-12 21:08:11,864 [WARNING] ms-clip dropped SMILES CN(C)C1=CC2=C3C=C(N(C)C)C=CN3CCCN2C=C1.CN1c2ccccc2N(C)C12CCCCC21N(C)c2ccccc2N1C.[Li+].[O-]c1cccc2ccc[nH+]c12; emitting sentinel -1.0
2026-05-12 21:08:11,864 [WARNING] ms-clip dropped SMILES CCCCCCCCCCCCCCCCCCCC#CC(=O)[O-].CCCCCCCCCCCCCCCCCCCC#CC(=O)[O-].[Cd+2]; emitting sentinel -1.0
2026-05-12 21:08:41,459 [INFO] ms-clip: auto-picked GPU 7 (free 24092 MiB)
2026-05-12 21:08:41,460 [INFO] ms-clip: using CUDA_VISIBLE_DEVICES=7
2026-05-12 21:08:41,460 [INFO] ms-clip: launching predict_smi (n_candidates=256)
2026-05-12 21:08:54,272 [WARNING] ms-clip dropped SMILES CCCC/C1=C2/N=C(C(CC)=C2CC)C(c2ccccc2)C2=N/C(=C(/CCCC)c3[n-]c(c(CC)c3CC)C(CCCC)c3[n-]c1c(CC)c3CC)C(CC)=C2CC.[Ni+2]; emitting sentinel -1.0
2026-05-12 21:08:54,272 [WARNING] ms-clip dropped SMILES C.CCOC(=O)CC1(O)CCN(C(=O)CCCCc2ccc3c(n2)NCCC3)CC1.O.O=C(O)CC1(O)CCN(C(=O)CCCCc2ccc3c(n2)NCCC3)CC1.[Li+].[OH-]; emitting sentinel -1.0
2026-05-12 21:09:37,870 [INFO] ms-clip: using CUDA_VISIBLE_DEVICES=0
2026-05-12 21:09:37,870 [INFO] ms-clip: launching predict_smi (n_candidates=256)
2026-05-12 21:10:00,390 [WARNING] chat retry attempt 1/3 after APIConnectionError: Error communicating with OpenAI: HTTPSConnectionPool(host='api.viviai.cc', port=443): Max retries exceeded with url: /v1 — sleeping 11.3s (caller=msg_llm_reranker, trace=None)
2026-05-12 21:10:22,716 [INFO] ms-clip: auto-picked GPU 7 (free 24092 MiB)
2026-05-12 21:10:22,716 [INFO] ms-clip: using CUDA_VISIBLE_DEVICES=7
2026-05-12 21:10:22,716 [INFO] ms-clip: launching predict_smi (n_candidates=256)
2026-05-12 21:10:36,002 [WARNING] ms-clip dropped SMILES CC[Sn](CC)(CC)C(=C=O)[Sn](CC)(CC)CC; emitting sentinel -1.0
2026-05-12 21:10:36,002 [WARNING] ms-clip dropped SMILES CC1=CC=C=C[CH]1.CC1=CC=C=C[CH]1.Cc1ccc(C([O-])=S)cc1.[Sb]; emitting sentinel -1.0
2026-05-12 21:10:36,002 [WARNING] ms-clip dropped SMILES [B][C@H]1[CH-][C@H](C)C([CH2-])(CC)O1.[CH2-]C1(CC)O[C@@H](C)[CH-][C@H]1C.[Y].[Y]; emitting sentinel -1.0
2026-05-12 21:10:36,002 [WARNING] ms-clip dropped SMILES CC(O)c1c(-c2cccc3c2Cc2ccccc2-3)ccc2ccccc12.[Cl-].[Cl-].[Ti+2]; emitting sentinel -1.0
2026-05-12 21:11:16,109 [INFO] ms-clip: using CUDA_VISIBLE_DEVICES=0
2026-05-12 21:11:16,110 [INFO] ms-clip: launching predict_smi (n_candidates=256)
2026-05-12 21:11:34,644 [WARNING] ms-clip dropped SMILES C[Ga]c1c(-c2c(C)cc(C)cc2C)cccc1-c1c(C)cc(C)cc1C; emitting sentinel -1.0
2026-05-12 21:13:32,712 [WARNING] chat retry attempt 1/3 after APIConnectionError: Error communicating with OpenAI: HTTPSConnectionPool(host='api.viviai.cc', port=443): Max retries exceeded with url: /v1 — sleeping 11.5s (caller=msg_llm_reranker, trace=None)
2026-05-12 21:14:12,484 [INFO] ms-clip: auto-picked GPU 7 (free 24092 MiB)
2026-05-12 21:14:12,484 [INFO] ms-clip: using CUDA_VISIBLE_DEVICES=7
2026-05-12 21:14:12,485 [INFO] ms-clip: launching predict_smi (n_candidates=256)
2026-05-12 21:14:30,660 [WARNING] ms-clip dropped SMILES Cc1cc(C)cc(-c2nccc3cc(Br)ccc23)c1.Cc1cc(C)cc(-c2nccc3cc(C4CCCC4)ccc23)c1.[CH-]1CCCC1.[CH-]1CCCC1.[Zn+2]; emitting sentinel -1.0
2026-05-12 21:14:30,660 [WARNING] ms-clip dropped SMILES C/C(=C\C(C)=N\c1c(C(C)C)cccc1C(C)C)[N-]c1c(C(C)C)cccc1C(C)C.[H][H].[H][H].[O-]C(c1ccccc1)c1c(F)c(F)c(F)c(F)c1F.[Sn+2]; emitting sentinel -1.0
2026-05-12 21:14:30,660 [WARNING] ms-clip dropped SMILES CC[C@@H](C=O)NC(=O)[C@H]1CC[C@H]([NH-])C1.CC[C@@H](CNNC(=O)NCC1CCC(C(=O)NC)CC1)NC(=O)[C@H]1CC[C@H]([NH-])C1.[CH3-].[CH3-].[Y].[Y]; emitting sentinel -1.0
2026-05-12 21:14:30,661 [WARNING] ms-clip dropped SMILES CO.COc1c2n3c(c(C(=O)CO)c1=O)CCC3CN(Cc1ccc(F)cc1)C2=O.COc1c2n3c(c(C(=O)O)c1=O)CCC3CN(Cc1ccc(F)cc1)C2=O.[Li+].[OH-]; emitting sentinel -1.0
2026-05-12 21:14:30,661 [WARNING] ms-clip dropped SMILES C1CCOC1.C1CCOC1.[Er+3].c1ccc([N-]c2ccccc2)cc1.c1ccc([N-]c2ccccc2)cc1.c1ccc([N-]c2ccccc2)cc1; emitting sentinel -1.0
2026-05-12 21:14:43,914 [INFO] spec 350/500  MassSpecGymID0356723  pool=256  pred=CDTJHKDWCUQBPD  correct=False  t=35.8s
2026-05-12 21:14:44,039 [INFO] ms-clip: auto-picked GPU 7 (free 24092 MiB)
2026-05-12 21:14:44,039 [INFO] ms-clip: using CUDA_VISIBLE_DEVICES=7
2026-05-12 21:14:44,039 [INFO] ms-clip: launching predict_smi (n_candidates=256)
2026-05-12 21:15:01,755 [WARNING] ms-clip dropped SMILES CCCC[Sn](/C=C1\[C@H]2OC(C)(C)O[C@H]2[C@@H](O[Si](C)(C)C(C)(C)C)C[C@@H]1O)(CCCC)CCCC; emitting sentinel -1.0
2026-05-12 21:15:01,755 [WARNING] ms-clip dropped SMILES CC(C)(C)C1=C/C(=C/Nc2ccccc2N/C=C2/C=C(C(C)(C)C)C=C(C(C)(C)C)C2=O)C(=O)C(C(C)(C)C)=C1.[Zn]; emitting sentinel -1.0
2026-05-12 21:15:01,755 [WARNING] ms-clip dropped SMILES CCCCCCCCCCOc1ccc(-c2ccc(C(=O)Oc3ccc(C[Ge](CC)(CC)CC)cc3)cc2)cc1; emitting sentinel -1.0
2026-05-12 21:15:01,755 [WARNING] ms-clip dropped SMILES CCCCCCCCCCCC(=O)[O-].CCCCCCCCCCCCCCCCCC(=O)[O-].[Ni+2].[Zn+2]; emitting sentinel -1.0
2026-05-12 21:15:33,345 [INFO] ms-clip: using CUDA_VISIBLE_DEVICES=0
2026-05-12 21:15:33,345 [INFO] ms-clip: launching predict_smi (n_candidates=256)
2026-05-12 21:15:50,272 [WARNING] ms-clip dropped SMILES CC(C)O.CC(C)O.COC(C)(C)CO.COC(C)(C)CO.[Hf]; emitting sentinel -1.0
2026-05-12 21:16:25,590 [INFO] ms-clip: auto-picked GPU 7 (free 24092 MiB)
2026-05-12 21:16:25,591 [INFO] ms-clip: using CUDA_VISIBLE_DEVICES=7
2026-05-12 21:16:25,591 [INFO] ms-clip: launching predict_smi (n_candidates=256)
2026-05-12 21:17:05,246 [INFO] ms-clip: using CUDA_VISIBLE_DEVICES=0
2026-05-12 21:17:05,247 [INFO] ms-clip: launching predict_smi (n_candidates=256)
2026-05-12 21:17:53,700 [INFO] ms-clip: using CUDA_VISIBLE_DEVICES=0
2026-05-12 21:17:53,700 [INFO] ms-clip: launching predict_smi (n_candidates=256)
2026-05-12 21:18:30,323 [INFO] ms-clip: using CUDA_VISIBLE_DEVICES=0
2026-05-12 21:18:30,323 [INFO] ms-clip: launching predict_smi (n_candidates=256)
2026-05-12 21:18:46,591 [WARNING] ms-clip dropped SMILES Cc1ccc(COc2c[c-]c(C)c(C)c2)cc1.[Y+3]; emitting sentinel -1.0
2026-05-12 21:18:46,591 [WARNING] ms-clip dropped SMILES [Mn].c1ccc([Si](c2ccccc2)c2ccccc2)cc1; emitting sentinel -1.0
2026-05-12 21:18:46,591 [WARNING] ms-clip dropped SMILES COC(=O)Cc1cccc([Sn](C)(C)C)c1; emitting sentinel -1.0
2026-05-12 21:18:46,591 [WARNING] ms-clip dropped SMILES CCc1cc(C)ccc1Oc1c[c-]c(C)cc1.[Y]; emitting sentinel -1.0
2026-05-12 21:18:46,591 [WARNING] ms-clip dropped SMILES CC1(C)Oc2ccc([Sn](C)(C)C)cc2O1; emitting sentinel -1.0
2026-05-12 21:19:05,579 [INFO] ms-clip: using CUDA_VISIBLE_DEVICES=0
2026-05-12 21:19:05,580 [INFO] ms-clip: launching predict_smi (n_candidates=256)
2026-05-12 21:19:18,179 [WARNING] ms-clip dropped SMILES CC1=C(C(=O)NC2=[C-]N=[C-]C2)N(C)S(=O)(=O)c2ccc(C)[c-]c21.[Y].[Y].[Y].[Y].[Y].[Y]; emitting sentinel -1.0
2026-05-12 21:19:18,180 [WARNING] ms-clip dropped SMILES CC(C)(C)c1ccnc(-c2cc(C(C)(C)C)ccn2)c1.CC(C)c1cccc(C(C)C)c1[N-]c1cc(C(C)(C)C)cc(C(C)(C)C)c1[O-].[Ni+2].c1ccccc1.c1ccccc1; emitting sentinel -1.0
2026-05-12 21:19:18,180 [WARNING] ms-clip dropped SMILES C/C(NC1=[C-]N=[C-]C1)=C1\C(=O)c2[c-]c(C)ccc2S(=O)(=O)N1C.[Y].[Y].[Y].[Y].[Y].[Y]; emitting sentinel -1.0
2026-05-12 21:19:39,331 [INFO] ms-clip: auto-picked GPU 7 (free 24092 MiB)
2026-05-12 21:19:39,332 [INFO] ms-clip: using CUDA_VISIBLE_DEVICES=7
2026-05-12 21:19:39,332 [INFO] ms-clip: launching predict_smi (n_candidates=256)
2026-05-12 21:21:30,817 [INFO] ms-clip: using CUDA_VISIBLE_DEVICES=0
2026-05-12 21:21:30,817 [INFO] ms-clip: launching predict_smi (n_candidates=256)
2026-05-12 21:21:43,918 [WARNING] ms-clip dropped SMILES Cc1cc(-c2ccccc2)nn1[C-](n1nc(-c2ccccc2)cc1C)n1nc(-c2ccccc2)cc1C.[H]/[C-]=C\C=C.[Mn+2]; emitting sentinel -1.0
2026-05-12 21:21:43,918 [WARNING] ms-clip dropped SMILES C1CCC2=C(C1)c1nc2nc2[n-]c(nc3nc(nc4[n-]c(n1)c1c4CCCC1)C1=C3CCCC1)c1c2CCCC1.[Cu+2]; emitting sentinel -1.0
2026-05-12 21:21:43,918 [WARNING] ms-clip dropped SMILES CCCC[N+](CCCC)(CCCC)CCCC.[C-]#[O+].[C-]#[O+].[C-]#[O+].[C-]#[O+].[C-]#[O+].[C-]#[O+].[Ta]; emitting sentinel -1.0
2026-05-12 21:22:50,924 [INFO] ms-clip: using CUDA_VISIBLE_DEVICES=0
2026-05-12 21:22:50,925 [INFO] ms-clip: launching predict_smi (n_candidates=256)
2026-05-12 21:24:04,935 [INFO] spec 360/500  MassSpecGymID0070651  pool=256  pred=CRFYLQMIDWBKRT  correct=True  t=81.1s
2026-05-12 21:24:11,528 [INFO] ms-clip: using CUDA_VISIBLE_DEVICES=0
2026-05-12 21:24:11,528 [INFO] ms-clip: launching predict_smi (n_candidates=256)
2026-05-12 21:24:23,650 [WARNING] ms-clip dropped SMILES C/C(=C\C1CCCC1)[Si](C)(C)C.[CH2]CCC.[CH2]CCC.[CH2]CCC.[Sn]; emitting sentinel -1.0
2026-05-12 21:25:16,535 [INFO] ms-clip: using CUDA_VISIBLE_DEVICES=0
2026-05-12 21:25:16,535 [INFO] ms-clip: launching predict_smi (n_candidates=256)
2026-05-12 21:25:33,220 [WARNING] ms-clip dropped SMILES CC(C)=[Zr+2].CCC1[C-]=CC(C(C)(C)C)=C1.[Cl-].[Cl-].c1ccc2c(c1)[cH-]c1ccccc12; emitting sentinel -1.0
2026-05-12 21:25:33,220 [WARNING] ms-clip dropped SMILES CC(C)C(=[Zr+2])C(C)C.Cc1ccc(C)[cH-]1.[Cl-].[Cl-].[c-]1cccc2c1Cc1ccccc1-2; emitting sentinel -1.0
2026-05-12 21:25:33,220 [WARNING] ms-clip dropped SMILES CC1=CC2CC(SC3CC4C=C(C)C(C)=CC4C3)CC2C=C1C.Cl[Zr+2]Cl.[CH3-].[CH3-]; emitting sentinel -1.0
2026-05-12 21:25:33,220 [WARNING] ms-clip dropped SMILES CC(C)CC(=[Zr+2])CC(C)C.[Cl-].[Cl-].[c-]1cccc2c1Cc1ccccc1-2.c1cc[cH-]c1; emitting sentinel -1.0
2026-05-12 21:25:33,221 [WARNING] ms-clip dropped SMILES CC(C)=[Zr+2].CC(C)c1c[c-]c2c(c1)-c1cc(C(C)C)ccc1C2.[Cl-].[Cl-].c1cc[cH-]c1; emitting sentinel -1.0
2026-05-12 21:25:33,221 [WARNING] ms-clip dropped SMILES CC(C)=[Zr](Cl)Cl.CCCc1cc2ccccc2[cH-]1.CCCc1cc2ccccc2[cH-]1; emitting sentinel -1.0
2026-05-12 21:25:33,221 [WARNING] ms-clip dropped SMILES [C-]1=CC=CC1=C(C1CCCCC1)C1CCCCC1.[Cl-].[Cl-].[Zr+4].c1ccc2[cH-]ccc2c1; emitting sentinel -1.0
2026-05-12 21:25:33,221 [WARNING] ms-clip dropped SMILES C=[Zr+2].CC(C)Cc1cc2ccccc2[cH-]1.CC(C)Cc1cc2ccccc2[cH-]1.[Cl-].[Cl-]; emitting sentinel -1.0
2026-05-12 21:25:33,221 [WARNING] ms-clip dropped SMILES C[CH-][P+]([O])(OCC)OCC.[Sn].[c]1ccccc1.[c]1ccccc1.[c]1ccccc1; emitting sentinel -1.0
2026-05-12 21:25:33,221 [WARNING] ms-clip dropped SMILES CC(C)=[Zr+2].CCc1cc(C(C)(C)C)c[cH-]1.[Cl-].[Cl-].[c-]1cccc2c1Cc1ccccc1-2; emitting sentinel -1.0
2026-05-12 21:26:11,504 [INFO] ms-clip: using CUDA_VISIBLE_DEVICES=0
2026-05-12 21:26:11,504 [INFO] ms-clip: launching predict_smi (n_candidates=256)
2026-05-12 21:26:28,636 [WARNING] ms-clip dropped SMILES [CH2]C(C)C(=O)CC(=O)C(C)C.[CH2]C(C)C(=O)CC(=O)C(C)C.[CH2]C(C)C(=O)CC(=O)C(C)C.[Y]; emitting sentinel -1.0
2026-05-12 21:26:47,401 [INFO] ms-clip: using CUDA_VISIBLE_DEVICES=0
2026-05-12 21:26:47,402 [INFO] ms-clip: launching predict_smi (n_candidates=256)
2026-05-12 21:27:36,334 [INFO] ms-clip: using CUDA_VISIBLE_DEVICES=0
2026-05-12 21:27:36,334 [INFO] ms-clip: launching predict_smi (n_candidates=256)
2026-05-12 21:27:53,550 [WARNING] ms-clip dropped SMILES Cn1c(=[Pt])n(-c2[c-]c(Oc3[c-]c4c(cc3)C3CCCCC3CN4c3cc(C(C)(C)C)ccn3)ccc2)c2ccccc21; emitting sentinel -1.0
2026-05-12 21:28:09,659 [INFO] ms-clip: using CUDA_VISIBLE_DEVICES=0
2026-05-12 21:28:09,659 [INFO] ms-clip: launching predict_smi (n_candidates=256)
2026-05-12 21:28:27,344 [WARNING] ms-clip dropped SMILES [CH]N1CCN(CC)CCN(CC(=O)N[C@H](CCC(N)=O)C(=O)NC)CCN(CC(=O)O)CC1; emitting sentinel -1.0
2026-05-12 21:28:32,367 [WARNING] chat retry attempt 1/3 after APIConnectionError: Error communicating with OpenAI: HTTPSConnectionPool(host='api.viviai.cc', port=443): Max retries exceeded with url: /v1 — sleeping 9.0s (caller=msg_llm_reranker, trace=None)
2026-05-12 21:29:04,326 [INFO] ms-clip: auto-picked GPU 7 (free 24092 MiB)
2026-05-12 21:29:04,326 [INFO] ms-clip: using CUDA_VISIBLE_DEVICES=7
2026-05-12 21:29:04,326 [INFO] ms-clip: launching predict_smi (n_candidates=256)
2026-05-12 21:29:20,598 [WARNING] ms-clip dropped SMILES CCCCc1cccc2c1[cH-]c1ccccc12.CCCCc1cccc2c1[cH-]c1ccccc12.Clc1cc[c-]cc1.[CH2-]CCCC.[CH3-].[Ti]; emitting sentinel -1.0
2026-05-12 21:29:36,032 [INFO] ms-clip: using CUDA_VISIBLE_DEVICES=0
2026-05-12 21:29:36,032 [INFO] ms-clip: launching predict_smi (n_candidates=256)
2026-05-12 21:31:02,709 [INFO] ms-clip: using CUDA_VISIBLE_DEVICES=0
2026-05-12 21:31:02,709 [INFO] ms-clip: launching predict_smi (n_candidates=256)
2026-05-12 21:31:18,357 [WARNING] ms-clip dropped SMILES CC(C)(C)c1[c-]c(C2=CC=CC2)c(C(C)(C)C)[nH]1.[Cl-].[Cl-].[Zr+3]; emitting sentinel -1.0
2026-05-12 21:32:07,062 [INFO] ms-clip: using CUDA_VISIBLE_DEVICES=0
2026-05-12 21:32:07,062 [INFO] ms-clip: launching predict_smi (n_candidates=256)
2026-05-12 21:32:20,888 [WARNING] ms-clip dropped SMILES CC(C)C(=[Ti+2])C(C)C.[C-]1=CC=CC1.[c-]1cccc2c1Cc1ccccc1-2; emitting sentinel -1.0
2026-05-12 21:32:20,888 [WARNING] ms-clip dropped SMILES CC1=[C-]C(=C(C)C)C=C1NC(C)(C)C.C[N-]C.C[N-]C.[Mo+3]; emitting sentinel -1.0
2026-05-12 21:32:47,661 [INFO] spec 370/500  MassSpecGymID0216416  pool=256  pred=JMXVCIRSULFZLE  correct=True  t=47.1s
2026-05-12 21:32:52,709 [INFO] ms-clip: using CUDA_VISIBLE_DEVICES=0
2026-05-12 21:32:52,709 [INFO] ms-clip: launching predict_smi (n_candidates=256)
2026-05-12 21:33:11,563 [WARNING] ms-clip dropped SMILES CCCC/C1=C2/N=C(C(CC)=C2CC)C(c2ccccc2)C2=N/C(=C(/CCCC)c3[n-]c(c(CC)c3CC)C(CCCC)c3[n-]c1c(CC)c3CC)C(CC)=C2CC.[Ni+2]; emitting sentinel -1.0
2026-05-12 21:33:11,564 [WARNING] ms-clip dropped SMILES C.CCOC(=O)CC1(O)CCN(C(=O)CCCCc2ccc3c(n2)NCCC3)CC1.O.O=C(O)CC1(O)CCN(C(=O)CCCCc2ccc3c(n2)NCCC3)CC1.[Li+].[OH-]; emitting sentinel -1.0
2026-05-12 21:35:02,566 [WARNING] chat retry attempt 1/3 after APIConnectionError: Error communicating with OpenAI: HTTPSConnectionPool(host='api.viviai.cc', port=443): Max retries exceeded with url: /v1 — sleeping 11.1s (caller=msg_llm_reranker, trace=None)
2026-05-12 21:35:31,942 [INFO] ms-clip: auto-picked GPU 7 (free 24092 MiB)
2026-05-12 21:35:31,942 [INFO] ms-clip: using CUDA_VISIBLE_DEVICES=7
2026-05-12 21:35:31,942 [INFO] ms-clip: launching predict_smi (n_candidates=256)
2026-05-12 21:35:44,303 [WARNING] ms-clip dropped SMILES CCCCCCCCCCCCc1sccc1[Sn](CCCC)(CCCC)CCCC; emitting sentinel -1.0
2026-05-12 21:35:44,304 [WARNING] ms-clip dropped SMILES CC.CC.CC.Cc1ccc(C(C)NC(=O)C2CC(O)CN2C(=O)C(N[C-]=O)C(C)(C)C)cc1.[Zn]; emitting sentinel -1.0
2026-05-12 21:35:44,304 [WARNING] ms-clip dropped SMILES CCCCCCCCCCCCc1cc[c]s1.[CH2]CCC.[CH2]CCC.[CH2]CCC.[Sn]; emitting sentinel -1.0
2026-05-12 21:35:44,304 [WARNING] ms-clip dropped SMILES CCCC1=C(c2ccc(C3=C(CCC)C(c4ccccc4)=[C-][Si]3(C)C)cc2)[Si](C)(C)[C-]=C1c1ccccc1.[Li+].[Li+]; emitting sentinel -1.0
2026-05-12 21:35:57,318 [INFO] ms-clip: auto-picked GPU 7 (free 24092 MiB)
2026-05-12 21:35:57,318 [INFO] ms-clip: using CUDA_VISIBLE_DEVICES=7
2026-05-12 21:35:57,319 [INFO] ms-clip: launching predict_smi (n_candidates=256)
2026-05-12 21:36:14,869 [WARNING] ms-clip dropped SMILES CCCCC(CC)C(=O)[O-].CCCCC(CC)C(=O)[O-].CCCCC(CC)C(=O)[O-].CCCCC(CC)C(=O)[O-].CCCCC(CC)C(=O)[O-].[V]; emitting sentinel -1.0
2026-05-12 21:36:14,869 [WARNING] ms-clip dropped SMILES CC(C)CCCCC(=O)[O-].CC(C)CCCCC(=O)[O-].CC(C)CCCCC(=O)[O-].CC(C)CCCCC(=O)[O-].CC(C)CCCCC(=O)[O-].[V]; emitting sentinel -1.0
2026-05-12 21:36:14,870 [WARNING] ms-clip dropped SMILES CCCCCCCCCCCCCCCCCC(=O)[O-].CCCCCCCCCCCCCCCCCC(=O)[O-].Cc1cc(O)ccc1Cl.[Ni+2]; emitting sentinel -1.0
2026-05-12 21:36:14,870 [WARNING] ms-clip dropped SMILES CCCCCCCC/C=C\CCCCCCCC(=O)O.CCCCCCCC/C=C\CCCCCCCC(=O)O.[Hg]; emitting sentinel -1.0
2026-05-12 21:36:14,870 [WARNING] ms-clip dropped SMILES CCCCCCCC(=O)[O-].CCCCCCCC(=O)[O-].CCCCCCCC(=O)[O-].CCCCCCCC(=O)[O-].CCCCCCCC(=O)[O-].[V]; emitting sentinel -1.0
2026-05-12 21:36:14,870 [WARNING] ms-clip dropped SMILES [Au].[Cd].[Cd].[Cd].[Cd].[Cd]; emitting sentinel -1.0
2026-05-12 21:36:14,870 [WARNING] ms-clip dropped SMILES C1CCC([PH+](C2CCCCC2)C2CCCCC2)CC1.C1CCC([PH+](C2CCCCC2)C2CCCCC2)CC1.C1CCOC1.[CH3-].[CH3-].[Ru+2]; emitting sentinel -1.0
2026-05-12 21:36:31,021 [INFO] ms-clip: using CUDA_VISIBLE_DEVICES=0
2026-05-12 21:36:31,022 [INFO] ms-clip: launching predict_smi (n_candidates=256)
2026-05-12 21:36:43,471 [WARNING] ms-clip dropped SMILES C/C(=N\C(CC(=O)[O-])c1ccccc1)c1ccccc1/N=C(\[O-])CCCC[N-]Cc1ccccc1.[Ni+3]; emitting sentinel -1.0
2026-05-12 21:37:16,277 [INFO] ms-clip: auto-picked GPU 7 (free 24092 MiB)
2026-05-12 21:37:16,278 [INFO] ms-clip: using CUDA_VISIBLE_DEVICES=7
2026-05-12 21:37:16,278 [INFO] ms-clip: launching predict_smi (n_candidates=256)
2026-05-12 21:37:48,615 [INFO] ms-clip: using CUDA_VISIBLE_DEVICES=0
2026-05-12 21:37:48,615 [INFO] ms-clip: launching predict_smi (n_candidates=256)
2026-05-12 21:38:05,962 [WARNING] ms-clip dropped SMILES CCCCC(CC)C(=O)[O-].CCCCC(CC)C(=O)[O-].CCCCC(CC)C(=O)[O-].CCCCC(CC)C(=O)[O-].CCCCC(CC)C(=O)[O-].[V]; emitting sentinel -1.0
2026-05-12 21:38:05,963 [WARNING] ms-clip dropped SMILES CC(C)CCCCC(=O)[O-].CC(C)CCCCC(=O)[O-].CC(C)CCCCC(=O)[O-].CC(C)CCCCC(=O)[O-].CC(C)CCCCC(=O)[O-].[V]; emitting sentinel -1.0
2026-05-12 21:38:05,963 [WARNING] ms-clip dropped SMILES CCCCCCCCCCCCCCCCCC(=O)[O-].CCCCCCCCCCCCCCCCCC(=O)[O-].Cc1cc(O)ccc1Cl.[Ni+2]; emitting sentinel -1.0
2026-05-12 21:38:05,963 [WARNING] ms-clip dropped SMILES CCCCCCCC/C=C\CCCCCCCC(=O)O.CCCCCCCC/C=C\CCCCCCCC(=O)O.[Hg]; emitting sentinel -1.0
2026-05-12 21:38:05,963 [WARNING] ms-clip dropped SMILES CCCCCCCC(=O)[O-].CCCCCCCC(=O)[O-].CCCCCCCC(=O)[O-].CCCCCCCC(=O)[O-].CCCCCCCC(=O)[O-].[V]; emitting sentinel -1.0
2026-05-12 21:38:05,964 [WARNING] ms-clip dropped SMILES [Au].[Cd].[Cd].[Cd].[Cd].[Cd]; emitting sentinel -1.0
2026-05-12 21:38:05,964 [WARNING] ms-clip dropped SMILES C1CCC([PH+](C2CCCCC2)C2CCCCC2)CC1.C1CCC([PH+](C2CCCCC2)C2CCCCC2)CC1.C1CCOC1.[CH3-].[CH3-].[Ru+2]; emitting sentinel -1.0
2026-05-12 21:38:45,109 [WARNING] llm_rerank attempt 1 parse error: no JSON object found
2026-05-12 21:39:08,319 [INFO] ms-clip: using CUDA_VISIBLE_DEVICES=0
2026-05-12 21:39:08,319 [INFO] ms-clip: launching predict_smi (n_candidates=256)
2026-05-12 21:39:25,427 [WARNING] ms-clip dropped SMILES CNC(=O)c1nnc(Nc2nc(N3CC(C)OC(C)C3)ncc2F)cc1-c1ccc([C-]=O)cc1.[Fm]; emitting sentinel -1.0
2026-05-12 21:39:25,427 [WARNING] ms-clip dropped SMILES C.CCc1ncc2c(=O)[nH]c(C3CN(Cc4ccccc4)CC3C)nn12.CCc1ncc2c(=O)[nH]c(C3CNCC3C)nn12.[CH3-].[Pd]; emitting sentinel -1.0
2026-05-12 21:39:43,580 [INFO] ms-clip: using CUDA_VISIBLE_DEVICES=0
2026-05-12 21:39:43,581 [INFO] ms-clip: launching predict_smi (n_candidates=256)
2026-05-12 21:40:02,485 [WARNING] ms-clip dropped SMILES CCCCc1cccc2c1[cH-]c1ccccc12.CCCCc1cccc2c1[cH-]c1ccccc12.Clc1cc[c-]cc1.[CH2-]CCCC.[CH3-].[Ti]; emitting sentinel -1.0
2026-05-12 21:40:34,521 [INFO] ms-clip: auto-picked GPU 7 (free 24092 MiB)
2026-05-12 21:40:34,521 [INFO] ms-clip: using CUDA_VISIBLE_DEVICES=7
2026-05-12 21:40:34,521 [INFO] ms-clip: launching predict_smi (n_candidates=256)
2026-05-12 21:40:47,404 [WARNING] ms-clip dropped SMILES CC(C)(COC(C)(C)CCNc1cccc2c1C(=O)NC2=O)NC(=O)CNC1CCCC1.CCC(CC)c1c[c-]n2nccc2n1.CCCCC=O.CNC=O.[Na+]; emitting sentinel -1.0
2026-05-12 21:40:47,404 [WARNING] ms-clip dropped SMILES CCCC[Sn](CCCC)(CCCC)COCC1=C[C@@]2(C)CC[C@@H](O[Si](CC)(CC)CC)[C@@](C)(CCCO[Si](C)(C)C(C)(C)C)[C@@H]2CC1; emitting sentinel -1.0
2026-05-12 21:40:47,404 [WARNING] ms-clip dropped SMILES COCCOCCOC.COCCOCCOC.COCCOCCOC.COCCOCCOC.[Li].[Li].c1cc2ccc3ccc4ccc5ccc1c1c2c3c4c51; emitting sentinel -1.0
2026-05-12 21:41:01,990 [INFO] ms-clip: using CUDA_VISIBLE_DEVICES=0
2026-05-12 21:41:01,990 [INFO] ms-clip: launching predict_smi (n_candidates=256)
2026-05-12 21:41:17,898 [WARNING] ms-clip dropped SMILES O=[Sb](CC1CCCC1)(CC1CCCC1)CC1CCCC1; emitting sentinel -1.0
2026-05-12 21:41:51,901 [INFO] spec 380/500  MassSpecGymID0204379  pool=256  pred=JRASSONTPQQYOK  correct=True  t=56.3s
2026-05-12 21:41:58,650 [INFO] ms-clip: using CUDA_VISIBLE_DEVICES=0
2026-05-12 21:41:58,650 [INFO] ms-clip: launching predict_smi (n_candidates=256)
2026-05-12 21:42:35,273 [INFO] ms-clip: using CUDA_VISIBLE_DEVICES=0
2026-05-12 21:42:35,273 [INFO] ms-clip: launching predict_smi (n_candidates=256)
2026-05-12 21:44:12,150 [INFO] ms-clip: auto-picked GPU 7 (free 24092 MiB)
2026-05-12 21:44:12,150 [INFO] ms-clip: using CUDA_VISIBLE_DEVICES=7
2026-05-12 21:44:12,151 [INFO] ms-clip: launching predict_smi (n_candidates=256)
2026-05-12 21:44:24,651 [WARNING] ms-clip dropped SMILES CCCCC(CC)C(=O)[O-].CCCCC(CC)C(=O)[O-].CCCCC(CC)C(=O)[O-].CCCCC(CC)C(=O)[O-].CCCCC(CC)C(=O)[O-].[V]; emitting sentinel -1.0
2026-05-12 21:44:24,651 [WARNING] ms-clip dropped SMILES CC(C)CCCCC(=O)[O-].CC(C)CCCCC(=O)[O-].CC(C)CCCCC(=O)[O-].CC(C)CCCCC(=O)[O-].CC(C)CCCCC(=O)[O-].[V]; emitting sentinel -1.0
2026-05-12 21:44:24,652 [WARNING] ms-clip dropped SMILES CCCCCCCCCCCCCCCCCC(=O)[O-].CCCCCCCCCCCCCCCCCC(=O)[O-].Cc1cc(O)ccc1Cl.[Ni+2]; emitting sentinel -1.0
2026-05-12 21:44:24,652 [WARNING] ms-clip dropped SMILES CCCCCCCC/C=C\CCCCCCCC(=O)O.CCCCCCCC/C=C\CCCCCCCC(=O)O.[Hg]; emitting sentinel -1.0
2026-05-12 21:44:24,652 [WARNING] ms-clip dropped SMILES CCCCCCCC(=O)[O-].CCCCCCCC(=O)[O-].CCCCCCCC(=O)[O-].CCCCCCCC(=O)[O-].CCCCCCCC(=O)[O-].[V]; emitting sentinel -1.0
2026-05-12 21:44:24,652 [WARNING] ms-clip dropped SMILES [Au].[Cd].[Cd].[Cd].[Cd].[Cd]; emitting sentinel -1.0
2026-05-12 21:44:24,652 [WARNING] ms-clip dropped SMILES C1CCC([PH+](C2CCCCC2)C2CCCCC2)CC1.C1CCC([PH+](C2CCCCC2)C2CCCCC2)CC1.C1CCOC1.[CH3-].[CH3-].[Ru+2]; emitting sentinel -1.0
2026-05-12 21:44:41,705 [INFO] ms-clip: using CUDA_VISIBLE_DEVICES=0
2026-05-12 21:44:41,705 [INFO] ms-clip: launching predict_smi (n_candidates=256)
2026-05-12 21:44:59,642 [WARNING] ms-clip dropped SMILES CC(C)(C)c1cc(-c2cc3cc(C(C)(C)C)ccc3[cH-]2)cc(C(C)(C)C)c1.CC(C)(C)c1cc(-c2cc3cc(C(C)(C)C)ccc3[cH-]2)cc(C(C)(C)C)c1.[Hf+4]; emitting sentinel -1.0
2026-05-12 21:44:59,643 [WARNING] ms-clip dropped SMILES CC1CC2C(c3ccc(C(C)(C)C)cc3)CC(C(C)(C)C)CC2C1[Si](C)(C)C1C(C)CC2C(c3ccc(C(C)(C)C)cc3)CC(C(C)(C)C)CC21.Cl[Zr+2]Cl.[CH3-].[CH3-]; emitting sentinel -1.0
2026-05-12 21:46:06,502 [INFO] ms-clip: using CUDA_VISIBLE_DEVICES=0
2026-05-12 21:46:06,502 [INFO] ms-clip: launching predict_smi (n_candidates=256)
2026-05-12 21:46:23,771 [WARNING] ms-clip dropped SMILES [NH3+]c1cc[c-]cc1CC1CNC(=O)CN(C(=O)NC(C(=O)O)c2ccccc2)C1=O.[U]; emitting sentinel -1.0
2026-05-12 21:46:23,771 [WARNING] ms-clip dropped SMILES C(=C\C1[CH-]CCC1)\C1[CH-]CCC1.C1CCCC1.C1CCCC1.CCCC[Sn+2]CCCC.[Fe+2].[Fe+2]; emitting sentinel -1.0
2026-05-12 21:46:23,772 [WARNING] ms-clip dropped SMILES CCC1=C(C)/C2=C/c3c(CC)c(C)c4n3[Sn](F)(F)n3/c(c(C)c(CC)/c3=C/C3=N/C(=C\4)C(CC)=C3CC)=C\C1=N2; emitting sentinel -1.0
2026-05-12 21:46:23,772 [WARNING] ms-clip dropped SMILES C.CN1C[C@H]2c3ccccc3Oc3ccc(Cl)cc3[C@@H]2C1.O=CNC[C@H]1c2cc(Cl)ccc2Oc2ccccc2[C@@H]1CO.[AlH3]; emitting sentinel -1.0
2026-05-12 21:46:38,772 [INFO] ms-clip: auto-picked GPU 6 (free 24092 MiB)
2026-05-12 21:46:38,773 [INFO] ms-clip: using CUDA_VISIBLE_DEVICES=6
2026-05-12 21:46:38,773 [INFO] ms-clip: launching predict_smi (n_candidates=256)
2026-05-12 21:47:15,266 [INFO] ms-clip: auto-picked GPU 7 (free 24092 MiB)
2026-05-12 21:47:15,266 [INFO] ms-clip: using CUDA_VISIBLE_DEVICES=7
2026-05-12 21:47:15,266 [INFO] ms-clip: launching predict_smi (n_candidates=256)
2026-05-12 21:48:50,500 [WARNING] llm_rerank attempt 1 parse error: json decode failed: Expecting ',' delimiter: line 1 column 1665 (char 1664)
2026-05-12 21:49:27,838 [INFO] ms-clip: using CUDA_VISIBLE_DEVICES=0
2026-05-12 21:49:27,838 [INFO] ms-clip: launching predict_smi (n_candidates=256)
2026-05-12 21:49:46,621 [WARNING] chat retry attempt 1/3 after APIConnectionError: Error communicating with OpenAI: HTTPSConnectionPool(host='api.viviai.cc', port=443): Max retries exceeded with url: /v1 — sleeping 8.8s (caller=msg_llm_reranker, trace=None)
2026-05-12 21:50:12,115 [INFO] ms-clip: using CUDA_VISIBLE_DEVICES=0
2026-05-12 21:50:12,115 [INFO] ms-clip: launching predict_smi (n_candidates=256)
2026-05-12 21:50:55,900 [INFO] ms-clip: using CUDA_VISIBLE_DEVICES=0
2026-05-12 21:50:55,900 [INFO] ms-clip: launching predict_smi (n_candidates=256)
2026-05-12 21:52:26,559 [INFO] spec 390/500  MassSpecGymID0231398  pool=256  pred=KQQLBXFPTDVFAJ  correct=True  t=96.9s
2026-05-12 21:52:30,036 [INFO] ms-clip: auto-picked GPU 7 (free 24092 MiB)
2026-05-12 21:52:30,036 [INFO] ms-clip: using CUDA_VISIBLE_DEVICES=7
2026-05-12 21:52:30,036 [INFO] ms-clip: launching predict_smi (n_candidates=256)
2026-05-12 21:52:45,752 [WARNING] ms-clip dropped SMILES [CH2-]C(CC(C)(C)C)C(=O)C(C)(C)C.[CH2-]CCOCC1C2CC/C=C\CCC21.[Y]; emitting sentinel -1.0
2026-05-12 21:53:45,416 [INFO] ms-clip: using CUDA_VISIBLE_DEVICES=0
2026-05-12 21:53:45,416 [INFO] ms-clip: launching predict_smi (n_candidates=256)
2026-05-12 21:54:02,548 [WARNING] ms-clip dropped SMILES CCCCCCCCCC[S-].CCCCCCCCCC[S-].[Pb+2]; emitting sentinel -1.0
2026-05-12 21:54:07,578 [WARNING] chat retry attempt 1/3 after APIConnectionError: Error communicating with OpenAI: HTTPSConnectionPool(host='api.viviai.cc', port=443): Max retries exceeded with url: /v1 — sleeping 10.3s (caller=msg_llm_reranker, trace=None)
2026-05-12 21:54:22,901 [WARNING] chat retry attempt 2/3 after APIConnectionError: Error communicating with OpenAI: HTTPSConnectionPool(host='api.viviai.cc', port=443): Max retries exceeded with url: /v1 — sleeping 29.1s (caller=msg_llm_reranker, trace=None)
2026-05-12 21:55:03,037 [INFO] ms-clip: auto-picked GPU 7 (free 24092 MiB)
2026-05-12 21:55:03,037 [INFO] ms-clip: using CUDA_VISIBLE_DEVICES=7
2026-05-12 21:55:03,037 [INFO] ms-clip: launching predict_smi (n_candidates=256)
2026-05-12 21:55:44,403 [WARNING] llm_rerank attempt 1 parse error: no JSON object found
2026-05-12 21:56:39,263 [WARNING] llm_rerank attempt 2 parse error: no JSON object found
2026-05-12 21:56:45,586 [INFO] ms-clip: using CUDA_VISIBLE_DEVICES=0
2026-05-12 21:56:45,587 [INFO] ms-clip: launching predict_smi (n_candidates=256)
2026-05-12 21:57:02,248 [WARNING] ms-clip dropped SMILES CCCC/C1=C2/N=C(C(CC)=C2CC)C(c2ccccc2)C2=N/C(=C(/CCCC)c3[n-]c(c(CC)c3CC)C(CCCC)c3[n-]c1c(CC)c3CC)C(CC)=C2CC.[Ni+2]; emitting sentinel -1.0
2026-05-12 21:57:02,249 [WARNING] ms-clip dropped SMILES CCCC/C1=C2/N=C(C(CC)=C2CC)[C@H](CCCC)c2[n-]c(c(CC)c2CC)/C(CCCC)=C2\N=C(C(CC)=C2CC)[C@H](c2ccccc2)c2[n-]c1c(CC)c2CC.[Ni+2]; emitting sentinel -1.0
2026-05-12 21:57:39,141 [INFO] ms-clip: using CUDA_VISIBLE_DEVICES=0
2026-05-12 21:57:39,141 [INFO] ms-clip: launching predict_smi (n_candidates=256)
2026-05-12 21:57:55,855 [WARNING] ms-clip dropped SMILES CN1CCCN(C)CN2C3=[Pt]=C4N(CCN3c3ccccc32)c2ccccc2N4C1; emitting sentinel -1.0
2026-05-12 21:58:42,831 [INFO] ms-clip: using CUDA_VISIBLE_DEVICES=0
2026-05-12 21:58:42,832 [INFO] ms-clip: launching predict_smi (n_candidates=256)
2026-05-12 21:59:00,190 [WARNING] ms-clip dropped SMILES [CH2]CCC.[CH2]CCC.[CH2]CCC.[CH2]OCC1=C[C@]2(C)CC[C@@H](O[Si](CC)(CC)CC)[C@@](C)(CCCO[Si](C)(C)C(C)(C)C)[C@@H]2CC1.[Sn]; emitting sentinel -1.0
2026-05-12 21:59:23,591 [INFO] ms-clip: auto-picked GPU 7 (free 24092 MiB)
2026-05-12 21:59:23,591 [INFO] ms-clip: using CUDA_VISIBLE_DEVICES=7
2026-05-12 21:59:23,592 [INFO] ms-clip: launching predict_smi (n_candidates=256)
2026-05-12 21:59:55,107 [INFO] ms-clip: using CUDA_VISIBLE_DEVICES=0
2026-05-12 21:59:55,107 [INFO] ms-clip: launching predict_smi (n_candidates=256)
2026-05-12 22:00:07,816 [WARNING] ms-clip dropped SMILES C1CCC2CCCC2C1.C1CCC2CCCC2C1.Oc1cccc2ccccc12.Oc1cccc2ccccc12.[Ti]; emitting sentinel -1.0
2026-05-12 22:00:35,854 [INFO] ms-clip: using CUDA_VISIBLE_DEVICES=0
2026-05-12 22:00:35,855 [INFO] ms-clip: launching predict_smi (n_candidates=256)
2026-05-12 22:00:48,956 [WARNING] ms-clip dropped SMILES CC(C)(C)OO.CC(C)O.CC(C)O.CC(C)O.CC(C)O.CC(C)OC(=O)[C@@H](O)[C@@H](O)C(=O)OC(C)C.[Ti]; emitting sentinel -1.0
2026-05-12 22:00:48,957 [WARNING] ms-clip dropped SMILES CCCCC1CCC([SiH](C)[SiH](C)C2C(C)CC3C2CC2CCCC2C3[Si](C)(C)C)C1.[CH3-].[CH3-].[CH3-].[CH3-].[Zr+4]; emitting sentinel -1.0
2026-05-12 22:01:34,284 [INFO] ms-clip: using CUDA_VISIBLE_DEVICES=0
2026-05-12 22:01:34,284 [INFO] ms-clip: launching predict_smi (n_candidates=256)
2026-05-12 22:01:46,504 [WARNING] ms-clip dropped SMILES Cc1cc(C)c([Ge](c2c(C)cc(C)cc2C)(c2c(C)cc(C)cc2C)N2C[N-]2)c(C)c1.[Li+]; emitting sentinel -1.0
2026-05-12 22:02:16,735 [INFO] spec 400/500  MassSpecGymID0153813  pool=256  pred=KOHGICRCBGLFOT  correct=False  t=48.7s
2026-05-12 22:02:23,081 [INFO] ms-clip: using CUDA_VISIBLE_DEVICES=0
2026-05-12 22:02:23,082 [INFO] ms-clip: launching predict_smi (n_candidates=256)
2026-05-12 22:02:40,132 [WARNING] ms-clip dropped SMILES CCCCCCCCO.CCCCCCCCO.CCCCCCCCO.[Y]; emitting sentinel -1.0
2026-05-12 22:03:51,903 [INFO] ms-clip: using CUDA_VISIBLE_DEVICES=0
2026-05-12 22:03:51,904 [INFO] ms-clip: launching predict_smi (n_candidates=256)
2026-05-12 22:04:09,191 [WARNING] ms-clip dropped SMILES C1CCOC1.CC(C)(C)[Si](C)(C)C1CC(Cc2ccccc2)C2C=CC=CC21.[CH2-][Si](C)(C)C.[CH2-][Si](C)(C)C.[CH3-].[Sc+3]; emitting sentinel -1.0
2026-05-12 22:04:20,234 [INFO] ms-clip: auto-picked GPU 6 (free 24092 MiB)
2026-05-12 22:04:20,234 [INFO] ms-clip: using CUDA_VISIBLE_DEVICES=6
2026-05-12 22:04:20,234 [INFO] ms-clip: launching predict_smi (n_candidates=256)
2026-05-12 22:04:37,001 [WARNING] ms-clip dropped SMILES CN(C)C1=CC2=C3C=C(N(C)C)C=CN3CCCN2C=C1.CN1c2ccccc2N(C)C12CCCCC21N(C)c2ccccc2N1C.[Li+].[O-]c1cccc2ccc[nH+]c12; emitting sentinel -1.0
2026-05-12 22:04:37,002 [WARNING] ms-clip dropped SMILES CCCCCCCCCCCCCCCCCCCC#CC(=O)[O-].CCCCCCCCCCCCCCCCCCCC#CC(=O)[O-].[Cd+2]; emitting sentinel -1.0
2026-05-12 22:04:56,508 [INFO] ms-clip: using CUDA_VISIBLE_DEVICES=0
2026-05-12 22:04:56,509 [INFO] ms-clip: launching predict_smi (n_candidates=256)
2026-05-12 22:05:13,012 [WARNING] ms-clip dropped SMILES CCC(=O)O.[Hg].c1ccccc1; emitting sentinel -1.0
2026-05-12 22:06:19,630 [INFO] ms-clip: auto-picked GPU 7 (free 24092 MiB)
2026-05-12 22:06:19,630 [INFO] ms-clip: using CUDA_VISIBLE_DEVICES=7
2026-05-12 22:06:19,630 [INFO] ms-clip: launching predict_smi (n_candidates=256)
2026-05-12 22:06:34,957 [WARNING] ms-clip dropped SMILES CC(C)[SiH2+](C)CCOCn1cc(C(N)=O)c2c(Cl)nc(Cl)nc21; emitting sentinel -1.0
2026-05-12 22:06:34,957 [WARNING] ms-clip dropped SMILES C=CCC1C[N-]CC[N-]CC[N-]CC[N-]CC[N-]1.Cl[Mn]Cl; emitting sentinel -1.0
2026-05-12 22:06:51,684 [INFO] ms-clip: using CUDA_VISIBLE_DEVICES=0
2026-05-12 22:06:51,684 [INFO] ms-clip: launching predict_smi (n_candidates=256)
2026-05-12 22:07:39,394 [INFO] ms-clip: using CUDA_VISIBLE_DEVICES=0
2026-05-12 22:07:39,394 [INFO] ms-clip: launching predict_smi (n_candidates=256)
2026-05-12 22:07:53,851 [WARNING] ms-clip dropped SMILES C/C=C(\O[C@H](Cc1cc(C)[c-]c(C)c1)C(=O)N1CN(C2CCN(CCC(=O)OCC)CC2)C1)N1CCC(C2CCc3ccccc3NC(O)CC2)CC1.[Mn]; emitting sentinel -1.0
2026-05-12 22:07:53,851 [WARNING] ms-clip dropped SMILES CCCC[Sn](CCCC)(CCCC)c1ccc(OCCC[C@@H](C[C@H](NC(=O)OC(C)(C)C)C(=O)OC(C)(C)C)C(=O)OC(C)(C)C)cc1; emitting sentinel -1.0
2026-05-12 22:07:53,851 [WARNING] ms-clip dropped SMILES CCCCCCC(O)CCCC.CCCCCCC(O)CCCC.OCCCCCCN(CCO)CCCCCCO.[Y].[Y]; emitting sentinel -1.0
2026-05-12 22:07:53,851 [WARNING] ms-clip dropped SMILES Brc1ccc2ccccc2c1.C1CCOC1.CC(C)O.CC1(C)OB(c2ccc3ccccc3c2)OC1(C)C.CC1(C)O[B]OC1(C)C.[CH2-]CCC.[Li+]; emitting sentinel -1.0
2026-05-12 22:07:53,851 [WARNING] ms-clip dropped SMILES C1CCOC1.Cc1cc(C)c(-c2cccc(-c3c(C)cc(C)cc3C)c2[NH-])c(C)c1.Cc1cc(C)c(-c2cccc(-c3c(C)cc(C)cc3C)c2[NH-])c(C)c1.[Mn+2]; emitting sentinel -1.0
2026-05-12 22:08:30,854 [INFO] ms-clip: using CUDA_VISIBLE_DEVICES=0
2026-05-12 22:08:30,854 [INFO] ms-clip: launching predict_smi (n_candidates=256)
2026-05-12 22:08:48,353 [WARNING] ms-clip dropped SMILES Cc1ccc(S(=O)(=O)OCCC(B2C3CCCC2CCC3)[B-]2(C)C3CCCC2CCC3)cc1.[Li+]; emitting sentinel -1.0
2026-05-12 22:09:57,448 [INFO] ms-clip: using CUDA_VISIBLE_DEVICES=0
2026-05-12 22:09:57,449 [INFO] ms-clip: launching predict_smi (n_candidates=256)
2026-05-12 22:10:14,460 [WARNING] ms-clip dropped SMILES [CH-]1C2CCCCC2C2CCCCC12.[CH-]1C2CCCCC2C2CCCCC12.[W+2]; emitting sentinel -1.0
2026-05-12 22:10:14,630 [WARNING] ms-clip dropped SMILES CC12c3cccc(c3)C3(C)N4C=CN(C4)C(C)(c4cccc(c4)C(C)(c4cccc1c4)[n+]1[c-]n3cc1)N1C=CN2C1; emitting sentinel -1.0
2026-05-12 22:10:40,580 [INFO] ms-clip: using CUDA_VISIBLE_DEVICES=0
2026-05-12 22:10:40,581 [INFO] ms-clip: launching predict_smi (n_candidates=256)
2026-05-12 22:10:54,107 [WARNING] ms-clip dropped SMILES CN([Si])[Si](C)(C)N(C)[Si](C)(C)N(C)[Si](C)(C)C; emitting sentinel -1.0
2026-05-12 22:11:31,715 [INFO] spec 410/500  MassSpecGymID0207318  pool=256  pred=VICZYZVNJKFTNP  correct=True  t=57.4s
2026-05-12 22:11:38,900 [INFO] ms-clip: using CUDA_VISIBLE_DEVICES=0
2026-05-12 22:11:38,900 [INFO] ms-clip: launching predict_smi (n_candidates=256)
2026-05-12 22:12:21,707 [WARNING] llm_rerank attempt 1 parse error: no JSON object found
2026-05-12 22:12:34,143 [INFO] ms-clip: auto-picked GPU 6 (free 24092 MiB)
2026-05-12 22:12:34,143 [INFO] ms-clip: using CUDA_VISIBLE_DEVICES=6
2026-05-12 22:12:34,143 [INFO] ms-clip: launching predict_smi (n_candidates=256)
2026-05-12 22:15:26,344 [WARNING] chat retry attempt 1/3 after APIConnectionError: Error communicating with OpenAI: HTTPSConnectionPool(host='api.viviai.cc', port=443): Max retries exceeded with url: /v1 — sleeping 10.1s (caller=msg_llm_reranker, trace=None)
2026-05-12 22:17:32,256 [INFO] ms-clip: using CUDA_VISIBLE_DEVICES=0
2026-05-12 22:17:32,257 [INFO] ms-clip: launching predict_smi (n_candidates=256)
2026-05-12 22:17:49,677 [WARNING] ms-clip dropped SMILES C1CCOC1.COc1ccc(C#C[Ge]2(C#Cc3ccc(OC)cc3)C(c3ccccc3)=C(c3ccccc3)C(c3ccccc3)=C2c2ccccc2)cc1; emitting sentinel -1.0
2026-05-12 22:17:49,677 [WARNING] ms-clip dropped SMILES C1=CCC=C1.C1=Cc2ccccc2C1.[H]/[C-]=C/c1[c-]cccc1.[W+2].c1ccc2c(c1)cnc1ccccc12.c1ccc2c[nH]cc2c1; emitting sentinel -1.0
2026-05-12 22:17:49,678 [WARNING] ms-clip dropped SMILES CC/C=C/[C@]1(CC)O[C@@H]2OC(C)(C)O[C@@H]2[C@@H]1C.CCCC[C@]1(CC)O[C@@H]2OC(C)(C)O[C@@H]2[C@@H]1C.CO.Cl[Ni]Cl.O=C=O.O=C=O.[B].[Na]; emitting sentinel -1.0
2026-05-12 22:17:49,678 [WARNING] ms-clip dropped SMILES C(C=Cc1ccccc1)=Cc1ccccc1.C[Si]C.Cc1cc2c(-c3ccccc3)cccc2[cH-]1.Cc1cc2c(-c3ccccc3)cccc2[cH-]1.[Zr+2]; emitting sentinel -1.0
2026-05-12 22:17:49,678 [WARNING] ms-clip dropped SMILES Cl[Ru].[C-]#[O+].c1cc(CP(C2CCCCC2)C2CCCCC2)c2nc3c(CP(C4CCCCC4)C4CCCCC4)cccc3cc2c1; emitting sentinel -1.0
2026-05-12 22:17:49,678 [WARNING] ms-clip dropped SMILES CNc1ccccc1-c1[c-]cccc1.CNc1ccccc1-c1ccccc1[PH+](C1CCCCC1)C1CCCCC1.CS(=O)(=O)O.[Pd+2]; emitting sentinel -1.0
2026-05-12 22:17:49,678 [WARNING] ms-clip dropped SMILES CC(C)(C)c1ccc2c(c1)[cH-]c1cc(C(C)(C)C)ccc12.[Cl-].[Cl-].[Hf+2]=C(c1ccccc1)C1CCCCC1.c1cc[cH-]c1; emitting sentinel -1.0
2026-05-12 22:17:49,678 [WARNING] ms-clip dropped SMILES C(/C=C/c1ccccc1)=C\c1ccccc1.C[Si]C.Cc1cc2c(-c3ccccc3)cccc2[cH-]1.Cc1cc2c(-c3ccccc3)cccc2[cH-]1.[Zr+2]; emitting sentinel -1.0
2026-05-12 22:17:49,678 [WARNING] ms-clip dropped SMILES C=CCCCCC(=[Hf+2])c1ccccc1.CC(C)(C)c1ccc2c(c1)[cH-]c1cc(C(C)(C)C)ccc12.[Cl-].[Cl-].c1cc[cH-]c1; emitting sentinel -1.0
2026-05-12 22:18:04,086 [INFO] ms-clip: auto-picked GPU 7 (free 24092 MiB)
2026-05-12 22:18:04,086 [INFO] ms-clip: using CUDA_VISIBLE_DEVICES=7
2026-05-12 22:18:04,086 [INFO] ms-clip: launching predict_smi (n_candidates=256)
2026-05-12 22:18:19,650 [WARNING] ms-clip dropped SMILES Cc1ccnc(-n2c3cc(Oc4cncc(-n5c(=[Pt])n(C)c6ccccc65)c4)ccc3c3ccc4c(c32)C(C)(C)C(C)(C)C4(C)C)c1; emitting sentinel -1.0
2026-05-12 22:18:19,651 [WARNING] ms-clip dropped SMILES CC(C)(C)C(=O)N1C(=O)C2C3CC(C(OC(=O)C4CCCCC4)C31)C2C(=O)O[CH-]C(F)(F)S(=O)(=O)[O-].[Rf]; emitting sentinel -1.0
2026-05-12 22:18:19,651 [WARNING] ms-clip dropped SMILES CC.CC.CC.CCCCN1CCC(C(C(N)=O)(c2ccccc2)c2ccccc2)C1.[Re].[Re]; emitting sentinel -1.0
2026-05-12 22:18:19,651 [WARNING] ms-clip dropped SMILES Cc1ccnc(-n2c3cc(Oc4cncc(-n5c(=[Pt])n(C)c6ccccc65)c4)ccc3c3cc4c(cc32)C(C)(C)C(C)(C)C4(C)C)c1; emitting sentinel -1.0
2026-05-12 22:18:19,651 [WARNING] ms-clip dropped SMILES CO[C@H]1[C@@H](c2ccccc2)[C@@H]1[C@@H](O[Ge](c1c(C)cc(C)cc1C)c1c(C)cc(C)cc1C)[Ge](c1c(C)cc(C)cc1C)c1c(C)cc(C)cc1C; emitting sentinel -1.0
2026-05-12 22:18:19,651 [WARNING] ms-clip dropped SMILES C.C.COc1cccc(-c2ccc(NC(=O)C3=C(C(=O)[O-])CCC3)c(F)c2)c1.COc1cccc(-c2ccc(NC(=O)C3=C(C(=O)[O-])CCC3)c(F)c2)c1.O.[Ca+2].[H-].[H-]; emitting sentinel -1.0
2026-05-12 22:18:19,651 [WARNING] ms-clip dropped SMILES Cc1ccnc(-n2c3cc(Oc4cncc(-n5c(=[Pt])n(C)c6ccccc65)c4)ccc3c3c4c(ccc32)C(C)(C)C(C)(C)C4(C)C)c1; emitting sentinel -1.0
2026-05-12 22:18:19,651 [WARNING] ms-clip dropped SMILES C=C(C)[C@@H]1CC[C@@H](C)/C(=C/C(=O)OCC)C1.C=C(C)[C@@H]1CC[C@@H](C)/C(=C/CO)C1.CCOCC.C[CH-]I.[AlH3].[CH2-]C.[H-].[Li+].[V].[V]; emitting sentinel -1.0
2026-05-12 22:18:19,651 [WARNING] ms-clip dropped SMILES CCCCCCC(CCCCC)(CCCCOC(=O)/C=C\C(=O)[O-])OC(=O)/C=C\C(=O)OCCCC.CCCCOC(=O)/C=C\C(=O)[O-].[Sn+2]; emitting sentinel -1.0
2026-05-12 22:19:33,554 [INFO] ms-clip: auto-picked GPU 7 (free 24092 MiB)
2026-05-12 22:19:33,554 [INFO] ms-clip: using CUDA_VISIBLE_DEVICES=7
2026-05-12 22:19:33,554 [INFO] ms-clip: launching predict_smi (n_candidates=256)
2026-05-12 22:19:48,217 [WARNING] ms-clip dropped SMILES Cc1ccnc(-n2c3cc(Oc4cncc(-n5c(=[Pt])n(C)c6ccccc65)c4)ccc3c3ccc4c(c32)C(C)(C)C(C)(C)C4(C)C)c1; emitting sentinel -1.0
2026-05-12 22:19:48,217 [WARNING] ms-clip dropped SMILES CC(C)(C)C(=O)N1C(=O)C2C3CC(C(OC(=O)C4CCCCC4)C31)C2C(=O)O[CH-]C(F)(F)S(=O)(=O)[O-].[Rf]; emitting sentinel -1.0
2026-05-12 22:19:48,217 [WARNING] ms-clip dropped SMILES CC.CC.CC.CCCCN1CCC(C(C(N)=O)(c2ccccc2)c2ccccc2)C1.[Re].[Re]; emitting sentinel -1.0
2026-05-12 22:19:48,217 [WARNING] ms-clip dropped SMILES Cc1ccnc(-n2c3cc(Oc4cncc(-n5c(=[Pt])n(C)c6ccccc65)c4)ccc3c3cc4c(cc32)C(C)(C)C(C)(C)C4(C)C)c1; emitting sentinel -1.0
2026-05-12 22:19:48,217 [WARNING] ms-clip dropped SMILES CO[C@H]1[C@@H](c2ccccc2)[C@@H]1[C@@H](O[Ge](c1c(C)cc(C)cc1C)c1c(C)cc(C)cc1C)[Ge](c1c(C)cc(C)cc1C)c1c(C)cc(C)cc1C; emitting sentinel -1.0
2026-05-12 22:19:48,217 [WARNING] ms-clip dropped SMILES C.C.COc1cccc(-c2ccc(NC(=O)C3=C(C(=O)[O-])CCC3)c(F)c2)c1.COc1cccc(-c2ccc(NC(=O)C3=C(C(=O)[O-])CCC3)c(F)c2)c1.O.[Ca+2].[H-].[H-]; emitting sentinel -1.0
2026-05-12 22:19:48,217 [WARNING] ms-clip dropped SMILES Cc1ccnc(-n2c3cc(Oc4cncc(-n5c(=[Pt])n(C)c6ccccc65)c4)ccc3c3c4c(ccc32)C(C)(C)C(C)(C)C4(C)C)c1; emitting sentinel -1.0
2026-05-12 22:19:48,217 [WARNING] ms-clip dropped SMILES C=C(C)[C@@H]1CC[C@@H](C)/C(=C/C(=O)OCC)C1.C=C(C)[C@@H]1CC[C@@H](C)/C(=C/CO)C1.CCOCC.C[CH-]I.[AlH3].[CH2-]C.[H-].[Li+].[V].[V]; emitting sentinel -1.0
2026-05-12 22:19:48,217 [WARNING] ms-clip dropped SMILES CCCCCCC(CCCCC)(CCCCOC(=O)/C=C\C(=O)[O-])OC(=O)/C=C\C(=O)OCCCC.CCCCOC(=O)/C=C\C(=O)[O-].[Sn+2]; emitting sentinel -1.0
2026-05-12 22:20:16,340 [WARNING] llm_rerank attempt 1 parse error: no JSON object found
2026-05-12 22:20:40,868 [INFO] ms-clip: using CUDA_VISIBLE_DEVICES=0
2026-05-12 22:20:40,868 [INFO] ms-clip: launching predict_smi (n_candidates=256)
2026-05-12 22:21:37,073 [WARNING] llm_rerank attempt 1 parse error: no JSON object found
2026-05-12 22:22:16,646 [WARNING] llm_rerank attempt 2 parse error: no JSON object found
2026-05-12 22:22:22,379 [INFO] ms-clip: using CUDA_VISIBLE_DEVICES=0
2026-05-12 22:22:22,379 [INFO] ms-clip: launching predict_smi (n_candidates=256)
2026-05-12 22:22:35,989 [WARNING] ms-clip dropped SMILES CNC(=O)c1nnc(Nc2nc(N3CC(C)OC(C)C3)ncc2F)cc1-c1ccc([C-]=O)cc1.[Fm]; emitting sentinel -1.0
2026-05-12 22:22:35,989 [WARNING] ms-clip dropped SMILES C.CCc1ncc2c(=O)[nH]c(C3CN(Cc4ccccc4)CC3C)nn12.CCc1ncc2c(=O)[nH]c(C3CNCC3C)nn12.[CH3-].[Pd]; emitting sentinel -1.0
2026-05-12 22:22:59,090 [INFO] ms-clip: using CUDA_VISIBLE_DEVICES=0
2026-05-12 22:22:59,091 [INFO] ms-clip: launching predict_smi (n_candidates=256)
2026-05-12 22:23:16,492 [WARNING] ms-clip dropped SMILES C=C/C1=C(C=C)/C(N)=C(/N(N)CCOO)c2ccccc2N(C(=O)CCNC)C1.CCCCC[NH-].CCCOCCC=O.[Y]; emitting sentinel -1.0
2026-05-12 22:24:08,388 [WARNING] llm_rerank attempt 1 parse error: no JSON object found
2026-05-12 22:24:55,839 [INFO] ms-clip: auto-picked GPU 7 (free 24092 MiB)
2026-05-12 22:24:55,839 [INFO] ms-clip: using CUDA_VISIBLE_DEVICES=7
2026-05-12 22:24:55,840 [INFO] ms-clip: launching predict_smi (n_candidates=256)
2026-05-12 22:25:08,781 [WARNING] ms-clip dropped SMILES CCN(CC)C(=O)c1ccccc1[Te]c1ccccc1C(=O)N(CC)CC; emitting sentinel -1.0
2026-05-12 22:25:08,781 [WARNING] ms-clip dropped SMILES C[Si](C)(C)[Si]([Si](C)(C)C)[Si](C)(C)C.[CH3-].[Zr+3].c1cc[cH-]c1.c1cc[cH-]c1; emitting sentinel -1.0
2026-05-12 22:25:55,712 [WARNING] chat retry attempt 1/3 after APIConnectionError: Error communicating with OpenAI: HTTPSConnectionPool(host='api.viviai.cc', port=443): Max retries exceeded with url: /v1 — sleeping 11.6s (caller=msg_llm_reranker, trace=None)
2026-05-12 22:26:12,332 [WARNING] chat retry attempt 2/3 after APIConnectionError: Error communicating with OpenAI: HTTPSConnectionPool(host='api.viviai.cc', port=443): Max retries exceeded with url: /v1 — sleeping 33.7s (caller=msg_llm_reranker, trace=None)
2026-05-12 22:27:05,511 [INFO] ms-clip: auto-picked GPU 7 (free 24092 MiB)
2026-05-12 22:27:05,511 [INFO] ms-clip: using CUDA_VISIBLE_DEVICES=7
2026-05-12 22:27:05,511 [INFO] ms-clip: launching predict_smi (n_candidates=256)
2026-05-12 22:27:18,332 [WARNING] ms-clip dropped SMILES CCC[Si](CCC)c1cccc2c1-c1nc(-c3[c-]c(-c4ccccn4)ccc3)ccc1[Ge]2(CCC)CCC.[Ni]; emitting sentinel -1.0
2026-05-12 22:27:18,333 [WARNING] ms-clip dropped SMILES CC(C)COC(=O)Oc1ccc(F)[c-]c1F.CC(C)COC(=O)Oc1ccc(F)[c-]c1F.[C-]1=CC=CC1.[C-]1=CC=CC1.[Ti+4]; emitting sentinel -1.0
2026-05-12 22:27:18,333 [WARNING] ms-clip dropped SMILES CCP(CC)CC.O=C(N[C@@H](C(=O)O)c1ccccc1)c1cccc(-c2[c-]nn[nH]2)c1.[Au+]; emitting sentinel -1.0
2026-05-12 22:27:18,333 [WARNING] ms-clip dropped SMILES C[N+]1=C=[N+](c2[c-]cc3oc4ccccc4c3c2)C=C1.Cc1c[c-]c(-c2cc(C)c(C)cn2)cc1.[Ir]; emitting sentinel -1.0
2026-05-12 22:27:18,333 [WARNING] ms-clip dropped SMILES CC(C)COC(=O)Oc1ccc(F)[c-]c1F.CC(C)COC(=O)Oc1ccc(F)[c-]c1F.[Ti+4].c1cc[cH-]c1.c1cc[cH-]c1; emitting sentinel -1.0
2026-05-12 22:27:18,333 [WARNING] ms-clip dropped SMILES CCCC[N+]1=C=[N+](c2[c-]cc3oc4ccccc4c3c2)C=C1.[Ir].[c-]1ccccc1-c1ccccn1; emitting sentinel -1.0
2026-05-12 22:27:18,333 [WARNING] ms-clip dropped SMILES Cc1ccnc([Bi]2c3ccccc3-c3ccc(-c4cccc(Oc5ncccc5C)c4)cc32)c1; emitting sentinel -1.0
2026-05-12 22:27:18,333 [WARNING] ms-clip dropped SMILES CC(C)C[N+]1=C=[N+](c2[c-]cc3c(c2)oc2ccccc23)C=C1.[Ir].[c-]1ccccc1-c1ccccn1; emitting sentinel -1.0
2026-05-12 22:27:33,326 [INFO] spec 420/500  MassSpecGymID0078302  pool=256  pred=NMVPEQXCMGEDNH  correct=False  t=31.0s
2026-05-12 22:27:38,167 [INFO] ms-clip: auto-picked GPU 7 (free 24092 MiB)
2026-05-12 22:27:38,167 [INFO] ms-clip: using CUDA_VISIBLE_DEVICES=7
2026-05-12 22:27:38,167 [INFO] ms-clip: launching predict_smi (n_candidates=256)
2026-05-12 22:27:50,660 [WARNING] ms-clip dropped SMILES O=C([O-])C1CCCC1.O=C([O-])C1CCCC1.O=C([O-])C1CCCC1.O=C([O-])C1CCCC1.[Ti+4]; emitting sentinel -1.0
2026-05-12 22:27:50,660 [WARNING] ms-clip dropped SMILES C[Si](C)(C)C([Si](C)(C)C)[Ge](C#N)(NC1=CCCC1)C([Si](C)(C)C)[Si](C)(C)C; emitting sentinel -1.0
2026-05-12 22:28:50,910 [INFO] ms-clip: using CUDA_VISIBLE_DEVICES=0
2026-05-12 22:28:50,911 [INFO] ms-clip: launching predict_smi (n_candidates=256)
2026-05-12 22:29:07,120 [WARNING] ms-clip dropped SMILES CC(C)(C)OCCCCCCC1CC([Si](C)(C)[N-]c2ccccc2)C2CCCCC12.Cl[Ti]Cl.[CH3-]; emitting sentinel -1.0
2026-05-12 22:31:09,251 [WARNING] chat retry attempt 1/3 after APIConnectionError: Error communicating with OpenAI: HTTPSConnectionPool(host='api.viviai.cc', port=443): Max retries exceeded with url: /v1 — sleeping 9.1s (caller=msg_llm_reranker, trace=None)
2026-05-12 22:33:08,149 [INFO] ms-clip: using CUDA_VISIBLE_DEVICES=0
2026-05-12 22:33:08,149 [INFO] ms-clip: launching predict_smi (n_candidates=256)
2026-05-12 22:33:25,130 [WARNING] ms-clip dropped SMILES CCCCCCCC[N-]CCCN1CCCN(CCC)CCCN(C)CC1.Cl[Mn]Cl; emitting sentinel -1.0
2026-05-12 22:33:25,130 [WARNING] ms-clip dropped SMILES C/C=C\[C@@H]1C[C@H](C(C)=O)N(C)[C@H]1[C@@H]([NH-])C(C)(CC)CC.[Ac]; emitting sentinel -1.0
2026-05-12 22:33:47,312 [INFO] ms-clip: using CUDA_VISIBLE_DEVICES=0
2026-05-12 22:33:47,312 [INFO] ms-clip: launching predict_smi (n_candidates=256)
2026-05-12 22:34:24,177 [INFO] ms-clip: using CUDA_VISIBLE_DEVICES=0
2026-05-12 22:34:24,178 [INFO] ms-clip: launching predict_smi (n_candidates=256)
2026-05-12 22:35:21,281 [INFO] ms-clip: using CUDA_VISIBLE_DEVICES=0
2026-05-12 22:35:21,281 [INFO] ms-clip: launching predict_smi (n_candidates=256)
2026-05-12 22:35:38,104 [WARNING] ms-clip dropped SMILES CC(C)=C[Si]N(CCCCCC[Si](C)(Cl)Cl)[Si]C=C(C)C; emitting sentinel -1.0
2026-05-12 22:36:06,478 [INFO] ms-clip: using CUDA_VISIBLE_DEVICES=0
2026-05-12 22:36:06,478 [INFO] ms-clip: launching predict_smi (n_candidates=256)
2026-05-12 22:36:23,410 [WARNING] ms-clip dropped SMILES C[Ge](C)(C)c1cc2oc3cc4ccccc4nc3c3cc4ccccc4c4oc(c1)c2c34; emitting sentinel -1.0
2026-05-12 22:36:44,145 [INFO] ms-clip: using CUDA_VISIBLE_DEVICES=0
2026-05-12 22:36:44,146 [INFO] ms-clip: launching predict_smi (n_candidates=256)
2026-05-12 22:37:22,538 [INFO] ms-clip: using CUDA_VISIBLE_DEVICES=0
2026-05-12 22:37:22,538 [INFO] ms-clip: launching predict_smi (n_candidates=256)
2026-05-12 22:37:36,630 [WARNING] ms-clip dropped SMILES CC(C)(CO)/N=C/c1ccccc1O.CC(C)(CO)/N=C/c1ccccc1O.[Ni]; emitting sentinel -1.0
2026-05-12 22:37:36,631 [WARNING] ms-clip dropped SMILES CNCCNC(C)(O)C(C)(C)CCOC(C)(C)CN1C(=O)C=CC1=O.[Y]; emitting sentinel -1.0
2026-05-12 22:37:58,097 [INFO] ms-clip: using CUDA_VISIBLE_DEVICES=0
2026-05-12 22:37:58,097 [INFO] ms-clip: launching predict_smi (n_candidates=256)
2026-05-12 22:38:15,239 [WARNING] ms-clip dropped SMILES CCCCC1CCC(C)C1.CCCCC1CCC(C)C1.Cl[Zr]Cl; emitting sentinel -1.0
2026-05-12 22:38:15,239 [WARNING] ms-clip dropped SMILES CC(C)CCCCCS[Sn](C)(C)SCCCCCC(C)C; emitting sentinel -1.0
2026-05-12 22:38:15,240 [WARNING] ms-clip dropped SMILES C=CC=C.C[c-]1[c-](C)[c-](C)[c-](C)[c-]1C.Cc1c(C)c(C)[c-](C)c1C.[Ni].[Ni]; emitting sentinel -1.0
2026-05-12 22:38:45,334 [INFO] spec 430/500  MassSpecGymID0028423  pool=256  pred=HTQMVQVXFRQIKW  correct=True  t=53.6s
2026-05-12 22:38:51,658 [INFO] ms-clip: using CUDA_VISIBLE_DEVICES=0
2026-05-12 22:38:51,658 [INFO] ms-clip: launching predict_smi (n_candidates=256)
2026-05-12 22:39:45,488 [INFO] ms-clip: auto-picked GPU 7 (free 24092 MiB)
2026-05-12 22:39:45,488 [INFO] ms-clip: using CUDA_VISIBLE_DEVICES=7
2026-05-12 22:39:45,488 [INFO] ms-clip: launching predict_smi (n_candidates=256)
2026-05-12 22:40:37,245 [INFO] ms-clip: using CUDA_VISIBLE_DEVICES=0
2026-05-12 22:40:37,246 [INFO] ms-clip: launching predict_smi (n_candidates=256)
2026-05-12 22:41:21,983 [INFO] ms-clip: using CUDA_VISIBLE_DEVICES=0
2026-05-12 22:41:21,984 [INFO] ms-clip: launching predict_smi (n_candidates=256)
2026-05-12 22:41:39,048 [WARNING] ms-clip dropped SMILES CC(C)Cc1cc(-c2cc(C(C)C)c3c(c2)c2cccc4c5ccccc5n3c42)ncc1[Ge](C)(C)C; emitting sentinel -1.0
2026-05-12 22:41:39,048 [WARNING] ms-clip dropped SMILES CC[C@@H](NC1=C([N-]c2cccc(C(=O)N(C)C)c2O)C(=O)N(c2ccccc2)C1=O)c1ccc2c(c1)OCO2.[Li+]; emitting sentinel -1.0
2026-05-12 22:41:53,626 [INFO] ms-clip: auto-picked GPU 7 (free 24092 MiB)
2026-05-12 22:41:53,626 [INFO] ms-clip: using CUDA_VISIBLE_DEVICES=7
2026-05-12 22:41:53,626 [INFO] ms-clip: launching predict_smi (n_candidates=256)
2026-05-12 22:42:09,245 [WARNING] ms-clip dropped SMILES CC(C/C=N/OCc1ccccc1)C(O)C1C(=O)CCCCCCCCCCN1C.[Ac]; emitting sentinel -1.0
2026-05-12 22:42:09,245 [WARNING] ms-clip dropped SMILES [CH2]C(CC(=C)C#N)C(=O)O[C@@H]1C[C@H](C)CC[C@H]1C(C)(C)c1ccccc1.[CH2]CCC.[CH2]CCC.[CH2]CCC.[Sn]; emitting sentinel -1.0
2026-05-12 22:42:09,245 [WARNING] ms-clip dropped SMILES CCCC[Sn](CCCC)(CCCC)[C@@H](c1ccccc1)[C@@H](c1ccccc1NC(=O)OC(C)(C)C)C(C)(C)C; emitting sentinel -1.0
2026-05-12 22:42:09,245 [WARNING] ms-clip dropped SMILES C=C(C#N)C[C@@H](C[Sn](CCCC)(CCCC)CCCC)C(=O)O[C@@H]1C[C@H](C)CC[C@H]1C(C)(C)c1ccccc1; emitting sentinel -1.0
2026-05-12 22:42:23,878 [INFO] ms-clip: using CUDA_VISIBLE_DEVICES=0
2026-05-12 22:42:23,878 [INFO] ms-clip: launching predict_smi (n_candidates=256)
2026-05-12 22:42:42,785 [WARNING] ms-clip dropped SMILES COC(=O)c1ccc(CN2CCc3ccc(C(=O)CCC4CC[N-]CC4)cc3CC2)cc1.[Ac]; emitting sentinel -1.0
2026-05-12 22:42:42,785 [WARNING] ms-clip dropped SMILES COC(=O)c1cccc(CN2CCc3ccc(C(=O)CCC4CC[N-]CC4)cc3CC2)c1.[Ac]; emitting sentinel -1.0
2026-05-12 22:42:42,785 [WARNING] ms-clip dropped SMILES [CH2]CCC.[CH2]CCC.[CH2]CCC.[CH2]CCC.[CH2]CCC.[CH2]CCC.[H]/[C+]=C/C=C\C=[C-]\[H].[Sn].[Sn]; emitting sentinel -1.0
2026-05-12 22:42:42,785 [WARNING] ms-clip dropped SMILES CCCCCCCC[Sn]CCCCCCCC.O=C(CC(O)C(=O)OCc1ccccc1)OCc1ccccc1; emitting sentinel -1.0
2026-05-12 22:42:56,120 [INFO] ms-clip: using CUDA_VISIBLE_DEVICES=0
2026-05-12 22:42:56,120 [INFO] ms-clip: launching predict_smi (n_candidates=256)
2026-05-12 22:43:36,189 [INFO] ms-clip: auto-picked GPU 7 (free 24092 MiB)
2026-05-12 22:43:36,189 [INFO] ms-clip: using CUDA_VISIBLE_DEVICES=7
2026-05-12 22:43:36,189 [INFO] ms-clip: launching predict_smi (n_candidates=256)
2026-05-12 22:43:50,780 [WARNING] ms-clip dropped SMILES CC(C)(COC(C)(C)CCNc1cccc2c1C(=O)NC2=O)NC(=O)CNC1CCCC1.CCC(CC)c1c[c-]n2nccc2n1.CCCCC=O.CNC=O.[Na+]; emitting sentinel -1.0
2026-05-12 22:43:50,780 [WARNING] ms-clip dropped SMILES CCCC[Sn](CCCC)(CCCC)COCC1=C[C@@]2(C)CC[C@@H](O[Si](CC)(CC)CC)[C@@](C)(CCCO[Si](C)(C)C(C)(C)C)[C@@H]2CC1; emitting sentinel -1.0
2026-05-12 22:43:50,780 [WARNING] ms-clip dropped SMILES COCCOCCOC.COCCOCCOC.COCCOCCOC.COCCOCCOC.[Li].[Li].c1cc2ccc3ccc4ccc5ccc1c1c2c3c4c51; emitting sentinel -1.0
2026-05-12 22:44:06,727 [INFO] ms-clip: auto-picked GPU 7 (free 24092 MiB)
2026-05-12 22:44:06,728 [INFO] ms-clip: using CUDA_VISIBLE_DEVICES=7
2026-05-12 22:44:06,728 [INFO] ms-clip: launching predict_smi (n_candidates=256)
2026-05-12 22:44:44,814 [INFO] ms-clip: using CUDA_VISIBLE_DEVICES=0
2026-05-12 22:44:44,814 [INFO] ms-clip: launching predict_smi (n_candidates=256)
2026-05-12 22:45:21,217 [INFO] spec 440/500  MassSpecGymID0276021  pool=256  pred=CDJAEKWAWWXNAX  correct=False  t=42.6s
2026-05-12 22:45:27,503 [INFO] ms-clip: using CUDA_VISIBLE_DEVICES=0
2026-05-12 22:45:27,503 [INFO] ms-clip: launching predict_smi (n_candidates=256)
2026-05-12 22:45:44,987 [WARNING] ms-clip dropped SMILES C[C@@H]1C[C@@H](OC(=O)c2cccnc2)CC(C)(C)C1.[Ni]; emitting sentinel -1.0
2026-05-12 22:45:44,988 [WARNING] ms-clip dropped SMILES CCCCCCCC[Sn]1CCCCO1; emitting sentinel -1.0
2026-05-12 22:45:44,988 [WARNING] ms-clip dropped SMILES O=C([O-])CCCCNC(=S)SCCCCC(=O)[O-].[Li+].[Li+]; emitting sentinel -1.0
2026-05-12 22:46:58,819 [INFO] ms-clip: auto-picked GPU 7 (free 24092 MiB)
2026-05-12 22:46:58,819 [INFO] ms-clip: using CUDA_VISIBLE_DEVICES=7
2026-05-12 22:46:58,819 [INFO] ms-clip: launching predict_smi (n_candidates=256)
2026-05-12 22:47:12,791 [WARNING] ms-clip dropped SMILES CC(C)COP(=O)([O-])OCC(C)C.CC(C)COP(=O)([O-])OCC(C)C.[Zn+2]; emitting sentinel -1.0
2026-05-12 22:47:38,944 [INFO] ms-clip: auto-picked GPU 7 (free 24092 MiB)
2026-05-12 22:47:38,944 [INFO] ms-clip: using CUDA_VISIBLE_DEVICES=7
2026-05-12 22:47:38,944 [INFO] ms-clip: launching predict_smi (n_candidates=100)
2026-05-12 22:47:51,395 [WARNING] ms-clip dropped SMILES ClC(Cl)=CCOC1C=C(Cl)C(OCCCBr)=C([TlH2])C1; emitting sentinel -1.0
2026-05-12 22:47:51,395 [WARNING] ms-clip dropped SMILES Nc1nc2c(ncn2[C@@H]2O[C@H](CO[PH](=O)O)C3OP(=O)(O)OC32)c(=O)[nH]1.O=[PH](O)O.[Y]; emitting sentinel -1.0
2026-05-12 22:47:51,395 [WARNING] ms-clip dropped SMILES COCOc1cc([S-])cnc1OCOC.O=c1[nH]cc([S-])cc1O.[CH3-].[CH3-].[Y].[Y]; emitting sentinel -1.0
2026-05-12 22:48:18,228 [WARNING] chat retry attempt 1/3 after APIConnectionError: Error communicating with OpenAI: HTTPSConnectionPool(host='api.viviai.cc', port=443): Max retries exceeded with url: /v1 — sleeping 11.0s (caller=msg_llm_reranker, trace=None)
2026-05-12 22:49:17,858 [INFO] ms-clip: auto-picked GPU 7 (free 24092 MiB)
2026-05-12 22:49:17,858 [INFO] ms-clip: using CUDA_VISIBLE_DEVICES=7
2026-05-12 22:49:17,858 [INFO] ms-clip: launching predict_smi (n_candidates=256)
2026-05-12 22:49:31,443 [WARNING] ms-clip dropped SMILES CC.CCC.CCCC(=O)c1cc(C)c(-c2cc3cnc(N(C)O)cc3n3ccnc23)cn1.[U]; emitting sentinel -1.0
2026-05-12 22:50:07,987 [INFO] ms-clip: using CUDA_VISIBLE_DEVICES=0
2026-05-12 22:50:07,987 [INFO] ms-clip: launching predict_smi (n_candidates=256)
2026-05-12 22:50:26,803 [WARNING] ms-clip dropped SMILES C[Si](C(C)(C)C)C(C)(C)C.C[Si](C(C)(C)C)C(C)(C)C.C[Si](C(C)(C)C)C(C)(C)C.[GeH]; emitting sentinel -1.0
2026-05-12 22:50:56,324 [INFO] ms-clip: using CUDA_VISIBLE_DEVICES=0
2026-05-12 22:50:56,324 [INFO] ms-clip: launching predict_smi (n_candidates=256)
2026-05-12 22:51:13,133 [WARNING] ms-clip dropped SMILES CC(=O)/C=C(/C)O.CC(=O)/C=C(\C)O.[Cd]; emitting sentinel -1.0
2026-05-12 22:51:13,133 [WARNING] ms-clip dropped SMILES C[Si](C)(C)c1cccc(C=O)c1.[C-]#[O+].[C-]#[O+].[C-]#[O+].[Cr]; emitting sentinel -1.0
2026-05-12 22:51:13,133 [WARNING] ms-clip dropped SMILES [CH2-]C1CCCO1.[CH2-]C1CCCO1.[O-2].[O-2].[O-2].[Ti+4].[Ti+4]; emitting sentinel -1.0
2026-05-12 22:51:13,134 [WARNING] ms-clip dropped SMILES Nc1cccc([Te]c2cccc(N)c2)c1; emitting sentinel -1.0
2026-05-12 22:51:13,134 [WARNING] ms-clip dropped SMILES Cc1ccc(C(=O)Nc2cc[c-]nc2)cc1C.[Y+3]; emitting sentinel -1.0
2026-05-12 22:52:01,216 [WARNING] llm_rerank attempt 1 parse error: no JSON object found
2026-05-12 22:52:06,222 [WARNING] chat retry attempt 1/3 after APIConnectionError: Error communicating with OpenAI: HTTPSConnectionPool(host='api.viviai.cc', port=443): Max retries exceeded with url: /v1 — sleeping 8.4s (caller=msg_llm_reranker, trace=None)
2026-05-12 22:52:19,671 [WARNING] chat retry attempt 2/3 after APIConnectionError: Error communicating with OpenAI: HTTPSConnectionPool(host='api.viviai.cc', port=443): Max retries exceeded with url: /v1 — sleeping 26.8s (caller=msg_llm_reranker, trace=None)
2026-05-12 22:53:24,267 [INFO] ms-clip: auto-picked GPU 7 (free 24092 MiB)
2026-05-12 22:53:24,267 [INFO] ms-clip: using CUDA_VISIBLE_DEVICES=7
2026-05-12 22:53:24,267 [INFO] ms-clip: launching predict_smi (n_candidates=256)
2026-05-12 22:54:24,283 [INFO] ms-clip: using CUDA_VISIBLE_DEVICES=0
2026-05-12 22:54:24,283 [INFO] ms-clip: launching predict_smi (n_candidates=256)
2026-05-12 22:54:42,052 [WARNING] ms-clip dropped SMILES COc1ccc([Bi](c2ccc(OC)cc2)c2cc[n+](C)c(-c3cc(C(C)(C)C)c4ccccc4c3C)c2)cc1; emitting sentinel -1.0
2026-05-12 22:54:42,052 [WARNING] ms-clip dropped SMILES CCCCC1=C(C)c2cc3[n-]c(cc4nc(cc5[n-]c(cc1n2)c(CCCC)c5C)-c1ccc2ccccc2c1-4)c1c2ccccc2ccc31.[Zn+2]; emitting sentinel -1.0
2026-05-12 22:54:42,052 [WARNING] ms-clip dropped SMILES CN(C)Cc1[c-]cccc1.Cc1cc(C)c(N2CCN(c3c(C)cc(C)cc3C)C2=[Pd])c(C)c1.F[B-](F)(F)F.c1ccncc1; emitting sentinel -1.0
2026-05-12 22:54:42,052 [WARNING] ms-clip dropped SMILES CC(C)(C)c1ccc(-c2c3nc(c(-c4ccccc4)c4ccc([n-]4)c(-c4ccc(C(C)(C)C)cc4)c4nc(cc5ccc2[n-]5)C=C4)C=C3)cc1.[Zn+2]; emitting sentinel -1.0
2026-05-12 22:54:42,053 [WARNING] ms-clip dropped SMILES [2H]C([2H])([2H])n1c(=[Pt])n(-c2[c-]c(Oc3[c-]c4c(cc3)C(C)(C)CCN4c3cc(C(C)(C)C)ccn3)ccc2)c2ccccc21; emitting sentinel -1.0
2026-05-12 22:55:01,191 [INFO] ms-clip: using CUDA_VISIBLE_DEVICES=0
2026-05-12 22:55:01,192 [INFO] ms-clip: launching predict_smi (n_candidates=256)
2026-05-12 22:55:18,469 [WARNING] ms-clip dropped SMILES CCCCCCCCCCCCC/C=C/S(=O)(=O)NCC(=O)[O-].CCCCCCCCCCCCC/C=C/S(=O)(=O)NCC(=O)[O-].[Ca+2]; emitting sentinel -1.0
2026-05-12 22:55:18,469 [WARNING] ms-clip dropped SMILES CCCCCCCCCCC/C=C/C(=O)NCCCS(=O)(=O)O.CCCCCCCCCCC/C=C/C([O-])=N/CCCS(=O)(=O)[O-].[Ca+2]; emitting sentinel -1.0
2026-05-12 22:55:18,469 [WARNING] ms-clip dropped SMILES CCCCCCCCCC/C=C/C(=O)N(C)CCCS(=O)(=O)[O-].CCCCCCCCCC/C=C/C(=O)N(C)CCCS(=O)(=O)[O-].[Ca+2]; emitting sentinel -1.0
2026-05-12 22:55:18,469 [WARNING] ms-clip dropped SMILES CCCCC1C(C(=O)O)C(c2ccc(F)cc2)=NN1c1ccccc1.CCCCC1C(C(=O)OCC)C(c2ccc(F)cc2)=NN1c1ccccc1.[Li+].[OH-]; emitting sentinel -1.0
2026-05-12 22:55:18,470 [WARNING] ms-clip dropped SMILES C.C.C.C.C.CC.CC.CC.Oc1ccccc1.Oc1ccccc1.Oc1ccccc1.[CH2-]C.[CH2-]C.[CH2-]C.[CH3-].[Y].[Y]; emitting sentinel -1.0
2026-05-12 22:55:18,470 [WARNING] ms-clip dropped SMILES CCCCCCCCCCCC/C=C/S(=O)(=O)NCCC(=O)[O-].CCCCCCCCCCCC/C=C/S(=O)(=O)NCCC(=O)[O-].[Ca+2]; emitting sentinel -1.0
2026-05-12 22:55:23,499 [WARNING] chat retry attempt 1/3 after APIConnectionError: Error communicating with OpenAI: HTTPSConnectionPool(host='api.viviai.cc', port=443): Max retries exceeded with url: /v1 — sleeping 11.3s (caller=msg_llm_reranker, trace=None)
2026-05-12 22:55:39,775 [WARNING] chat retry attempt 2/3 after APIConnectionError: Error communicating with OpenAI: HTTPSConnectionPool(host='api.viviai.cc', port=443): Max retries exceeded with url: /v1 — sleeping 30.5s (caller=msg_llm_reranker, trace=None)
2026-05-12 22:56:50,949 [INFO] ms-clip: using CUDA_VISIBLE_DEVICES=0
2026-05-12 22:56:50,950 [INFO] ms-clip: launching predict_smi (n_candidates=256)
2026-05-12 22:57:06,989 [WARNING] ms-clip dropped SMILES CC(C)C(=O)/C=C(\O)c1ccccc1.CC(C)C(=O)/C=C(\O)c1ccccc1.[Cu]; emitting sentinel -1.0
2026-05-12 22:57:32,071 [INFO] spec 450/500  MassSpecGymID0047463  pool=256  pred=FROBCXTULYFHEJ  correct=True  t=46.2s
2026-05-12 22:57:38,389 [INFO] ms-clip: using CUDA_VISIBLE_DEVICES=0
2026-05-12 22:57:38,389 [INFO] ms-clip: launching predict_smi (n_candidates=256)
2026-05-12 22:57:59,828 [WARNING] ms-clip dropped SMILES CC(=O)Oc1ccccc1C(=O)[O-].C[NH+](C)C.O=S(=O)([O-])[O-].[Mg+2]; emitting sentinel -1.0
2026-05-12 22:57:59,828 [WARNING] ms-clip dropped SMILES CCCCN1C/C(=C\[Te]c2ccc(C)cc2)C1=O; emitting sentinel -1.0
2026-05-12 22:57:59,829 [WARNING] ms-clip dropped SMILES O=CCc1ccc2c(c1)CC[N-]2.[CH3-].[W+2]; emitting sentinel -1.0
2026-05-12 22:58:26,055 [INFO] ms-clip: using CUDA_VISIBLE_DEVICES=0
2026-05-12 22:58:26,055 [INFO] ms-clip: launching predict_smi (n_candidates=256)
2026-05-12 22:58:46,109 [WARNING] ms-clip dropped SMILES CCCCCCCCCCCC[Sn]1(CCCCCCCCCCCC)CCC(OC(C)=O)(OC(C)=O)C(F)(F)O1; emitting sentinel -1.0
2026-05-12 22:58:46,109 [WARNING] ms-clip dropped SMILES CCCCC(C)(CCC)C(=O)[O-].CCCCCCC(C)(C)C(=O)[O-].CCCCCCC(C)(C)C(=O)[O-].[Tm+3]; emitting sentinel -1.0
2026-05-12 22:58:46,110 [WARNING] ms-clip dropped SMILES CCCCCC(C)(CC)C(=O)[O-].CCCCCC(C)(CC)C(=O)[O-].CCCCCC(C)(CC)C(=O)[O-].[Tm+3]; emitting sentinel -1.0
2026-05-12 22:58:46,110 [WARNING] ms-clip dropped SMILES CCCCC(C)(CCC)C(=O)[O-].CCCCCC(C)(CC)C(=O)[O-].CCCCCCC(C)(C)C(=O)[O-].[Tm+3]; emitting sentinel -1.0
2026-05-12 22:58:51,139 [WARNING] chat retry attempt 1/3 after APIConnectionError: Error communicating with OpenAI: HTTPSConnectionPool(host='api.viviai.cc', port=443): Max retries exceeded with url: /v1 — sleeping 8.7s (caller=msg_llm_reranker, trace=None)
2026-05-12 22:59:04,883 [WARNING] chat retry attempt 2/3 after APIConnectionError: Error communicating with OpenAI: HTTPSConnectionPool(host='api.viviai.cc', port=443): Max retries exceeded with url: /v1 — sleeping 26.5s (caller=msg_llm_reranker, trace=None)
2026-05-12 22:59:42,857 [INFO] ms-clip: auto-picked GPU 7 (free 24092 MiB)
2026-05-12 22:59:42,857 [INFO] ms-clip: using CUDA_VISIBLE_DEVICES=7
2026-05-12 22:59:42,857 [INFO] ms-clip: launching predict_smi (n_candidates=256)
2026-05-12 23:00:14,466 [INFO] ms-clip: using CUDA_VISIBLE_DEVICES=0
2026-05-12 23:00:14,466 [INFO] ms-clip: launching predict_smi (n_candidates=256)
2026-05-12 23:00:31,360 [WARNING] ms-clip dropped SMILES C=C(C)C(=O)O.C=C(C)C(=O)O.CC(C)O.CCCCCCCCCCCCO.[Ti]; emitting sentinel -1.0
2026-05-12 23:01:21,235 [INFO] ms-clip: using CUDA_VISIBLE_DEVICES=0
2026-05-12 23:01:21,235 [INFO] ms-clip: launching predict_smi (n_candidates=256)
2026-05-12 23:01:36,321 [WARNING] ms-clip dropped SMILES CCCCCCCCCCCCC/C=C/S(=O)(=O)NCC(=O)[O-].CCCCCCCCCCCCC/C=C/S(=O)(=O)NCC(=O)[O-].[Ca+2]; emitting sentinel -1.0
2026-05-12 23:01:36,321 [WARNING] ms-clip dropped SMILES CCCCCCCCCCC/C=C/C(=O)NCCCS(=O)(=O)O.CCCCCCCCCCC/C=C/C([O-])=N/CCCS(=O)(=O)[O-].[Ca+2]; emitting sentinel -1.0
2026-05-12 23:01:36,321 [WARNING] ms-clip dropped SMILES CCCCCCCCCC/C=C/C(=O)N(C)CCCS(=O)(=O)[O-].CCCCCCCCCC/C=C/C(=O)N(C)CCCS(=O)(=O)[O-].[Ca+2]; emitting sentinel -1.0
2026-05-12 23:01:36,322 [WARNING] ms-clip dropped SMILES CCCCC1C(C(=O)O)C(c2ccc(F)cc2)=NN1c1ccccc1.CCCCC1C(C(=O)OCC)C(c2ccc(F)cc2)=NN1c1ccccc1.[Li+].[OH-]; emitting sentinel -1.0
2026-05-12 23:01:36,322 [WARNING] ms-clip dropped SMILES C.C.C.C.C.CC.CC.CC.Oc1ccccc1.Oc1ccccc1.Oc1ccccc1.[CH2-]C.[CH2-]C.[CH2-]C.[CH3-].[Y].[Y]; emitting sentinel -1.0
2026-05-12 23:01:36,322 [WARNING] ms-clip dropped SMILES CCCCCCCCCCCC/C=C/S(=O)(=O)NCCC(=O)[O-].CCCCCCCCCCCC/C=C/S(=O)(=O)NCCC(=O)[O-].[Ca+2]; emitting sentinel -1.0
2026-05-12 23:02:17,759 [INFO] ms-clip: using CUDA_VISIBLE_DEVICES=0
2026-05-12 23:02:17,760 [INFO] ms-clip: launching predict_smi (n_candidates=256)
2026-05-12 23:03:00,009 [INFO] ms-clip: using CUDA_VISIBLE_DEVICES=0
2026-05-12 23:03:00,009 [INFO] ms-clip: launching predict_smi (n_candidates=256)
2026-05-12 23:03:12,597 [WARNING] ms-clip dropped SMILES C1=C\CC/C=C\CC/1.C[C@H](c1ccccc1P1[C@H](C)CC[C@H]1C)N(C)C.F[P-](F)(F)(F)(F)F.[Rh]; emitting sentinel -1.0
2026-05-12 23:03:12,597 [WARNING] ms-clip dropped SMILES CCC(=O)CCCc1ccc(N)cc1F.Cl[Zn]Cl.[C-]#[N+]C(C)(C)Cc1ccc(CCCC(=O)NC)c(F)c1; emitting sentinel -1.0
2026-05-12 23:03:12,598 [WARNING] ms-clip dropped SMILES CCC.[Cu+2].c1ccc2c(c1)-c1nc-2nc2[n-]c(nc3nc(nc4[n-]c(n1)c1ccccc41)-c1ccccc1-3)c1ccccc21; emitting sentinel -1.0
2026-05-12 23:04:57,074 [INFO] ms-clip: auto-picked GPU 7 (free 24092 MiB)
2026-05-12 23:04:57,075 [INFO] ms-clip: using CUDA_VISIBLE_DEVICES=7
2026-05-12 23:04:57,075 [INFO] ms-clip: launching predict_smi (n_candidates=256)
2026-05-12 23:05:10,191 [WARNING] ms-clip dropped SMILES COCCOCC(COCCOC)OCC(COC(COCCOC)COCCOC)OCCCS(=O)(=O)[O-].[Li+]; emitting sentinel -1.0
2026-05-12 23:05:10,192 [WARNING] ms-clip dropped SMILES Cc1c(C)c(C)c(C(=O)[O-])c(C)c1C.Cc1c(C)c(C)c(C(=O)[O-])c(C)c1C.Cc1c(C)c(C)c(C(=O)[O-])c(C)c1C.[Al+3]; emitting sentinel -1.0
2026-05-12 23:05:10,192 [WARNING] ms-clip dropped SMILES CN1C=CN(c2ccc3c(c2)N(c2cccc(-n4[c-][n+](C)c5ccccc54)c2)c2cccc4c5cc(C(C)(C)C)ccc5n-3c24)C1; emitting sentinel -1.0
2026-05-12 23:05:39,569 [INFO] ms-clip: using CUDA_VISIBLE_DEVICES=0
2026-05-12 23:05:39,569 [INFO] ms-clip: launching predict_smi (n_candidates=256)
2026-05-12 23:05:56,510 [WARNING] ms-clip dropped SMILES CC1=Cc2c(cc3c4c(cccc24)CC3)C1=[Ti]=C1C(C)=Cc2c1cc1c3c(cccc23)CC1.C[CH-]CCC(C)=[Si].[CH2-]CCC; emitting sentinel -1.0
2026-05-12 23:05:56,511 [WARNING] ms-clip dropped SMILES CC(C)(C)OC(=O)N/C(=B/OC#N)N1CCCCC1.O=[C-]NCC(=O)O.[Fm]; emitting sentinel -1.0
2026-05-12 23:06:13,064 [INFO] ms-clip: using CUDA_VISIBLE_DEVICES=0
2026-05-12 23:06:13,065 [INFO] ms-clip: launching predict_smi (n_candidates=256)
2026-05-12 23:06:27,806 [WARNING] ms-clip dropped SMILES CCCCCCC(=O)O.CCCCCCC(=O)O.CCCCCCC(=O)[O-].[U]; emitting sentinel -1.0
2026-05-12 23:06:27,806 [WARNING] ms-clip dropped SMILES CCCCCCCCCCCCCCCCCCO.O=[V].Oc1cccc2cccnc12.Oc1cccc2cccnc12; emitting sentinel -1.0
2026-05-12 23:07:02,243 [INFO] spec 460/500  MassSpecGymID0335151  pool=256  pred=YRECILNLFWZVRM  correct=True  t=55.5s
2026-05-12 23:07:07,960 [INFO] ms-clip: using CUDA_VISIBLE_DEVICES=0
2026-05-12 23:07:07,960 [INFO] ms-clip: launching predict_smi (n_candidates=256)
2026-05-12 23:07:25,973 [WARNING] ms-clip dropped SMILES COc1ccc(OC2(c3ccc(OC)cc3)[Te]CCCC2(c2ccc(N(C)C)cc2)c2ccc(N(C)C)cc2)cc1; emitting sentinel -1.0
2026-05-12 23:07:25,974 [WARNING] ms-clip dropped SMILES Cn1cc(Nc2nccc(-c3ccc(COC([NH-])=O)c(CCO[Si](C)(C)C(C)(C)C)c3)n2)cn1.[CH3-].[CH3-].[CH3-].[Ce+4]; emitting sentinel -1.0
2026-05-12 23:07:25,974 [WARNING] ms-clip dropped SMILES CCCC[Sn](CCCC)(CCCC)c1cccc(CNC(=O)C2=C(COC(C)=O)CS[C@@H]3[C@@H](OC)C(=O)N23)c1; emitting sentinel -1.0
2026-05-12 23:07:25,974 [WARNING] ms-clip dropped SMILES [CH2-]c1ncc2cc(-c3cc(NC(=O)N4CCC(C(F)(F)F)C4)ccc3C)c(C)nc2n1.[U]; emitting sentinel -1.0
2026-05-12 23:07:58,922 [INFO] ms-clip: using CUDA_VISIBLE_DEVICES=0
2026-05-12 23:07:58,931 [INFO] ms-clip: launching predict_smi (n_candidates=256)
2026-05-12 23:08:16,271 [WARNING] ms-clip dropped SMILES C.CC.CC.CC(C)(C)C.CC(C)(C)[C-]=O.CC(C)(C)[C-]=O.CNC(C)(C)C.CN[C-]=O.C[C-]=O.[Y].[Y]; emitting sentinel -1.0
2026-05-12 23:08:16,272 [WARNING] ms-clip dropped SMILES CCOC(C)OC[C@@H]1C[C@H](C(=O)OC(C)(C)C)N(C(=O)OC(C)(C)C)[C@H]1[C@@H]([NH-])C(=O)CC.[Ac]; emitting sentinel -1.0
2026-05-12 23:08:16,272 [WARNING] ms-clip dropped SMILES CCCC[Sn](CCCC)(CCCC)[C@@H](CN(C/C=C/CCl)Cc1ccccc1)OC(=O)N1C(C)(C)COC1(C)C; emitting sentinel -1.0
2026-05-12 23:08:16,272 [WARNING] ms-clip dropped SMILES CCCCP(CCCC)CCCC.O=S(=O)([O-])C(F)(F)F.[CH2-]CCO.[CH]1[CH]CC[CH][CH]CC1.[CH]1[CH]CC[CH][CH]CC1.[Ni+2]; emitting sentinel -1.0
2026-05-12 23:08:16,272 [WARNING] ms-clip dropped SMILES CC(C)(C)n1[c-][n+](-c2cccc(Oc3ccnc(-c4cc(Oc5cccc(-[n+]6[c-]n(C(C)(C)C)c7ccccc76)c5)ccn4)c3)c2)c2ccccc21; emitting sentinel -1.0
2026-05-12 23:08:16,272 [WARNING] ms-clip dropped SMILES CCC/C(C)=C\COC(=O)CC[C@@H]1/C2=C3/c4[n-]c(c(C)c4C(=O)[C@@H]3C(=O)OC)/C=c3\[n-]/c(c(C)c3C)=C\c3[n-]c(c(C)c3C)/C=C(\[N-]2)[C@H]1C.[Mg+2]; emitting sentinel -1.0
2026-05-12 23:08:16,272 [WARNING] ms-clip dropped SMILES C=Cc1c(C)c2cc3[nH+]c(c4c5[nH+]c(cc6[n-]c(cc1[n-]2)c(C)c6CC)C(C)=C5C(=O)C4C(=O)OC)C(CCC(=O)OCC=C(C)C)C3C.[Mg+2]; emitting sentinel -1.0
2026-05-12 23:08:16,272 [WARNING] ms-clip dropped SMILES C=Cc1c2[n-]c(c1C)/C=C1\[N-]C(C3=c4[n-]/c(c(C)c4C(=O)[C@@H]3C(=O)OC)=C\[C@H]3[N-]/C(=C\2)C(C)=C3CC)[C@@H](CCC(=O)OCC=C(C)C)[C@@H]1C.[Mg+2]; emitting sentinel -1.0
2026-05-12 23:08:16,273 [WARNING] ms-clip dropped SMILES CCCC[Sn](CCCC)(CCCC)c1cc2c(cn1)cnn2-c1cccc(N2CCCN(C(=O)OC(C)(C)C)CC2)n1; emitting sentinel -1.0
2026-05-12 23:08:44,172 [INFO] ms-clip: auto-picked GPU 7 (free 24092 MiB)
2026-05-12 23:08:44,172 [INFO] ms-clip: using CUDA_VISIBLE_DEVICES=7
2026-05-12 23:08:44,172 [INFO] ms-clip: launching predict_smi (n_candidates=256)
2026-05-12 23:09:02,075 [WARNING] chat retry attempt 1/3 after APIConnectionError: Error communicating with OpenAI: HTTPSConnectionPool(host='api.viviai.cc', port=443): Max retries exceeded with url: /v1 — sleeping 9.5s (caller=msg_llm_reranker, trace=None)
2026-05-12 23:11:12,235 [WARNING] chat retry attempt 2/3 after APIConnectionError: Error communicating with OpenAI: HTTPSConnectionPool(host='api.viviai.cc', port=443): Max retries exceeded with url: /v1 — sleeping 31.5s (caller=msg_llm_reranker, trace=None)
2026-05-12 23:11:48,729 [WARNING] chat retry attempt 3/3 after APIConnectionError: Error communicating with OpenAI: HTTPSConnectionPool(host='api.viviai.cc', port=443): Max retries exceeded with url: /v1 — sleeping 54.4s (caller=msg_llm_reranker, trace=None)
2026-05-12 23:12:48,182 [WARNING] llm_rerank attempt 1 chat_fn failed: Error communicating with OpenAI: HTTPSConnectionPool(host='api.viviai.cc', port=443): Max retries exceeded with url: /v1/chat/completions (Caused by SSLError(SSLZeroReturnError(6, 'TLS/SSL connection has been closed (EOF) (_ssl.c:1147)')))
2026-05-12 23:12:53,187 [WARNING] chat retry attempt 1/3 after APIConnectionError: Error communicating with OpenAI: HTTPSConnectionPool(host='api.viviai.cc', port=443): Max retries exceeded with url: /v1 — sleeping 8.6s (caller=msg_llm_reranker, trace=None)
2026-05-12 23:13:21,635 [INFO] ms-clip: auto-picked GPU 7 (free 24092 MiB)
2026-05-12 23:13:21,635 [INFO] ms-clip: using CUDA_VISIBLE_DEVICES=7
2026-05-12 23:13:21,635 [INFO] ms-clip: launching predict_smi (n_candidates=256)
2026-05-12 23:13:32,807 [WARNING] ms-clip dropped SMILES CCC1CC(O)C1CC(C)C.OO.OO.OO.OO.OO.OOO.[CH3-].[Db]; emitting sentinel -1.0
2026-05-12 23:13:44,594 [INFO] ms-clip: auto-picked GPU 7 (free 24092 MiB)
2026-05-12 23:13:44,594 [INFO] ms-clip: using CUDA_VISIBLE_DEVICES=7
2026-05-12 23:13:44,594 [INFO] ms-clip: launching predict_smi (n_candidates=256)
2026-05-12 23:13:55,280 [WARNING] ms-clip dropped SMILES CCCC[O-].CCCC[O-].CSC[Sn+2]CCCCN; emitting sentinel -1.0
2026-05-12 23:15:24,635 [WARNING] llm_rerank attempt 1 parse error: no JSON object found
2026-05-12 23:15:48,751 [INFO] ms-clip: auto-picked GPU 7 (free 24092 MiB)
2026-05-12 23:15:48,751 [INFO] ms-clip: using CUDA_VISIBLE_DEVICES=7
2026-05-12 23:15:48,751 [INFO] ms-clip: launching predict_smi (n_candidates=256)
2026-05-12 23:16:29,519 [INFO] ms-clip: auto-picked GPU 7 (free 24092 MiB)
2026-05-12 23:16:29,519 [INFO] ms-clip: using CUDA_VISIBLE_DEVICES=7
2026-05-12 23:16:29,520 [INFO] ms-clip: launching predict_smi (n_candidates=256)
2026-05-12 23:16:40,570 [WARNING] ms-clip dropped SMILES CC(C)c1[c]c(C(C)C)cc(C(C)C)c1.[H][H].[H][H].[H][H].[Pb]; emitting sentinel -1.0
2026-05-12 23:17:03,431 [INFO] ms-clip: auto-picked GPU 7 (free 24092 MiB)
2026-05-12 23:17:03,431 [INFO] ms-clip: using CUDA_VISIBLE_DEVICES=7
2026-05-12 23:17:03,432 [INFO] ms-clip: launching predict_smi (n_candidates=256)
2026-05-12 23:17:14,428 [WARNING] ms-clip dropped SMILES COCCCOc1cc(C[C@@H](C[C@H]([NH-])[C@@H]2C[C@@H](C(C)C)C(=O)O2)C(C)C)ccc1OC.[W]; emitting sentinel -1.0
2026-05-12 23:17:14,428 [WARNING] ms-clip dropped SMILES CC(=NNC(N)=O)C1=CC=CC(C(C)=NNC(N)=O)[N-]1.CC(=NNC(N)=O)C1CCCC(C(C)=NNC(N)=O)[N-]1.[Ni+2]; emitting sentinel -1.0
2026-05-12 23:18:11,321 [INFO] ms-clip: auto-picked GPU 7 (free 24092 MiB)
2026-05-12 23:18:11,321 [INFO] ms-clip: using CUDA_VISIBLE_DEVICES=7
2026-05-12 23:18:11,321 [INFO] ms-clip: launching predict_smi (n_candidates=256)
2026-05-12 23:18:50,403 [INFO] ms-clip: auto-picked GPU 7 (free 24092 MiB)
2026-05-12 23:18:50,404 [INFO] ms-clip: using CUDA_VISIBLE_DEVICES=7
2026-05-12 23:18:50,404 [INFO] ms-clip: launching predict_smi (n_candidates=256)
2026-05-12 23:20:39,378 [WARNING] chat retry attempt 1/3 after APIConnectionError: Error communicating with OpenAI: HTTPSConnectionPool(host='api.viviai.cc', port=443): Max retries exceeded with url: /v1 — sleeping 10.8s (caller=msg_llm_reranker, trace=None)
2026-05-12 23:20:55,208 [WARNING] chat retry attempt 2/3 after APIConnectionError: Error communicating with OpenAI: HTTPSConnectionPool(host='api.viviai.cc', port=443): Max retries exceeded with url: /v1 — sleeping 32.3s (caller=msg_llm_reranker, trace=None)
2026-05-12 23:21:49,830 [INFO] spec 470/500  MassSpecGymID0211895  pool=256  pred=HRWKABYDTZDOMA  correct=False  t=179.6s
2026-05-12 23:21:49,942 [INFO] ms-clip: auto-picked GPU 7 (free 24092 MiB)
2026-05-12 23:21:49,942 [INFO] ms-clip: using CUDA_VISIBLE_DEVICES=7
2026-05-12 23:21:49,942 [INFO] ms-clip: launching predict_smi (n_candidates=256)
2026-05-12 23:22:01,173 [WARNING] ms-clip dropped SMILES CCCCCCCCCCC(=O)[O-].CCCCCCCCCCC(=O)[O-].[Cd+2]; emitting sentinel -1.0
2026-05-12 23:22:44,190 [INFO] ms-clip: auto-picked GPU 7 (free 20364 MiB)
2026-05-12 23:22:44,190 [INFO] ms-clip: using CUDA_VISIBLE_DEVICES=7
2026-05-12 23:22:44,190 [INFO] ms-clip: launching predict_smi (n_candidates=256)
2026-05-12 23:22:56,043 [WARNING] ms-clip dropped SMILES CCC(=O)N(c1cccc(NC(=O)NCC(=O)NCC(=O)NCC(=O)NCC(=O)[O-])c1)C1CCN(CCc2ccccc2)CC1.[Li+]; emitting sentinel -1.0
2026-05-12 23:23:22,249 [INFO] ms-clip: auto-picked GPU 7 (free 24092 MiB)
2026-05-12 23:23:22,249 [INFO] ms-clip: using CUDA_VISIBLE_DEVICES=7
2026-05-12 23:23:22,249 [INFO] ms-clip: launching predict_smi (n_candidates=256)
2026-05-12 23:24:56,019 [WARNING] chat retry attempt 1/3 after APIConnectionError: Error communicating with OpenAI: HTTPSConnectionPool(host='api.viviai.cc', port=443): Max retries exceeded with url: /v1 — sleeping 9.7s (caller=msg_llm_reranker, trace=None)
2026-05-12 23:26:56,994 [WARNING] chat retry attempt 2/3 after APIConnectionError: Error communicating with OpenAI: HTTPSConnectionPool(host='api.viviai.cc', port=443): Max retries exceeded with url: /v1 — sleeping 32.5s (caller=msg_llm_reranker, trace=None)
2026-05-12 23:28:54,467 [WARNING] llm_rerank attempt 1 parse error: no JSON object found
2026-05-12 23:29:17,015 [INFO] ms-clip: auto-picked GPU 7 (free 24092 MiB)
2026-05-12 23:29:17,015 [INFO] ms-clip: using CUDA_VISIBLE_DEVICES=7
2026-05-12 23:29:17,015 [INFO] ms-clip: launching predict_smi (n_candidates=256)
2026-05-12 23:29:28,476 [WARNING] ms-clip dropped SMILES CC[Si](CC)(c1cc(C)cc(C(C)(C)C)c1O)C1C2C=Cc3ccccc3C2C(C)[C@H]1C.Cl[Ti]Cl.[CH3-]; emitting sentinel -1.0
2026-05-12 23:29:50,625 [INFO] ms-clip: auto-picked GPU 7 (free 24092 MiB)
2026-05-12 23:29:50,625 [INFO] ms-clip: using CUDA_VISIBLE_DEVICES=7
2026-05-12 23:29:50,625 [INFO] ms-clip: launching predict_smi (n_candidates=256)
2026-05-12 23:30:43,502 [INFO] ms-clip: auto-picked GPU 7 (free 22810 MiB)
2026-05-12 23:30:43,502 [INFO] ms-clip: using CUDA_VISIBLE_DEVICES=7
2026-05-12 23:30:43,502 [INFO] ms-clip: launching predict_smi (n_candidates=256)
2026-05-12 23:30:59,648 [WARNING] chat retry attempt 1/3 after APIConnectionError: Error communicating with OpenAI: HTTPSConnectionPool(host='api.viviai.cc', port=443): Max retries exceeded with url: /v1 — sleeping 8.3s (caller=msg_llm_reranker, trace=None)
2026-05-12 23:32:19,333 [WARNING] llm_rerank attempt 1 parse error: no JSON object found
2026-05-12 23:32:33,377 [INFO] ms-clip: auto-picked GPU 7 (free 24092 MiB)
2026-05-12 23:32:33,377 [INFO] ms-clip: using CUDA_VISIBLE_DEVICES=7
2026-05-12 23:32:33,377 [INFO] ms-clip: launching predict_smi (n_candidates=256)
2026-05-12 23:32:44,401 [WARNING] ms-clip dropped SMILES C.CCCCC(=O)c1ccc2c(c1)N=C(C1CCCCC1)c1ccccc1S2.CON(C)C(=O)c1ccc2c(c1)N=C(Cl)c1ccccc1S2.[CH-]1CCCCC1.[Cl-].[Mg+2]; emitting sentinel -1.0
2026-05-12 23:32:44,401 [WARNING] ms-clip dropped SMILES CC(C)(C)c1ccc2[n-]c3c(-c4ccc5c6ccccc6n(-c6[c-]c(-c7[c-]cccc7)cc(-c7ccccc7)c6)c5n4)cc(C(C)(C)C)cc3c2c1.[Au+3]; emitting sentinel -1.0
2026-05-12 23:32:44,401 [WARNING] ms-clip dropped SMILES CC(C)(C)c1c[c-]c(-c2[c-]c(-n3c4ccccc4c4ccc(-c5cccc6c5[n-]c5ccccc56)nc43)cc(-c3ccc(C(C)(C)C)cc3)c2)cc1.[Au+3]; emitting sentinel -1.0
2026-05-12 23:32:44,401 [WARNING] ms-clip dropped SMILES CC(C)c1cccc(C(C)C)c1N1[CH-]N(c2c(C(C)C)cccc2C(C)C)CC1.COc1ccc(C(=O)N2C(=O)C(C)Oc3c(/C=[Ru]\Cl)cccc32)c(OC)c1; emitting sentinel -1.0
2026-05-12 23:32:44,401 [WARNING] ms-clip dropped SMILES CN(C)P(N(C)C)N(C)C.CN(C)P(N(C)C)N(C)C.Cc1ccccc1[Bi]c1ccccc1C.O=S(=O)(O)C(F)(F)F; emitting sentinel -1.0
2026-05-12 23:32:44,401 [WARNING] ms-clip dropped SMILES C[Si](C)(C)[N-][Si](C)(C)C.C[Si](C)(C)[N-][Si](C)(C)C.C[Si](C)(C)[N-][Si](C)(C)C.O=S(=O)([O-])C(F)(F)F.[U+4]; emitting sentinel -1.0
2026-05-12 23:32:58,641 [INFO] ms-clip: auto-picked GPU 7 (free 24092 MiB)
2026-05-12 23:32:58,641 [INFO] ms-clip: using CUDA_VISIBLE_DEVICES=7
2026-05-12 23:32:58,641 [INFO] ms-clip: launching predict_smi (n_candidates=256)
2026-05-12 23:33:57,000 [INFO] ms-clip: auto-picked GPU 7 (free 24092 MiB)
2026-05-12 23:33:57,000 [INFO] ms-clip: using CUDA_VISIBLE_DEVICES=7
2026-05-12 23:33:57,000 [INFO] ms-clip: launching predict_smi (n_candidates=256)
2026-05-12 23:34:07,699 [WARNING] ms-clip dropped SMILES CCO[Si]C.Cc1[cH-]c2ccccc2c1C.Cc1[cH-]c2ccccc2c1C.[Zr+2]; emitting sentinel -1.0
2026-05-12 23:34:07,700 [WARNING] ms-clip dropped SMILES Cc1ccc(C(C)C)cc1.Cl[Os].[CH3-].[NH-]CCC(=O)O; emitting sentinel -1.0
2026-05-12 23:34:37,501 [INFO] ms-clip: auto-picked GPU 7 (free 24092 MiB)
2026-05-12 23:34:37,502 [INFO] ms-clip: using CUDA_VISIBLE_DEVICES=7
2026-05-12 23:34:37,502 [INFO] ms-clip: launching predict_smi (n_candidates=256)
2026-05-12 23:34:49,103 [WARNING] ms-clip dropped SMILES CC[N+]1(C2(C(=O)Nc3c(C)cccc3C)CC2)CCCCCC1.Cc1ccccc1.[Y]; emitting sentinel -1.0
2026-05-12 23:35:14,395 [INFO] spec 480/500  MassSpecGymID0163129  pool=256  pred=AWQGLBLHBVKMKF  correct=False  t=37.0s
2026-05-12 23:35:14,526 [INFO] ms-clip: auto-picked GPU 7 (free 24092 MiB)
2026-05-12 23:35:14,526 [INFO] ms-clip: using CUDA_VISIBLE_DEVICES=7
2026-05-12 23:35:14,526 [INFO] ms-clip: launching predict_smi (n_candidates=256)
2026-05-12 23:35:26,687 [WARNING] ms-clip dropped SMILES C1CCOC1.C1CCOC1.C1CCOC1.C1CCOC1.C1CCOC1.C1CCOC1.Cc1cc(C)cc([B-](c2ccccc2)(c2cc(C)cc(C)c2)c2cc(C)cc(C)c2)c1.[Cl-].[Cl-].[Cl-].[Mg+2].[Mg+2]; emitting sentinel -1.0
2026-05-12 23:35:26,687 [WARNING] ms-clip dropped SMILES CCCCCCCC/C=C/CCCCCCCC(=O)OC(C)C(=O)OC(C)C(=O)[O-].CCCCCCCC/C=C/CCCCCCCC(=O)OC(C)C(=O)OC(C)C(=O)[O-].[Ba+2]; emitting sentinel -1.0
2026-05-12 23:35:26,687 [WARNING] ms-clip dropped SMILES C=C.C=C.CC(C)c1cccc(C(C)C)c1-c1[c]c(-c2c(C(C)C)cccc2C(C)C)ccc1.CC(C)c1cccc(C(C)C)c1-c1[c]c(-c2c(C(C)C)cccc2C(C)C)ccc1.[Ga].[Ga]; emitting sentinel -1.0
2026-05-12 23:35:26,688 [WARNING] ms-clip dropped SMILES CC(C)Cn1cnnn1.CC(C)Cn1cnnn1.CC(C)Cn1cnnn1.CC(C)Cn1cnnn1.CC(C)Cn1cnnn1.CC(C)Cn1cnnn1.F[B-](F)(F)F.F[B-](F)(F)F.[Ni+2]; emitting sentinel -1.0
2026-05-12 23:35:26,688 [WARNING] ms-clip dropped SMILES CC(C)(C)C.CCC(C)C(=O)CN(CC(=O)OC(C)(C)C)Cc1cc(C2=NNC(c3cc(F)cc(CN(CC(=O)OC(C)(C)C)CC(=O)OC(C)(C)C)c3)=NN2)cc([Sn](C)(C)C)c1; emitting sentinel -1.0
2026-05-12 23:35:26,688 [WARNING] ms-clip dropped SMILES [2H]c1c([2H])c([2H])c(-c2cccc(-c3c([2H])c([2H])c([2H])c([2H])c3[2H])c2-[n+]2[c-]n(-c3cccc(Oc4cc5c(cc4-c4cc(-c6ccccc6)cc(-c6ccccc6)c4C)c4ccccc4n5-c4cc(C(C)(C)C)ccn4)c3)c3ccccc32)c([2H])c1[2H]; emitting sentinel -1.0
2026-05-12 23:35:26,688 [WARNING] ms-clip dropped SMILES C1CCC([PH+](C2CCCCC2)C2CCCCC2)CC1.CC(C)(C)c1cc(N2C=CN(c3cc(C(C)(C)C)cc(C(C)(C)C)c3)[CH-]2)cc(C(C)(C)C)c1.Cl[Ru](Cl)=Cc1ccccc1; emitting sentinel -1.0
2026-05-12 23:35:26,688 [WARNING] ms-clip dropped SMILES CCC1(CC)c2cc(C)ccc2-c2ccc([Ge](c3ccccc3)(c3ccccc3)c3ccc4c(c3)C(CC)(CC)c3cc(-c5cc(C(C)(C)C)cc6c5-c5ccc(C(C)(C)C)cc5C6(C)C)ccc3-4)cc21; emitting sentinel -1.0
2026-05-12 23:35:26,688 [WARNING] ms-clip dropped SMILES CC(C)c1c(C(=O)Nc2ccccc2)c(-c2ccccc2)c(-c2ccc(F)cc2)n1CC[C@@H](O)C[C@@H](O)CC(=O)[O-].C[C@H](CCC(=O)[O-])[C@H]1CC[C@H]2[C@@H]3[C@@H](O)C[C@@H]4C[C@H](O)CC[C@]4(C)[C@H]3CC[C@]12C.[Ca+2]; emitting sentinel -1.0
2026-05-12 23:35:26,688 [WARNING] ms-clip dropped SMILES [2H]c1c([2H])c([2H])c(-c2cccc(-c3c([2H])c([2H])c([2H])c([2H])c3[2H])c2-[n+]2[c-]n(-c3cc(Oc4ccc5c6ccccc6n(-c6cc(C(C)(C)C)ccn6)c5c4)cc(-c4cc(-c5ccccc5)cc(-c5ccccc5)c4C)c3)c3ccccc32)c([2H])c1[2H]; emitting sentinel -1.0
[23:35:26] WARNING: not removing hydrogen atom without neighbors
2026-05-12 23:36:14,391 [WARNING] chat retry attempt 1/3 after APIConnectionError: Error communicating with OpenAI: HTTPSConnectionPool(host='api.viviai.cc', port=443): Max retries exceeded with url: /v1 — sleeping 10.3s (caller=msg_llm_reranker, trace=None)
2026-05-12 23:36:29,663 [WARNING] chat retry attempt 2/3 after APIConnectionError: Error communicating with OpenAI: HTTPSConnectionPool(host='api.viviai.cc', port=443): Max retries exceeded with url: /v1 — sleeping 30.7s (caller=msg_llm_reranker, trace=None)
2026-05-12 23:37:05,357 [WARNING] chat retry attempt 3/3 after APIConnectionError: Error communicating with OpenAI: HTTPSConnectionPool(host='api.viviai.cc', port=443): Max retries exceeded with url: /v1 — sleeping 50.1s (caller=msg_llm_reranker, trace=None)
2026-05-12 23:38:00,541 [WARNING] llm_rerank attempt 1 chat_fn failed: Error communicating with OpenAI: HTTPSConnectionPool(host='api.viviai.cc', port=443): Max retries exceeded with url: /v1/chat/completions (Caused by SSLError(SSLZeroReturnError(6, 'TLS/SSL connection has been closed (EOF) (_ssl.c:1147)')))
2026-05-12 23:38:31,861 [INFO] ms-clip: auto-picked GPU 7 (free 24092 MiB)
2026-05-12 23:38:31,862 [INFO] ms-clip: using CUDA_VISIBLE_DEVICES=7
2026-05-12 23:38:31,862 [INFO] ms-clip: launching predict_smi (n_candidates=256)
2026-05-12 23:38:42,509 [WARNING] ms-clip dropped SMILES C=CCC[c-]1cccc1.C=CCC[c-]1cccc1.[F-].[F-].[Zr+4]; emitting sentinel -1.0
2026-05-12 23:38:42,510 [WARNING] ms-clip dropped SMILES CC(=O)/C=C(/C)O.Oc1ccccc1/N=N/c1ccccc1O.[Cr]; emitting sentinel -1.0
2026-05-12 23:38:42,510 [WARNING] ms-clip dropped SMILES C[C]1[CH][CH][CH][CH]1.C[C]1[CH][CH][CH][CH]1.[C-]#[O+].[CH2-][Si](C)(C)C.[Nb]; emitting sentinel -1.0
2026-05-12 23:38:47,533 [WARNING] chat retry attempt 1/3 after APIConnectionError: Error communicating with OpenAI: HTTPSConnectionPool(host='api.viviai.cc', port=443): Max retries exceeded with url: /v1 — sleeping 9.2s (caller=msg_llm_reranker, trace=None)
2026-05-12 23:41:00,706 [WARNING] chat retry attempt 2/3 after APIConnectionError: Error communicating with OpenAI: HTTPSConnectionPool(host='api.viviai.cc', port=443): Max retries exceeded with url: /v1 — sleeping 31.8s (caller=msg_llm_reranker, trace=None)
2026-05-12 23:42:15,266 [WARNING] llm_rerank attempt 1 parse error: no JSON object found
2026-05-12 23:43:03,011 [INFO] ms-clip: auto-picked GPU 7 (free 20808 MiB)
2026-05-12 23:43:03,011 [INFO] ms-clip: using CUDA_VISIBLE_DEVICES=7
2026-05-12 23:43:03,011 [INFO] ms-clip: launching predict_smi (n_candidates=256)
2026-05-12 23:43:14,256 [WARNING] ms-clip dropped SMILES CN(C)C1=CC2=C3C=C(N(C)C)C=CN3CCCN2C=C1.CN1c2ccccc2N(C)C12CCCCC21N(C)c2ccccc2N1C.[Li+].[O-]c1cccc2ccc[nH+]c12; emitting sentinel -1.0
2026-05-12 23:43:14,257 [WARNING] ms-clip dropped SMILES CCCCCCCCCCCCCCCCCCCC#CC(=O)[O-].CCCCCCCCCCCCCCCCCCCC#CC(=O)[O-].[Cd+2]; emitting sentinel -1.0
2026-05-12 23:43:25,699 [INFO] ms-clip: auto-picked GPU 7 (free 24092 MiB)
2026-05-12 23:43:25,699 [INFO] ms-clip: using CUDA_VISIBLE_DEVICES=7
2026-05-12 23:43:25,699 [INFO] ms-clip: launching predict_smi (n_candidates=256)
2026-05-12 23:45:16,722 [WARNING] chat retry attempt 1/3 after APIConnectionError: Error communicating with OpenAI: HTTPSConnectionPool(host='api.viviai.cc', port=443): Max retries exceeded with url: /v1 — sleeping 9.2s (caller=msg_llm_reranker, trace=None)
2026-05-12 23:47:41,963 [WARNING] chat retry attempt 2/3 after APIConnectionError: Error communicating with OpenAI: HTTPSConnectionPool(host='api.viviai.cc', port=443): Max retries exceeded with url: /v1 — sleeping 33.8s (caller=msg_llm_reranker, trace=None)
2026-05-12 23:50:16,167 [WARNING] chat retry attempt 3/3 after APIConnectionError: Error communicating with OpenAI: HTTPSConnectionPool(host='api.viviai.cc', port=443): Max retries exceeded with url: /v1 — sleeping 53.6s (caller=msg_llm_reranker, trace=None)
2026-05-12 23:53:16,445 [WARNING] llm_rerank attempt 1 chat_fn failed: Error communicating with OpenAI: HTTPSConnectionPool(host='api.viviai.cc', port=443): Max retries exceeded with url: /v1/chat/completions (Caused by ProxyError('Unable to connect to proxy', RemoteDisconnected('Remote end closed connection without response')))
2026-05-12 23:53:28,949 [INFO] ms-clip: auto-picked GPU 7 (free 20364 MiB)
2026-05-12 23:53:28,949 [INFO] ms-clip: using CUDA_VISIBLE_DEVICES=7
2026-05-12 23:53:28,949 [INFO] ms-clip: launching predict_smi (n_candidates=256)
2026-05-12 23:53:39,899 [WARNING] ms-clip dropped SMILES C.C=C(C)C(=O)O[CH2-].[Rf]; emitting sentinel -1.0
2026-05-12 23:54:00,022 [INFO] ms-clip: auto-picked GPU 7 (free 24092 MiB)
2026-05-12 23:54:00,023 [INFO] ms-clip: using CUDA_VISIBLE_DEVICES=7
2026-05-12 23:54:00,023 [INFO] ms-clip: launching predict_smi (n_candidates=256)
2026-05-12 23:54:11,131 [WARNING] ms-clip dropped SMILES C[Si](C)(C)C([Si](C)(C)C)[Ge]1(C([Si](C)(C)C)[Si](C)(C)C)C=CC=C1; emitting sentinel -1.0
2026-05-12 23:54:11,131 [WARNING] ms-clip dropped SMILES Oc1ccccc1/C=N/CCN1CC1.Oc1ccccc1C=NCCN1CC1.[Zn+2]; emitting sentinel -1.0
2026-05-12 23:54:11,132 [WARNING] ms-clip dropped SMILES C=[Hf+2].CC(C)O.CC(C)O.[C-]1=CC=CC1.[C-]1=CC=CC1; emitting sentinel -1.0
2026-05-12 23:54:11,132 [WARNING] ms-clip dropped SMILES CC(C)(CO)/N=C/c1ccccc1O.CC(C)(CO)/N=C/c1ccccc1O.[Ni]; emitting sentinel -1.0
2026-05-12 23:54:23,526 [INFO] ms-clip: auto-picked GPU 7 (free 24092 MiB)
2026-05-12 23:54:23,527 [INFO] ms-clip: using CUDA_VISIBLE_DEVICES=7
2026-05-12 23:54:23,527 [INFO] ms-clip: launching predict_smi (n_candidates=256)
2026-05-12 23:54:34,408 [WARNING] ms-clip dropped SMILES COC1=CC=c2c([n+](-c3ccccc3)c(N(CCC[N+](C)(C)C)CCC[N+](C)(C)C)cc2=Cc2sc3ccccc3[n+]2C)C1.[Y]; emitting sentinel -1.0
2026-05-12 23:54:34,409 [WARNING] ms-clip dropped SMILES COC(=O)[C@@](/C=[C]/F)(CCCCNC(=O)c1ccccc1)NC(=O)c1ccccc1.[CH2]CCC.[CH2]CCC.[CH2]CCC.[Sn]; emitting sentinel -1.0
2026-05-12 23:54:59,508 [INFO] ms-clip: auto-picked GPU 7 (free 24092 MiB)
2026-05-12 23:54:59,508 [INFO] ms-clip: using CUDA_VISIBLE_DEVICES=7
2026-05-12 23:54:59,508 [INFO] ms-clip: launching predict_smi (n_candidates=256)
2026-05-12 23:55:23,676 [INFO] ms-clip: auto-picked GPU 7 (free 24092 MiB)
2026-05-12 23:55:23,677 [INFO] ms-clip: using CUDA_VISIBLE_DEVICES=7
2026-05-12 23:55:23,677 [INFO] ms-clip: launching predict_smi (n_candidates=256)
2026-05-12 23:55:55,582 [INFO] ms-clip: auto-picked GPU 7 (free 24092 MiB)
2026-05-12 23:55:55,582 [INFO] ms-clip: using CUDA_VISIBLE_DEVICES=7
2026-05-12 23:55:55,582 [INFO] ms-clip: launching predict_smi (n_candidates=256)
2026-05-12 23:56:06,368 [WARNING] ms-clip dropped SMILES CC(C)[Ge](c1cccc2nc(-c3ccccc3)ccc12)(C(C)C)C(C)C; emitting sentinel -1.0
2026-05-12 23:56:23,438 [INFO] spec 490/500  MassSpecGymID0366974  pool=256  pred=WGWWOYPDRCLXSX  correct=False  t=28.0s
2026-05-12 23:56:23,568 [INFO] ms-clip: auto-picked GPU 7 (free 24092 MiB)
2026-05-12 23:56:23,569 [INFO] ms-clip: using CUDA_VISIBLE_DEVICES=7
2026-05-12 23:56:23,569 [INFO] ms-clip: launching predict_smi (n_candidates=256)
2026-05-12 23:56:35,045 [WARNING] ms-clip dropped SMILES [2H]C(C)(C)c1cc(-c2[c-]ccc3c2oc2cc(F)ccc23)ncc1F.[2H]C([2H])([2H])c1c[c-]c(-c2cc(C([2H])(C)C)c([Ge](C)(C)C)cn2)cc1.[Ir]; emitting sentinel -1.0
2026-05-12 23:56:35,045 [WARNING] ms-clip dropped SMILES CCn1c(-c2[c-]ccc3c2oc2ccccc23)nc2ccccc21.[2H]C([2H])(c1cc(-c2[c-]cccc2)ncc1[Ge](C)(C)C)C(C)(C)C.[Ir]; emitting sentinel -1.0
2026-05-12 23:56:35,045 [WARNING] ms-clip dropped SMILES CCOCC.Cc1ccc2cccc(/N=C(/C=C(\[O-])c3ccccc3)C(F)(F)F)c2n1.Cc1ccc2cccc(N=C(/C=C(\[O-])c3ccccc3)C(F)(F)F)c2n1.[Zn+2]; emitting sentinel -1.0
2026-05-12 23:56:35,045 [WARNING] ms-clip dropped SMILES O=C(/[C-]=C/c1ccccc1)[Si](c1ccccc1)(c1ccccc1)c1ccccc1.O=C(/[C-]=C\c1ccccc1)[Si](c1ccccc1)(c1ccccc1)c1ccccc1.[Cu+].[Li+]; emitting sentinel -1.0
2026-05-12 23:56:35,045 [WARNING] ms-clip dropped SMILES [2H]C(C)(C)c1ccnc(-c2[c-]cc(F)c3c2oc2cc(F)ccc23)c1.[2H]C([2H])([2H])c1c[c-]c(-c2cc(C([2H])(C)C)c([Ge](C)(C)C)cn2)cc1.[Ir]; emitting sentinel -1.0
2026-05-12 23:56:35,045 [WARNING] ms-clip dropped SMILES c1ccc(N2c3ccccc3C(c3ccccc3)(c3cccc(N4c5ccccc5[Sn](c5ccccc5)(c5ccccc5)c5ccccc54)c3)c3ccccc32)cc1; emitting sentinel -1.0
2026-05-12 23:56:35,045 [WARNING] ms-clip dropped SMILES Cc1nn(-c2ccc(-c3ccncc3)cc2)c(O)c1/C=N/c1ccccc1C(=O)O.Cc1nn(-c2ccc(-c3ccncc3)cc2)c(O)c1/C=N\c1ccccc1C(=O)O.[Cr]; emitting sentinel -1.0
2026-05-12 23:56:35,045 [WARNING] ms-clip dropped SMILES CCN(CC)c1ccc(/N=N/c2c3ccccc3n(C)[n+]2C)cc1.CCN(CC)c1ccc(/N=N/c2c3ccccc3n(C)[n+]2C)cc1.[Cl-].[Cl-].[Cl-].[Cl-].[Zn+2]; emitting sentinel -1.0
2026-05-12 23:56:35,045 [WARNING] ms-clip dropped SMILES CC(C)(C)/C(F)=C(\F)[Ge](c1ccccc1)(c1ccccc1)c1ccccc1.CC(C)(C)/C(F)=C(\F)[Ge](c1ccccc1)(c1ccccc1)c1ccccc1; emitting sentinel -1.0
2026-05-12 23:56:35,045 [WARNING] ms-clip dropped SMILES C[N-]C([N-]C)c1ccccc1.C[N-]C([N-]C)c1ccccc1.C[N-]C([N-]C)c1ccccc1.C[N-]C([N-]C)c1ccccc1.[C-]#N.[C-]#N.[Ru+5].[Ru+5]; emitting sentinel -1.0
2026-05-12 23:56:35,045 [WARNING] ms-clip dropped SMILES c1ccc(N2c3ccccc3C(c3ccccc3)(c3ccc(N4c5ccccc5[Sn](c5ccccc5)(c5ccccc5)c5ccccc54)cc3)c3ccccc32)cc1; emitting sentinel -1.0
2026-05-12 23:56:35,046 [WARNING] ms-clip dropped SMILES CCOc1ccc(C)c(/C([S-])=C(/[S-])c2cc3c4c(c2)CCCN4CCC3)c1.CCOc1ccc(C)cc1/C([S-])=C(/[S-])c1cc2c3c(c1)CCCN3CCC2.[Ni]; emitting sentinel -1.0
2026-05-12 23:56:35,046 [WARNING] ms-clip dropped SMILES C[Ge](C)(C)c1ccc(N(c2ccc3ccccc3c2)c2c3ccccc3c(N(c3ccc([Ge](C)(C)C)cc3)c3ccc4ccccc4c3)c3ccccc23)cc1; emitting sentinel -1.0
2026-05-12 23:56:35,046 [WARNING] ms-clip dropped SMILES CC(=O)O.COc1c[c-]c(-c2cc(-c3ccc(P(=O)(c4ccccc4)c4ccccc4)cc3)cc(-c3[c-]cc(C(C)(C)C)cc3)n2)cc1.[Au]; emitting sentinel -1.0
2026-05-12 23:56:35,046 [WARNING] ms-clip dropped SMILES CCCCCCOc1c(F)c(F)c(C(=C2CCC[N-]2)C2CCC[N-]2)c(F)c1F.Cl.[Ru+2].c1ccc(-c2ccccn2)nc1.c1ccc(-c2ccccn2)nc1; emitting sentinel -1.0
2026-05-12 23:56:35,046 [WARNING] ms-clip dropped SMILES CC(C)(C)[Si](C)(C)C.CCOO.CCOO.COc1ccc(C(C)(c2ccccc2)c2ccccc2)cc1.OCOO.[CH3-].[CH3-].[Pd].[Pd]; emitting sentinel -1.0
2026-05-12 23:56:35,046 [WARNING] ms-clip dropped SMILES COc1ccc2c(c1)c1ncc(CCCl)n1c1c(Br)cc(C(C)C)cc21.COc1ccc2c(c1)c1ncc3n1c1c(cc(C(C)C)cc21)CC3.C[CH-]C.[Cl-].[Mg+2]; emitting sentinel -1.0
2026-05-12 23:56:57,160 [WARNING] llm_rerank attempt 1 parse error: no JSON object found
2026-05-12 23:57:28,093 [INFO] ms-clip: auto-picked GPU 7 (free 24092 MiB)
2026-05-12 23:57:28,093 [INFO] ms-clip: using CUDA_VISIBLE_DEVICES=7
2026-05-12 23:57:28,093 [INFO] ms-clip: launching predict_smi (n_candidates=256)
2026-05-12 23:57:38,937 [WARNING] ms-clip dropped SMILES O.O.O.[K+].[OH-].[Re]; emitting sentinel -1.0
2026-05-12 23:57:38,937 [WARNING] ms-clip dropped SMILES F[W](F)(F)(F)F.O; emitting sentinel -1.0
2026-05-12 23:58:06,129 [INFO] ms-clip: auto-picked GPU 7 (free 24092 MiB)
2026-05-12 23:58:06,130 [INFO] ms-clip: using CUDA_VISIBLE_DEVICES=7
2026-05-12 23:58:06,130 [INFO] ms-clip: launching predict_smi (n_candidates=256)
2026-05-12 23:58:18,000 [WARNING] ms-clip dropped SMILES C=C(/C=C\C(=C/CC)OC)C(=O)[Ge](CC)(CC)C(=O)c1ccc(OC)cc1; emitting sentinel -1.0
2026-05-12 23:58:18,000 [WARNING] ms-clip dropped SMILES CCC1=[C-]C(CC)C=C1.CCc1ccc2c(c1)[cH-]c1cc(CC)ccc12.[Zr+2]; emitting sentinel -1.0
2026-05-13 00:00:17,346 [WARNING] chat retry attempt 1/3 after APIConnectionError: Error communicating with OpenAI: HTTPSConnectionPool(host='api.viviai.cc', port=443): Max retries exceeded with url: /v1 — sleeping 11.3s (caller=msg_llm_reranker, trace=None)
2026-05-13 00:00:33,643 [WARNING] chat retry attempt 2/3 after APIConnectionError: Error communicating with OpenAI: HTTPSConnectionPool(host='api.viviai.cc', port=443): Max retries exceeded with url: /v1 — sleeping 33.1s (caller=msg_llm_reranker, trace=None)
2026-05-13 00:01:55,746 [INFO] ms-clip: auto-picked GPU 7 (free 24092 MiB)
2026-05-13 00:01:55,746 [INFO] ms-clip: using CUDA_VISIBLE_DEVICES=7
2026-05-13 00:01:55,746 [INFO] ms-clip: launching predict_smi (n_candidates=256)
2026-05-13 00:02:07,468 [WARNING] ms-clip dropped SMILES C1CCOC1.CC(C)(C)[Si](C)(C)C1CC(Cc2ccccc2)C2C=CC=CC21.[CH2-][Si](C)(C)C.[CH2-][Si](C)(C)C.[CH3-].[Sc+3]; emitting sentinel -1.0
2026-05-13 00:12:07,591 [WARNING] chat retry attempt 1/3 after Timeout: Request timed out: HTTPSConnectionPool(host='api.viviai.cc', port=443): Read timed out. (read timeout=600) — sleeping 9.0s (caller=msg_llm_reranker, trace=None)
2026-05-13 00:12:26,506 [INFO] ms-clip: auto-picked GPU 7 (free 24092 MiB)
2026-05-13 00:12:26,506 [INFO] ms-clip: using CUDA_VISIBLE_DEVICES=7
2026-05-13 00:12:26,506 [INFO] ms-clip: launching predict_smi (n_candidates=256)
2026-05-13 00:12:38,952 [WARNING] ms-clip dropped SMILES CN(C)C1=CC2=C3C=C(N(C)C)C=CN3CCCN2C=C1.CN1c2ccccc2N(C)C12CCCCC21N(C)c2ccccc2N1C.[Li+].[O-]c1cccc2ccc[nH+]c12; emitting sentinel -1.0
2026-05-13 00:12:51,721 [INFO] ms-clip: auto-picked GPU 7 (free 24092 MiB)
2026-05-13 00:12:51,721 [INFO] ms-clip: using CUDA_VISIBLE_DEVICES=7
2026-05-13 00:12:51,721 [INFO] ms-clip: launching predict_smi (n_candidates=256)
2026-05-13 00:13:04,004 [WARNING] ms-clip dropped SMILES Cn1[c-][n+](-c2cccc(Oc3cc(C#N)c4c5ccccc5n(-c5cc(C(C)(C)C)ccn5)c4c3)c2)c2ccccc21; emitting sentinel -1.0
2026-05-13 00:13:04,004 [WARNING] ms-clip dropped SMILES CCCCC(CC)O/C(C=[W])=N/C(=CC(N)=O)NC1CCCC(C)CCC1; emitting sentinel -1.0
2026-05-13 00:13:22,853 [INFO] ms-clip: auto-picked GPU 7 (free 20364 MiB)
2026-05-13 00:13:22,853 [INFO] ms-clip: using CUDA_VISIBLE_DEVICES=7
2026-05-13 00:13:22,853 [INFO] ms-clip: launching predict_smi (n_candidates=256)
2026-05-13 00:13:34,382 [WARNING] ms-clip dropped SMILES CN(C)C1=CC2=C3C=C(N(C)C)C=CN3CCCN2C=C1.CN1c2ccccc2N(C)C12CCCCC21N(C)c2ccccc2N1C.[Li+].[O-]c1cccc2ccc[nH+]c12; emitting sentinel -1.0
2026-05-13 00:13:34,382 [WARNING] ms-clip dropped SMILES CCCCCCCCCCCCCCCCCCCC#CC(=O)[O-].CCCCCCCCCCCCCCCCCCCC#CC(=O)[O-].[Cd+2]; emitting sentinel -1.0
2026-05-13 00:13:46,425 [INFO] ms-clip: auto-picked GPU 7 (free 24092 MiB)
2026-05-13 00:13:46,425 [INFO] ms-clip: using CUDA_VISIBLE_DEVICES=7
2026-05-13 00:13:46,425 [INFO] ms-clip: launching predict_smi (n_candidates=256)
2026-05-13 00:13:58,258 [WARNING] ms-clip dropped SMILES C=Cc1c2[n-]c(c1C)CC1[N-]/C(=C3\c4[n-]c(c(C)c4C(=O)[C@@H]3C(=O)OC)/C=c3\[n-]/c(c(C)c3CC)=C\2)[C@@H](CCC(=O)OC/C=C/C)[C@@H]1C.[Mg+2]; emitting sentinel -1.0
2026-05-13 00:13:58,258 [WARNING] ms-clip dropped SMILES C1CCC(C2CCCC[N-]2)[N-]C1.C1CCC(C2CCCC[N-]2)[N-]C1.Cl[Os].NCCc1cnc[nH]1; emitting sentinel -1.0
2026-05-13 00:13:58,258 [WARNING] ms-clip dropped SMILES CCCCCCCC[Sn+2]CCCCCCCC.O=C([O-])CCCC(Cc1ccccc1)(Cc1ccccc1)C(=O)[O-]; emitting sentinel -1.0
2026-05-13 00:13:58,258 [WARNING] ms-clip dropped SMILES CC(C)(C)OCC1(C)C=C2/C=C3/CC(C)(C)/C(=C/C4=N/C(=C\C5=N/C(=C\C1=N2)C(C)(C)C5)C(C)(COC(C)(C)C)C4)[N-]3.Cl[Zn+]; emitting sentinel -1.0
2026-05-13 00:13:58,258 [WARNING] ms-clip dropped SMILES Cc1ccc([C@H]2C[C@@H]3CC[C@H]([C@H]2C(=O)NCCCCCC2CNCC/N=C(\[O-])CCNCCNC2)N3C)cc1.O=[99Tc+]=O; emitting sentinel -1.0
2026-05-13 00:13:58,259 [WARNING] ms-clip dropped SMILES CN(C)CC[N-]C([N-][Si](C)(C)C)c1ccccc1.C[Si](C)(C)[CH-][Si](C)(C)C.C[Si](C)(C)[CH-][Si](C)(C)C.[Y]; emitting sentinel -1.0
2026-05-13 00:13:58,259 [WARNING] ms-clip dropped SMILES CC1(C)CC(NC(=O)c2ccccc2)C(Cc2ccccc2)C(NC(=O)c2ccccc2)C1.[CH2-]c1ccccc1.[CH2-]c1ccccc1.[Ti+2]; emitting sentinel -1.0
2026-05-13 00:13:58,259 [WARNING] ms-clip dropped SMILES C=Cc1c2[n-]c(c1C)/C=C1\[N-]C([C@@H](CCC(=O)OC/C=C\C)[C@@H]1C)[C@H]1c3[n-]c(c(C)c3C(=O)[C@@H]1C(=O)OC)/C=c1\[n-]/c(c(C)c1CC)=C\2.[Mg+2]; emitting sentinel -1.0
2026-05-13 00:13:58,259 [WARNING] ms-clip dropped SMILES C=Cc1c2[n-]c(c1C)/C=C1\[N-]/C(=C3\c4[n-]c(c(C)c4C(=O)[C@@H]3C(=O)OC)/C=c3\[n-]/c(c(C)c3CC)=C\2)[C@@H](CCC(O)OC/C=C/C)[C@@H]1C.[Mg+2]; emitting sentinel -1.0
2026-05-13 00:14:26,888 [INFO] ms-clip: auto-picked GPU 7 (free 24092 MiB)
2026-05-13 00:14:26,888 [INFO] ms-clip: using CUDA_VISIBLE_DEVICES=7
2026-05-13 00:14:26,888 [INFO] ms-clip: launching predict_smi (n_candidates=108)
2026-05-13 00:14:38,260 [WARNING] ms-clip dropped SMILES CCCCCCCCCCCCCCCCCC(=O)NCCCCC(N)C(=O)[O-].CCCCCCCCCCCCCCCCCC(=O)NCCCCC(N)C(=O)[O-].[Ca+2]; emitting sentinel -1.0
2026-05-13 00:14:38,261 [WARNING] ms-clip dropped SMILES CCCCCCCCCCCCCCCCC/C([O-])=N/CCCC[C@H](N)C(=O)[O-].CCCCCCCCCCCCCCCCCC(=O)NCCCC[C@H](N)C(=O)O.[Ca+2]; emitting sentinel -1.0
2026-05-13 00:14:38,261 [WARNING] ms-clip dropped SMILES [Cu+2].[O-]c1c(Br)cc(Br)cc1/C=N/Cc1ccccc1Cl.[O-]c1c(Br)cc(Br)cc1/C=N/Cc1ccccc1Cl; emitting sentinel -1.0
2026-05-13 00:14:38,261 [WARNING] ms-clip dropped SMILES CCCCCCCCCCCCCCCCCC(=O)NCCCC[C@H](N)C(=O)[O-].CCCCCCCCCCCCCCCCCC(=O)NCCCC[C@H](N)C(=O)[O-].[Ca+2]; emitting sentinel -1.0
2026-05-13 00:14:57,577 [INFO] ms-clip: auto-picked GPU 7 (free 24092 MiB)
2026-05-13 00:14:57,577 [INFO] ms-clip: using CUDA_VISIBLE_DEVICES=7
2026-05-13 00:14:57,577 [INFO] ms-clip: launching predict_smi (n_candidates=256)
2026-05-13 00:15:09,228 [WARNING] ms-clip dropped SMILES COC(C)C.[B]C1CCC(COC(C)C)C1.[CH2-]C.[CH3-].[CH3-].[V].[W+2]; emitting sentinel -1.0
2026-05-13 00:16:27,338 [INFO] spec 500/500  MassSpecGymID0236274  pool=256  pred=VIQCWEGEHRBLAC  correct=True  t=89.9s
2026-05-13 00:16:27,339 [INFO] ============================================================
2026-05-13 00:16:27,339 [INFO] MSG  pool=mass  reranker=llm
2026-05-13 00:16:27,339 [INFO]   n=500  correct=249  id_acc=0.4980  elapsed=42020.9s
done llm at 2026年 05月 13日 星期三 00:16:27 CST
ALL MASS DONE
