dataset_llm,phase_llm,run_llm,pipeline_llm,literature_mode_llm,task_id,ground_truth_pathway_llm,ground_truth_pathway_id_llm,ground_truth_pathway_source_llm,predicted_top_pathway_llm,strict_top1_hit_llm,strict_top3_hit_llm,semantic_gt_similarity_llm,semantic_top3_best_name_llm,semantic_top3_best_similarity_llm,semantic_top3_best_rank_llm,semantic_top10_best_name_llm,semantic_top10_best_similarity_llm,semantic_top10_best_rank_llm,semantic_gt_hit_at_0_80_llm,semantic_top3_hit_at_0_80_llm,semantic_top10_hit_at_0_80_llm,top3_candidates_llm,top10_candidates_llm,extracted_pathways_llm,n_extracted_pathways_llm,narrative_chars_llm,elapsed_seconds_llm,error_llm,pathway_family_llm,gt_pathway_name_llm,gt_pathway_source_llm,gt_rank_llm,signal_count_llm,noise_count_llm,signal_ratio_llm,metabolite_count_llm,dataset_metagent,phase_metagent,run_metagent,pipeline_metagent,literature_mode_metagent,ground_truth_pathway_metagent,ground_truth_pathway_id_metagent,ground_truth_pathway_source_metagent,predicted_top_pathway_metagent,strict_top1_hit_metagent,strict_top3_hit_metagent,semantic_gt_similarity_metagent,semantic_top3_best_name_metagent,semantic_top3_best_similarity_metagent,semantic_top3_best_rank_metagent,semantic_top10_best_name_metagent,semantic_top10_best_similarity_metagent,semantic_top10_best_rank_metagent,semantic_gt_hit_at_0_80_metagent,semantic_top3_hit_at_0_80_metagent,semantic_top10_hit_at_0_80_metagent,top3_candidates_metagent,top10_candidates_metagent,extracted_pathways_metagent,n_extracted_pathways_metagent,narrative_chars_metagent,elapsed_seconds_metagent,error_metagent,pathway_family_metagent,gt_pathway_name_metagent,gt_pathway_source_metagent,gt_rank_metagent,signal_count_metagent,noise_count_metagent,signal_ratio_metagent,metabolite_count_metagent,pathway_family,gt_pathway_name,gt_pathway_source,gt_rank,signal_count,noise_count,signal_ratio,metabolite_count,llm_score,metagent_score,delta,llm_hit_0_90,metagent_hit_0_90
d3_llm_single_with_lit,D3,,single,with_lit_pass,compound_only_enrich_mammalian_RAMP_P_000000016_seed1,"Glycine, serine and threonine metabolism",RAMP_P_000000016,kegg,cysteine biosynthesis,False,False,0.4778973760811801,"Glycine, serine and threonine metabolism",0.4778973760811801,1.0,"Glycine, serine and threonine metabolism",0.4778973760811801,1.0,False,False,False,"Glycine, serine and threonine metabolism|Metabolism of amino acids and derivatives|3-Phosphoglycerate dehydrogenase deficiency","Glycine, serine and threonine metabolism|Metabolism of amino acids and derivatives|3-Phosphoglycerate dehydrogenase deficiency|Dihydropyrimidine Dehydrogenase Deficiency (DHPD)|Dimethylglycine Dehydrogenase Deficiency|Dimethylglycine Dehydrogenase Deficiency|Hyperglycinemia, non-ketotic|Non Ketotic Hyperglycinemia|Sarcosinemia|Trans-sulfuration, one-carbon metabolism and related pathways",cysteine biosynthesis|arginine metabolism|homocysteine metabolism|transsulfuration pathway|NO signaling|methionine-cysteine metabolism|Urea cycle|The methionine cycle|nitrogen metabolism,9,2215,41.29280449263752,,RAMP_P_000000016,"Glycine, serine and threonine metabolism",kegg,1,6,4,0.6,10,d3_metagent_with_lit,D3,,feedback,with_lit,"Glycine, serine and threonine metabolism",RAMP_P_000000016,kegg,"Glycine, serine and threonine metabolism",True,True,1.000000153176198,"Glycine, serine and threonine metabolism",1.000000153176198,1.0,"Glycine, serine and threonine metabolism",1.000000153176198,1.0,True,True,True,"Glycine, serine and threonine metabolism|Metabolism of amino acids and derivatives|3-Phosphoglycerate dehydrogenase deficiency","Glycine, serine and threonine metabolism|Metabolism of amino acids and derivatives|3-Phosphoglycerate dehydrogenase deficiency|Dihydropyrimidine Dehydrogenase Deficiency (DHPD)|Dimethylglycine Dehydrogenase Deficiency|Dimethylglycine Dehydrogenase Deficiency|Hyperglycinemia, non-ketotic|Non Ketotic Hyperglycinemia|Sarcosinemia|Trans-sulfuration, one-carbon metabolism and related pathways","Glycine, serine and threonine metabolism|threonine metabolism|amino-acid metabolism|methionine cycle|threonine catabolism|acid cycle|methionine metabolism|top pathway",8,1461,673.385076219216,,RAMP_P_000000016,"Glycine, serine and threonine metabolism",kegg,1,6,4,0.6,10,RAMP_P_000000016,"Glycine, serine and threonine metabolism",kegg,1,6,4,0.6,10,0.4778973760811801,1.000000153176198,0.5221027770950178,False,True
d3_llm_single_with_lit,D3,,single,with_lit_pass,compound_only_enrich_mammalian_RAMP_P_000000016_seed2,"Glycine, serine and threonine metabolism",RAMP_P_000000016,kegg,One-carbon metabolism,False,False,0.5465803958444065,"Glycine, serine and threonine metabolism",0.5465803958444065,1.0,Metabolism,0.6894610978371859,10.0,False,False,False,"Glycine, serine and threonine metabolism|3-Phosphoglycerate dehydrogenase deficiency|Dihydropyrimidine Dehydrogenase Deficiency (DHPD)","Glycine, serine and threonine metabolism|3-Phosphoglycerate dehydrogenase deficiency|Dihydropyrimidine Dehydrogenase Deficiency (DHPD)|Dimethylglycine Dehydrogenase Deficiency|Dimethylglycine Dehydrogenase Deficiency|Hyperglycinemia, non-ketotic|Non Ketotic Hyperglycinemia|Sarcosinemia|Trans-sulfuration, one-carbon metabolism and related pathways|Metabolism",One-carbon metabolism|phospholipid metabolism|Kennedy pathway|Transsulfuration pathway|Nucleotide metabolism|glycine biosynthesis|through biosynthesis|glycine metabolism|steroid signaling,9,2457,30.34183939918876,,RAMP_P_000000016,"Glycine, serine and threonine metabolism",kegg,1,7,4,0.6363636363636364,11,d3_metagent_with_lit,D3,,feedback,with_lit,"Glycine, serine and threonine metabolism",RAMP_P_000000016,kegg,"Glycine, serine and threonine metabolism",True,True,1.000000153176198,"Glycine, serine and threonine metabolism",1.000000153176198,1.0,"Glycine, serine and threonine metabolism",1.000000153176198,1.0,True,True,True,"Glycine, serine and threonine metabolism|3-Phosphoglycerate dehydrogenase deficiency|Dihydropyrimidine Dehydrogenase Deficiency (DHPD)","Glycine, serine and threonine metabolism|3-Phosphoglycerate dehydrogenase deficiency|Dihydropyrimidine Dehydrogenase Deficiency (DHPD)|Dimethylglycine Dehydrogenase Deficiency|Dimethylglycine Dehydrogenase Deficiency|Hyperglycinemia, non-ketotic|Non Ketotic Hyperglycinemia|Sarcosinemia|Trans-sulfuration, one-carbon metabolism and related pathways|Metabolism","Glycine, serine and threonine metabolism|threonine metabolism|serine biosynthesis|same pathway",4,2194,382.6093024518341,,RAMP_P_000000016,"Glycine, serine and threonine metabolism",kegg,1,7,4,0.6363636363636364,11,RAMP_P_000000016,"Glycine, serine and threonine metabolism",kegg,1,7,4,0.6363636363636364,11,0.5465803958444065,1.000000153176198,0.4534197573317914,False,True
d3_llm_single_with_lit,D3,,single,with_lit_pass,compound_only_enrich_mammalian_RAMP_P_000000016_seed4,"Glycine, serine and threonine metabolism",RAMP_P_000000016,kegg,acid metabolism,False,False,0.6071297286440354,Metabolism of amino acids and derivatives,0.7263357414366561,1.0,Metabolism,0.811130925002276,4.0,False,False,True,"Metabolism of amino acids and derivatives|Glycine, serine and threonine metabolism|Metabolic epileptic disorders","Metabolism of amino acids and derivatives|Glycine, serine and threonine metabolism|Metabolic epileptic disorders|Metabolism|3-Phosphoglycerate dehydrogenase deficiency|Dihydropyrimidine Dehydrogenase Deficiency (DHPD)|Dimethylglycine Dehydrogenase Deficiency|Dimethylglycine Dehydrogenase Deficiency|Hyperglycinemia, non-ketotic|Non Ketotic Hyperglycinemia",acid metabolism|transsulfuration pathway|one-carbon metabolism|sulfur metabolism|creatine biosynthesis|polyamine metabolism|methylation cycle|folate cycle|energy metabolism|stress signaling,10,2101,29.217045417055488,,RAMP_P_000000016,"Glycine, serine and threonine metabolism",kegg,2,8,4,0.6666666666666666,12,d3_metagent_with_lit,D3,,feedback,with_lit,"Glycine, serine and threonine metabolism",RAMP_P_000000016,kegg,"Glycine, serine and threonine metabolism",True,True,1.000000153176198,"Glycine, serine and threonine metabolism",1.000000153176198,2.0,"Glycine, serine and threonine metabolism",1.000000153176198,2.0,True,True,True,"Metabolism of amino acids and derivatives|Glycine, serine and threonine metabolism|Metabolic epileptic disorders","Metabolism of amino acids and derivatives|Glycine, serine and threonine metabolism|Metabolic epileptic disorders|Metabolism|3-Phosphoglycerate dehydrogenase deficiency|Dihydropyrimidine Dehydrogenase Deficiency (DHPD)|Dimethylglycine Dehydrogenase Deficiency|Dimethylglycine Dehydrogenase Deficiency|Hyperglycinemia, non-ketotic|Non Ketotic Hyperglycinemia","Glycine, serine and threonine metabolism|threonine metabolism|top-enriched pathway|Metabolism of amino acids and derivatives|as pathway|one-carbon metabolism|Creatine pathway|guanidino metabolism|polyamine catabolism|capture pathway|polyamine metabolism",11,2552,1056.3619051557034,,RAMP_P_000000016,"Glycine, serine and threonine metabolism",kegg,2,8,4,0.6666666666666666,12,RAMP_P_000000016,"Glycine, serine and threonine metabolism",kegg,2,8,4,0.6666666666666666,12,0.6071297286440354,1.000000153176198,0.3928704245321626,False,True
d3_llm_single_with_lit,D3,,single,with_lit_pass,compound_only_enrich_mammalian_RAMP_P_000000016_seed6,"Glycine, serine and threonine metabolism",RAMP_P_000000016,kegg,one-carbon metabolism,False,False,0.5465804302386328,Biochemical pathways: part I,0.671178445098918,2.0,Biochemical pathways: part I,0.671178445098918,2.0,False,False,False,"Glycine, serine and threonine metabolism|Biochemical pathways: part I|Cystathionine Beta-Synthase Deficiency","Glycine, serine and threonine metabolism|Biochemical pathways: part I|Cystathionine Beta-Synthase Deficiency|Glycine N-methyltransferase Deficiency|Homocystinuria-megaloblastic anemia due to defect in cobalamin metabolism, cblG complementation type|Hypermethioninemia|Methionine Adenosyltransferase Deficiency|Methionine Metabolism|Methylenetetrahydrofolate Reductase Deficiency (MTHFRD)|S-Adenosylhomocysteine (SAH) Hydrolase Deficiency",one-carbon metabolism|transsulfuration pathway|acid degradation|threonine catabolism|acid metabolism|serine-derived biosynthesis|nucleotide metabolism|cysteine biosynthesis|threonine degradation|methionine metabolism,10,1905,32.23405149579048,,RAMP_P_000000016,"Glycine, serine and threonine metabolism",kegg,1,8,2,0.8,10,d3_metagent_with_lit,D3,,feedback,with_lit,"Glycine, serine and threonine metabolism",RAMP_P_000000016,kegg,"Glycine, serine and threonine metabolism",True,True,1.000000153176198,"Glycine, serine and threonine metabolism",1.000000153176198,1.0,"Glycine, serine and threonine metabolism",1.000000153176198,1.0,True,True,True,"Glycine, serine and threonine metabolism|Biochemical pathways: part I|Cystathionine Beta-Synthase Deficiency","Glycine, serine and threonine metabolism|Biochemical pathways: part I|Cystathionine Beta-Synthase Deficiency|Glycine N-methyltransferase Deficiency|Homocystinuria-megaloblastic anemia due to defect in cobalamin metabolism, cblG complementation type|Hypermethioninemia|Methionine Adenosyltransferase Deficiency|Methionine Metabolism|Methylenetetrahydrofolate Reductase Deficiency (MTHFRD)|S-Adenosylhomocysteine (SAH) Hydrolase Deficiency","Glycine, serine and threonine metabolism|threonine metabolism|top-ranked pathway|established pathway|methionine cycle|Quantitative pathway|membrane-phospholipid metabolism|nucleotide biosynthesis|lack pathway",9,1706,645.5445993188769,,RAMP_P_000000016,"Glycine, serine and threonine metabolism",kegg,1,8,2,0.8,10,RAMP_P_000000016,"Glycine, serine and threonine metabolism",kegg,1,8,2,0.8,10,0.5465804302386328,1.000000153176198,0.45341972293756516,False,True
d3_llm_single_with_lit,D3,,single,with_lit_pass,compound_only_enrich_mammalian_RAMP_P_000000016_seed7,"Glycine, serine and threonine metabolism",RAMP_P_000000016,kegg,homocysteine metabolism,False,False,0.7531751889438585,"Glycine, serine and threonine metabolism",0.7531751889438585,1.0,Methionine Metabolism,0.8088461953199202,5.0,False,False,True,"Glycine, serine and threonine metabolism|Biochemical pathways: part I|Methionine de novo and salvage pathway","Glycine, serine and threonine metabolism|Biochemical pathways: part I|Methionine de novo and salvage pathway|Metabolism of amino acids and derivatives|Methionine Metabolism|Metabolism|Cystathionine Beta-Synthase Deficiency|Glycine N-methyltransferase Deficiency|Homocystinuria-megaloblastic anemia due to defect in cobalamin metabolism, cblG complementation type|Hypermethioninemia",homocysteine metabolism|methyltransferase cycle|lipid signaling|pyrimidine metabolism|methionine cycle|one-carbon metabolism|transsulfuration pathway|acid metabolism|cell signaling|ATP metabolism,10,2135,50.85924533009529,,RAMP_P_000000016,"Glycine, serine and threonine metabolism",kegg,1,8,5,0.6153846153846154,13,d3_metagent_with_lit,D3,,feedback,with_lit,"Glycine, serine and threonine metabolism",RAMP_P_000000016,kegg,"Glycine, serine and threonine metabolism",True,True,1.000000153176198,"Glycine, serine and threonine metabolism",1.000000153176198,1.0,"Glycine, serine and threonine metabolism",1.000000153176198,1.0,True,True,True,"Glycine, serine and threonine metabolism|Biochemical pathways: part I|Methionine de novo and salvage pathway","Glycine, serine and threonine metabolism|Biochemical pathways: part I|Methionine de novo and salvage pathway|Metabolism of amino acids and derivatives|Methionine Metabolism|Metabolism|Cystathionine Beta-Synthase Deficiency|Glycine N-methyltransferase Deficiency|Homocystinuria-megaloblastic anemia due to defect in cobalamin metabolism, cblG complementation type|Hypermethioninemia","Glycine, serine and threonine metabolism|threonine metabolism|top pathway|Methionine Metabolism|amino-acid metabolism|methionine cycle|parallel pathway|methylation metabolism|leukotriene biosynthesis|pro-resolving signaling|task-specific pathway",11,3760,1053.1131270807236,,RAMP_P_000000016,"Glycine, serine and threonine metabolism",kegg,1,8,5,0.6153846153846154,13,RAMP_P_000000016,"Glycine, serine and threonine metabolism",kegg,1,8,5,0.6153846153846154,13,0.7531751889438585,1.000000153176198,0.24682496423233946,False,True
d3_llm_single_with_lit,D3,,single,with_lit_pass,compound_only_enrich_mammalian_RAMP_P_000000016_seed9,"Glycine, serine and threonine metabolism",RAMP_P_000000016,kegg,TCA cycle,False,False,0.4509984335815923,Pyruvate metabolism,0.5758646042215548,3.0,Pyruvate metabolism,0.5758646042215548,3.0,False,False,False,"Glycine, serine and threonine metabolism|Metabolism of amino acids and derivatives|Pyruvate metabolism","Glycine, serine and threonine metabolism|Metabolism of amino acids and derivatives|Pyruvate metabolism|Methionine de novo and salvage pathway|SLC-mediated transmembrane transport|Transport of inorganic cations/anions and amino acids/oligopeptides|Disease|Metabolism of vitamins and cofactors|Serine biosynthesis|Transport of small molecules",TCA cycle|acid metabolism|donor metabolism|backbone biosynthesis|isoprenoid pathway|nitrogen metabolism|nitrogen catabolism|glutamate metabolism|methyl metabolism,9,3170,33.70974757149816,,RAMP_P_000000016,"Glycine, serine and threonine metabolism",kegg,1,6,3,0.6666666666666666,9,d3_metagent_with_lit,D3,,feedback,with_lit,"Glycine, serine and threonine metabolism",RAMP_P_000000016,kegg,"Glycine, serine and threonine metabolism",True,True,1.000000153176198,"Glycine, serine and threonine metabolism",1.000000153176198,1.0,"Glycine, serine and threonine metabolism",1.000000153176198,1.0,True,True,True,"Glycine, serine and threonine metabolism|Metabolism of amino acids and derivatives|Pyruvate metabolism","Glycine, serine and threonine metabolism|Metabolism of amino acids and derivatives|Pyruvate metabolism|Methionine de novo and salvage pathway|SLC-mediated transmembrane transport|Transport of inorganic cations/anions and amino acids/oligopeptides|Disease|Metabolism of vitamins and cofactors|Serine biosynthesis|Transport of small molecules","Glycine, serine and threonine metabolism|threonine metabolism|methionine metabolism|Pyruvate metabolism|Methionine de novo and salvage pathway|salvage pathway|one-carbon metabolism",7,2063,1130.371021080762,timeout_in_feedback_loop,RAMP_P_000000016,"Glycine, serine and threonine metabolism",kegg,1,6,3,0.6666666666666666,9,RAMP_P_000000016,"Glycine, serine and threonine metabolism",kegg,1,6,3,0.6666666666666666,9,0.4509984335815923,1.000000153176198,0.5490017195946056,False,True
d3_llm_single_with_lit,D3,,single,with_lit_pass,compound_only_enrich_mammalian_RAMP_P_000000106_seed0,Tyrosine metabolism,RAMP_P_000000106,kegg,Amino acid metabolism,False,False,0.604032978401626,Tyrosine metabolism,0.604032978401626,1.0,Amino acid metabolism,0.9999999862824188,9.0,False,False,True,Tyrosine metabolism|Alkaptonuria|Dopamine beta-hydroxylase deficiency,"Tyrosine metabolism|Alkaptonuria|Dopamine beta-hydroxylase deficiency|Hawkinsinuria|Monoamine oxidase-a deficiency (MAO-A)|Tyrosinemia Type I|Tyrosinemia, transient, of the newborn|Disulfiram Action Pathway|Amino acid metabolism|ADHD and autism (ASD) pathways",Amino acid metabolism|acid metabolism|Tyrosine degradation pathway|Secondary pathway|methionine metabolism|protein catabolism|downstream metabolism|adrenergic signaling|Enhanced protein degradation|methionine cycle|transsulfuration pathway|Homogentisate pathway|Folate cycle|urea cycle|sulfur metabolism,15,2253,43.750164145603776,,RAMP_P_000000106,Tyrosine metabolism,kegg,1,5,2,0.7142857142857143,7,d3_metagent_with_lit,D3,,feedback,with_lit,Tyrosine metabolism,RAMP_P_000000106,kegg,Tyrosine metabolism,True,True,0.999999918821174,Tyrosine metabolism,0.999999918821174,1.0,Tyrosine metabolism,0.999999918821174,1.0,True,True,True,Tyrosine metabolism|Alkaptonuria|Dopamine beta-hydroxylase deficiency,"Tyrosine metabolism|Alkaptonuria|Dopamine beta-hydroxylase deficiency|Hawkinsinuria|Monoamine oxidase-a deficiency (MAO-A)|Tyrosinemia Type I|Tyrosinemia, transient, of the newborn|Disulfiram Action Pathway|Amino acid metabolism|ADHD and autism (ASD) pathways",Tyrosine metabolism|perturbed pathway|methionine metabolism|neurotransmitter biosynthesis|Alkaptonuria|Tryptophan metabolism,6,2162,1508.6149211898446,,RAMP_P_000000106,Tyrosine metabolism,kegg,1,5,2,0.7142857142857143,7,RAMP_P_000000106,Tyrosine metabolism,kegg,1,5,2,0.7142857142857143,7,0.604032978401626,0.999999918821174,0.39596694041954805,False,True
d3_llm_single_with_lit,D3,,single,with_lit_pass,compound_only_enrich_mammalian_RAMP_P_000000106_seed2,Tyrosine metabolism,RAMP_P_000000106,kegg,interconnected pathway,False,False,0.3122607759710761,Tyrosine metabolism,0.3122607759710761,1.0,Disulfiram Action Pathway,0.5067868634485455,8.0,False,False,False,Tyrosine metabolism|Alkaptonuria|Dopamine beta-hydroxylase deficiency,"Tyrosine metabolism|Alkaptonuria|Dopamine beta-hydroxylase deficiency|Hawkinsinuria|Monoamine oxidase-a deficiency (MAO-A)|Tyrosinemia Type I|Tyrosinemia, transient, of the newborn|Disulfiram Action Pathway|Metabolism|Aromatic L-Aminoacid Decarboxylase Deficiency",interconnected pathway|BH4 metabolism|melanin biosynthesis|tyrosine metabolism|ornithine metabolism|dopamine metabolism|arginine cycle|arginine metabolism,8,1823,27.73414389230311,,RAMP_P_000000106,Tyrosine metabolism,kegg,1,5,4,0.5555555555555556,9,d3_metagent_with_lit,D3,,feedback,with_lit,Tyrosine metabolism,RAMP_P_000000106,kegg,Tyrosine metabolism,True,True,0.999999918821174,Tyrosine metabolism,0.999999918821174,1.0,Tyrosine metabolism,0.999999918821174,1.0,True,True,True,Tyrosine metabolism|Alkaptonuria|Dopamine beta-hydroxylase deficiency,"Tyrosine metabolism|Alkaptonuria|Dopamine beta-hydroxylase deficiency|Hawkinsinuria|Monoamine oxidase-a deficiency (MAO-A)|Tyrosinemia Type I|Tyrosinemia, transient, of the newborn|Disulfiram Action Pathway|Metabolism|Aromatic L-Aminoacid Decarboxylase Deficiency",Tyrosine metabolism|top pathway|melanin biosynthesis|phenol metabolism|enhanced catabolism|valid pathway|direct pathway,7,2728,1001.609521009028,,RAMP_P_000000106,Tyrosine metabolism,kegg,1,5,4,0.5555555555555556,9,RAMP_P_000000106,Tyrosine metabolism,kegg,1,5,4,0.5555555555555556,9,0.3122607759710761,0.999999918821174,0.6877391428500979,False,True
d3_llm_single_with_lit,D3,,single,with_lit_pass,compound_only_enrich_mammalian_RAMP_P_000000106_seed3,Tyrosine metabolism,RAMP_P_000000106,kegg,tyrosine catabolism,True,True,0.6916378181102337,Tyrosine metabolism,0.6916378181102337,1.0,Tyrosine metabolism,0.6916378181102337,1.0,False,False,False,Tyrosine metabolism|Alkaptonuria|Dopamine beta-hydroxylase deficiency,"Tyrosine metabolism|Alkaptonuria|Dopamine beta-hydroxylase deficiency|Hawkinsinuria|Monoamine oxidase-a deficiency (MAO-A)|Tyrosinemia Type I|Tyrosinemia, transient, of the newborn|Disulfiram Action Pathway|ADHD and autism (ASD) pathways|SLC transporter disorders",tyrosine catabolism|II signaling|catecholamine metabolism|reflect pathway|carbon metabolism,5,1613,141.32885494828224,,RAMP_P_000000106,Tyrosine metabolism,kegg,1,6,5,0.5454545454545454,11,d3_metagent_with_lit,D3,,feedback,with_lit,Tyrosine metabolism,RAMP_P_000000106,kegg,tyrosine metabolism,True,True,0.999999948995534,Tyrosine metabolism,0.999999948995534,1.0,Tyrosine metabolism,0.999999948995534,1.0,True,True,True,Tyrosine metabolism|Alkaptonuria|Dopamine beta-hydroxylase deficiency,"Tyrosine metabolism|Alkaptonuria|Dopamine beta-hydroxylase deficiency|Hawkinsinuria|Monoamine oxidase-a deficiency (MAO-A)|Tyrosinemia Type I|Tyrosinemia, transient, of the newborn|Disulfiram Action Pathway|ADHD and autism (ASD) pathways|SLC transporter disorders",tyrosine metabolism|Neurotransmitter release cycle|current pathway,3,2207,719.5745540168136,,RAMP_P_000000106,Tyrosine metabolism,kegg,1,6,5,0.5454545454545454,11,RAMP_P_000000106,Tyrosine metabolism,kegg,1,6,5,0.5454545454545454,11,0.6916378181102337,0.999999948995534,0.3083621308853003,False,True
d3_llm_single_with_lit,D3,,single,with_lit_pass,compound_only_enrich_mammalian_RAMP_P_000000106_seed8,Tyrosine metabolism,RAMP_P_000000106,kegg,glycerolipid metabolism,False,False,0.5174951223925626,Tyrosine metabolism,0.5174951223925626,1.0,Tyrosine metabolism,0.5174951223925626,1.0,False,False,False,Tyrosine metabolism|Alkaptonuria|Dopamine beta-hydroxylase deficiency,"Tyrosine metabolism|Alkaptonuria|Dopamine beta-hydroxylase deficiency|Hawkinsinuria|Monoamine oxidase-a deficiency (MAO-A)|Tyrosinemia Type I|Tyrosinemia, transient, of the newborn|Disulfiram Action Pathway|Metabolism|ADHD and autism (ASD) pathways",glycerolipid metabolism|acid catabolism|isoprenoid pathway|Core pathway|pigment pathway|eicosanoid metabolism|mevalonate pathway|synaptic signalling|melanin pathway|catecholamine metabolism|isoprenoid metabolism,11,4608,120.58300687558948,,RAMP_P_000000106,Tyrosine metabolism,kegg,1,6,5,0.5454545454545454,11,d3_metagent_with_lit,D3,,feedback,with_lit,Tyrosine metabolism,RAMP_P_000000106,kegg,enriched pathway,False,False,0.3016706244841284,Alkaptonuria,0.3053782129901652,2.0,ADHD and autism (ASD) pathways,0.4761293093186544,10.0,False,False,False,Tyrosine metabolism|Alkaptonuria|Dopamine beta-hydroxylase deficiency,"Tyrosine metabolism|Alkaptonuria|Dopamine beta-hydroxylase deficiency|Hawkinsinuria|Monoamine oxidase-a deficiency (MAO-A)|Tyrosinemia Type I|Tyrosinemia, transient, of the newborn|Disulfiram Action Pathway|Metabolism|ADHD and autism (ASD) pathways",enriched pathway|Tyrosine metabolism|same pathway|Tyrosine metabolism pathway|top-enriched pathway|melanin-pigment biosynthesis,6,2090,884.5220428910106,,RAMP_P_000000106,Tyrosine metabolism,kegg,1,6,5,0.5454545454545454,11,RAMP_P_000000106,Tyrosine metabolism,kegg,1,6,5,0.5454545454545454,11,0.5174951223925626,0.3016706244841284,-0.21582449790843417,False,False
d3_llm_single_with_lit,D3,,single,with_lit_pass,compound_only_enrich_mammalian_RAMP_P_000000141_seed0,Tryptophan metabolism,RAMP_P_000000141,kegg,Tryptophan metabolism,True,True,0.9999999508860622,Tryptophan metabolism,0.9999999508860622,1.0,Tryptophan metabolism,0.9999999508860622,1.0,True,True,True,Tryptophan metabolism|Biochemical pathways: part I|Tryptophan metabolism,Tryptophan metabolism|Biochemical pathways: part I|Tryptophan metabolism|Metabolism of amino acids and derivatives|Tryptophan catabolism leading to NAD+ production|Amino acid metabolism|Metabolism|ADHD and autism (ASD) pathways|IDO metabolic pathway|Serotonin and melatonin biosynthesis,Tryptophan metabolism|tryptophan catabolism|melatonin pathway|Kynurenine pathway|tryptamine pathway|proline metabolism|Elevated tryptophan catabolism|indicates pathway|acid catabolism,9,1871,39.50973037816584,,RAMP_P_000000141,Tryptophan metabolism,kegg,1,7,3,0.7,10,d3_metagent_with_lit,D3,,feedback,with_lit,Tryptophan metabolism,RAMP_P_000000141,kegg,Tryptophan metabolism,True,True,0.9999999508860622,Tryptophan metabolism,0.9999999508860622,1.0,Tryptophan metabolism,0.9999999508860622,1.0,True,True,True,Tryptophan metabolism|Biochemical pathways: part I|Tryptophan metabolism,Tryptophan metabolism|Biochemical pathways: part I|Tryptophan metabolism|Metabolism of amino acids and derivatives|Tryptophan catabolism leading to NAD+ production|Amino acid metabolism|Metabolism|ADHD and autism (ASD) pathways|IDO metabolic pathway|Serotonin and melatonin biosynthesis,Tryptophan metabolism|kynurenine-branch pathway|Tryptophan catabolism|Tryptophan catabolism leading to NAD+ production|Reactome pathway|amino-acid metabolism,6,3364,988.8260735254736,,RAMP_P_000000141,Tryptophan metabolism,kegg,1,7,3,0.7,10,RAMP_P_000000141,Tryptophan metabolism,kegg,1,7,3,0.7,10,0.9999999508860622,0.9999999508860622,0.0,True,True
d3_llm_single_with_lit,D3,,single,with_lit_pass,compound_only_enrich_mammalian_RAMP_P_000000141_seed1,Tryptophan metabolism,RAMP_P_000000141,kegg,tryptophan catabolism,True,True,0.6931636221899238,Tryptophan metabolism,0.6931636221899238,1.0,Tryptophan catabolism leading to NAD+ production,0.7231089543597109,6.0,False,False,False,Tryptophan metabolism|Biochemical pathways: part I|Metabolism of amino acids and derivatives,Tryptophan metabolism|Biochemical pathways: part I|Metabolism of amino acids and derivatives|Tryptophan metabolism|ADHD and autism (ASD) pathways|Tryptophan catabolism leading to NAD+ production|Metabolism|Amino acid metabolism|IDO metabolic pathway|Serotonin and melatonin biosynthesis,tryptophan catabolism|cysteine metabolism|melatonin pathway|Kynurenine pathway|Polyamine metabolism|Cysteine catabolism|acid catabolism|polyamine biosynthesis|taurine metabolism|mTOR signaling|would shunt|The polyamine pathway|tryptophan metabolism|tryptophan degradation,14,3369,87.22838944382966,,RAMP_P_000000141,Tryptophan metabolism,kegg,1,6,3,0.6666666666666666,9,d3_metagent_with_lit,D3,,feedback,with_lit,Tryptophan metabolism,RAMP_P_000000141,kegg,tryptophan metabolism,True,True,0.9999999269447843,Tryptophan metabolism,0.9999999269447843,1.0,Tryptophan metabolism,0.9999999269447843,1.0,True,True,True,Tryptophan metabolism|Biochemical pathways: part I|Metabolism of amino acids and derivatives,Tryptophan metabolism|Biochemical pathways: part I|Metabolism of amino acids and derivatives|Tryptophan metabolism|ADHD and autism (ASD) pathways|Tryptophan catabolism leading to NAD+ production|Metabolism|Amino acid metabolism|IDO metabolic pathway|Serotonin and melatonin biosynthesis,tryptophan metabolism|entire pathway|tryptophan catabolism|neuroprotective signaling|neuronal metabolism,5,2248,1131.808566564694,timeout_in_feedback_loop,RAMP_P_000000141,Tryptophan metabolism,kegg,1,6,3,0.6666666666666666,9,RAMP_P_000000141,Tryptophan metabolism,kegg,1,6,3,0.6666666666666666,9,0.6931636221899238,0.9999999269447843,0.30683630475486057,False,True
d3_llm_single_with_lit,D3,,single,with_lit_pass,compound_only_enrich_mammalian_RAMP_P_000000141_seed2,Tryptophan metabolism,RAMP_P_000000141,kegg,tryptophan metabolism,True,True,0.9999999269447843,Tryptophan metabolism,0.9999999269447843,1.0,Tryptophan metabolism,0.9999999269447843,1.0,True,True,True,Tryptophan metabolism|Tryptophan metabolism|Amino acid metabolism,Tryptophan metabolism|Tryptophan metabolism|Amino acid metabolism|Biochemical pathways: part I|Serotonin and melatonin biosynthesis|Biogenic amine synthesis|Tryptophan catabolism leading to NAD+ production|Neurotransmitter disorders|Biosynthesis and regeneration of tetrahydrobiopterin and catabolism of phenylalanine|Metabolism of amine-derived hormones,tryptophan metabolism|Monoamine pathway|Kynurenine pathway|neuroactive pathway|reflecting pathway|host metabolism,6,1833,17.531744964420795,,RAMP_P_000000141,Tryptophan metabolism,kegg,1,6,4,0.6,10,d3_metagent_with_lit,D3,,feedback,with_lit,Tryptophan metabolism,RAMP_P_000000141,kegg,Tryptophan metabolism,True,True,0.9999999508860622,Tryptophan metabolism,0.9999999508860622,1.0,Tryptophan metabolism,0.9999999508860622,1.0,True,True,True,Tryptophan metabolism|Tryptophan metabolism|Amino acid metabolism,Tryptophan metabolism|Tryptophan metabolism|Amino acid metabolism|Biochemical pathways: part I|Serotonin and melatonin biosynthesis|Biogenic amine synthesis|Tryptophan catabolism leading to NAD+ production|Neurotransmitter disorders|Biosynthesis and regeneration of tetrahydrobiopterin and catabolism of phenylalanine|Metabolism of amine-derived hormones,Tryptophan metabolism|top pathway|Reactome pathway|Serotonin and melatonin biosynthesis|melatonin biosynthesis|tryptophan degradation|neuroendocrine signaling,7,2233,801.2867574729025,,RAMP_P_000000141,Tryptophan metabolism,kegg,1,6,4,0.6,10,RAMP_P_000000141,Tryptophan metabolism,kegg,1,6,4,0.6,10,0.9999999269447843,0.9999999508860622,2.394127784910438e-08,True,True
d3_llm_single_with_lit,D3,,single,with_lit_pass,compound_only_enrich_mammalian_RAMP_P_000000141_seed3,Tryptophan metabolism,RAMP_P_000000141,kegg,Tryptophan metabolism,True,True,0.9999999508860622,Tryptophan metabolism,0.9999999508860622,1.0,Tryptophan metabolism,0.9999999508860622,1.0,True,True,True,Tryptophan metabolism|Tryptophan metabolism|Biochemical pathways: part I,Tryptophan metabolism|Tryptophan metabolism|Biochemical pathways: part I|Tryptophan catabolism leading to NAD+ production|Amino acid metabolism|ADHD and autism (ASD) pathways|Metabolism|IDO metabolic pathway|Serotonin and melatonin biosynthesis|NAD+ biosynthetic pathways,Tryptophan metabolism|Kynurenine pathway|melatonin pathway|Indole pathway|phospholipid metabolism|serotonergic signaling|isolated pathway,7,2481,23.456007976084948,,RAMP_P_000000141,Tryptophan metabolism,kegg,1,7,2,0.7777777777777778,9,d3_metagent_with_lit,D3,,feedback,with_lit,Tryptophan metabolism,RAMP_P_000000141,kegg,Tryptophan metabolism,True,True,0.9999999508860622,Tryptophan metabolism,0.9999999508860622,1.0,Tryptophan metabolism,0.9999999508860622,1.0,True,True,True,Tryptophan metabolism|Tryptophan metabolism|Biochemical pathways: part I,Tryptophan metabolism|Tryptophan metabolism|Biochemical pathways: part I|Tryptophan catabolism leading to NAD+ production|Amino acid metabolism|ADHD and autism (ASD) pathways|Metabolism|IDO metabolic pathway|Serotonin and melatonin biosynthesis|NAD+ biosynthetic pathways,Tryptophan metabolism|enriched pathway|Tryptophan metabolism pathway|tryptophan catabolism|Kynurenine pathway,5,2258,1281.5737380925566,,RAMP_P_000000141,Tryptophan metabolism,kegg,1,7,2,0.7777777777777778,9,RAMP_P_000000141,Tryptophan metabolism,kegg,1,7,2,0.7777777777777778,9,0.9999999508860622,0.9999999508860622,0.0,True,True
d3_llm_single_with_lit,D3,,single,with_lit_pass,compound_only_enrich_mammalian_RAMP_P_000000141_seed4,Tryptophan metabolism,RAMP_P_000000141,kegg,melatonin biosynthesis,False,False,0.5640485698851229,Tryptophan metabolism,0.5640485698851229,1.0,Tryptophan metabolism,0.5640485698851229,1.0,False,False,False,Tryptophan metabolism|Amino acid metabolism|Tryptophan metabolism,Tryptophan metabolism|Amino acid metabolism|Tryptophan metabolism|Biochemical pathways: part I|G alpha (i) signalling events|Metabolism|GPCR downstream signalling|Phase I - Functionalization of compounds|ADHD and autism (ASD) pathways|Signaling by GPCR,melatonin biosynthesis|Kynurenine pathway|Secondary pathway|TCA cycle|energy metabolism|serotonergic pathway|tryptophan metabolism|tryptophan pathway|cofactor pathway|linear pathway|tryptophan catabolism,11,2177,23.942126544192437,,RAMP_P_000000141,Tryptophan metabolism,kegg,1,6,5,0.5454545454545454,11,d3_metagent_with_lit,D3,,feedback,with_lit,Tryptophan metabolism,RAMP_P_000000141,kegg,Tryptophan metabolism,True,True,0.9999999508860622,Tryptophan metabolism,0.9999999508860622,1.0,Tryptophan metabolism,0.9999999508860622,1.0,True,True,True,Tryptophan metabolism|Amino acid metabolism|Tryptophan metabolism,Tryptophan metabolism|Amino acid metabolism|Tryptophan metabolism|Biochemical pathways: part I|G alpha (i) signalling events|Metabolism|GPCR downstream signalling|Phase I - Functionalization of compounds|ADHD and autism (ASD) pathways|Signaling by GPCR,Tryptophan metabolism|Amino acid metabolism|Phase I - Functionalization of compounds|circadian signalling|top-ranked pathway,5,2062,538.8074776027352,,RAMP_P_000000141,Tryptophan metabolism,kegg,1,6,5,0.5454545454545454,11,RAMP_P_000000141,Tryptophan metabolism,kegg,1,6,5,0.5454545454545454,11,0.5640485698851229,0.9999999508860622,0.43595138100093933,False,True
d3_llm_single_with_lit,D3,,single,with_lit_pass,compound_only_enrich_mammalian_RAMP_P_000000141_seed5,Tryptophan metabolism,RAMP_P_000000141,kegg,tryptophan metabolism,True,True,0.9999999269447843,Tryptophan metabolism,0.9999999269447843,1.0,Tryptophan metabolism,0.9999999269447843,1.0,True,True,True,Tryptophan metabolism|Tryptophan metabolism|Metabolism of amino acids and derivatives,Tryptophan metabolism|Tryptophan metabolism|Metabolism of amino acids and derivatives|Biochemical pathways: part I|Metabolism|Serotonin and melatonin biosynthesis|Biogenic amine synthesis|Amino acid metabolism|Tryptophan catabolism leading to NAD+ production|Neurotransmitter disorders,tryptophan metabolism|melatonin biosynthesis|Kynurenine pathway|indicates pathway|tryptophan catabolism,5,2040,38.96097087301314,,RAMP_P_000000141,Tryptophan metabolism,kegg,1,6,4,0.6,10,d3_metagent_with_lit,D3,,feedback,with_lit,Tryptophan metabolism,RAMP_P_000000141,kegg,enriched pathway,False,False,0.2927745287030747,Metabolism of amino acids and derivatives,0.4503861092378156,3.0,Biochemical pathways: part I,0.4797965773705308,4.0,False,False,False,Tryptophan metabolism|Tryptophan metabolism|Metabolism of amino acids and derivatives,Tryptophan metabolism|Tryptophan metabolism|Metabolism of amino acids and derivatives|Biochemical pathways: part I|Metabolism|Serotonin and melatonin biosynthesis|Biogenic amine synthesis|Amino acid metabolism|Tryptophan catabolism leading to NAD+ production|Neurotransmitter disorders,enriched pathway|Tryptophan metabolism|kynurenine pathway|neuroendocrine signaling,4,1714,1088.6537571251392,,RAMP_P_000000141,Tryptophan metabolism,kegg,1,6,4,0.6,10,RAMP_P_000000141,Tryptophan metabolism,kegg,1,6,4,0.6,10,0.9999999269447843,0.2927745287030747,-0.7072253982417096,True,False
d3_llm_single_with_lit,D3,,single,with_lit_pass,compound_only_enrich_mammalian_RAMP_P_000000141_seed6,Tryptophan metabolism,RAMP_P_000000141,kegg,melatonin biosynthesis,False,False,0.5640485698851229,Tryptophan metabolism,0.5640485698851229,1.0,Serotonin and melatonin biosynthesis,0.8557804016408543,10.0,False,False,True,Tryptophan metabolism|Tryptophan metabolism|Biochemical pathways: part I,Tryptophan metabolism|Tryptophan metabolism|Biochemical pathways: part I|Biogenic amine synthesis|Tryptophan catabolism leading to NAD+ production|Metabolism|ADHD and autism (ASD) pathways|IDO metabolic pathway|Sudden infant death syndrome (SIDS) susceptibility pathways|Serotonin and melatonin biosynthesis,melatonin biosynthesis|tryptophan catabolism|Kynurenine pathway|oxidative metabolism|tryptophan metabolism,5,3178,84.80216470174491,,RAMP_P_000000141,Tryptophan metabolism,kegg,1,7,5,0.5833333333333334,12,d3_metagent_with_lit,D3,,feedback,with_lit,Tryptophan metabolism,RAMP_P_000000141,kegg,tryptophan metabolism,True,True,0.9999999269447843,Tryptophan metabolism,0.9999999269447843,1.0,Tryptophan metabolism,0.9999999269447843,1.0,True,True,True,Tryptophan metabolism|Tryptophan metabolism|Biochemical pathways: part I,Tryptophan metabolism|Tryptophan metabolism|Biochemical pathways: part I|Biogenic amine synthesis|Tryptophan catabolism leading to NAD+ production|Metabolism|ADHD and autism (ASD) pathways|IDO metabolic pathway|Sudden infant death syndrome (SIDS) susceptibility pathways|Serotonin and melatonin biosynthesis,tryptophan metabolism|nicotinamide metabolism|ranked pathway|tryptophan degradation|kynurenine pathway,5,2468,1194.812918432057,timeout_in_feedback_loop,RAMP_P_000000141,Tryptophan metabolism,kegg,1,7,5,0.5833333333333334,12,RAMP_P_000000141,Tryptophan metabolism,kegg,1,7,5,0.5833333333333334,12,0.5640485698851229,0.9999999269447843,0.4359513570596615,False,True
d3_llm_single_with_lit,D3,,single,with_lit_pass,compound_only_enrich_mammalian_RAMP_P_000000141_seed7,Tryptophan metabolism,RAMP_P_000000141,kegg,tryptophan catabolism,True,True,0.6931636221899238,Tryptophan catabolism leading to NAD+ production,0.7231089543597109,3.0,Tryptophan catabolism leading to NAD+ production,0.7231089543597109,3.0,False,False,False,Tryptophan metabolism|Tryptophan metabolism|Tryptophan catabolism leading to NAD+ production,Tryptophan metabolism|Tryptophan metabolism|Tryptophan catabolism leading to NAD+ production|Biochemical pathways: part I|ADHD and autism (ASD) pathways|Metabolism of amino acids and derivatives|IDO metabolic pathway|Serotonin and melatonin biosynthesis|Amino acid metabolism|NAD+ biosynthetic pathways,tryptophan catabolism|proline metabolism|serotonergic signaling|The kynurenine pathway|tryptophan metabolism,5,3003,50.51911433413625,,RAMP_P_000000141,Tryptophan metabolism,kegg,1,6,2,0.75,8,d3_metagent_with_lit,D3,,feedback,with_lit,Tryptophan metabolism,RAMP_P_000000141,kegg,Tryptophan metabolism,True,True,0.9999999508860622,Tryptophan metabolism,0.9999999508860622,1.0,Tryptophan metabolism,0.9999999508860622,1.0,True,True,True,Tryptophan metabolism|Tryptophan metabolism|Tryptophan catabolism leading to NAD+ production,Tryptophan metabolism|Tryptophan metabolism|Tryptophan catabolism leading to NAD+ production|Biochemical pathways: part I|ADHD and autism (ASD) pathways|Metabolism of amino acids and derivatives|IDO metabolic pathway|Serotonin and melatonin biosynthesis|Amino acid metabolism|NAD+ biosynthetic pathways,Tryptophan metabolism|Tryptophan catabolism|nicotinamide metabolism|Kynurenine pathway,4,2306,791.930235600099,,RAMP_P_000000141,Tryptophan metabolism,kegg,1,6,2,0.75,8,RAMP_P_000000141,Tryptophan metabolism,kegg,1,6,2,0.75,8,0.6931636221899238,0.9999999508860622,0.3068363286961384,False,True
d3_llm_single_with_lit,D3,,single,with_lit_pass,compound_only_enrich_mammalian_RAMP_P_000000141_seed8,Tryptophan metabolism,RAMP_P_000000141,kegg,Likely pathway,False,False,0.3351293602766578,Biochemical pathways: part I,0.6255387330302373,3.0,Biochemical pathways: part I,0.6255387330302373,3.0,False,False,False,Tryptophan metabolism|Tryptophan catabolism leading to NAD+ production|Biochemical pathways: part I,Tryptophan metabolism|Tryptophan catabolism leading to NAD+ production|Biochemical pathways: part I|ADHD and autism (ASD) pathways|Metabolism|Tryptophan metabolism|Metabolism of amino acids and derivatives|IDO metabolic pathway|Serotonin and melatonin biosynthesis|NAD+ biosynthetic pathways,Likely pathway|hydroxyproline catabolism|kynurenine pathway|Trp catabolism|phospholipid metabolism,5,2833,96.44410678371788,,RAMP_P_000000141,Tryptophan metabolism,kegg,1,5,3,0.625,8,d3_metagent_with_lit,D3,,feedback,with_lit,Tryptophan metabolism,RAMP_P_000000141,kegg,Tryptophan metabolism pathway,True,True,0.9353904456284886,Tryptophan metabolism,0.9353904456284886,1.0,Tryptophan metabolism,0.9353904456284886,1.0,True,True,True,Tryptophan metabolism|Tryptophan catabolism leading to NAD+ production|Biochemical pathways: part I,Tryptophan metabolism|Tryptophan catabolism leading to NAD+ production|Biochemical pathways: part I|ADHD and autism (ASD) pathways|Metabolism|Tryptophan metabolism|Metabolism of amino acids and derivatives|IDO metabolic pathway|Serotonin and melatonin biosynthesis|NAD+ biosynthetic pathways,Tryptophan metabolism pathway|Tryptophan catabolism|Tryptophan catabolism leading to NAD+ production|tryptophan metabolism|nicotinamide metabolism,5,1942,104.35667944699526,,RAMP_P_000000141,Tryptophan metabolism,kegg,1,5,3,0.625,8,RAMP_P_000000141,Tryptophan metabolism,kegg,1,5,3,0.625,8,0.3351293602766578,0.9353904456284886,0.6002610853518309,False,True
d3_llm_single_with_lit,D3,,single,with_lit_pass,compound_only_enrich_mammalian_RAMP_P_000000398_seed0,Galactose Metabolism,RAMP_P_000000398,kegg,galactose metabolism,True,True,0.9999999832245212,Galactose Metabolism,0.9999999832245212,2.0,Galactose Metabolism,0.9999999832245212,2.0,True,True,True,Galactosemia|Galactose Metabolism|Galactose Metabolism,Galactosemia|Galactose Metabolism|Galactose Metabolism|Biochemical pathways: part I|Glycerophospholipid biosynthetic pathway|Glycerophospholipid biosynthesis|Phospholipid metabolism|MECP2 and associated Rett syndrome|GPCR downstream signalling|Orexin receptor pathway,galactose metabolism|Phosphatidylethanolamine biosynthesis|Cholesterol biosynthesis|Inositol phosphate signaling|Catecholamine metabolism|reductase pathway|Sterol metabolism|Leloir pathway|as signaling,9,2169,33.13576461747289,,RAMP_P_000000398,Galactose Metabolism,kegg,3,6,5,0.5454545454545454,11,d3_metagent_with_lit,D3,,feedback,with_lit,Galactose Metabolism,RAMP_P_000000398,kegg,Galactosemia,False,True,0.5274823902606672,Galactosemia,1.0000001034393806,1.0,Galactosemia,1.0000001034393806,1.0,False,True,True,Galactosemia|Galactose Metabolism|Galactose Metabolism,Galactosemia|Galactose Metabolism|Galactose Metabolism|Biochemical pathways: part I|Glycerophospholipid biosynthetic pathway|Glycerophospholipid biosynthesis|Phospholipid metabolism|MECP2 and associated Rett syndrome|GPCR downstream signalling|Orexin receptor pathway,Galactosemia|Glycerophospholipid metabolism|most pathway|galactose metabolism|capture pathway,5,1915,925.1947402004153,timeout_in_feedback_loop,RAMP_P_000000398,Galactose Metabolism,kegg,3,6,5,0.5454545454545454,11,RAMP_P_000000398,Galactose Metabolism,kegg,3,6,5,0.5454545454545454,11,0.9999999832245212,0.5274823902606672,-0.472517592963854,True,False
d3_llm_single_with_lit,D3,,single,with_lit_pass,compound_only_enrich_mammalian_RAMP_P_000000398_seed1,Galactose Metabolism,RAMP_P_000000398,kegg,represented pathway,False,False,0.3966293751246893,Galactose Metabolism,0.3966293751246893,2.0,Biochemical pathways: part I,0.5910001248347854,4.0,False,False,False,Galactosemia|Galactose Metabolism|Galactose Metabolism,Galactosemia|Galactose Metabolism|Galactose Metabolism|Biochemical pathways: part I|Glycerophospholipid biosynthesis|Phospholipid metabolism|GPCR downstream signalling|Signaling by GPCR|Signal Transduction|Digestion,represented pathway|galactose catabolism|galactose metabolism|carbon metabolism|phospholipid metabolism|inositol signaling|galactose pathway,7,2410,30.597693670541048,,RAMP_P_000000398,Galactose Metabolism,kegg,3,5,2,0.7142857142857143,7,d3_metagent_with_lit,D3,,feedback,with_lit,Galactose Metabolism,RAMP_P_000000398,kegg,galactose metabolism,True,True,0.9999999832245212,Galactose Metabolism,0.9999999832245212,2.0,Galactose Metabolism,0.9999999832245212,2.0,True,True,True,Galactosemia|Galactose Metabolism|Galactose Metabolism,Galactosemia|Galactose Metabolism|Galactose Metabolism|Biochemical pathways: part I|Glycerophospholipid biosynthesis|Phospholipid metabolism|GPCR downstream signalling|Signaling by GPCR|Signal Transduction|Digestion,galactose metabolism|Galactosemia|within pathway|Within galactose metabolism|phosphate metabolism|glycerolipid metabolism,6,2530,575.0356784593314,,RAMP_P_000000398,Galactose Metabolism,kegg,3,5,2,0.7142857142857143,7,RAMP_P_000000398,Galactose Metabolism,kegg,3,5,2,0.7142857142857143,7,0.3966293751246893,0.9999999832245212,0.6033706080998319,False,True
d3_llm_single_with_lit,D3,,single,with_lit_pass,compound_only_enrich_mammalian_RAMP_P_000000398_seed2,Galactose Metabolism,RAMP_P_000000398,kegg,Phospholipid metabolism,False,False,0.547304555084189,Galactose Metabolism,0.547304555084189,2.0,Phospholipid metabolism,1.000000018668042,7.0,False,False,True,Galactosemia|Galactose Metabolism|Galactose Metabolism,"Galactosemia|Galactose Metabolism|Galactose Metabolism|Biochemical pathways: part I|Glycerophospholipid biosynthetic pathway|Glycerophospholipid biosynthesis|Phospholipid metabolism|Trans-sulfuration, one-carbon metabolism and related pathways|Phosphatidylethanolamine Biosynthesis|Phosphatidylcholine Biosynthesis",Phospholipid metabolism|acid catabolism|isoleucine degradation|increased catabolism|Galactose metabolism|inositol signaling|raffinose pathway|sugar metabolism,8,2124,32.75126801803708,,RAMP_P_000000398,Galactose Metabolism,kegg,3,5,5,0.5,10,d3_metagent_with_lit,D3,,feedback,with_lit,Galactose Metabolism,RAMP_P_000000398,kegg,galactose metabolism,True,True,0.9999999832245212,Galactose Metabolism,0.9999999832245212,2.0,Galactose Metabolism,0.9999999832245212,2.0,True,True,True,Galactosemia|Galactose Metabolism|Galactose Metabolism,"Galactosemia|Galactose Metabolism|Galactose Metabolism|Biochemical pathways: part I|Glycerophospholipid biosynthetic pathway|Glycerophospholipid biosynthesis|Phospholipid metabolism|Trans-sulfuration, one-carbon metabolism and related pathways|Phosphatidylethanolamine Biosynthesis|Phosphatidylcholine Biosynthesis",galactose metabolism|Galactosemia|KEGG Galactose Metabolism pathway|high-confidence pathway|available pathway,5,1870,883.0263066366315,,RAMP_P_000000398,Galactose Metabolism,kegg,3,5,5,0.5,10,RAMP_P_000000398,Galactose Metabolism,kegg,3,5,5,0.5,10,0.547304555084189,0.9999999832245212,0.45269542814033226,False,True
d3_llm_single_with_lit,D3,,single,with_lit_pass,compound_only_enrich_mammalian_RAMP_P_000000398_seed3,Galactose Metabolism,RAMP_P_000000398,kegg,sucrose catabolism,False,False,0.4013742157718575,Galactosemia,0.4755550581457646,1.0,Galactosemia,0.4755550581457646,1.0,False,False,False,Galactosemia|Galactose Metabolism|Galactose Metabolism,Galactosemia|Galactose Metabolism|Galactose Metabolism|Biochemical pathways: part I|Metabolism|Aspirin ADME|Metabolism of lipids|Drug ADME|Disease|Orexin receptor pathway,sucrose catabolism|family metabolism|phosphate signaling|glycerolipid biosynthesis|II metabolism|carbon catabolism|Leloir pathway|nucleotide biosynthesis|mediated signalling|carbon metabolism|inositol signalling|pyrimidine biosynthesis,12,4232,89.18767768144608,,RAMP_P_000000398,Galactose Metabolism,kegg,3,6,5,0.5454545454545454,11,d3_metagent_with_lit,D3,,feedback,with_lit,Galactose Metabolism,RAMP_P_000000398,kegg,Galactosemia,False,True,0.5274823902606672,Galactosemia,1.0000001034393806,1.0,Galactosemia,1.0000001034393806,1.0,False,True,True,Galactosemia|Galactose Metabolism|Galactose Metabolism,Galactosemia|Galactose Metabolism|Galactose Metabolism|Biochemical pathways: part I|Metabolism|Aspirin ADME|Metabolism of lipids|Drug ADME|Disease|Orexin receptor pathway,Galactosemia|Disease|phospholipid metabolism|carbohydrate metabolism|galactose metabolism|current pathway,6,2112,579.2709703482687,,RAMP_P_000000398,Galactose Metabolism,kegg,3,6,5,0.5454545454545454,11,RAMP_P_000000398,Galactose Metabolism,kegg,3,6,5,0.5454545454545454,11,0.4013742157718575,0.5274823902606672,0.12610817448880973,False,False
d3_llm_single_with_lit,D3,,single,with_lit_pass,compound_only_enrich_mammalian_RAMP_P_000000398_seed4,Galactose Metabolism,RAMP_P_000000398,kegg,indicated pathway,False,False,0.2518544381132927,Galactosemia,0.2832985259035802,1.0,Biochemical pathways: part I,0.6226851273188149,4.0,False,False,False,Galactosemia|Galactose Metabolism|Galactose Metabolism,"Galactosemia|Galactose Metabolism|Galactose Metabolism|Biochemical pathways: part I|Disease|Orexin receptor pathway|Glucocorticoid biosynthesis|Starch and sucrose metabolism|Transport of bile salts and organic acids, metal ions and amine compounds|Metabolism",indicated pathway|galactose metabolism|polyol pathway|response signaling|acid metabolism|pyrimidine catabolism|lysine degradation|osmoprotectant biosynthesis|carbohydrate metabolism|RFO biosynthesis,10,2091,28.302819319069386,,RAMP_P_000000398,Galactose Metabolism,kegg,3,5,5,0.5,10,d3_metagent_with_lit,D3,,feedback,with_lit,Galactose Metabolism,RAMP_P_000000398,kegg,Galactosemia,False,True,0.5274823902606672,Galactosemia,1.0000001034393806,1.0,Galactosemia,1.0000001034393806,1.0,False,True,True,Galactosemia|Galactose Metabolism|Galactose Metabolism,"Galactosemia|Galactose Metabolism|Galactose Metabolism|Biochemical pathways: part I|Disease|Orexin receptor pathway|Glucocorticoid biosynthesis|Starch and sucrose metabolism|Transport of bile salts and organic acids, metal ions and amine compounds|Metabolism",Galactosemia|Biochemical pathways: part I|phospholipid signaling|Disease|galactose metabolism|Leloir pathway,6,1668,1507.0317925214767,,RAMP_P_000000398,Galactose Metabolism,kegg,3,5,5,0.5,10,RAMP_P_000000398,Galactose Metabolism,kegg,3,5,5,0.5,10,0.2518544381132927,0.5274823902606672,0.2756279521473745,False,False
d3_llm_single_with_lit,D3,,single,with_lit_pass,compound_only_enrich_mammalian_RAMP_P_000000398_seed5,Galactose Metabolism,RAMP_P_000000398,kegg,energy metabolism,False,False,0.5000395398268946,Galactose Metabolism,0.5000395398268946,2.0,Glucose homeostasis,0.6249722752086682,9.0,False,False,False,Galactosemia|Galactose Metabolism|Galactose Metabolism,Galactosemia|Galactose Metabolism|Galactose Metabolism|Biochemical pathways: part I|MECP2 and associated Rett syndrome|GPCR downstream signalling|Orexin receptor pathway|Signaling by GPCR|Glucose homeostasis|Transport of small molecules,energy metabolism|inositol signaling|phosphate signaling|lipoxygenase pathway|reshapes signaling|oligosaccharide biosynthesis|phospholipid biosynthesis|phosphoinositide signaling,8,3609,80.19946812465787,,RAMP_P_000000398,Galactose Metabolism,kegg,3,5,2,0.7142857142857143,7,d3_metagent_with_lit,D3,,feedback,with_lit,Galactose Metabolism,RAMP_P_000000398,kegg,galactose metabolism,True,True,0.9999999832245212,Galactose Metabolism,0.9999999832245212,2.0,Galactose Metabolism,0.9999999832245212,2.0,True,True,True,Galactosemia|Galactose Metabolism|Galactose Metabolism,Galactosemia|Galactose Metabolism|Galactose Metabolism|Biochemical pathways: part I|MECP2 and associated Rett syndrome|GPCR downstream signalling|Orexin receptor pathway|Signaling by GPCR|Glucose homeostasis|Transport of small molecules,galactose metabolism|Galactosemia|same pathway|Leloir pathway|galactose pathway|carbohydrate metabolism|sugar metabolism|galactinol pathway,8,2479,684.0400909576565,,RAMP_P_000000398,Galactose Metabolism,kegg,3,5,2,0.7142857142857143,7,RAMP_P_000000398,Galactose Metabolism,kegg,3,5,2,0.7142857142857143,7,0.5000395398268946,0.9999999832245212,0.4999604433976266,False,True
d3_llm_single_with_lit,D3,,single,with_lit_pass,compound_only_enrich_mammalian_RAMP_P_000000398_seed6,Galactose Metabolism,RAMP_P_000000398,kegg,phosphate signaling,False,False,0.3472541872036763,Galactose Metabolism,0.3472541872036763,2.0,Biochemical pathways: part I,0.5481599685056103,4.0,False,False,False,Galactosemia|Galactose Metabolism|Galactose Metabolism,Galactosemia|Galactose Metabolism|Galactose Metabolism|Biochemical pathways: part I|Metabolic epileptic disorders|ADHD and autism (ASD) pathways|Metabolism|Transport of small molecules|Glycerophospholipid biosynthetic pathway|Vitamin B12 metabolism,phosphate signaling|RFO biosynthesis|TCA cycle|phosphoinositide signaling|galactose metabolism|carbon metabolism,6,3186,76.79800918884575,,RAMP_P_000000398,Galactose Metabolism,kegg,3,6,4,0.6,10,d3_metagent_with_lit,D3,,feedback,with_lit,Galactose Metabolism,RAMP_P_000000398,kegg,Galactosemia,False,True,0.5274823902606672,Galactosemia,1.0000001034393806,1.0,Galactosemia,1.0000001034393806,1.0,False,True,True,Galactosemia|Galactose Metabolism|Galactose Metabolism,Galactosemia|Galactose Metabolism|Galactose Metabolism|Biochemical pathways: part I|Metabolic epileptic disorders|ADHD and autism (ASD) pathways|Metabolism|Transport of small molecules|Glycerophospholipid biosynthetic pathway|Vitamin B12 metabolism,Galactosemia|sugar metabolism|sulfur-amino-acid metabolism|Leloir pathway|methionine metabolism|TCA cycle|SAH metabolism|energy metabolism|lipid signaling|galactose metabolism,10,2934,715.054224262014,,RAMP_P_000000398,Galactose Metabolism,kegg,3,6,4,0.6,10,RAMP_P_000000398,Galactose Metabolism,kegg,3,6,4,0.6,10,0.3472541872036763,0.5274823902606672,0.18022820305699094,False,False
d3_llm_single_with_lit,D3,,single,with_lit_pass,compound_only_enrich_mammalian_RAMP_P_000000398_seed7,Galactose Metabolism,RAMP_P_000000398,kegg,Galactose metabolism,True,True,0.9999999675920972,Galactose Metabolism,0.9999999675920972,2.0,Galactose Metabolism,0.9999999675920972,2.0,True,True,True,Galactosemia|Galactose Metabolism|Galactose Metabolism,Galactosemia|Galactose Metabolism|Galactose Metabolism|Biochemical pathways: part I|Orexin receptor pathway|Glucose homeostasis|Transport of small molecules|Digestion|Digestion and absorption|Starch and sucrose metabolism,Galactose metabolism|myo-Inositol metabolism|phospholipid signaling|polyol pathway|inositol metabolism|Galactose pathway|are pathway|carbohydrate metabolism|Elevated galactose pathway|sugar metabolism|endogenous metabolism,11,2035,46.06992435641587,,RAMP_P_000000398,Galactose Metabolism,kegg,3,6,3,0.6666666666666666,9,d3_metagent_with_lit,D3,,feedback,with_lit,Galactose Metabolism,RAMP_P_000000398,kegg,Galactosemia,False,True,0.5274823902606672,Galactosemia,1.0000001034393806,1.0,Galactosemia,1.0000001034393806,1.0,False,True,True,Galactosemia|Galactose Metabolism|Galactose Metabolism,Galactosemia|Galactose Metabolism|Galactose Metabolism|Biochemical pathways: part I|Orexin receptor pathway|Glucose homeostasis|Transport of small molecules|Digestion|Digestion and absorption|Starch and sucrose metabolism,Galactosemia|third pathway|Biochemical pathways: part I|Orexin receptor pathway|galactose metabolism|sugar biosynthesis,6,2418,1024.948409199715,timeout_in_feedback_loop,RAMP_P_000000398,Galactose Metabolism,kegg,3,6,3,0.6666666666666666,9,RAMP_P_000000398,Galactose Metabolism,kegg,3,6,3,0.6666666666666666,9,0.9999999675920972,0.5274823902606672,-0.47251757733142996,True,False
d3_llm_single_with_lit,D3,,single,with_lit_pass,compound_only_enrich_mammalian_RAMP_P_000000398_seed8,Galactose Metabolism,RAMP_P_000000398,kegg,Galactose metabolism,True,True,0.9999999675920972,Galactose Metabolism,0.9999999675920972,2.0,Galactose Metabolism,0.9999999675920972,2.0,True,True,True,Galactosemia|Galactose Metabolism|Galactose Metabolism,Galactosemia|Galactose Metabolism|Galactose Metabolism|Biochemical pathways: part I|Orexin receptor pathway|Glucose homeostasis|Signaling by GPCR|Digestion|Digestion and absorption|Signal Transduction,Galactose metabolism|indicated pathway|Leloir pathway|carbon metabolism|galactose pathway|Elevated galactose pathway|carbohydrate metabolism|Glucose homeostasis|thyroid-mediated metabolism,9,1951,32.75071498192847,,RAMP_P_000000398,Galactose Metabolism,kegg,3,6,4,0.6,10,d3_metagent_with_lit,D3,,feedback,with_lit,Galactose Metabolism,RAMP_P_000000398,kegg,Galactosemia,False,True,0.5274823902606672,Galactosemia,1.0000001034393806,1.0,Galactosemia,1.0000001034393806,1.0,False,True,True,Galactosemia|Galactose Metabolism|Galactose Metabolism,Galactosemia|Galactose Metabolism|Galactose Metabolism|Biochemical pathways: part I|Orexin receptor pathway|Glucose homeostasis|Signaling by GPCR|Digestion|Digestion and absorption|Signal Transduction,Galactosemia|significant pathway|second-ranked pathway|galactose metabolism|Leloir pathway|enriched pathway,6,2292,983.293063113466,,RAMP_P_000000398,Galactose Metabolism,kegg,3,6,4,0.6,10,RAMP_P_000000398,Galactose Metabolism,kegg,3,6,4,0.6,10,0.9999999675920972,0.5274823902606672,-0.47251757733142996,True,False
d3_llm_single_with_lit,D3,,single,with_lit_pass,compound_only_enrich_mammalian_RAMP_P_000000398_seed9,Galactose Metabolism,RAMP_P_000000398,kegg,carbohydrate metabolism,False,False,0.7131519530487261,Galactose Metabolism,0.7131519530487261,2.0,Galactose Metabolism,0.7131519530487261,2.0,False,False,False,Galactosemia|Galactose Metabolism|Galactose Metabolism,Galactosemia|Galactose Metabolism|Galactose Metabolism|Biochemical pathways: part I|Polyol pathway|Disorders of fructose metabolism|Orexin receptor pathway|Glucose homeostasis|Digestion|Digestion and absorption,carbohydrate metabolism|Fructose metabolism|fructolysis pathway|nucleotide metabolism|utilization pathway|Bridges lipid metabolism|oligosaccharide metabolism,7,2055,24.57576562091708,,RAMP_P_000000398,Galactose Metabolism,kegg,3,5,2,0.7142857142857143,7,d3_metagent_with_lit,D3,,feedback,with_lit,Galactose Metabolism,RAMP_P_000000398,kegg,Galactosemia,False,True,0.5274823902606672,Galactosemia,1.0000001034393806,1.0,Galactosemia,1.0000001034393806,1.0,False,True,True,Galactosemia|Galactose Metabolism|Galactose Metabolism,Galactosemia|Galactose Metabolism|Galactose Metabolism|Biochemical pathways: part I|Polyol pathway|Disorders of fructose metabolism|Orexin receptor pathway|Glucose homeostasis|Digestion|Digestion and absorption,Galactosemia|top-ranked pathway|ranked pathway|galactose metabolism|galactose pathway|polyol pathway|fructose metabolism|pyrimidine metabolism|sugar metabolism|polyol shunt|nucleotide metabolism|distinct pathway,12,2011,959.3739010933788,timeout_in_feedback_loop,RAMP_P_000000398,Galactose Metabolism,kegg,3,5,2,0.7142857142857143,7,RAMP_P_000000398,Galactose Metabolism,kegg,3,5,2,0.7142857142857143,7,0.7131519530487261,0.5274823902606672,-0.1856695627880589,False,False
d3_llm_single_with_lit,D3,,single,with_lit_pass,compound_only_enrich_mammalian_RAMP_P_000000421_seed1,Androgen and Estrogen Metabolism,RAMP_P_000000421,kegg,hormone biosynthesis,False,False,0.4084007475140673,Androgen and Estrogen Metabolism,0.4084007475140673,2.0,Steroid biosynthesis,0.7274868537395643,6.0,False,False,False,17-Beta Hydroxysteroid Dehydrogenase III Deficiency|Androgen and Estrogen Metabolism|Androgen and Estrogen Metabolism,17-Beta Hydroxysteroid Dehydrogenase III Deficiency|Androgen and Estrogen Metabolism|Androgen and Estrogen Metabolism|Aromatase deficiency|Metabolism of steroid hormones|Steroid biosynthesis|Androgen receptor network in prostate cancer|Sulfatase and aromatase pathway|Male steroid hormones in cardiomyocyte energy metabolism|Cancer pathways,hormone biosynthesis|catecholamine metabolism|norepinephrine degradation|oxidative metabolism|K pathway,5,2091,32.126323360949755,,RAMP_P_000000421,Androgen and Estrogen Metabolism,kegg,3,6,2,0.75,8,d3_metagent_with_lit,D3,,feedback,with_lit,Androgen and Estrogen Metabolism,RAMP_P_000000421,kegg,Androgen and Estrogen Metabolism,True,True,0.999999899513863,Androgen and Estrogen Metabolism,0.999999899513863,2.0,Androgen and Estrogen Metabolism,0.999999899513863,2.0,True,True,True,17-Beta Hydroxysteroid Dehydrogenase III Deficiency|Androgen and Estrogen Metabolism|Androgen and Estrogen Metabolism,17-Beta Hydroxysteroid Dehydrogenase III Deficiency|Androgen and Estrogen Metabolism|Androgen and Estrogen Metabolism|Aromatase deficiency|Metabolism of steroid hormones|Steroid biosynthesis|Androgen receptor network in prostate cancer|Sulfatase and aromatase pathway|Male steroid hormones in cardiomyocyte energy metabolism|Cancer pathways,Androgen and Estrogen Metabolism|top-enriched pathway|Estrogen Metabolism pathway|Tyrosine metabolism,4,2081,1104.706550097093,,RAMP_P_000000421,Androgen and Estrogen Metabolism,kegg,3,6,2,0.75,8,RAMP_P_000000421,Androgen and Estrogen Metabolism,kegg,3,6,2,0.75,8,0.4084007475140673,0.999999899513863,0.5915991519997957,False,True
d3_llm_single_with_lit,D3,,single,with_lit_pass,compound_only_enrich_mammalian_RAMP_P_000000421_seed2,Androgen and Estrogen Metabolism,RAMP_P_000000421,kegg,tryptophan degradation,False,False,0.23417861049704,Androgen and Estrogen Metabolism,0.23417861049704,2.0,Biochemical pathways: part I,0.3042047266362155,10.0,False,False,False,17-Beta Hydroxysteroid Dehydrogenase III Deficiency|Androgen and Estrogen Metabolism|Androgen and Estrogen Metabolism,17-Beta Hydroxysteroid Dehydrogenase III Deficiency|Androgen and Estrogen Metabolism|Androgen and Estrogen Metabolism|Aromatase deficiency|Cancer pathways|Classical pathway of steroidogenesis with glucocorticoid and mineralocorticoid metabolism|Metabolism of steroid hormones|Steroid biosynthesis|Androgen receptor network in prostate cancer|Biochemical pathways: part I,tryptophan degradation|The steroidogenesis pathway|conversion pathway|DHEA metabolism|kynurenine pathway|stress-responsive metabolism,6,1961,31.55183711834252,,RAMP_P_000000421,Androgen and Estrogen Metabolism,kegg,3,5,5,0.5,10,d3_metagent_with_lit,D3,,feedback,with_lit,Androgen and Estrogen Metabolism,RAMP_P_000000421,kegg,Androgen and Estrogen Metabolism,True,True,0.999999899513863,Androgen and Estrogen Metabolism,0.999999899513863,2.0,Androgen and Estrogen Metabolism,0.999999899513863,2.0,True,True,True,17-Beta Hydroxysteroid Dehydrogenase III Deficiency|Androgen and Estrogen Metabolism|Androgen and Estrogen Metabolism,17-Beta Hydroxysteroid Dehydrogenase III Deficiency|Androgen and Estrogen Metabolism|Androgen and Estrogen Metabolism|Aromatase deficiency|Cancer pathways|Classical pathway of steroidogenesis with glucocorticoid and mineralocorticoid metabolism|Metabolism of steroid hormones|Steroid biosynthesis|Androgen receptor network in prostate cancer|Biochemical pathways: part I,Androgen and Estrogen Metabolism|Estrogen Metabolism pathway,2,1436,1731.6692308820784,,RAMP_P_000000421,Androgen and Estrogen Metabolism,kegg,3,5,5,0.5,10,RAMP_P_000000421,Androgen and Estrogen Metabolism,kegg,3,5,5,0.5,10,0.23417861049704,0.999999899513863,0.765821289016823,False,True
d3_llm_single_with_lit,D3,,single,with_lit_pass,compound_only_enrich_mammalian_RAMP_P_000000421_seed3,Androgen and Estrogen Metabolism,RAMP_P_000000421,kegg,hormone biosynthesis,False,False,0.4084007475140673,Androgen and Estrogen Metabolism,0.4084007475140673,2.0,Steroid biosynthesis,0.7274868537395643,6.0,False,False,False,17-Beta Hydroxysteroid Dehydrogenase III Deficiency|Androgen and Estrogen Metabolism|Androgen and Estrogen Metabolism,17-Beta Hydroxysteroid Dehydrogenase III Deficiency|Androgen and Estrogen Metabolism|Androgen and Estrogen Metabolism|Aromatase deficiency|Metabolism of steroid hormones|Steroid biosynthesis|Androgen receptor network in prostate cancer|Sulfatase and aromatase pathway|Male steroid hormones in cardiomyocyte energy metabolism|Cancer pathways,hormone biosynthesis|Androgen and Estrogen Metabolism|estrogen metabolism|androgen pathway|estrogen pathway|Creatine biosynthesis|glycine metabolism|Amino sugar metabolism|less-connected pathway|arginine metabolism,10,1909,30.085646584630013,,RAMP_P_000000421,Androgen and Estrogen Metabolism,kegg,3,5,2,0.7142857142857143,7,d3_metagent_with_lit,D3,,feedback,with_lit,Androgen and Estrogen Metabolism,RAMP_P_000000421,kegg,Androgen and Estrogen Metabolism,True,True,0.999999899513863,Androgen and Estrogen Metabolism,0.999999899513863,2.0,Androgen and Estrogen Metabolism,0.999999899513863,2.0,True,True,True,17-Beta Hydroxysteroid Dehydrogenase III Deficiency|Androgen and Estrogen Metabolism|Androgen and Estrogen Metabolism,17-Beta Hydroxysteroid Dehydrogenase III Deficiency|Androgen and Estrogen Metabolism|Androgen and Estrogen Metabolism|Aromatase deficiency|Metabolism of steroid hormones|Steroid biosynthesis|Androgen receptor network in prostate cancer|Sulfatase and aromatase pathway|Male steroid hormones in cardiomyocyte energy metabolism|Cancer pathways,Androgen and Estrogen Metabolism|glycoprotein metabolism|estrogenic signaling|enhanced biosynthesis,4,2420,1298.45067938976,timeout_in_feedback_loop,RAMP_P_000000421,Androgen and Estrogen Metabolism,kegg,3,5,2,0.7142857142857143,7,RAMP_P_000000421,Androgen and Estrogen Metabolism,kegg,3,5,2,0.7142857142857143,7,0.4084007475140673,0.999999899513863,0.5915991519997957,False,True
d3_llm_single_with_lit,D3,,single,with_lit_pass,compound_only_enrich_mammalian_RAMP_P_000000421_seed4,Androgen and Estrogen Metabolism,RAMP_P_000000421,kegg,Steroid hormone biosynthesis,False,False,0.5587973975371037,Androgen and Estrogen Metabolism,0.5587973975371037,2.0,Steroid biosynthesis,0.9680624188544078,6.0,False,False,True,17-Beta Hydroxysteroid Dehydrogenase III Deficiency|Androgen and Estrogen Metabolism|Androgen and Estrogen Metabolism,17-Beta Hydroxysteroid Dehydrogenase III Deficiency|Androgen and Estrogen Metabolism|Androgen and Estrogen Metabolism|Aromatase deficiency|Metabolism of steroid hormones|Steroid biosynthesis|Androgen receptor network in prostate cancer|Sulfatase and aromatase pathway|Metabolism|Male steroid hormones in cardiomyocyte energy metabolism,Steroid hormone biosynthesis|purine catabolism|I metabolism|glutathione metabolism|sugar metabolism|steroid pathway|lipid metabolism|steroid metabolism,8,3740,69.53899392299354,,RAMP_P_000000421,Androgen and Estrogen Metabolism,kegg,3,6,4,0.6,10,d3_metagent_with_lit,D3,,feedback,with_lit,Androgen and Estrogen Metabolism,RAMP_P_000000421,kegg,Androgen and Estrogen Metabolism,True,True,0.999999899513863,Androgen and Estrogen Metabolism,0.999999899513863,2.0,Androgen and Estrogen Metabolism,0.999999899513863,2.0,True,True,True,17-Beta Hydroxysteroid Dehydrogenase III Deficiency|Androgen and Estrogen Metabolism|Androgen and Estrogen Metabolism,17-Beta Hydroxysteroid Dehydrogenase III Deficiency|Androgen and Estrogen Metabolism|Androgen and Estrogen Metabolism|Aromatase deficiency|Metabolism of steroid hormones|Steroid biosynthesis|Androgen receptor network in prostate cancer|Sulfatase and aromatase pathway|Metabolism|Male steroid hormones in cardiomyocyte energy metabolism,Androgen and Estrogen Metabolism|Estrogen Metabolism pathway|androgen metabolism|top-ranked pathway|top-enriched pathway,5,1756,933.8763861265032,,RAMP_P_000000421,Androgen and Estrogen Metabolism,kegg,3,6,4,0.6,10,RAMP_P_000000421,Androgen and Estrogen Metabolism,kegg,3,6,4,0.6,10,0.5587973975371037,0.999999899513863,0.44120250197675936,False,True
d3_llm_single_with_lit,D3,,single,with_lit_pass,compound_only_enrich_mammalian_RAMP_P_000000421_seed5,Androgen and Estrogen Metabolism,RAMP_P_000000421,kegg,Steroid hormone biosynthesis,False,False,0.5587973975371037,Androgen and Estrogen Metabolism,0.5587973975371037,2.0,Steroid biosynthesis,0.9680624188544078,6.0,False,False,True,17-Beta Hydroxysteroid Dehydrogenase III Deficiency|Androgen and Estrogen Metabolism|Androgen and Estrogen Metabolism,17-Beta Hydroxysteroid Dehydrogenase III Deficiency|Androgen and Estrogen Metabolism|Androgen and Estrogen Metabolism|Aromatase deficiency|Metabolism of steroid hormones|Steroid biosynthesis|Androgen receptor network in prostate cancer|Sulfatase and aromatase pathway|Male steroid hormones in cardiomyocyte energy metabolism|Biological oxidations,Steroid hormone biosynthesis|methylation metabolism|Polyamine metabolism|hormone pathway|tryptophan metabolism|endocrine signaling|androgen pathway|donation cycle,8,1848,41.23053348995745,,RAMP_P_000000421,Androgen and Estrogen Metabolism,kegg,3,5,3,0.625,8,d3_metagent_with_lit,D3,,feedback,with_lit,Androgen and Estrogen Metabolism,RAMP_P_000000421,kegg,actual pathway,False,False,0.4216159542824285,Androgen and Estrogen Metabolism,0.4216159542824285,2.0,Sulfatase and aromatase pathway,0.4974481363905934,8.0,False,False,False,17-Beta Hydroxysteroid Dehydrogenase III Deficiency|Androgen and Estrogen Metabolism|Androgen and Estrogen Metabolism,17-Beta Hydroxysteroid Dehydrogenase III Deficiency|Androgen and Estrogen Metabolism|Androgen and Estrogen Metabolism|Aromatase deficiency|Metabolism of steroid hormones|Steroid biosynthesis|Androgen receptor network in prostate cancer|Sulfatase and aromatase pathway|Male steroid hormones in cardiomyocyte energy metabolism|Biological oxidations,actual pathway|Androgen and Estrogen Metabolism|Metabolism of steroid hormones|estrogen pathway|proline metabolism|polyamine biosynthesis|methylation cycle,7,4113,1366.4471434876325,,RAMP_P_000000421,Androgen and Estrogen Metabolism,kegg,3,5,3,0.625,8,RAMP_P_000000421,Androgen and Estrogen Metabolism,kegg,3,5,3,0.625,8,0.5587973975371037,0.4216159542824285,-0.13718144325467518,False,False
d3_llm_single_with_lit,D3,,single,with_lit_pass,compound_only_enrich_mammalian_RAMP_P_000000421_seed6,Androgen and Estrogen Metabolism,RAMP_P_000000421,kegg,hormone biosynthesis,False,False,0.4084007475140673,Androgen and Estrogen Metabolism,0.4084007475140673,2.0,Steroid biosynthesis,0.7274868537395643,8.0,False,False,False,17-Beta Hydroxysteroid Dehydrogenase III Deficiency|Androgen and Estrogen Metabolism|Androgen and Estrogen Metabolism,17-Beta Hydroxysteroid Dehydrogenase III Deficiency|Androgen and Estrogen Metabolism|Androgen and Estrogen Metabolism|Aromatase deficiency|Cancer pathways|Classical pathway of steroidogenesis with glucocorticoid and mineralocorticoid metabolism|Metabolism of steroid hormones|Steroid biosynthesis|Androgen receptor network in prostate cancer|Sulfatase and aromatase pathway,hormone biosynthesis|estrogen biosynthesis|core pathway,3,2812,50.48412064276636,,RAMP_P_000000421,Androgen and Estrogen Metabolism,kegg,3,5,2,0.7142857142857143,7,d3_metagent_with_lit,D3,,feedback,with_lit,Androgen and Estrogen Metabolism,RAMP_P_000000421,kegg,Androgen and Estrogen Metabolism,True,True,0.999999899513863,Androgen and Estrogen Metabolism,0.999999899513863,2.0,Androgen and Estrogen Metabolism,0.999999899513863,2.0,True,True,True,17-Beta Hydroxysteroid Dehydrogenase III Deficiency|Androgen and Estrogen Metabolism|Androgen and Estrogen Metabolism,17-Beta Hydroxysteroid Dehydrogenase III Deficiency|Androgen and Estrogen Metabolism|Androgen and Estrogen Metabolism|Aromatase deficiency|Cancer pathways|Classical pathway of steroidogenesis with glucocorticoid and mineralocorticoid metabolism|Metabolism of steroid hormones|Steroid biosynthesis|Androgen receptor network in prostate cancer|Sulfatase and aromatase pathway,Androgen and Estrogen Metabolism|Metabolism of steroid hormones|Classical pathway|Classical pathway of steroidogenesis with glucocorticoid and mineralocorticoid metabolism|mineralocorticoid metabolism|steroid biosynthesis|receptor signalling|same pathway|steroid pathway|glucose metabolism,10,2662,1004.5312140993774,,RAMP_P_000000421,Androgen and Estrogen Metabolism,kegg,3,5,2,0.7142857142857143,7,RAMP_P_000000421,Androgen and Estrogen Metabolism,kegg,3,5,2,0.7142857142857143,7,0.4084007475140673,0.999999899513863,0.5915991519997957,False,True
d3_llm_single_with_lit,D3,,single,with_lit_pass,compound_only_enrich_mammalian_RAMP_P_000000421_seed8,Androgen and Estrogen Metabolism,RAMP_P_000000421,kegg,hormone biosynthesis,False,False,0.4084007475140673,Androgen and Estrogen Metabolism,0.4084007475140673,2.0,Steroid biosynthesis,0.7274868537395643,6.0,False,False,False,17-Beta Hydroxysteroid Dehydrogenase III Deficiency|Androgen and Estrogen Metabolism|Androgen and Estrogen Metabolism,17-Beta Hydroxysteroid Dehydrogenase III Deficiency|Androgen and Estrogen Metabolism|Androgen and Estrogen Metabolism|Aromatase deficiency|Metabolism of steroid hormones|Steroid biosynthesis|Androgen receptor network in prostate cancer|Sulfatase and aromatase pathway|Male steroid hormones in cardiomyocyte energy metabolism|Biochemical pathways: part I,hormone biosynthesis|compound metabolism|Neurosteroid signaling|lipid metabolism|steroid metabolism,5,1837,36.2468580622226,,RAMP_P_000000421,Androgen and Estrogen Metabolism,kegg,3,6,5,0.5454545454545454,11,d3_metagent_with_lit,D3,,feedback,with_lit,Androgen and Estrogen Metabolism,RAMP_P_000000421,kegg,Androgen and Estrogen Metabolism,True,True,0.999999899513863,Androgen and Estrogen Metabolism,0.999999899513863,2.0,Androgen and Estrogen Metabolism,0.999999899513863,2.0,True,True,True,17-Beta Hydroxysteroid Dehydrogenase III Deficiency|Androgen and Estrogen Metabolism|Androgen and Estrogen Metabolism,17-Beta Hydroxysteroid Dehydrogenase III Deficiency|Androgen and Estrogen Metabolism|Androgen and Estrogen Metabolism|Aromatase deficiency|Metabolism of steroid hormones|Steroid biosynthesis|Androgen receptor network in prostate cancer|Sulfatase and aromatase pathway|Male steroid hormones in cardiomyocyte energy metabolism|Biochemical pathways: part I,Androgen and Estrogen Metabolism|Metabolism of steroid hormones|hormone biosynthesis|steroid metabolism|positive pathway,5,2790,1189.765427267179,,RAMP_P_000000421,Androgen and Estrogen Metabolism,kegg,3,6,5,0.5454545454545454,11,RAMP_P_000000421,Androgen and Estrogen Metabolism,kegg,3,6,5,0.5454545454545454,11,0.4084007475140673,0.999999899513863,0.5915991519997957,False,True
d3_llm_single_with_lit,D3,,single,with_lit_pass,compound_only_enrich_mammalian_RAMP_P_000025682_seed2,Celecoxib Action Pathway,RAMP_P_000025682,smpdb,Arachidonic acid metabolism,False,False,0.4949842324387699,Celecoxib Action Pathway,0.4949842324387699,1.0,Acetaminophen  Action Pathway,0.5641821926270179,7.0,False,False,False,Celecoxib Action Pathway|Ibuprofen Action Pathway|Leukotriene C4 Synthesis Deficiency,Celecoxib Action Pathway|Ibuprofen Action Pathway|Leukotriene C4 Synthesis Deficiency|Rofecoxib Action Pathway|Salicylate-sodium Action Pathway|Trisalicylate-choline Action Pathway|Acetaminophen  Action Pathway|Acetylsalicylic Acid Action Pathway|Antipyrine Action Pathway|Antrafenine Action Pathway,Arachidonic acid metabolism|Lipoxygenase pathway|Cytochrome P450 pathway|Cyclooxygenase pathway|Retinoid signaling|Purine metabolism|One-carbon metabolism|P450-mediated metabolism|coordinated pathway,9,1876,58.92017243243754,,RAMP_P_000025682,Celecoxib Action Pathway,smpdb,1,5,5,0.5,10,d3_metagent_with_lit,D3,,feedback,with_lit,Celecoxib Action Pathway,RAMP_P_000025682,smpdb,Celecoxib Action Pathway,True,True,1.0000001189568997,Celecoxib Action Pathway,1.0000001189568997,1.0,Celecoxib Action Pathway,1.0000001189568997,1.0,True,True,True,Celecoxib Action Pathway|Ibuprofen Action Pathway|Leukotriene C4 Synthesis Deficiency,Celecoxib Action Pathway|Ibuprofen Action Pathway|Leukotriene C4 Synthesis Deficiency|Rofecoxib Action Pathway|Salicylate-sodium Action Pathway|Trisalicylate-choline Action Pathway|Acetaminophen  Action Pathway|Acetylsalicylic Acid Action Pathway|Antipyrine Action Pathway|Antrafenine Action Pathway,Celecoxib Action Pathway|Pyrimidine metabolism|RA biosynthesis pathway|Purinergic signaling|dysregulated pathway|acid metabolism|methylation pathway,7,2453,1234.1385628841815,,RAMP_P_000025682,Celecoxib Action Pathway,smpdb,1,5,5,0.5,10,RAMP_P_000025682,Celecoxib Action Pathway,smpdb,1,5,5,0.5,10,0.4949842324387699,1.0000001189568997,0.5050158865181298,False,True
d3_llm_single_with_lit,D3,,single,with_lit_pass,compound_only_enrich_mammalian_RAMP_P_000050021_seed0,Biological oxidations,RAMP_P_000050021,reactome,xenobiotic metabolism,False,True,0.5229735964197266,Metabolism,0.8217436747704865,2.0,Metabolism,0.8217436747704865,2.0,False,True,True,Biological oxidations|Metabolism|Phase II - Conjugation of compounds,"Biological oxidations|Metabolism|Phase II - Conjugation of compounds|Phase I - Functionalization of compounds|Xenobiotics|Cytochrome P450 - arranged by substrate type|ADHD and autism (ASD) pathways|Glutathione conjugation|Sensory perception of sweet, bitter, and umami (glutamate) taste|Sensory perception of taste",xenobiotic metabolism|secondary pathway|third pathway|tryptophan metabolism|kynurenine pathway|The tryptophan metabolism|feed-forward cycle,7,1990,28.75294341519475,,RAMP_P_000050021,Biological oxidations,reactome,1,6,3,0.6666666666666666,9,d3_metagent_with_lit,D3,,feedback,with_lit,Biological oxidations,RAMP_P_000050021,reactome,Biological oxidations,True,True,0.9999998845904756,Biological oxidations,0.9999998845904756,1.0,Biological oxidations,0.9999998845904756,1.0,True,True,True,Biological oxidations|Metabolism|Phase II - Conjugation of compounds,"Biological oxidations|Metabolism|Phase II - Conjugation of compounds|Phase I - Functionalization of compounds|Xenobiotics|Cytochrome P450 - arranged by substrate type|ADHD and autism (ASD) pathways|Glutathione conjugation|Sensory perception of sweet, bitter, and umami (glutamate) taste|Sensory perception of taste",Biological oxidations|child pathway|Xenobiotics|xenobiotic metabolism|Conjugation pathway|Glutathione conjugation|II metabolism,7,2587,1388.4710425436497,timeout_in_feedback_loop,RAMP_P_000050021,Biological oxidations,reactome,1,6,3,0.6666666666666666,9,RAMP_P_000050021,Biological oxidations,reactome,1,6,3,0.6666666666666666,9,0.5229735964197266,0.9999998845904756,0.477026288170749,False,True
d3_llm_single_with_lit,D3,,single,with_lit_pass,compound_only_enrich_mammalian_RAMP_P_000050021_seed1,Biological oxidations,RAMP_P_000050021,reactome,Phase I metabolism,False,True,0.3358711307646387,Metabolism,0.6657487531315703,2.0,Phase II - Conjugation of compounds,0.6809238288606109,4.0,False,False,False,Biological oxidations|Metabolism|Phase I - Functionalization of compounds,Biological oxidations|Metabolism|Phase I - Functionalization of compounds|Phase II - Conjugation of compounds|Cytochrome P450 - arranged by substrate type|Sensory Perception|Cytosolic sulfonation of small molecules|Xenobiotics|Transport of small molecules|Signaling by Hedgehog,Phase I metabolism|Xenobiotics|xenobiotic metabolism,3,1852,36.07536051794887,,RAMP_P_000050021,Biological oxidations,reactome,1,6,4,0.6,10,d3_metagent_with_lit,D3,,feedback,with_lit,Biological oxidations,RAMP_P_000050021,reactome,xenobiotic metabolism,False,True,0.5229735964197266,Metabolism,0.8217436747704865,2.0,Metabolism,0.8217436747704865,2.0,False,True,True,Biological oxidations|Metabolism|Phase I - Functionalization of compounds,Biological oxidations|Metabolism|Phase I - Functionalization of compounds|Phase II - Conjugation of compounds|Cytochrome P450 - arranged by substrate type|Sensory Perception|Cytosolic sulfonation of small molecules|Xenobiotics|Transport of small molecules|Signaling by Hedgehog,xenobiotic metabolism|top pathway|Biological oxidations,3,2640,915.4711179304868,timeout_in_feedback_loop,RAMP_P_000050021,Biological oxidations,reactome,1,6,4,0.6,10,RAMP_P_000050021,Biological oxidations,reactome,1,6,4,0.6,10,0.3358711307646387,0.5229735964197266,0.18710246565508792,False,False
d3_llm_single_with_lit,D3,,single,with_lit_pass,compound_only_enrich_mammalian_RAMP_P_000050021_seed2,Biological oxidations,RAMP_P_000050021,reactome,xenobiotic metabolism,False,True,0.5229735964197266,Metabolism,0.8217436747704865,2.0,Metabolism,0.8217436747704865,2.0,False,True,True,Biological oxidations|Metabolism|Phase II - Conjugation of compounds,Biological oxidations|Metabolism|Phase II - Conjugation of compounds|Phase I - Functionalization of compounds|Methylation|Xenobiotics|Drug ADME|Cytochrome P450 - arranged by substrate type|Glutathione conjugation|Metabolism of amino acids and derivatives,xenobiotic metabolism|glutathione metabolism|Glutathione conjugation|phosphatidylethanolamine metabolism,4,2067,23.689570415765047,,RAMP_P_000050021,Biological oxidations,reactome,1,6,4,0.6,10,d3_metagent_with_lit,D3,,feedback,with_lit,Biological oxidations,RAMP_P_000050021,reactome,Biological oxidations,True,True,0.9999998845904756,Biological oxidations,0.9999998845904756,1.0,Biological oxidations,0.9999998845904756,1.0,True,True,True,Biological oxidations|Metabolism|Phase II - Conjugation of compounds,Biological oxidations|Metabolism|Phase II - Conjugation of compounds|Phase I - Functionalization of compounds|Methylation|Xenobiotics|Drug ADME|Cytochrome P450 - arranged by substrate type|Glutathione conjugation|Metabolism of amino acids and derivatives,Biological oxidations|top pathway|Glutathione conjugation|II metabolism|Methylation|Drug ADME|Xenobiotics metabolism|Xenobiotics|xenobiotic metabolism|Reactome pathway,10,2877,1261.7317414935678,timeout_in_feedback_loop,RAMP_P_000050021,Biological oxidations,reactome,1,6,4,0.6,10,RAMP_P_000050021,Biological oxidations,reactome,1,6,4,0.6,10,0.5229735964197266,0.9999998845904756,0.477026288170749,False,True
d3_llm_single_with_lit,D3,,single,with_lit_pass,compound_only_enrich_mammalian_RAMP_P_000050021_seed3,Biological oxidations,RAMP_P_000050021,reactome,xenobiotic metabolism,False,True,0.5229735964197266,Metabolism,0.8217436747704865,3.0,Metabolism,0.8217436747704865,3.0,False,True,True,Biological oxidations|Phase I - Functionalization of compounds|Metabolism,Biological oxidations|Phase I - Functionalization of compounds|Metabolism|Selenium micronutrient network|Cytochrome P450 - arranged by substrate type|Phase II - Conjugation of compounds|Xenobiotics|Vitamin B12 metabolism|Folate metabolism|Thromboxane signalling through TP receptor,xenobiotic metabolism|hydrocarbon metabolism|carcinogen metabolism|vascular pathway|compensatory pathway,5,1902,28.663080705329776,,RAMP_P_000050021,Biological oxidations,reactome,1,5,3,0.625,8,d3_metagent_with_lit,D3,,feedback,with_lit,Biological oxidations,RAMP_P_000050021,reactome,Biological oxidations,True,True,0.9999998845904756,Biological oxidations,0.9999998845904756,1.0,Biological oxidations,0.9999998845904756,1.0,True,True,True,Biological oxidations|Phase I - Functionalization of compounds|Metabolism,Biological oxidations|Phase I - Functionalization of compounds|Metabolism|Selenium micronutrient network|Cytochrome P450 - arranged by substrate type|Phase II - Conjugation of compounds|Xenobiotics|Vitamin B12 metabolism|Folate metabolism|Thromboxane signalling through TP receptor,Biological oxidations|II xenobiotic metabolism|Selenium micronutrient network|The second-ranked pathway|energy metabolism|hormone metabolism,6,2915,1613.798109875992,timeout_in_feedback_loop,RAMP_P_000050021,Biological oxidations,reactome,1,5,3,0.625,8,RAMP_P_000050021,Biological oxidations,reactome,1,5,3,0.625,8,0.5229735964197266,0.9999998845904756,0.477026288170749,False,True
d3_llm_single_with_lit,D3,,single,with_lit_pass,compound_only_enrich_mammalian_RAMP_P_000050021_seed4,Biological oxidations,RAMP_P_000050021,reactome,xenobiotic metabolism,False,True,0.5229735964197266,Metabolism,0.8217436747704865,2.0,Metabolism,0.8217436747704865,2.0,False,True,True,Biological oxidations|Metabolism|Phase II - Conjugation of compounds,"Biological oxidations|Metabolism|Phase II - Conjugation of compounds|Phase I - Functionalization of compounds|Xenobiotics|Cytochrome P450 - arranged by substrate type|Glutathione conjugation|Sensory perception of sweet, bitter, and umami (glutamate) taste|Sensory perception of taste|Drug ADME",xenobiotic metabolism|oxidative metabolism|FMO-mediated metabolism|Coumarin metabolism|thiol metabolism,5,2130,24.62088040076196,,RAMP_P_000050021,Biological oxidations,reactome,1,6,2,0.75,8,d3_metagent_with_lit,D3,,feedback,with_lit,Biological oxidations,RAMP_P_000050021,reactome,The top pathway,False,False,0.3349223002459232,Phase II - Conjugation of compounds,0.4800694792694277,3.0,Phase II - Conjugation of compounds,0.4800694792694277,3.0,False,False,False,Biological oxidations|Metabolism|Phase II - Conjugation of compounds,"Biological oxidations|Metabolism|Phase II - Conjugation of compounds|Phase I - Functionalization of compounds|Xenobiotics|Cytochrome P450 - arranged by substrate type|Glutathione conjugation|Sensory perception of sweet, bitter, and umami (glutamate) taste|Sensory perception of taste|Drug ADME",The top pathway|Biological oxidations pathway|Biological oxidations|oxidative metabolism|xenobiotic metabolism|Glutathione conjugation|thiol metabolism|Reactome pathway,8,3244,1352.8278753925115,timeout_in_feedback_loop,RAMP_P_000050021,Biological oxidations,reactome,1,6,2,0.75,8,RAMP_P_000050021,Biological oxidations,reactome,1,6,2,0.75,8,0.5229735964197266,0.3349223002459232,-0.18805129617380345,False,False
d3_llm_single_with_lit,D3,,single,with_lit_pass,compound_only_enrich_mammalian_RAMP_P_000050021_seed5,Biological oxidations,RAMP_P_000050021,reactome,Xenobiotic metabolism,False,True,0.5229736939802337,Metabolism,0.8217438186897935,1.0,Metabolism,0.8217438186897935,1.0,False,True,True,Metabolism|Biological oxidations|Phase I - Functionalization of compounds,"Metabolism|Biological oxidations|Phase I - Functionalization of compounds|Xenobiotics|Biochemical pathways: part I|Sensory perception of sweet, bitter, and umami (glutamate) taste|Sensory perception of taste|Cytochrome P450 - arranged by substrate type|Phase II - Conjugation of compounds|Sensory Perception",Xenobiotic metabolism|Amino acid metabolism|Pyrimidine metabolism|uracil degradation|thiol metabolism|Phase II metabolism,6,2393,35.19252155721188,,RAMP_P_000050021,Biological oxidations,reactome,2,5,5,0.5,10,d3_metagent_with_lit,D3,,feedback,with_lit,Biological oxidations,RAMP_P_000050021,reactome,Biological oxidations,True,True,0.9999998845904756,Biological oxidations,0.9999998845904756,2.0,Biological oxidations,0.9999998845904756,2.0,True,True,True,Metabolism|Biological oxidations|Phase I - Functionalization of compounds,"Metabolism|Biological oxidations|Phase I - Functionalization of compounds|Xenobiotics|Biochemical pathways: part I|Sensory perception of sweet, bitter, and umami (glutamate) taste|Sensory perception of taste|Cytochrome P450 - arranged by substrate type|Phase II - Conjugation of compounds|Sensory Perception",Biological oxidations|perturbed pathway|Xenobiotics|Phase I metabolism|oxidative metabolism,5,3402,673.4850953053683,,RAMP_P_000050021,Biological oxidations,reactome,2,5,5,0.5,10,RAMP_P_000050021,Biological oxidations,reactome,2,5,5,0.5,10,0.5229736939802337,0.9999998845904756,0.4770261906102419,False,True
d3_llm_single_with_lit,D3,,single,with_lit_pass,compound_only_enrich_mammalian_RAMP_P_000050021_seed6,Biological oxidations,RAMP_P_000050021,reactome,II metabolism,False,True,0.4175923827183762,Metabolism,0.7502922038752562,2.0,Metabolism,0.7502922038752562,2.0,False,False,False,Biological oxidations|Metabolism|Phase II - Conjugation of compounds,"Biological oxidations|Metabolism|Phase II - Conjugation of compounds|Phase I - Functionalization of compounds|Xenobiotics|Cytochrome P450 - arranged by substrate type|Amino acid metabolism in triple-negative breast cancer cells|Glutathione conjugation|Methylation|Trans-sulfuration, one-carbon metabolism and related pathways",II metabolism|acid metabolism|cofactor biosynthesis|CoA pathway|affecting metabolism|serine biosynthesis|cysteine metabolism,7,2132,37.336467027664185,,RAMP_P_000050021,Biological oxidations,reactome,1,6,3,0.6666666666666666,9,d3_metagent_with_lit,D3,,feedback,with_lit,Biological oxidations,RAMP_P_000050021,reactome,xenobiotic metabolism,False,True,0.5229735964197266,Metabolism,0.8217436747704865,2.0,Metabolism,0.8217436747704865,2.0,False,True,True,Biological oxidations|Metabolism|Phase II - Conjugation of compounds,"Biological oxidations|Metabolism|Phase II - Conjugation of compounds|Phase I - Functionalization of compounds|Xenobiotics|Cytochrome P450 - arranged by substrate type|Amino acid metabolism in triple-negative breast cancer cells|Glutathione conjugation|Methylation|Trans-sulfuration, one-carbon metabolism and related pathways",xenobiotic metabolism|Glutathione conjugation|top pathway|enriched pathway|Biological oxidations|drug metabolism|Phase II - Conjugation of compounds|conjugation pathway|Xenobiotics|Glutathione conjugation pathway,10,3997,1041.543819854036,,RAMP_P_000050021,Biological oxidations,reactome,1,6,3,0.6666666666666666,9,RAMP_P_000050021,Biological oxidations,reactome,1,6,3,0.6666666666666666,9,0.4175923827183762,0.5229735964197266,0.10538121370135045,False,False
d3_llm_single_with_lit,D3,,single,with_lit_pass,compound_only_enrich_mammalian_RAMP_P_000050021_seed7,Biological oxidations,RAMP_P_000050021,reactome,leukotriene biosynthesis,False,False,0.251471110632556,Phase I - Functionalization of compounds,0.3151603383003717,3.0,Phase II - Conjugation of compounds,0.3864669346426386,6.0,False,False,False,Metabolism|Biological oxidations|Phase I - Functionalization of compounds,"Metabolism|Biological oxidations|Phase I - Functionalization of compounds|Xenobiotics|Cytochrome P450 - arranged by substrate type|Phase II - Conjugation of compounds|Sensory perception of sweet, bitter, and umami (glutamate) taste|Sensory perception of taste|G alpha (i) signalling events|GPCR downstream signalling",leukotriene biosynthesis|inflammatory pathway|5-lipoxygenase pathway|affecting metabolism|Phase I metabolism|cytokine signaling,6,2432,26.241647358983755,,RAMP_P_000050021,Biological oxidations,reactome,2,6,2,0.75,8,d3_metagent_with_lit,D3,,feedback,with_lit,Biological oxidations,RAMP_P_000050021,reactome,Biological oxidations,True,True,0.9999998845904756,Biological oxidations,0.9999998845904756,2.0,Biological oxidations,0.9999998845904756,2.0,True,True,True,Metabolism|Biological oxidations|Phase I - Functionalization of compounds,"Metabolism|Biological oxidations|Phase I - Functionalization of compounds|Xenobiotics|Cytochrome P450 - arranged by substrate type|Phase II - Conjugation of compounds|Sensory perception of sweet, bitter, and umami (glutamate) taste|Sensory perception of taste|G alpha (i) signalling events|GPCR downstream signalling",Biological oxidations|Phase I - Functionalization of compounds|Xenobiotics|Cytochrome P450 - arranged by substrate type|xenobiotic metabolism|thiol metabolism|amine metabolism,7,4587,994.1681075133384,,RAMP_P_000050021,Biological oxidations,reactome,2,6,2,0.75,8,RAMP_P_000050021,Biological oxidations,reactome,2,6,2,0.75,8,0.251471110632556,0.9999998845904756,0.7485287739579196,False,True
d3_llm_single_with_lit,D3,,single,with_lit_pass,compound_only_enrich_mammalian_RAMP_P_000050021_seed8,Biological oxidations,RAMP_P_000050021,reactome,Xenobiotic metabolism,False,True,0.5229736939802337,Metabolism,0.8217438186897935,1.0,Metabolism,0.8217438186897935,1.0,False,True,True,Metabolism|Biological oxidations|Phase I - Functionalization of compounds,Metabolism|Biological oxidations|Phase I - Functionalization of compounds|Xenobiotics|Cytochrome P450 - arranged by substrate type|Phase II - Conjugation of compounds|Agmatine biosynthesis|Assembly of collagen fibrils and other multimeric structures|Crosslinking of collagen fibrils|Spironolactone Action Pathway,Xenobiotic metabolism|Arachidonic acid metabolism|inflammatory signaling|Polyamine biosynthesis|phospholipid metabolism|bioactivation pathway|inflammatory pathway|altering metabolism|ornithine pathway,9,2405,80.97308458015323,,RAMP_P_000050021,Biological oxidations,reactome,2,5,4,0.5555555555555556,9,d3_metagent_with_lit,D3,,feedback,with_lit,Biological oxidations,RAMP_P_000050021,reactome,Reactome pathway,False,False,0.3878009215057565,Metabolism,0.5432410255748734,1.0,Metabolism,0.5432410255748734,1.0,False,False,False,Metabolism|Biological oxidations|Phase I - Functionalization of compounds,Metabolism|Biological oxidations|Phase I - Functionalization of compounds|Xenobiotics|Cytochrome P450 - arranged by substrate type|Phase II - Conjugation of compounds|Agmatine biosynthesis|Assembly of collagen fibrils and other multimeric structures|Crosslinking of collagen fibrils|Spironolactone Action Pathway,Reactome pathway|Biological oxidations|PAH metabolism,3,2145,704.0868549533188,,RAMP_P_000050021,Biological oxidations,reactome,2,5,4,0.5555555555555556,9,RAMP_P_000050021,Biological oxidations,reactome,2,5,4,0.5555555555555556,9,0.5229736939802337,0.3878009215057565,-0.13517277247447723,False,False
d3_llm_single_with_lit,D3,,single,with_lit_pass,compound_only_enrich_mammalian_RAMP_P_000050021_seed9,Biological oxidations,RAMP_P_000050021,reactome,xenobiotic metabolism,False,True,0.5229735964197266,Metabolism,0.8217436747704865,3.0,Metabolism,0.8217436747704865,3.0,False,True,True,Biological oxidations|Cytochrome P450 - arranged by substrate type|Metabolism,Biological oxidations|Cytochrome P450 - arranged by substrate type|Metabolism|Phase I - Functionalization of compounds|Xenobiotics|Metal sequestration by antimicrobial proteins|Phase II - Conjugation of compounds|Iron uptake and transport|Transport of small molecules|Antimicrobial peptides,xenobiotic metabolism|Xenobiotics|Cytochrome P450 pathway|amine metabolism,4,1979,25.840269232168797,,RAMP_P_000050021,Biological oxidations,reactome,1,5,2,0.7142857142857143,7,d3_metagent_with_lit,D3,,feedback,with_lit,Biological oxidations,RAMP_P_000050021,reactome,xenobiotic metabolism,False,True,0.5229735964197266,Metabolism,0.8217436747704865,3.0,Metabolism,0.8217436747704865,3.0,False,True,True,Biological oxidations|Cytochrome P450 - arranged by substrate type|Metabolism,Biological oxidations|Cytochrome P450 - arranged by substrate type|Metabolism|Phase I - Functionalization of compounds|Xenobiotics|Metal sequestration by antimicrobial proteins|Phase II - Conjugation of compounds|Iron uptake and transport|Transport of small molecules|Antimicrobial peptides,xenobiotic metabolism|Biological oxidations|Cytochrome P450 - arranged by substrate type|conjugation pathway|thiol metabolism,5,2280,540.8306612577289,,RAMP_P_000050021,Biological oxidations,reactome,1,5,2,0.7142857142857143,7,RAMP_P_000050021,Biological oxidations,reactome,1,5,2,0.7142857142857143,7,0.5229735964197266,0.5229735964197266,0.0,False,False
d3_llm_single_with_lit,D3,,single,with_lit_pass,compound_only_enrich_mammalian_RAMP_P_000050096_seed6,Metabolism of amino acids and derivatives,RAMP_P_000050096,reactome,tyrosine metabolism,False,False,0.5699837143622734,Metabolism of amino acids and derivatives,0.5699837143622734,1.0,Tyrosine metabolism,0.999999948995534,9.0,False,False,True,Metabolism of amino acids and derivatives|Alkaptonuria|Dopamine beta-hydroxylase deficiency,"Metabolism of amino acids and derivatives|Alkaptonuria|Dopamine beta-hydroxylase deficiency|Hawkinsinuria|Monoamine oxidase-a deficiency (MAO-A)|Tyrosinemia Type I|Tyrosinemia, transient, of the newborn|Disulfiram Action Pathway|Tyrosine metabolism|Biochemical pathways: part I",tyrosine metabolism|Melanin biosynthesis|Norepinephrine pathway|Tyrosine degradation|homogentisate pathway|Secondary pathway|lysine metabolism|cholesterol biosynthesis|carbon metabolism|TCA cycle|tyrosine catabolism|lipid metabolism|energy metabolism|acid catabolism,14,2162,29.530114863067865,,RAMP_P_000050096,Metabolism of amino acids and derivatives,reactome,1,6,4,0.6,10,d3_metagent_with_lit,D3,,feedback,with_lit,Metabolism of amino acids and derivatives,RAMP_P_000050096,reactome,Alkaptonuria,False,True,0.278850322279449,Alkaptonuria,1.0000000163705307,2.0,Alkaptonuria,1.0000000163705307,2.0,False,True,True,Metabolism of amino acids and derivatives|Alkaptonuria|Dopamine beta-hydroxylase deficiency,"Metabolism of amino acids and derivatives|Alkaptonuria|Dopamine beta-hydroxylase deficiency|Hawkinsinuria|Monoamine oxidase-a deficiency (MAO-A)|Tyrosinemia Type I|Tyrosinemia, transient, of the newborn|Disulfiram Action Pathway|Tyrosine metabolism|Biochemical pathways: part I",Alkaptonuria|tyrosine metabolism|Metabolism of amino acids and derivatives|Melanin biosynthesis,4,1945,1191.494414087385,,RAMP_P_000050096,Metabolism of amino acids and derivatives,reactome,1,6,4,0.6,10,RAMP_P_000050096,Metabolism of amino acids and derivatives,reactome,1,6,4,0.6,10,0.5699837143622734,0.278850322279449,-0.29113339208282435,False,False
d3_llm_single_with_lit,D3,,single,with_lit_pass,compound_only_enrich_mammalian_RAMP_P_000050099_seed6,Pyrimidine catabolism,RAMP_P_000050099,reactome,pyrimidine metabolism,True,True,0.7071102520815812,Pyrimidine catabolism,0.7071102520815812,1.0,Pyrimidine metabolism,1.0000000144762426,5.0,False,False,True,Pyrimidine catabolism|Beta Ureidopropionase Deficiency|Dihydropyrimidinase Deficiency,Pyrimidine catabolism|Beta Ureidopropionase Deficiency|Dihydropyrimidinase Deficiency|MNGIE (Mitochondrial Neurogastrointestinal Encephalopathy)|Pyrimidine metabolism|UMP Synthase Deficiency (Orotic Aciduria)|Nucleotide catabolism|Biochemical pathways: part I|Metabolism of nucleotides|Biomarkers for pyrimidine metabolism disorders,pyrimidine metabolism|pyrimidine degradation|Secondary pathway|-alanine metabolism|thymine catabolism|creatine biosynthesis|thymine degradation|creatine metabolism|RNA catabolism|acid metabolism|pyrimidine catabolism,11,2348,31.925472481176257,,RAMP_P_000050099,Pyrimidine catabolism,reactome,1,5,2,0.7142857142857143,7,d3_metagent_with_lit,D3,,feedback,with_lit,Pyrimidine catabolism,RAMP_P_000050099,reactome,thymine catabolism,False,False,0.6281458892129,Pyrimidine catabolism,0.6281458892129,1.0,Pyrimidine catabolism,0.6281458892129,1.0,False,False,False,Pyrimidine catabolism|Beta Ureidopropionase Deficiency|Dihydropyrimidinase Deficiency,Pyrimidine catabolism|Beta Ureidopropionase Deficiency|Dihydropyrimidinase Deficiency|MNGIE (Mitochondrial Neurogastrointestinal Encephalopathy)|Pyrimidine metabolism|UMP Synthase Deficiency (Orotic Aciduria)|Nucleotide catabolism|Biochemical pathways: part I|Metabolism of nucleotides|Biomarkers for pyrimidine metabolism disorders,thymine catabolism|verified pathway|pyrimidine catabolism|Within pyrimidine catabolism|salvage pathway|top pathway,6,2309,1097.352576445788,timeout_in_feedback_loop,RAMP_P_000050099,Pyrimidine catabolism,reactome,1,5,2,0.7142857142857143,7,RAMP_P_000050099,Pyrimidine catabolism,reactome,1,5,2,0.7142857142857143,7,0.7071102520815812,0.6281458892129,-0.07896436286868114,False,False
d3_llm_single_with_lit,D3,,single,with_lit_pass,compound_only_enrich_mammalian_RAMP_P_000052855_seed0,Sulfatase and aromatase pathway,RAMP_P_000052855,wikipathways,hormone biosynthesis,False,False,0.3262248129436452,Androgen and Estrogen Metabolism,0.4084007475140673,3.0,Steroid biosynthesis,0.7274868537395643,9.0,False,False,False,Sulfatase and aromatase pathway|17-Beta Hydroxysteroid Dehydrogenase III Deficiency|Androgen and Estrogen Metabolism,Sulfatase and aromatase pathway|17-Beta Hydroxysteroid Dehydrogenase III Deficiency|Androgen and Estrogen Metabolism|Androgen and Estrogen Metabolism|Aromatase deficiency|Metabolism of steroid hormones|Biochemical pathways: part I|Estrogen biosynthesis|Steroid biosynthesis|Androgen receptor network in prostate cancer,hormone biosynthesis|estrogen biosynthesis|Tryptophan metabolism|isoleucine degradation|Vitamin K metabolism|acid cycle|tryptophan-to-indole pathway|axis signaling,8,2061,32.495279747992754,,RAMP_P_000052855,Sulfatase and aromatase pathway,wikipathways,1,5,3,0.625,8,d3_metagent_with_lit,D3,,feedback,with_lit,Sulfatase and aromatase pathway,RAMP_P_000052855,wikipathways,Androgen and Estrogen Metabolism,False,True,0.5926592730922369,Androgen and Estrogen Metabolism,0.999999899513863,3.0,Androgen and Estrogen Metabolism,0.999999899513863,3.0,False,True,True,Sulfatase and aromatase pathway|17-Beta Hydroxysteroid Dehydrogenase III Deficiency|Androgen and Estrogen Metabolism,Sulfatase and aromatase pathway|17-Beta Hydroxysteroid Dehydrogenase III Deficiency|Androgen and Estrogen Metabolism|Androgen and Estrogen Metabolism|Aromatase deficiency|Metabolism of steroid hormones|Biochemical pathways: part I|Estrogen biosynthesis|Steroid biosynthesis|Androgen receptor network in prostate cancer,Androgen and Estrogen Metabolism|Sulfatase and aromatase pathway|steroid biosynthesis,3,2401,887.9115964397788,,RAMP_P_000052855,Sulfatase and aromatase pathway,wikipathways,1,5,3,0.625,8,RAMP_P_000052855,Sulfatase and aromatase pathway,wikipathways,1,5,3,0.625,8,0.3262248129436452,0.5926592730922369,0.2664344601485917,False,False
d3_llm_single_with_lit,D3,,single,with_lit_pass,compound_only_enrich_mammalian_RAMP_P_000053042_seed9,Steroid biosynthesis,RAMP_P_000053042,wikipathways,The clearest pathway,False,False,0.2606753906961708,Androgen receptor network in prostate cancer,0.450817975822371,2.0,Sulfatase and aromatase pathway,0.5287530170858844,9.0,False,False,False,Steroid biosynthesis|Androgen receptor network in prostate cancer|Male steroid hormones in cardiomyocyte energy metabolism,Steroid biosynthesis|Androgen receptor network in prostate cancer|Male steroid hormones in cardiomyocyte energy metabolism|17-Beta Hydroxysteroid Dehydrogenase III Deficiency|Androgen and Estrogen Metabolism|Androgen and Estrogen Metabolism|Aromatase deficiency|Metabolism of steroid hormones|Sulfatase and aromatase pathway|Androgen biosynthesis,The clearest pathway|hormone biosynthesis|estrogen biosynthesis|androgen pathway|estrogen pathway|coumarin metabolism|muscle metabolism|aromatase pathway,8,1968,33.096455592662096,,RAMP_P_000053042,Steroid biosynthesis,wikipathways,1,5,5,0.5,10,d3_metagent_with_lit,D3,,feedback,with_lit,Steroid biosynthesis,RAMP_P_000053042,wikipathways,Androgen receptor network in prostate cancer,False,True,0.1987401855590641,Androgen receptor network in prostate cancer,0.9999999904963014,2.0,Androgen receptor network in prostate cancer,0.9999999904963014,2.0,False,True,True,Steroid biosynthesis|Androgen receptor network in prostate cancer|Male steroid hormones in cardiomyocyte energy metabolism,Steroid biosynthesis|Androgen receptor network in prostate cancer|Male steroid hormones in cardiomyocyte energy metabolism|17-Beta Hydroxysteroid Dehydrogenase III Deficiency|Androgen and Estrogen Metabolism|Androgen and Estrogen Metabolism|Aromatase deficiency|Metabolism of steroid hormones|Sulfatase and aromatase pathway|Androgen biosynthesis,Androgen receptor network in prostate cancer|Male steroid hormones in cardiomyocyte energy metabolism|energy metabolism|androgen biosynthesis|steroid biosynthesis,5,1676,689.2549694795161,,RAMP_P_000053042,Steroid biosynthesis,wikipathways,1,5,5,0.5,10,RAMP_P_000053042,Steroid biosynthesis,wikipathways,1,5,5,0.5,10,0.2606753906961708,0.1987401855590641,-0.06193520513710671,False,False
d3_llm_single_with_lit,D3,,single,with_lit_pass,compound_only_enrich_mammalian_RAMP_P_000053306_seed1,Pyrimidine metabolism,RAMP_P_000053306,wikipathways,pyrimidine catabolism,True,True,0.7071102520815812,Pyrimidine metabolism,0.7071102520815812,1.0,Pyrimidine catabolism,1.000000152765817,9.0,False,False,True,Pyrimidine metabolism|Beta Ureidopropionase Deficiency|Dihydropyrimidinase Deficiency,Pyrimidine metabolism|Beta Ureidopropionase Deficiency|Dihydropyrimidinase Deficiency|MNGIE (Mitochondrial Neurogastrointestinal Encephalopathy)|Pyrimidine metabolism|UMP Synthase Deficiency (Orotic Aciduria)|Nucleotide catabolism|Biomarkers for pyrimidine metabolism disorders|Pyrimidine catabolism|Pyrimidine metabolism and related diseases,pyrimidine catabolism|uracil degradation|nucleotide metabolism|deoxynucleoside catabolism|salvage pathway|arginine metabolism|Elevated pyrimidine degradation|cell signaling|novo catabolism|pyrimidine degradation|proline metabolism,11,2346,27.645730528980494,,RAMP_P_000053306,Pyrimidine metabolism,wikipathways,1,6,3,0.6666666666666666,9,d3_metagent_with_lit,D3,,feedback,with_lit,Pyrimidine metabolism,RAMP_P_000053306,wikipathways,Pyrimidine metabolism,True,True,1.0000000144762426,Pyrimidine metabolism,1.0000000144762426,1.0,Pyrimidine metabolism,1.0000000144762426,1.0,True,True,True,Pyrimidine metabolism|Beta Ureidopropionase Deficiency|Dihydropyrimidinase Deficiency,Pyrimidine metabolism|Beta Ureidopropionase Deficiency|Dihydropyrimidinase Deficiency|MNGIE (Mitochondrial Neurogastrointestinal Encephalopathy)|Pyrimidine metabolism|UMP Synthase Deficiency (Orotic Aciduria)|Nucleotide catabolism|Biomarkers for pyrimidine metabolism disorders|Pyrimidine catabolism|Pyrimidine metabolism and related diseases,Pyrimidine metabolism|nucleotide biosynthesis|downstream metabolism|Dihydropyrimidinase Deficiency|lack pathway,5,2834,904.3861971758306,,RAMP_P_000053306,Pyrimidine metabolism,wikipathways,1,6,3,0.6666666666666666,9,RAMP_P_000053306,Pyrimidine metabolism,wikipathways,1,6,3,0.6666666666666666,9,0.7071102520815812,1.0000000144762426,0.29288976239466147,False,True
d3_llm_single_with_lit,D3,,single,with_lit_pass,compound_only_enrich_mammalian_RAMP_P_000053306_seed7,Pyrimidine metabolism,RAMP_P_000053306,wikipathways,pyrimidine metabolism,True,True,1.0000000144762426,Pyrimidine metabolism,1.0000000144762426,1.0,Pyrimidine metabolism,1.0000000144762426,1.0,True,True,True,Pyrimidine metabolism|Beta Ureidopropionase Deficiency|Dihydropyrimidinase Deficiency,Pyrimidine metabolism|Beta Ureidopropionase Deficiency|Dihydropyrimidinase Deficiency|MNGIE (Mitochondrial Neurogastrointestinal Encephalopathy)|Pyrimidine metabolism|UMP Synthase Deficiency (Orotic Aciduria)|Nucleotide catabolism|Pyrimidine catabolism|Metabolism of nucleotides|Biomarkers for pyrimidine metabolism disorders,pyrimidine metabolism|Pyrimidine degradation|thymine catabolism|nucleoside metabolism|salvage pathway|sugar metabolism|aldosterone signaling|nucleotide metabolism|pyrimidine catabolism|nucleotide biosynthesis|Altered pyrimidine degradation|sequential degradation|Thymine shares degradation,13,2077,42.11455654539168,,RAMP_P_000053306,Pyrimidine metabolism,wikipathways,1,6,5,0.5454545454545454,11,d3_metagent_with_lit,D3,,feedback,with_lit,Pyrimidine metabolism,RAMP_P_000053306,wikipathways,Pyrimidine metabolism,True,True,1.0000000144762426,Pyrimidine metabolism,1.0000000144762426,1.0,Pyrimidine metabolism,1.0000000144762426,1.0,True,True,True,Pyrimidine metabolism|Beta Ureidopropionase Deficiency|Dihydropyrimidinase Deficiency,Pyrimidine metabolism|Beta Ureidopropionase Deficiency|Dihydropyrimidinase Deficiency|MNGIE (Mitochondrial Neurogastrointestinal Encephalopathy)|Pyrimidine metabolism|UMP Synthase Deficiency (Orotic Aciduria)|Nucleotide catabolism|Pyrimidine catabolism|Metabolism of nucleotides|Biomarkers for pyrimidine metabolism disorders,Pyrimidine metabolism|pyrimidine degradation|Beta Ureidopropionase Deficiency|Dihydropyrimidinase Deficiency,4,1238,978.3913100678474,,RAMP_P_000053306,Pyrimidine metabolism,wikipathways,1,6,5,0.5454545454545454,11,RAMP_P_000053306,Pyrimidine metabolism,wikipathways,1,6,5,0.5454545454545454,11,1.0000000144762426,1.0000000144762426,0.0,True,True
d3_llm_single_with_lit,D3,,single,with_lit_pass,compound_only_enrich_mammalian_lm_pathway_WP167_seed0,Eicosanoid synthesis,lm_pathway:WP167,lipidmaps,acid metabolism,False,False,0.4193832345233349,Eicosanoid metabolism via lipoxygenases (LOX),0.4608412542888812,3.0,Acetylsalicylic Acid Action Pathway,0.4748820937504617,9.0,False,False,False,Eicosanoid synthesis|Eicosanoid metabolism via cyclooxygenases (COX)|Eicosanoid metabolism via lipoxygenases (LOX),Eicosanoid synthesis|Eicosanoid metabolism via cyclooxygenases (COX)|Eicosanoid metabolism via lipoxygenases (LOX)|Leukotriene C4 Synthesis Deficiency|Rofecoxib Action Pathway|Salicylate-sodium Action Pathway|Trisalicylate-choline Action Pathway|Acetaminophen  Action Pathway|Acetylsalicylic Acid Action Pathway|Antipyrine Action Pathway,acid metabolism|Lipoxygenase pathway|prostaglandin pathway|phospholipid metabolism|eicosanoid biosynthesis|Inflammatory signaling,6,1951,49.15196434408426,,lm_pathway_WP167,Eicosanoid synthesis,lipidmaps,1,5,2,0.7142857142857143,7,d3_metagent_with_lit,D3,,feedback,with_lit,Eicosanoid synthesis,lm_pathway:WP167,lipidmaps,KEGG pathway,False,False,0.3309564376392276,Eicosanoid metabolism via cyclooxygenases (COX),0.3676415323361053,2.0,Acetaminophen  Action Pathway,0.5137163477850119,8.0,False,False,False,Eicosanoid synthesis|Eicosanoid metabolism via cyclooxygenases (COX)|Eicosanoid metabolism via lipoxygenases (LOX),Eicosanoid synthesis|Eicosanoid metabolism via cyclooxygenases (COX)|Eicosanoid metabolism via lipoxygenases (LOX)|Leukotriene C4 Synthesis Deficiency|Rofecoxib Action Pathway|Salicylate-sodium Action Pathway|Trisalicylate-choline Action Pathway|Acetaminophen  Action Pathway|Acetylsalicylic Acid Action Pathway|Antipyrine Action Pathway,KEGG pathway|as pathway|acid metabolism|nucleotide metabolism,4,3223,988.1618973519652,timeout_in_feedback_loop,lm_pathway_WP167,Eicosanoid synthesis,lipidmaps,1,5,2,0.7142857142857143,7,lm_pathway_WP167,Eicosanoid synthesis,lipidmaps,1,5,2,0.7142857142857143,7,0.4193832345233349,0.3309564376392276,-0.08842679688410732,False,False
d3_llm_single_with_lit,D3,,single,with_lit_pass,compound_only_enrich_mammalian_lm_pathway_WP167_seed1,Eicosanoid synthesis,lm_pathway:WP167,lipidmaps,eicosanoid biosynthesis,True,True,0.9944915674237438,Eicosanoid synthesis,0.9944915674237438,1.0,Eicosanoid synthesis,0.9944915674237438,1.0,True,True,True,Eicosanoid synthesis|Eicosanoid metabolism via cyclooxygenases (COX)|Eicosanoid metabolism via lipoxygenases (LOX),Eicosanoid synthesis|Eicosanoid metabolism via cyclooxygenases (COX)|Eicosanoid metabolism via lipoxygenases (LOX)|Eicosanoid synthesis|Leukotriene C4 Synthesis Deficiency|Rofecoxib Action Pathway|Salicylate-sodium Action Pathway|Trisalicylate-choline Action Pathway|Acetaminophen  Action Pathway|Acetylsalicylic Acid Action Pathway,eicosanoid biosynthesis|5-LOX pathway|15-LOX pathway|COX pathway|B12 metabolism|acid metabolism|purine metabolism|nucleotide biosynthesis,8,1943,59.75833475217223,,lm_pathway_WP167,Eicosanoid synthesis,lipidmaps,1,5,4,0.5555555555555556,9,d3_metagent_with_lit,D3,,feedback,with_lit,Eicosanoid synthesis,lm_pathway:WP167,lipidmaps,Eicosanoid synthesis,True,True,1.0000000721685292,Eicosanoid synthesis,1.0000000721685292,1.0,Eicosanoid synthesis,1.0000000721685292,1.0,True,True,True,Eicosanoid synthesis|Eicosanoid metabolism via cyclooxygenases (COX)|Eicosanoid metabolism via lipoxygenases (LOX),Eicosanoid synthesis|Eicosanoid metabolism via cyclooxygenases (COX)|Eicosanoid metabolism via lipoxygenases (LOX)|Eicosanoid synthesis|Leukotriene C4 Synthesis Deficiency|Rofecoxib Action Pathway|Salicylate-sodium Action Pathway|Trisalicylate-choline Action Pathway|Acetaminophen  Action Pathway|Acetylsalicylic Acid Action Pathway,Eicosanoid synthesis|Eicosanoid Synthesis pathway|one-carbon metabolism,3,2267,708.9129709396511,,lm_pathway_WP167,Eicosanoid synthesis,lipidmaps,1,5,4,0.5555555555555556,9,lm_pathway_WP167,Eicosanoid synthesis,lipidmaps,1,5,4,0.5555555555555556,9,0.9944915674237438,1.0000000721685292,0.00550850474478537,True,True
d3_llm_single_with_lit,D3,,single,with_lit_pass,compound_only_enrich_mammalian_lm_pathway_WP167_seed2,Eicosanoid synthesis,lm_pathway:WP167,lipidmaps,The predominant pathway,False,False,0.3296688963735054,Eicosanoid metabolism via cyclooxygenases (COX),0.4116772368710009,2.0,Acetaminophen  Action Pathway,0.6101786046111229,8.0,False,False,False,Eicosanoid synthesis|Eicosanoid metabolism via cyclooxygenases (COX)|Eicosanoid metabolism via lipoxygenases (LOX),Eicosanoid synthesis|Eicosanoid metabolism via cyclooxygenases (COX)|Eicosanoid metabolism via lipoxygenases (LOX)|Leukotriene C4 Synthesis Deficiency|Rofecoxib Action Pathway|Salicylate-sodium Action Pathway|Trisalicylate-choline Action Pathway|Acetaminophen  Action Pathway|Acetylsalicylic Acid Action Pathway|Antipyrine Action Pathway,The predominant pathway|eicosanoid biosynthesis|undergoes metabolism|COX pathway|COX-mediated PGD2 metabolism|eicosanoid pathway,6,1718,29.742134930565957,,lm_pathway_WP167,Eicosanoid synthesis,lipidmaps,1,5,3,0.625,8,d3_metagent_with_lit,D3,,feedback,with_lit,Eicosanoid synthesis,lm_pathway:WP167,lipidmaps,Eicosanoid synthesis,True,True,1.0000000721685292,Eicosanoid synthesis,1.0000000721685292,1.0,Eicosanoid synthesis,1.0000000721685292,1.0,True,True,True,Eicosanoid synthesis|Eicosanoid metabolism via cyclooxygenases (COX)|Eicosanoid metabolism via lipoxygenases (LOX),Eicosanoid synthesis|Eicosanoid metabolism via cyclooxygenases (COX)|Eicosanoid metabolism via lipoxygenases (LOX)|Leukotriene C4 Synthesis Deficiency|Rofecoxib Action Pathway|Salicylate-sodium Action Pathway|Trisalicylate-choline Action Pathway|Acetaminophen  Action Pathway|Acetylsalicylic Acid Action Pathway|Antipyrine Action Pathway,Eicosanoid synthesis|Eicosanoid synthesis pathway|phenylpropanoid metabolism,3,2857,890.0718777105212,,lm_pathway_WP167,Eicosanoid synthesis,lipidmaps,1,5,3,0.625,8,lm_pathway_WP167,Eicosanoid synthesis,lipidmaps,1,5,3,0.625,8,0.3296688963735054,1.0000000721685292,0.6703311757950238,False,True
d3_llm_single_with_lit,D3,,single,with_lit_pass,compound_only_enrich_mammalian_lm_pathway_WP167_seed3,Eicosanoid synthesis,lm_pathway:WP167,lipidmaps,eicosanoid metabolism,True,True,0.7676579564493683,Eicosanoid synthesis,0.7676579564493683,1.0,Eicosanoid synthesis,0.7676579564493683,1.0,False,False,False,Eicosanoid synthesis|Eicosanoid metabolism via cyclooxygenases (COX)|Eicosanoid metabolism via lipoxygenases (LOX),Eicosanoid synthesis|Eicosanoid metabolism via cyclooxygenases (COX)|Eicosanoid metabolism via lipoxygenases (LOX)|Eicosanoid synthesis|Metabolism|Leukotriene C4 Synthesis Deficiency|Rofecoxib Action Pathway|Salicylate-sodium Action Pathway|Trisalicylate-choline Action Pathway|Acetaminophen  Action Pathway,eicosanoid metabolism|Lipoxygenase pathway|Cyclooxygenase pathway|sugar metabolism|lipid metabolism|LOX inflammatory pathway|glycosaminoglycan metabolism|cell signaling,8,1999,48.92227693088353,,lm_pathway_WP167,Eicosanoid synthesis,lipidmaps,1,5,4,0.5555555555555556,9,d3_metagent_with_lit,D3,,feedback,with_lit,Eicosanoid synthesis,lm_pathway:WP167,lipidmaps,inflammatory signaling,False,False,0.3802351271659784,Eicosanoid synthesis,0.3802351271659784,1.0,Acetaminophen  Action Pathway,0.4213229607903368,10.0,False,False,False,Eicosanoid synthesis|Eicosanoid metabolism via cyclooxygenases (COX)|Eicosanoid metabolism via lipoxygenases (LOX),Eicosanoid synthesis|Eicosanoid metabolism via cyclooxygenases (COX)|Eicosanoid metabolism via lipoxygenases (LOX)|Eicosanoid synthesis|Metabolism|Leukotriene C4 Synthesis Deficiency|Rofecoxib Action Pathway|Salicylate-sodium Action Pathway|Trisalicylate-choline Action Pathway|Acetaminophen  Action Pathway,inflammatory signaling|Eicosanoid synthesis|Arachidonic Acid Metabolism pathway|via pathway,4,2682,637.2770544309169,,lm_pathway_WP167,Eicosanoid synthesis,lipidmaps,1,5,4,0.5555555555555556,9,lm_pathway_WP167,Eicosanoid synthesis,lipidmaps,1,5,4,0.5555555555555556,9,0.7676579564493683,0.3802351271659784,-0.3874228292833899,False,False
d3_llm_single_with_lit,D3,,single,with_lit_pass,compound_only_enrich_mammalian_lm_pathway_WP167_seed4,Eicosanoid synthesis,lm_pathway:WP167,lipidmaps,acid metabolism,False,False,0.4193832345233349,Eicosanoid metabolism via lipoxygenases (LOX),0.4608412542888812,3.0,Eicosanoid metabolism via lipoxygenases (LOX),0.4608412542888812,3.0,False,False,False,Eicosanoid synthesis|Eicosanoid metabolism via cyclooxygenases (COX)|Eicosanoid metabolism via lipoxygenases (LOX),Eicosanoid synthesis|Eicosanoid metabolism via cyclooxygenases (COX)|Eicosanoid metabolism via lipoxygenases (LOX)|Eicosanoid synthesis|Selenium micronutrient network|Leukotriene C4 Synthesis Deficiency|Rofecoxib Action Pathway|Salicylate-sodium Action Pathway|Trisalicylate-choline Action Pathway|Acetaminophen  Action Pathway,acid metabolism|immune signaling|5-LOX pathway|salicylate metabolism|acid catabolism|pyrimidine metabolism|nucleotide metabolism,7,2299,23.78313456848264,,lm_pathway_WP167,Eicosanoid synthesis,lipidmaps,1,5,5,0.5,10,d3_metagent_with_lit,D3,,feedback,with_lit,Eicosanoid synthesis,lm_pathway:WP167,lipidmaps,Eicosanoid synthesis,True,True,1.0000000721685292,Eicosanoid synthesis,1.0000000721685292,1.0,Eicosanoid synthesis,1.0000000721685292,1.0,True,True,True,Eicosanoid synthesis|Eicosanoid metabolism via cyclooxygenases (COX)|Eicosanoid metabolism via lipoxygenases (LOX),Eicosanoid synthesis|Eicosanoid metabolism via cyclooxygenases (COX)|Eicosanoid metabolism via lipoxygenases (LOX)|Eicosanoid synthesis|Selenium micronutrient network|Leukotriene C4 Synthesis Deficiency|Rofecoxib Action Pathway|Salicylate-sodium Action Pathway|Trisalicylate-choline Action Pathway|Acetaminophen  Action Pathway,Eicosanoid synthesis,1,1890,1041.431868609041,timeout_in_feedback_loop,lm_pathway_WP167,Eicosanoid synthesis,lipidmaps,1,5,5,0.5,10,lm_pathway_WP167,Eicosanoid synthesis,lipidmaps,1,5,5,0.5,10,0.4193832345233349,1.0000000721685292,0.5806168376451942,False,True
d3_llm_single_with_lit,D3,,single,with_lit_pass,compound_only_enrich_mammalian_lm_pathway_WP167_seed5,Eicosanoid synthesis,lm_pathway:WP167,lipidmaps,eicosanoid biosynthesis,True,True,0.9944915674237438,Eicosanoid synthesis,0.9944915674237438,1.0,Eicosanoid synthesis,0.9944915674237438,1.0,True,True,True,Eicosanoid synthesis|Eicosanoid metabolism via cyclooxygenases (COX)|Eicosanoid metabolism via lipoxygenases (LOX),Eicosanoid synthesis|Eicosanoid metabolism via cyclooxygenases (COX)|Eicosanoid metabolism via lipoxygenases (LOX)|Eicosanoid synthesis|Leukotriene C4 Synthesis Deficiency|Rofecoxib Action Pathway|Salicylate-sodium Action Pathway|Trisalicylate-choline Action Pathway|Acetaminophen  Action Pathway|Acetylsalicylic Acid Action Pathway,eicosanoid biosynthesis|acid metabolism|eicosanoid metabolism|dicarbonyl metabolism|5-LOX pathway|inflammatory signaling,6,1972,28.63476494513452,,lm_pathway_WP167,Eicosanoid synthesis,lipidmaps,1,5,2,0.7142857142857143,7,d3_metagent_with_lit,D3,,feedback,with_lit,Eicosanoid synthesis,lm_pathway:WP167,lipidmaps,Eicosanoid synthesis,True,True,1.0000000721685292,Eicosanoid synthesis,1.0000000721685292,1.0,Eicosanoid synthesis,1.0000000721685292,1.0,True,True,True,Eicosanoid synthesis|Eicosanoid metabolism via cyclooxygenases (COX)|Eicosanoid metabolism via lipoxygenases (LOX),Eicosanoid synthesis|Eicosanoid metabolism via cyclooxygenases (COX)|Eicosanoid metabolism via lipoxygenases (LOX)|Eicosanoid synthesis|Leukotriene C4 Synthesis Deficiency|Rofecoxib Action Pathway|Salicylate-sodium Action Pathway|Trisalicylate-choline Action Pathway|Acetaminophen  Action Pathway|Acetylsalicylic Acid Action Pathway,Eicosanoid synthesis|Eicosanoid synthesis pathway|II signaling,3,2594,885.808942919597,,lm_pathway_WP167,Eicosanoid synthesis,lipidmaps,1,5,2,0.7142857142857143,7,lm_pathway_WP167,Eicosanoid synthesis,lipidmaps,1,5,2,0.7142857142857143,7,0.9944915674237438,1.0000000721685292,0.00550850474478537,True,True
d3_llm_single_with_lit,D3,,single,with_lit_pass,compound_only_enrich_mammalian_lm_pathway_WP167_seed6,Eicosanoid synthesis,lm_pathway:WP167,lipidmaps,acid metabolism,False,False,0.4193832345233349,Eicosanoid metabolism via lipoxygenases (LOX),0.4608412542888812,3.0,Acetylsalicylic Acid Action Pathway,0.4748820937504617,10.0,False,False,False,Eicosanoid synthesis|Eicosanoid metabolism via cyclooxygenases (COX)|Eicosanoid metabolism via lipoxygenases (LOX),Eicosanoid synthesis|Eicosanoid metabolism via cyclooxygenases (COX)|Eicosanoid metabolism via lipoxygenases (LOX)|Eicosanoid synthesis|Leukotriene C4 Synthesis Deficiency|Rofecoxib Action Pathway|Salicylate-sodium Action Pathway|Trisalicylate-choline Action Pathway|Acetaminophen  Action Pathway|Acetylsalicylic Acid Action Pathway,acid metabolism|Lipoxygenase pathway|prostaglandin pathway|glutathione metabolism|entire pathway|eicosanoid biosynthesis,6,1863,54.89993235096336,,lm_pathway_WP167,Eicosanoid synthesis,lipidmaps,1,5,3,0.625,8,d3_metagent_with_lit,D3,,feedback,with_lit,Eicosanoid synthesis,lm_pathway:WP167,lipidmaps,Eicosanoid synthesis,True,True,1.0000000721685292,Eicosanoid synthesis,1.0000000721685292,1.0,Eicosanoid synthesis,1.0000000721685292,1.0,True,True,True,Eicosanoid synthesis|Eicosanoid metabolism via cyclooxygenases (COX)|Eicosanoid metabolism via lipoxygenases (LOX),Eicosanoid synthesis|Eicosanoid metabolism via cyclooxygenases (COX)|Eicosanoid metabolism via lipoxygenases (LOX)|Eicosanoid synthesis|Leukotriene C4 Synthesis Deficiency|Rofecoxib Action Pathway|Salicylate-sodium Action Pathway|Trisalicylate-choline Action Pathway|Acetaminophen  Action Pathway|Acetylsalicylic Acid Action Pathway,Eicosanoid synthesis|Leukotriene C4 Synthesis Deficiency|Rofecoxib Action Pathway|KEGG Arachidonic Acid Metabolism pathway|with metabolism|top pathway|glutathione metabolism|lipid biosynthesis|queried pathway|beyond pathway,10,2543,1067.2174973487854,timeout_in_feedback_loop,lm_pathway_WP167,Eicosanoid synthesis,lipidmaps,1,5,3,0.625,8,lm_pathway_WP167,Eicosanoid synthesis,lipidmaps,1,5,3,0.625,8,0.4193832345233349,1.0000000721685292,0.5806168376451942,False,True
d3_llm_single_with_lit,D3,,single,with_lit_pass,compound_only_enrich_mammalian_lm_pathway_WP167_seed7,Eicosanoid synthesis,lm_pathway:WP167,lipidmaps,acid metabolism,False,False,0.4193832345233349,Eicosanoid metabolism via lipoxygenases (LOX),0.4608412542888812,3.0,Acetylsalicylic Acid Action Pathway,0.4748820937504617,10.0,False,False,False,Eicosanoid synthesis|Eicosanoid metabolism via cyclooxygenases (COX)|Eicosanoid metabolism via lipoxygenases (LOX),Eicosanoid synthesis|Eicosanoid metabolism via cyclooxygenases (COX)|Eicosanoid metabolism via lipoxygenases (LOX)|Eicosanoid synthesis|Leukotriene C4 Synthesis Deficiency|Rofecoxib Action Pathway|Salicylate-sodium Action Pathway|Trisalicylate-choline Action Pathway|Acetaminophen  Action Pathway|Acetylsalicylic Acid Action Pathway,acid metabolism|eicosanoid biosynthesis|purine metabolism|B12 metabolism|5-lipoxygenase pathway|cyclooxygenase pathway|purine catabolism|5-LOX pathway|15-LOX pathway|COX pathway|sulfur metabolism,11,2185,23.756306063383818,,lm_pathway_WP167,Eicosanoid synthesis,lipidmaps,1,5,4,0.5555555555555556,9,d3_metagent_with_lit,D3,,feedback,with_lit,Eicosanoid synthesis,lm_pathway:WP167,lipidmaps,Rofecoxib Action Pathway,False,False,0.4125689066089075,Eicosanoid metabolism via lipoxygenases (LOX),0.5904310906561268,3.0,Rofecoxib Action Pathway,0.9999999992317724,6.0,False,False,True,Eicosanoid synthesis|Eicosanoid metabolism via cyclooxygenases (COX)|Eicosanoid metabolism via lipoxygenases (LOX),Eicosanoid synthesis|Eicosanoid metabolism via cyclooxygenases (COX)|Eicosanoid metabolism via lipoxygenases (LOX)|Eicosanoid synthesis|Leukotriene C4 Synthesis Deficiency|Rofecoxib Action Pathway|Salicylate-sodium Action Pathway|Trisalicylate-choline Action Pathway|Acetaminophen  Action Pathway|Acetylsalicylic Acid Action Pathway,Rofecoxib Action Pathway|mediator biosynthesis|matching pathway|Eicosanoid synthesis|Leukotriene C4 Synthesis Deficiency|Eicosanoid synthesis pathway|pro-inflammatory signaling|steroid metabolism|returned pathway,9,2857,1218.484190300107,timeout_in_feedback_loop,lm_pathway_WP167,Eicosanoid synthesis,lipidmaps,1,5,4,0.5555555555555556,9,lm_pathway_WP167,Eicosanoid synthesis,lipidmaps,1,5,4,0.5555555555555556,9,0.4193832345233349,0.4125689066089075,-0.006814327914427432,False,False
d3_llm_single_with_lit,D3,,single,with_lit_pass,compound_only_enrich_mammalian_lm_pathway_WP167_seed8,Eicosanoid synthesis,lm_pathway:WP167,lipidmaps,Eicosanoid pathway,True,True,0.8466710513954654,Eicosanoid synthesis,0.8466710513954654,1.0,Eicosanoid synthesis,0.8466710513954654,1.0,True,True,True,Eicosanoid synthesis|Eicosanoid metabolism via cyclooxygenases (COX)|Eicosanoid metabolism via lipoxygenases (LOX),Eicosanoid synthesis|Eicosanoid metabolism via cyclooxygenases (COX)|Eicosanoid metabolism via lipoxygenases (LOX)|Eicosanoid synthesis|Selenium micronutrient network|Leukotriene C4 Synthesis Deficiency|Rofecoxib Action Pathway|Salicylate-sodium Action Pathway|Trisalicylate-choline Action Pathway|Acetaminophen  Action Pathway,Eicosanoid pathway|cysteine metabolism|Transsulfuration pathway|purine metabolism,4,2191,46.22693160176277,,lm_pathway_WP167,Eicosanoid synthesis,lipidmaps,1,5,3,0.625,8,d3_metagent_with_lit,D3,,feedback,with_lit,Eicosanoid synthesis,lm_pathway:WP167,lipidmaps,Eicosanoid synthesis,True,True,1.0000000721685292,Eicosanoid synthesis,1.0000000721685292,1.0,Eicosanoid synthesis,1.0000000721685292,1.0,True,True,True,Eicosanoid synthesis|Eicosanoid metabolism via cyclooxygenases (COX)|Eicosanoid metabolism via lipoxygenases (LOX),Eicosanoid synthesis|Eicosanoid metabolism via cyclooxygenases (COX)|Eicosanoid metabolism via lipoxygenases (LOX)|Eicosanoid synthesis|Selenium micronutrient network|Leukotriene C4 Synthesis Deficiency|Rofecoxib Action Pathway|Salicylate-sodium Action Pathway|Trisalicylate-choline Action Pathway|Acetaminophen  Action Pathway,Eicosanoid synthesis|not pathway,2,2028,421.0677314866334,,lm_pathway_WP167,Eicosanoid synthesis,lipidmaps,1,5,3,0.625,8,lm_pathway_WP167,Eicosanoid synthesis,lipidmaps,1,5,3,0.625,8,0.8466710513954654,1.0000000721685292,0.15332902077306376,False,True
d3_llm_single_with_lit,D3,,single,with_lit_pass,compound_only_enrich_mammalian_lm_pathway_WP167_seed9,Eicosanoid synthesis,lm_pathway:WP167,lipidmaps,acid metabolism,False,False,0.4193832345233349,Eicosanoid metabolism via lipoxygenases (LOX),0.4608412542888812,3.0,Acetylsalicylic Acid Action Pathway,0.4748820937504617,10.0,False,False,False,Eicosanoid synthesis|Eicosanoid metabolism via cyclooxygenases (COX)|Eicosanoid metabolism via lipoxygenases (LOX),Eicosanoid synthesis|Eicosanoid metabolism via cyclooxygenases (COX)|Eicosanoid metabolism via lipoxygenases (LOX)|Eicosanoid synthesis|Leukotriene C4 Synthesis Deficiency|Rofecoxib Action Pathway|Salicylate-sodium Action Pathway|Trisalicylate-choline Action Pathway|Acetaminophen  Action Pathway|Acetylsalicylic Acid Action Pathway,acid metabolism|eicosanoid biosynthesis|Eicosanoid synthesis|15-LOX pathway|inflammatory signaling,5,1778,26.0183581430465,,lm_pathway_WP167,Eicosanoid synthesis,lipidmaps,1,5,2,0.7142857142857143,7,d3_metagent_with_lit,D3,,feedback,with_lit,Eicosanoid synthesis,lm_pathway:WP167,lipidmaps,SMP00075 pathway,False,False,0.330041811533162,Eicosanoid metabolism via lipoxygenases (LOX),0.3628043904462075,3.0,Rofecoxib Action Pathway,0.5720765330850102,6.0,False,False,False,Eicosanoid synthesis|Eicosanoid metabolism via cyclooxygenases (COX)|Eicosanoid metabolism via lipoxygenases (LOX),Eicosanoid synthesis|Eicosanoid metabolism via cyclooxygenases (COX)|Eicosanoid metabolism via lipoxygenases (LOX)|Eicosanoid synthesis|Leukotriene C4 Synthesis Deficiency|Rofecoxib Action Pathway|Salicylate-sodium Action Pathway|Trisalicylate-choline Action Pathway|Acetaminophen  Action Pathway|Acetylsalicylic Acid Action Pathway,SMP00075 pathway|Eicosanoid synthesis,2,2223,807.3872184827924,,lm_pathway_WP167,Eicosanoid synthesis,lipidmaps,1,5,2,0.7142857142857143,7,lm_pathway_WP167,Eicosanoid synthesis,lipidmaps,1,5,2,0.7142857142857143,7,0.4193832345233349,0.330041811533162,-0.08934142299017295,False,False
