dataset,phase,run,pipeline,literature_mode,task_id,ground_truth_pathway,ground_truth_pathway_id,ground_truth_pathway_source,predicted_top_pathway,strict_top1_hit,strict_top3_hit,semantic_gt_similarity,semantic_top3_best_name,semantic_top3_best_similarity,semantic_top3_best_rank,semantic_top10_best_name,semantic_top10_best_similarity,semantic_top10_best_rank,semantic_gt_hit_at_0_80,semantic_top3_hit_at_0_80,semantic_top10_hit_at_0_80,top3_candidates,top10_candidates,extracted_pathways,n_extracted_pathways,narrative_chars,elapsed_seconds,error
d3_llm_single_no_lit,D3,,single,no_lit,compound_only_enrich_mammalian_RAMP_P_000000016_seed1,"Glycine, serine and threonine metabolism",RAMP_P_000000016,kegg,carbon metabolism,False,False,0.547823148209715,Metabolism of amino acids and derivatives,0.579165676656278,2,"Trans-sulfuration, one-carbon metabolism and related pathways",0.5942739792212033,10,False,False,False,"Glycine, serine and threonine metabolism|Metabolism of amino acids and derivatives|3-Phosphoglycerate dehydrogenase deficiency","Glycine, serine and threonine metabolism|Metabolism of amino acids and derivatives|3-Phosphoglycerate dehydrogenase deficiency|Dihydropyrimidine Dehydrogenase Deficiency (DHPD)|Dimethylglycine Dehydrogenase Deficiency|Dimethylglycine Dehydrogenase Deficiency|Hyperglycinemia, non-ketotic|Non Ketotic Hyperglycinemia|Sarcosinemia|Trans-sulfuration, one-carbon metabolism and related pathways",carbon metabolism|polyamine biosynthesis|TCA cycle|redox signaling|melanogenesis shunt|methionine catabolism|like metabolism|urea cycle,8,5088,134.19522293657064,
d3_llm_single_no_lit,D3,,single,no_lit,compound_only_enrich_mammalian_RAMP_P_000000016_seed2,"Glycine, serine and threonine metabolism",RAMP_P_000000016,kegg,CDP-choline pathway,False,False,0.4700549775757788,"Glycine, serine and threonine metabolism",0.4700549775757788,1,"Glycine, serine and threonine metabolism",0.4700549775757788,1,False,False,False,"Glycine, serine and threonine metabolism|3-Phosphoglycerate dehydrogenase deficiency|Dihydropyrimidine Dehydrogenase Deficiency (DHPD)","Glycine, serine and threonine metabolism|3-Phosphoglycerate dehydrogenase deficiency|Dihydropyrimidine Dehydrogenase Deficiency (DHPD)|Dimethylglycine Dehydrogenase Deficiency|Dimethylglycine Dehydrogenase Deficiency|Hyperglycinemia, non-ketotic|Non Ketotic Hyperglycinemia|Sarcosinemia|Trans-sulfuration, one-carbon metabolism and related pathways|Metabolism",CDP-choline pathway|transsulfuration pathway|oxidative metabolism|serine biosynthesis|precursor pathway|choline metabolism|TCA cycle,7,2350,87.42502019926906,
d3_llm_single_no_lit,D3,,single,no_lit,compound_only_enrich_mammalian_RAMP_P_000000016_seed4,"Glycine, serine and threonine metabolism",RAMP_P_000000016,kegg,methionine metabolism,False,False,0.7530971569005595,"Glycine, serine and threonine metabolism",0.7530971569005595,2,"Glycine, serine and threonine metabolism",0.7530971569005595,2,False,False,False,"Metabolism of amino acids and derivatives|Glycine, serine and threonine metabolism|Metabolic epileptic disorders","Metabolism of amino acids and derivatives|Glycine, serine and threonine metabolism|Metabolic epileptic disorders|Metabolism|3-Phosphoglycerate dehydrogenase deficiency|Dihydropyrimidine Dehydrogenase Deficiency (DHPD)|Dimethylglycine Dehydrogenase Deficiency|Dimethylglycine Dehydrogenase Deficiency|Hyperglycinemia, non-ketotic|Non Ketotic Hyperglycinemia",methionine metabolism|transsulfuration pathway|folate metabolism|threonine metabolism|Polyamine metabolism|lipid metabolism|acid catabolism|one-carbon metabolism,8,2250,19.020091328769922,
d3_llm_single_no_lit,D3,,single,no_lit,compound_only_enrich_mammalian_RAMP_P_000000016_seed6,"Glycine, serine and threonine metabolism",RAMP_P_000000016,kegg,methylation metabolism,False,False,0.5792602740700457,"Glycine, serine and threonine metabolism",0.5792602740700457,1,Methionine Metabolism,0.7596770329055013,8,False,False,False,"Glycine, serine and threonine metabolism|Biochemical pathways: part I|Cystathionine Beta-Synthase Deficiency","Glycine, serine and threonine metabolism|Biochemical pathways: part I|Cystathionine Beta-Synthase Deficiency|Glycine N-methyltransferase Deficiency|Homocystinuria-megaloblastic anemia due to defect in cobalamin metabolism, cblG complementation type|Hypermethioninemia|Methionine Adenosyltransferase Deficiency|Methionine Metabolism|Methylenetetrahydrofolate Reductase Deficiency (MTHFRD)|S-Adenosylhomocysteine (SAH) Hydrolase Deficiency",methylation metabolism|cysteine biosynthesis|cysteine metabolism|Altered one-carbon metabolism|one-carbon metabolism|Choline metabolism|methylation cycle,7,1866,76.99273587577045,
d3_llm_single_no_lit,D3,,single,no_lit,compound_only_enrich_mammalian_RAMP_P_000000016_seed7,"Glycine, serine and threonine metabolism",RAMP_P_000000016,kegg,methionine cycle,False,True,0.5501414851573545,Methionine de novo and salvage pathway,0.8212383554278042,3,Methionine de novo and salvage pathway,0.8212383554278042,3,False,True,True,"Glycine, serine and threonine metabolism|Biochemical pathways: part I|Methionine de novo and salvage pathway","Glycine, serine and threonine metabolism|Biochemical pathways: part I|Methionine de novo and salvage pathway|Metabolism of amino acids and derivatives|Methionine Metabolism|Metabolism|Cystathionine Beta-Synthase Deficiency|Glycine N-methyltransferase Deficiency|Homocystinuria-megaloblastic anemia due to defect in cobalamin metabolism, cblG complementation type|Hypermethioninemia",methionine cycle|methylation pathway|inflammatory signaling|folate metabolism|transsulfuration pathway|one-carbon metabolism|lipid signaling|Pyrimidine metabolism|TCA cycle|energy metabolism,10,2395,29.33967768587172,
d3_llm_single_no_lit,D3,,single,no_lit,compound_only_enrich_mammalian_RAMP_P_000000016_seed9,"Glycine, serine and threonine metabolism",RAMP_P_000000016,kegg,oxidative metabolism,False,False,0.44059977915587617,Pyruvate metabolism,0.597533607615631,3,Pyruvate metabolism,0.597533607615631,3,False,False,False,"Glycine, serine and threonine metabolism|Metabolism of amino acids and derivatives|Pyruvate metabolism","Glycine, serine and threonine metabolism|Metabolism of amino acids and derivatives|Pyruvate metabolism|Methionine de novo and salvage pathway|SLC-mediated transmembrane transport|Transport of inorganic cations/anions and amino acids/oligopeptides|Disease|Metabolism of vitamins and cofactors|Serine biosynthesis|Transport of small molecules",oxidative metabolism|TCA cycle|energy metabolism|carbon metabolism|nitrogen metabolism|membrane metabolism|isolated pathway,7,2022,31.095209376886487,
d3_llm_single_no_lit,D3,,single,no_lit,compound_only_enrich_mammalian_RAMP_P_000000106_seed0,Tyrosine metabolism,RAMP_P_000000106,kegg,tyrosine metabolism,True,True,1.0000000018620427,Tyrosine metabolism,1.0000000018620427,1,Tyrosine metabolism,1.0000000018620427,1,True,True,True,Tyrosine metabolism|Alkaptonuria|Dopamine beta-hydroxylase deficiency,"Tyrosine metabolism|Alkaptonuria|Dopamine beta-hydroxylase deficiency|Hawkinsinuria|Monoamine oxidase-a deficiency (MAO-A)|Tyrosinemia Type I|Tyrosinemia, transient, of the newborn|Disulfiram Action Pathway|Amino acid metabolism|ADHD and autism (ASD) pathways",tyrosine metabolism|catecholamine biosynthesis|Amino acid metabolism|acid metabolism|tyrosine catabolism|catechol metabolism|transsulfuration pathway|downstream metabolism|BH4-dependent catecholamine biosynthesis,9,1946,23.68151580914855,
d3_llm_single_no_lit,D3,,single,no_lit,compound_only_enrich_mammalian_RAMP_P_000000106_seed2,Tyrosine metabolism,RAMP_P_000000106,kegg,phenylalanine metabolism,False,False,0.790399618110423,Tyrosine metabolism,0.790399618110423,1,Tyrosine metabolism,0.790399618110423,1,False,False,False,Tyrosine metabolism|Alkaptonuria|Dopamine beta-hydroxylase deficiency,"Tyrosine metabolism|Alkaptonuria|Dopamine beta-hydroxylase deficiency|Hawkinsinuria|Monoamine oxidase-a deficiency (MAO-A)|Tyrosinemia Type I|Tyrosinemia, transient, of the newborn|Disulfiram Action Pathway|Metabolism|Aromatic L-Aminoacid Decarboxylase Deficiency",phenylalanine metabolism|melanin biosynthesis|catecholamine biosynthesis|arginine metabolism|acid metabolism|oxidative metabolism|proline metabolism|dopaminergic metabolism,8,2143,42.51022892817855,
d3_llm_single_no_lit,D3,,single,no_lit,compound_only_enrich_mammalian_RAMP_P_000000106_seed3,Tyrosine metabolism,RAMP_P_000000106,kegg,catecholamine biosynthesis,False,False,0.5634444618263916,Tyrosine metabolism,0.5634444618263916,1,Tyrosine metabolism,0.5634444618263916,1,False,False,False,Tyrosine metabolism|Alkaptonuria|Dopamine beta-hydroxylase deficiency,"Tyrosine metabolism|Alkaptonuria|Dopamine beta-hydroxylase deficiency|Hawkinsinuria|Monoamine oxidase-a deficiency (MAO-A)|Tyrosinemia Type I|Tyrosinemia, transient, of the newborn|Disulfiram Action Pathway|ADHD and autism (ASD) pathways|SLC transporter disorders",catecholamine biosynthesis|purine metabolism|cardiovascular signalling|tyrosine degradation|purine catabolism|oxidative metabolism|carbon metabolism|acid catabolism|glycosylation metabolism|neuronal signalling,10,2895,136.54241260141134,
d3_llm_single_no_lit,D3,,single,no_lit,compound_only_enrich_mammalian_RAMP_P_000000106_seed8,Tyrosine metabolism,RAMP_P_000000106,kegg,Tyrosine metabolism,True,True,1.0000000245535443,Tyrosine metabolism,1.0000000245535443,1,Tyrosine metabolism,1.0000000245535443,1,True,True,True,Tyrosine metabolism|Alkaptonuria|Dopamine beta-hydroxylase deficiency,"Tyrosine metabolism|Alkaptonuria|Dopamine beta-hydroxylase deficiency|Hawkinsinuria|Monoamine oxidase-a deficiency (MAO-A)|Tyrosinemia Type I|Tyrosinemia, transient, of the newborn|Disulfiram Action Pathway|Metabolism|ADHD and autism (ASD) pathways",Tyrosine metabolism|catecholamine biosynthesis|melanin biosynthesis|Secondary pathway|terpenoid biosynthesis|gluconeogenic metabolism|dopamine metabolism|upstream pathway|catecholamine catabolism|cholesterol metabolism|acid catabolism|TCA cycle|tyrosine catabolism,13,2449,58.75393183529377,
d3_llm_single_no_lit,D3,,single,no_lit,compound_only_enrich_mammalian_RAMP_P_000000141_seed0,Tryptophan metabolism,RAMP_P_000000141,kegg,tryptophan metabolism,True,True,0.9999999236558506,Tryptophan metabolism,0.9999999236558506,1,Tryptophan metabolism,0.9999999236558506,1,True,True,True,Tryptophan metabolism|Biochemical pathways: part I|Tryptophan metabolism,Tryptophan metabolism|Biochemical pathways: part I|Tryptophan metabolism|Metabolism of amino acids and derivatives|Tryptophan catabolism leading to NAD+ production|Amino acid metabolism|Metabolism|ADHD and autism (ASD) pathways|IDO metabolic pathway|Serotonin and melatonin biosynthesis,tryptophan metabolism|melatonin biosynthesis|Kynurenine pathway|proline metabolism|polyamine pathway|ornithine metabolism,6,2044,24.355314180254936,
d3_llm_single_no_lit,D3,,single,no_lit,compound_only_enrich_mammalian_RAMP_P_000000141_seed1,Tryptophan metabolism,RAMP_P_000000141,kegg,tryptophan metabolism,True,True,0.9999999236558506,Tryptophan metabolism,0.9999999236558506,1,Tryptophan metabolism,0.9999999236558506,1,True,True,True,Tryptophan metabolism|Biochemical pathways: part I|Metabolism of amino acids and derivatives,Tryptophan metabolism|Biochemical pathways: part I|Metabolism of amino acids and derivatives|Tryptophan metabolism|ADHD and autism (ASD) pathways|Tryptophan catabolism leading to NAD+ production|Metabolism|Amino acid metabolism|IDO metabolic pathway|Serotonin and melatonin biosynthesis,tryptophan metabolism|acid's catabolism|polyamine metabolism|cysteine metabolism|kynurenine pathway|serotonin pathway|enhanced catabolism,7,1935,43.49151968955994,
d3_llm_single_no_lit,D3,,single,no_lit,compound_only_enrich_mammalian_RAMP_P_000000141_seed2,Tryptophan metabolism,RAMP_P_000000141,kegg,tryptophan metabolism,True,True,0.9999999236558506,Tryptophan metabolism,0.9999999236558506,1,Tryptophan metabolism,0.9999999236558506,1,True,True,True,Tryptophan metabolism|Tryptophan metabolism|Amino acid metabolism,Tryptophan metabolism|Tryptophan metabolism|Amino acid metabolism|Biochemical pathways: part I|Serotonin and melatonin biosynthesis|Biogenic amine synthesis|Tryptophan catabolism leading to NAD+ production|Neurotransmitter disorders|Biosynthesis and regeneration of tetrahydrobiopterin and catabolism of phenylalanine|Metabolism of amine-derived hormones,tryptophan metabolism|Kynurenine pathway|Secondary pathway|Alter tryptophan catabolism,4,1569,31.57971203327179,
d3_llm_single_no_lit,D3,,single,no_lit,compound_only_enrich_mammalian_RAMP_P_000000141_seed3,Tryptophan metabolism,RAMP_P_000000141,kegg,tryptophan degradation,True,True,0.7004667228254879,Tryptophan metabolism,0.7004667228254879,1,Tryptophan catabolism leading to NAD+ production,0.702538588052985,4,False,False,False,Tryptophan metabolism|Tryptophan metabolism|Biochemical pathways: part I,Tryptophan metabolism|Tryptophan metabolism|Biochemical pathways: part I|Tryptophan catabolism leading to NAD+ production|Amino acid metabolism|ADHD and autism (ASD) pathways|Metabolism|IDO metabolic pathway|Serotonin and melatonin biosynthesis|NAD+ biosynthetic pathways,tryptophan degradation|Kynurenine pathway|tryptophan catabolism|wake cycle|energy metabolism|pyrimidine biosynthesis|urea cycle,7,3059,86.51425609923899,
d3_llm_single_no_lit,D3,,single,no_lit,compound_only_enrich_mammalian_RAMP_P_000000141_seed4,Tryptophan metabolism,RAMP_P_000000141,kegg,tryptophan metabolism,True,True,0.9999999236558506,Tryptophan metabolism,0.9999999236558506,1,Tryptophan metabolism,0.9999999236558506,1,True,True,True,Tryptophan metabolism|Amino acid metabolism|Tryptophan metabolism,Tryptophan metabolism|Amino acid metabolism|Tryptophan metabolism|Biochemical pathways: part I|G alpha (i) signalling events|Metabolism|GPCR downstream signalling|Phase I - Functionalization of compounds|ADHD and autism (ASD) pathways|Signaling by GPCR,tryptophan metabolism|Kynurenine pathway|microbial metabolism|minor pathway|tryptophan catabolism|oxidative metabolism,6,2159,61.116649290546775,
d3_llm_single_no_lit,D3,,single,no_lit,compound_only_enrich_mammalian_RAMP_P_000000141_seed5,Tryptophan metabolism,RAMP_P_000000141,kegg,tryptophan metabolism,True,True,0.9999999236558506,Tryptophan metabolism,0.9999999236558506,1,Tryptophan metabolism,0.9999999236558506,1,True,True,True,Tryptophan metabolism|Tryptophan metabolism|Metabolism of amino acids and derivatives,Tryptophan metabolism|Tryptophan metabolism|Metabolism of amino acids and derivatives|Biochemical pathways: part I|Metabolism|Serotonin and melatonin biosynthesis|Biogenic amine synthesis|Amino acid metabolism|Tryptophan catabolism leading to NAD+ production|Neurotransmitter disorders,tryptophan metabolism|retinoid metabolism|purine catabolism|Kynurenine pathway|Serotonin pathway,5,3754,93.92117143794894,
d3_llm_single_no_lit,D3,,single,no_lit,compound_only_enrich_mammalian_RAMP_P_000000141_seed6,Tryptophan metabolism,RAMP_P_000000141,kegg,Tryptophan degradation,True,True,0.7004667471120847,Tryptophan metabolism,0.7004667471120847,1,Tryptophan catabolism leading to NAD+ production,0.7025384107355948,5,False,False,False,Tryptophan metabolism|Tryptophan metabolism|Biochemical pathways: part I,Tryptophan metabolism|Tryptophan metabolism|Biochemical pathways: part I|Biogenic amine synthesis|Tryptophan catabolism leading to NAD+ production|Metabolism|ADHD and autism (ASD) pathways|IDO metabolic pathway|Sudden infant death syndrome (SIDS) susceptibility pathways|Serotonin and melatonin biosynthesis,Tryptophan degradation|Mitochondrial oxidative metabolism|folate metabolism|protective pathway|phosphate pathway|cholinergic signalling|kynurenine pathway|inflammatory pathway|tryptophan catabolism|energy metabolism,10,3964,135.47439991123974,
d3_llm_single_no_lit,D3,,single,no_lit,compound_only_enrich_mammalian_RAMP_P_000000141_seed7,Tryptophan metabolism,RAMP_P_000000141,kegg,proline metabolism,False,False,0.6649304215363813,Tryptophan metabolism,0.6649304215363813,1,Tryptophan metabolism,0.6649304215363813,1,False,False,False,Tryptophan metabolism|Tryptophan metabolism|Tryptophan catabolism leading to NAD+ production,Tryptophan metabolism|Tryptophan metabolism|Tryptophan catabolism leading to NAD+ production|Biochemical pathways: part I|ADHD and autism (ASD) pathways|Metabolism of amino acids and derivatives|IDO metabolic pathway|Serotonin and melatonin biosynthesis|Amino acid metabolism|NAD+ biosynthetic pathways,proline metabolism|neuroactive signaling|proline cycle|serotonin pathway|kynurenine pathway|tryptophan catabolism,6,2839,79.06140111014247,
d3_llm_single_no_lit,D3,,single,no_lit,compound_only_enrich_mammalian_RAMP_P_000000141_seed8,Tryptophan metabolism,RAMP_P_000000141,kegg,tryptophan metabolism,True,True,0.9999999236558506,Tryptophan metabolism,0.9999999236558506,1,Tryptophan metabolism,0.9999999236558506,1,True,True,True,Tryptophan metabolism|Tryptophan catabolism leading to NAD+ production|Biochemical pathways: part I,Tryptophan metabolism|Tryptophan catabolism leading to NAD+ production|Biochemical pathways: part I|ADHD and autism (ASD) pathways|Metabolism|Tryptophan metabolism|Metabolism of amino acids and derivatives|IDO metabolic pathway|Serotonin and melatonin biosynthesis|NAD+ biosynthetic pathways,tryptophan metabolism|purine catabolism|parallel pathway|ethanolamine metabolism|proline catabolism|TCA cycle|kynurenine pathway|energy metabolism,8,3516,43.41325922124088,
d3_llm_single_no_lit,D3,,single,no_lit,compound_only_enrich_mammalian_RAMP_P_000000398_seed0,Galactose Metabolism,RAMP_P_000000398,kegg,galactose metabolism,True,True,0.9999999832245213,Galactose Metabolism,0.9999999832245213,2,Galactose Metabolism,0.9999999832245213,2,True,True,True,Galactosemia|Galactose Metabolism|Galactose Metabolism,Galactosemia|Galactose Metabolism|Galactose Metabolism|Biochemical pathways: part I|Glycerophospholipid biosynthetic pathway|Glycerophospholipid biosynthesis|Phospholipid metabolism|MECP2 and associated Rett syndrome|GPCR downstream signalling|Orexin receptor pathway,galactose metabolism|phospholipid metabolism|sterol biosynthesis|response metabolism|lipid metabolism|Altered galactose pathway|energy metabolism|raffinose biosynthesis,8,1938,25.875047493726015,
d3_llm_single_no_lit,D3,,single,no_lit,compound_only_enrich_mammalian_RAMP_P_000000398_seed1,Galactose Metabolism,RAMP_P_000000398,kegg,myo-inositol metabolism,False,False,0.644111698936033,Galactose Metabolism,0.644111698936033,2,Galactose Metabolism,0.644111698936033,2,False,False,False,Galactosemia|Galactose Metabolism|Galactose Metabolism,Galactosemia|Galactose Metabolism|Galactose Metabolism|Biochemical pathways: part I|Glycerophospholipid biosynthesis|Phospholipid metabolism|GPCR downstream signalling|Signaling by GPCR|Signal Transduction|Digestion,myo-inositol metabolism|galactose catabolism|secondary pathway|acetylcholine metabolism|glycerolipid metabolism|RFO biosynthesis|RFO pathway|Sucrose biosynthesis|tissue metabolism,9,1868,29.967064471915364,
d3_llm_single_no_lit,D3,,single,no_lit,compound_only_enrich_mammalian_RAMP_P_000000398_seed2,Galactose Metabolism,RAMP_P_000000398,kegg,inositol metabolism,False,False,0.6461855660473238,Galactose Metabolism,0.6461855660473238,2,Galactose Metabolism,0.6461855660473238,2,False,False,False,Galactosemia|Galactose Metabolism|Galactose Metabolism,"Galactosemia|Galactose Metabolism|Galactose Metabolism|Biochemical pathways: part I|Glycerophospholipid biosynthetic pathway|Glycerophospholipid biosynthesis|Phospholipid metabolism|Trans-sulfuration, one-carbon metabolism and related pathways|Phosphatidylethanolamine Biosynthesis|Phosphatidylcholine Biosynthesis",inositol metabolism|phospholipid metabolism|galactose-to-sucrose pathway|phospholipid biosynthesis|phosphate pathway|lipid signaling|acid catabolism|storage metabolism,8,2294,31.187733637169003,
d3_llm_single_no_lit,D3,,single,no_lit,compound_only_enrich_mammalian_RAMP_P_000000398_seed3,Galactose Metabolism,RAMP_P_000000398,kegg,Galactose Metabolism,True,True,0.9999999675920971,Galactose Metabolism,0.9999999675920971,2,Galactose Metabolism,0.9999999675920971,2,True,True,True,Galactosemia|Galactose Metabolism|Galactose Metabolism,Galactosemia|Galactose Metabolism|Galactose Metabolism|Biochemical pathways: part I|Metabolism|Aspirin ADME|Metabolism of lipids|Drug ADME|Disease|Orexin receptor pathway,Galactose Metabolism|galactose-related metabolism|Secondary pathway|pyrimidine pathway|isoprenoid biosynthesis|Galactose pathway|sugar metabolism|carbohydrate metabolism|terpenoid pathway|The pyrimidine pathway|energy metabolism,11,1999,41.39427646435797,
d3_llm_single_no_lit,D3,,single,no_lit,compound_only_enrich_mammalian_RAMP_P_000000398_seed4,Galactose Metabolism,RAMP_P_000000398,kegg,alcohol metabolism,False,False,0.6561792455173467,Galactose Metabolism,0.6561792455173467,2,Galactose Metabolism,0.6561792455173467,2,False,False,False,Galactosemia|Galactose Metabolism|Galactose Metabolism,"Galactosemia|Galactose Metabolism|Galactose Metabolism|Biochemical pathways: part I|Disease|Orexin receptor pathway|Glucocorticoid biosynthesis|Starch and sucrose metabolism|Transport of bile salts and organic acids, metal ions and amine compounds|Metabolism",alcohol metabolism|Secondary pathway|phosphate metabolism|Amino acid catabolism|lysine degradation|aspartate metabolism|Inflammatory lipid signaling|suggesting pathway|utilization pathway|galactose pathway|pyrimidine degradation|acid catabolism,12,2125,31.68264950439334,
d3_llm_single_no_lit,D3,,single,no_lit,compound_only_enrich_mammalian_RAMP_P_000000398_seed5,Galactose Metabolism,RAMP_P_000000398,kegg,Galactose Metabolism,True,True,0.9999999675920971,Galactose Metabolism,0.9999999675920971,2,Galactose Metabolism,0.9999999675920971,2,True,True,True,Galactosemia|Galactose Metabolism|Galactose Metabolism,Galactosemia|Galactose Metabolism|Galactose Metabolism|Biochemical pathways: part I|MECP2 and associated Rett syndrome|GPCR downstream signalling|Orexin receptor pathway|Signaling by GPCR|Glucose homeostasis|Transport of small molecules,Galactose Metabolism|RFOs biosynthesis|phosphatidylinositol signaling|carbohydrate metabolism|glycerolipid biosynthesis|stress-responsive metabolism|cell signaling,7,1990,28.265914283692837,
d3_llm_single_no_lit,D3,,single,no_lit,compound_only_enrich_mammalian_RAMP_P_000000398_seed6,Galactose Metabolism,RAMP_P_000000398,kegg,oxylipin biosynthesis,False,False,0.34141809802253686,Galactose Metabolism,0.34141809802253686,2,Glycerophospholipid biosynthetic pathway,0.6275994274434596,9,False,False,False,Galactosemia|Galactose Metabolism|Galactose Metabolism,Galactosemia|Galactose Metabolism|Galactose Metabolism|Biochemical pathways: part I|Metabolic epileptic disorders|ADHD and autism (ASD) pathways|Metabolism|Transport of small molecules|Glycerophospholipid biosynthetic pathway|Vitamin B12 metabolism,oxylipin biosynthesis|acid pathway|hexosamine pathway|galactose metabolism|Osmotic and signalling|eicosanoid pathway|eicosanoid signaling|up pathway,8,4030,86.61974897049367,
d3_llm_single_no_lit,D3,,single,no_lit,compound_only_enrich_mammalian_RAMP_P_000000398_seed7,Galactose Metabolism,RAMP_P_000000398,kegg,collagen metabolism,False,False,0.49342258373163383,Galactose Metabolism,0.49342258373163383,2,Starch and sucrose metabolism,0.527488773791248,10,False,False,False,Galactosemia|Galactose Metabolism|Galactose Metabolism,Galactosemia|Galactose Metabolism|Galactose Metabolism|Biochemical pathways: part I|Orexin receptor pathway|Glucose homeostasis|Transport of small molecules|Digestion|Digestion and absorption|Starch and sucrose metabolism,collagen metabolism|galactose metabolism|RFO biosynthesis|carbohydrate metabolism|polyol pathway,5,2045,27.409923128783703,
d3_llm_single_no_lit,D3,,single,no_lit,compound_only_enrich_mammalian_RAMP_P_000000398_seed8,Galactose Metabolism,RAMP_P_000000398,kegg,galactose metabolism,True,True,0.9999999832245213,Galactose Metabolism,0.9999999832245213,2,Galactose Metabolism,0.9999999832245213,2,True,True,True,Galactosemia|Galactose Metabolism|Galactose Metabolism,Galactosemia|Galactose Metabolism|Galactose Metabolism|Biochemical pathways: part I|Orexin receptor pathway|Glucose homeostasis|Signaling by GPCR|Digestion|Digestion and absorption|Signal Transduction,galactose metabolism|polyol pathway|Secondary pathway|phenylalanine metabolism|inositol metabolism|nitrogen metabolism|sugar metabolism|cell signaling|acid catabolism|acid metabolism,10,2273,35.60021501593292,
d3_llm_single_no_lit,D3,,single,no_lit,compound_only_enrich_mammalian_RAMP_P_000000398_seed9,Galactose Metabolism,RAMP_P_000000398,kegg,Likely pathway,False,False,0.2782017842970925,Galactose Metabolism,0.2782017842970925,2,Biochemical pathways: part I,0.6255387330302373,4,False,False,False,Galactosemia|Galactose Metabolism|Galactose Metabolism,Galactosemia|Galactose Metabolism|Galactose Metabolism|Biochemical pathways: part I|Polyol pathway|Disorders of fructose metabolism|Orexin receptor pathway|Glucose homeostasis|Digestion|Digestion and absorption,Likely pathway|pyrimidine metabolism|Galactose metabolism|phosphate signaling|phosphatidylinositol pathway|salvage pathway|fructose catabolism|carbohydrate metabolism|carbohydrate catabolism|Akt signalling|phosphoinositide cycle|modulate signalling|nucleotide biosynthesis,13,2892,47.42751342244446,
d3_llm_single_no_lit,D3,,single,no_lit,compound_only_enrich_mammalian_RAMP_P_000000421_seed1,Androgen and Estrogen Metabolism,RAMP_P_000000421,kegg,Likely pathway,False,False,0.33065078595900715,Androgen and Estrogen Metabolism,0.33065078595900715,2,Cancer pathways,0.6259158643070137,10,False,False,False,17-Beta Hydroxysteroid Dehydrogenase III Deficiency|Androgen and Estrogen Metabolism|Androgen and Estrogen Metabolism,17-Beta Hydroxysteroid Dehydrogenase III Deficiency|Androgen and Estrogen Metabolism|Androgen and Estrogen Metabolism|Aromatase deficiency|Metabolism of steroid hormones|Steroid biosynthesis|Androgen receptor network in prostate cancer|Sulfatase and aromatase pathway|Male steroid hormones in cardiomyocyte energy metabolism|Cancer pathways,Likely pathway|hormone biosynthesis|tyrosine pathway|endogenous pathway|steroid pathway|lipid metabolism|catecholamine metabolism|estrogen biosynthesis,8,3373,95.66756464540958,
d3_llm_single_no_lit,D3,,single,no_lit,compound_only_enrich_mammalian_RAMP_P_000000421_seed2,Androgen and Estrogen Metabolism,RAMP_P_000000421,kegg,Most consistent pathway,False,False,0.3878743020924396,Androgen and Estrogen Metabolism,0.3878743020924396,2,Cancer pathways,0.6483455542442009,5,False,False,False,17-Beta Hydroxysteroid Dehydrogenase III Deficiency|Androgen and Estrogen Metabolism|Androgen and Estrogen Metabolism,17-Beta Hydroxysteroid Dehydrogenase III Deficiency|Androgen and Estrogen Metabolism|Androgen and Estrogen Metabolism|Aromatase deficiency|Cancer pathways|Classical pathway of steroidogenesis with glucocorticoid and mineralocorticoid metabolism|Metabolism of steroid hormones|Steroid biosynthesis|Androgen receptor network in prostate cancer|Biochemical pathways: part I,Most consistent pathway|Androgen biosynthesis|C cycle|proline catabolism|hormone biosynthesis|estrogen biosynthesis|kynurenine pathway|acid catabolism|proline degradation|TCA cycle|bone metabolism|energy metabolism|immune signaling,13,3448,64.3800682388246,
d3_llm_single_no_lit,D3,,single,no_lit,compound_only_enrich_mammalian_RAMP_P_000000421_seed3,Androgen and Estrogen Metabolism,RAMP_P_000000421,kegg,hormone biosynthesis,False,False,0.40840074751406735,Androgen and Estrogen Metabolism,0.40840074751406735,2,Steroid biosynthesis,0.7274869480092148,6,False,False,False,17-Beta Hydroxysteroid Dehydrogenase III Deficiency|Androgen and Estrogen Metabolism|Androgen and Estrogen Metabolism,17-Beta Hydroxysteroid Dehydrogenase III Deficiency|Androgen and Estrogen Metabolism|Androgen and Estrogen Metabolism|Aromatase deficiency|Metabolism of steroid hormones|Steroid biosynthesis|Androgen receptor network in prostate cancer|Sulfatase and aromatase pathway|Male steroid hormones in cardiomyocyte energy metabolism|Cancer pathways,hormone biosynthesis|glycosylation metabolism|driven signalling|group metabolism|arginine metabolism|hexosamine pathway,6,3025,108.2189333382994,
d3_llm_single_no_lit,D3,,single,no_lit,compound_only_enrich_mammalian_RAMP_P_000000421_seed4,Androgen and Estrogen Metabolism,RAMP_P_000000421,kegg,estrogen biosynthesis,True,True,0.5571304535034511,Androgen and Estrogen Metabolism,0.5571304535034511,2,Steroid biosynthesis,0.7810426990794296,6,False,False,False,17-Beta Hydroxysteroid Dehydrogenase III Deficiency|Androgen and Estrogen Metabolism|Androgen and Estrogen Metabolism,17-Beta Hydroxysteroid Dehydrogenase III Deficiency|Androgen and Estrogen Metabolism|Androgen and Estrogen Metabolism|Aromatase deficiency|Metabolism of steroid hormones|Steroid biosynthesis|Androgen receptor network in prostate cancer|Sulfatase and aromatase pathway|Metabolism|Male steroid hormones in cardiomyocyte energy metabolism,estrogen biosynthesis|purine metabolism|glycosaminoglycan metabolism|lipid metabolism,4,1978,31.03223469480872,
d3_llm_single_no_lit,D3,,single,no_lit,compound_only_enrich_mammalian_RAMP_P_000000421_seed5,Androgen and Estrogen Metabolism,RAMP_P_000000421,kegg,hormone biosynthesis,False,False,0.40840074751406735,Androgen and Estrogen Metabolism,0.40840074751406735,2,Steroid biosynthesis,0.7274869480092148,6,False,False,False,17-Beta Hydroxysteroid Dehydrogenase III Deficiency|Androgen and Estrogen Metabolism|Androgen and Estrogen Metabolism,17-Beta Hydroxysteroid Dehydrogenase III Deficiency|Androgen and Estrogen Metabolism|Androgen and Estrogen Metabolism|Aromatase deficiency|Metabolism of steroid hormones|Steroid biosynthesis|Androgen receptor network in prostate cancer|Sulfatase and aromatase pathway|Male steroid hormones in cardiomyocyte energy metabolism|Biological oxidations,hormone biosynthesis|aromatase pathway|-reduction pathway|polyamine metabolism|methylation metabolism|neurotransmitter biosynthesis|polyamine pathway|neurotransmitter metabolism|The SAH pathway|steroid metabolism,10,2085,26.97711517289281,
d3_llm_single_no_lit,D3,,single,no_lit,compound_only_enrich_mammalian_RAMP_P_000000421_seed6,Androgen and Estrogen Metabolism,RAMP_P_000000421,kegg,hormone biosynthesis,False,False,0.40840074751406735,Androgen and Estrogen Metabolism,0.40840074751406735,2,Steroid biosynthesis,0.7274869480092148,8,False,False,False,17-Beta Hydroxysteroid Dehydrogenase III Deficiency|Androgen and Estrogen Metabolism|Androgen and Estrogen Metabolism,17-Beta Hydroxysteroid Dehydrogenase III Deficiency|Androgen and Estrogen Metabolism|Androgen and Estrogen Metabolism|Aromatase deficiency|Cancer pathways|Classical pathway of steroidogenesis with glucocorticoid and mineralocorticoid metabolism|Metabolism of steroid hormones|Steroid biosynthesis|Androgen receptor network in prostate cancer|Sulfatase and aromatase pathway,hormone biosynthesis|steroid metabolism|steroidogenic signaling,3,2179,33.93738029897213,
d3_llm_single_no_lit,D3,,single,no_lit,compound_only_enrich_mammalian_RAMP_P_000000421_seed8,Androgen and Estrogen Metabolism,RAMP_P_000000421,kegg,Implied pathway,False,False,0.3222042032259441,Androgen and Estrogen Metabolism,0.3222042032259441,2,Biochemical pathways: part I,0.6600064130530297,10,False,False,False,17-Beta Hydroxysteroid Dehydrogenase III Deficiency|Androgen and Estrogen Metabolism|Androgen and Estrogen Metabolism,17-Beta Hydroxysteroid Dehydrogenase III Deficiency|Androgen and Estrogen Metabolism|Androgen and Estrogen Metabolism|Aromatase deficiency|Metabolism of steroid hormones|Steroid biosynthesis|Androgen receptor network in prostate cancer|Sulfatase and aromatase pathway|Male steroid hormones in cardiomyocyte energy metabolism|Biochemical pathways: part I,Implied pathway|Steroid hormone biosynthesis|I metabolism|Purine catabolism|acid metabolism|nucleotide catabolism|neurotransmitter biosynthesis|Elevated caffeine metabolism|steroid biosynthesis,9,3903,82.17182501964271,
d3_llm_single_no_lit,D3,,single,no_lit,compound_only_enrich_mammalian_RAMP_P_000025682_seed2,Celecoxib Action Pathway,RAMP_P_000025682,smpdb,eicosanoid metabolism,False,False,0.45892662054580047,Celecoxib Action Pathway,0.45892662054580047,1,Acetaminophen  Action Pathway,0.502975846145119,7,False,False,False,Celecoxib Action Pathway|Ibuprofen Action Pathway|Leukotriene C4 Synthesis Deficiency,Celecoxib Action Pathway|Ibuprofen Action Pathway|Leukotriene C4 Synthesis Deficiency|Rofecoxib Action Pathway|Salicylate-sodium Action Pathway|Trisalicylate-choline Action Pathway|Acetaminophen  Action Pathway|Acetylsalicylic Acid Action Pathway|Antipyrine Action Pathway|Antrafenine Action Pathway,eicosanoid metabolism|one-carbon metabolism|nucleotide metabolism|Retinoid signaling|receptor signaling|CYP450-mediated metabolism|eicosanoid signaling,7,2044,28.195854384452105,
d3_llm_single_no_lit,D3,,single,no_lit,compound_only_enrich_mammalian_RAMP_P_000050021_seed0,Biological oxidations,RAMP_P_000050021,reactome,P450 metabolism,False,True,0.4600736713973112,Metabolism,0.7374161876242662,2,Metabolism,0.7374161876242662,2,False,False,False,Biological oxidations|Metabolism|Phase II - Conjugation of compounds,"Biological oxidations|Metabolism|Phase II - Conjugation of compounds|Phase I - Functionalization of compounds|Xenobiotics|Cytochrome P450 - arranged by substrate type|ADHD and autism (ASD) pathways|Glutathione conjugation|Sensory perception of sweet, bitter, and umami (glutamate) taste|Sensory perception of taste",P450 metabolism|Coumarin metabolism|acid metabolism|The tryptophan-kynurenine pathway|tetrahydrobiopterin metabolism|kynurenine pathway|xenobiotic metabolism|Glutathione conjugation,8,2261,72.70788176730275,
d3_llm_single_no_lit,D3,,single,no_lit,compound_only_enrich_mammalian_RAMP_P_000050021_seed1,Biological oxidations,RAMP_P_000050021,reactome,xenobiotic metabolism,False,True,0.5229735964197266,Metabolism,0.8217436747704865,2,Metabolism,0.8217436747704865,2,False,True,True,Biological oxidations|Metabolism|Phase I - Functionalization of compounds,Biological oxidations|Metabolism|Phase I - Functionalization of compounds|Phase II - Conjugation of compounds|Cytochrome P450 - arranged by substrate type|Sensory Perception|Cytosolic sulfonation of small molecules|Xenobiotics|Transport of small molecules|Signaling by Hedgehog,xenobiotic metabolism|oxidative metabolism|Secondary pathway|hormone biosynthesis|nucleotide metabolism|Phase I metabolism|Altered lipid metabolism|The xenobiotic metabolism|lipid metabolism,9,3121,42.765052046626806,
d3_llm_single_no_lit,D3,,single,no_lit,compound_only_enrich_mammalian_RAMP_P_000050021_seed2,Biological oxidations,RAMP_P_000050021,reactome,Methylation,False,False,0.48972592584456887,Metabolism,0.5751184848563998,2,Methylation,1.0000000036376855,5,False,False,True,Biological oxidations|Metabolism|Phase II - Conjugation of compounds,Biological oxidations|Metabolism|Phase II - Conjugation of compounds|Phase I - Functionalization of compounds|Methylation|Xenobiotics|Drug ADME|Cytochrome P450 - arranged by substrate type|Glutathione conjugation|Metabolism of amino acids and derivatives,Methylation|acid pathway|taurine pathway|polyamine catabolism|taurine metabolism|sulfuration pathway|sulfur metabolism,7,4231,199.67645812034607,
d3_llm_single_no_lit,D3,,single,no_lit,compound_only_enrich_mammalian_RAMP_P_000050021_seed3,Biological oxidations,RAMP_P_000050021,reactome,hormone biosynthesis,False,False,0.40296680648045574,Biological oxidations,0.40296680648045574,1,Biological oxidations,0.40296680648045574,1,False,False,False,Biological oxidations|Phase I - Functionalization of compounds|Metabolism,Biological oxidations|Phase I - Functionalization of compounds|Metabolism|Selenium micronutrient network|Cytochrome P450 - arranged by substrate type|Phase II - Conjugation of compounds|Xenobiotics|Vitamin B12 metabolism|Folate metabolism|Thromboxane signalling through TP receptor,hormone biosynthesis|xenobiotic metabolism|PAH metabolism|thyroid pathway|energy metabolism|affect metabolism|vicious cycle|isolated pathway,8,2204,26.54975214973092,
d3_llm_single_no_lit,D3,,single,no_lit,compound_only_enrich_mammalian_RAMP_P_000050021_seed4,Biological oxidations,RAMP_P_000050021,reactome,cysteine metabolism,False,True,0.2716833592066155,Metabolism,0.49147911447043047,2,Metabolism,0.49147911447043047,2,False,False,False,Biological oxidations|Metabolism|Phase II - Conjugation of compounds,"Biological oxidations|Metabolism|Phase II - Conjugation of compounds|Phase I - Functionalization of compounds|Xenobiotics|Cytochrome P450 - arranged by substrate type|Glutathione conjugation|Sensory perception of sweet, bitter, and umami (glutamate) taste|Sensory perception of taste|Drug ADME",cysteine metabolism|Glutathione metabolism|Xenobiotic metabolism|CYP450 pathway|acid metabolism|oxidative metabolism,6,2144,27.788079492747784,
d3_llm_single_no_lit,D3,,single,no_lit,compound_only_enrich_mammalian_RAMP_P_000050021_seed5,Biological oxidations,RAMP_P_000050021,reactome,redox metabolism,False,True,0.6029156061762276,Metabolism,0.736333154183593,1,Metabolism,0.736333154183593,1,False,False,False,Metabolism|Biological oxidations|Phase I - Functionalization of compounds,"Metabolism|Biological oxidations|Phase I - Functionalization of compounds|Xenobiotics|Biochemical pathways: part I|Sensory perception of sweet, bitter, and umami (glutamate) taste|Sensory perception of taste|Cytochrome P450 - arranged by substrate type|Phase II - Conjugation of compounds|Sensory Perception",redox metabolism|indole catabolism|pyrimidine degradation|Role in pathway|catechol metabolism|microbiome signalling|carbon metabolism|catabolic pathway|redox signalling|acid pathway|disrupted pathway|indole metabolism,12,4172,88.8162108194083,
d3_llm_single_no_lit,D3,,single,no_lit,compound_only_enrich_mammalian_RAMP_P_000050021_seed6,Biological oxidations,RAMP_P_000050021,reactome,Phase II detoxification metabolism,False,True,0.47231092143548054,Phase II - Conjugation of compounds,0.7736304027270527,3,Phase II - Conjugation of compounds,0.7736304027270527,3,False,False,False,Biological oxidations|Metabolism|Phase II - Conjugation of compounds,"Biological oxidations|Metabolism|Phase II - Conjugation of compounds|Phase I - Functionalization of compounds|Xenobiotics|Cytochrome P450 - arranged by substrate type|Amino acid metabolism in triple-negative breast cancer cells|Glutathione conjugation|Methylation|Trans-sulfuration, one-carbon metabolism and related pathways",Phase II detoxification metabolism|acid metabolism|serine-glycine pathway|thyroid metabolism|Glutathione conjugation|GSH biosynthesis|serine metabolism,7,1829,24.44478896446526,
d3_llm_single_no_lit,D3,,single,no_lit,compound_only_enrich_mammalian_RAMP_P_000050021_seed7,Biological oxidations,RAMP_P_000050021,reactome,5-lipoxygenase pathway,False,False,0.4060976606127147,Biological oxidations,0.4060976606127147,2,Cytochrome P450 - arranged by substrate type,0.4276489165960645,5,False,False,False,Metabolism|Biological oxidations|Phase I - Functionalization of compounds,"Metabolism|Biological oxidations|Phase I - Functionalization of compounds|Xenobiotics|Cytochrome P450 - arranged by substrate type|Phase II - Conjugation of compounds|Sensory perception of sweet, bitter, and umami (glutamate) taste|Sensory perception of taste|G alpha (i) signalling events|GPCR downstream signalling",5-lipoxygenase pathway|activation pathway|leukotriene pathway|hormone metabolism|thiol metabolism,5,2053,26.718490624800324,
d3_llm_single_no_lit,D3,,single,no_lit,compound_only_enrich_mammalian_RAMP_P_000050021_seed8,Biological oxidations,RAMP_P_000050021,reactome,xenobiotic metabolism,False,True,0.5229735964197266,Metabolism,0.8217436747704865,1,Metabolism,0.8217436747704865,1,False,True,True,Metabolism|Biological oxidations|Phase I - Functionalization of compounds,Metabolism|Biological oxidations|Phase I - Functionalization of compounds|Xenobiotics|Cytochrome P450 - arranged by substrate type|Phase II - Conjugation of compounds|Agmatine biosynthesis|Assembly of collagen fibrils and other multimeric structures|Crosslinking of collagen fibrils|Spironolactone Action Pathway,xenobiotic metabolism|acid metabolism|coumarin metabolism|polyamine biosynthesis|phospholipid metabolism|alter metabolism|eicosanoid signaling|proliferation signaling|Xenobiotics,9,2022,38.86815890111029,
d3_llm_single_no_lit,D3,,single,no_lit,compound_only_enrich_mammalian_RAMP_P_000050021_seed9,Biological oxidations,RAMP_P_000050021,reactome,Xenobiotic metabolism,False,True,0.5229735964197266,Metabolism,0.8217436747704865,3,Metabolism,0.8217436747704865,3,False,True,True,Biological oxidations|Cytochrome P450 - arranged by substrate type|Metabolism,Biological oxidations|Cytochrome P450 - arranged by substrate type|Metabolism|Phase I - Functionalization of compounds|Xenobiotics|Metal sequestration by antimicrobial proteins|Phase II - Conjugation of compounds|Iron uptake and transport|Transport of small molecules|Antimicrobial peptides,Xenobiotic metabolism|Halogen metabolism|upstream metabolism,3,2457,28.93262566626072,
d3_llm_single_no_lit,D3,,single,no_lit,compound_only_enrich_mammalian_RAMP_P_000050096_seed6,Metabolism of amino acids and derivatives,RAMP_P_000050096,reactome,Tyrosine metabolism,False,False,0.5699837887155126,Metabolism of amino acids and derivatives,0.5699837887155126,1,Tyrosine metabolism,1.0000000245535443,9,False,False,True,Metabolism of amino acids and derivatives|Alkaptonuria|Dopamine beta-hydroxylase deficiency,"Metabolism of amino acids and derivatives|Alkaptonuria|Dopamine beta-hydroxylase deficiency|Hawkinsinuria|Monoamine oxidase-a deficiency (MAO-A)|Tyrosinemia Type I|Tyrosinemia, transient, of the newborn|Disulfiram Action Pathway|Tyrosine metabolism|Biochemical pathways: part I",Tyrosine metabolism|Catecholamine biosynthesis|Melanin pathway|Tyrosine degradation|Lysine degradation pathway|TCA cycle|Central carbon metabolism|acid catabolism|dopamine metabolism|tyrosine catabolism,10,2363,99.80158993415534,
d3_llm_single_no_lit,D3,,single,no_lit,compound_only_enrich_mammalian_RAMP_P_000050099_seed6,Pyrimidine catabolism,RAMP_P_000050099,reactome,Pyrimidine degradation,True,True,0.974252274732699,Pyrimidine catabolism,0.974252274732699,1,Pyrimidine catabolism,0.974252274732699,1,True,True,True,Pyrimidine catabolism|Beta Ureidopropionase Deficiency|Dihydropyrimidinase Deficiency,Pyrimidine catabolism|Beta Ureidopropionase Deficiency|Dihydropyrimidinase Deficiency|MNGIE (Mitochondrial Neurogastrointestinal Encephalopathy)|Pyrimidine metabolism|UMP Synthase Deficiency (Orotic Aciduria)|Nucleotide catabolism|Biochemical pathways: part I|Metabolism of nucleotides|Biomarkers for pyrimidine metabolism disorders,Pyrimidine degradation|catabolic pathway|thymine degradation|thymine catabolism|Secondary pathway|Creatine biosynthesis|glycine metabolism|Oxalate metabolism|glyoxylate metabolism|pyrimidine catabolism|upregulated degradation|downstream pathway|Enhanced DNA degradation|Creatine pathway|RNA degradation|nucleotide catabolism|energy metabolism,17,2081,69.473841836676,
d3_llm_single_no_lit,D3,,single,no_lit,compound_only_enrich_mammalian_RAMP_P_000052855_seed0,Sulfatase and aromatase pathway,RAMP_P_000052855,wikipathways,hormone biosynthesis,False,False,0.32622484291773923,Androgen and Estrogen Metabolism,0.40840074751406735,3,Steroid biosynthesis,0.7274869480092148,9,False,False,False,Sulfatase and aromatase pathway|17-Beta Hydroxysteroid Dehydrogenase III Deficiency|Androgen and Estrogen Metabolism,Sulfatase and aromatase pathway|17-Beta Hydroxysteroid Dehydrogenase III Deficiency|Androgen and Estrogen Metabolism|Androgen and Estrogen Metabolism|Aromatase deficiency|Metabolism of steroid hormones|Biochemical pathways: part I|Estrogen biosynthesis|Steroid biosynthesis|Androgen receptor network in prostate cancer,hormone biosynthesis|Tryptophan metabolism|Valine degradation|Quinone metabolism|estrogen pathway|steroid metabolism|K-dependent pathway|entire pathway,8,1810,49.993053168058395,
d3_llm_single_no_lit,D3,,single,no_lit,compound_only_enrich_mammalian_RAMP_P_000053042_seed9,Steroid biosynthesis,RAMP_P_000053042,wikipathways,hormone biosynthesis,False,False,0.7274869480092148,Steroid biosynthesis,0.7274869480092148,1,Steroid biosynthesis,0.7274869480092148,1,False,False,False,Steroid biosynthesis|Androgen receptor network in prostate cancer|Male steroid hormones in cardiomyocyte energy metabolism,Steroid biosynthesis|Androgen receptor network in prostate cancer|Male steroid hormones in cardiomyocyte energy metabolism|17-Beta Hydroxysteroid Dehydrogenase III Deficiency|Androgen and Estrogen Metabolism|Androgen and Estrogen Metabolism|Aromatase deficiency|Metabolism of steroid hormones|Sulfatase and aromatase pathway|Androgen biosynthesis,hormone biosynthesis|proline metabolism|drug metabolism|reflect pathway|androgen biosynthesis|Coumarin metabolism|intersecting pathway,7,2065,56.01161819510162,
d3_llm_single_no_lit,D3,,single,no_lit,compound_only_enrich_mammalian_RAMP_P_000053306_seed1,Pyrimidine metabolism,RAMP_P_000053306,wikipathways,pyrimidine metabolism,True,True,1.0000000055842404,Pyrimidine metabolism,1.0000000055842404,1,Pyrimidine metabolism,1.0000000055842404,1,True,True,True,Pyrimidine metabolism|Beta Ureidopropionase Deficiency|Dihydropyrimidinase Deficiency,Pyrimidine metabolism|Beta Ureidopropionase Deficiency|Dihydropyrimidinase Deficiency|MNGIE (Mitochondrial Neurogastrointestinal Encephalopathy)|Pyrimidine metabolism|UMP Synthase Deficiency (Orotic Aciduria)|Nucleotide catabolism|Biomarkers for pyrimidine metabolism disorders|Pyrimidine catabolism|Pyrimidine metabolism and related diseases,pyrimidine metabolism|both biosynthesis|deoxyribose pathway|Secondary pathway|proline metabolism|dehydrogenase pathway|acid metabolism|coordinated pathway,8,1838,28.838577853515744,
d3_llm_single_no_lit,D3,,single,no_lit,compound_only_enrich_mammalian_RAMP_P_000053306_seed7,Pyrimidine metabolism,RAMP_P_000053306,wikipathways,Pyrimidine metabolism,True,True,0.9999999966934278,Pyrimidine metabolism,0.9999999966934278,1,Pyrimidine metabolism,0.9999999966934278,1,True,True,True,Pyrimidine metabolism|Beta Ureidopropionase Deficiency|Dihydropyrimidinase Deficiency,Pyrimidine metabolism|Beta Ureidopropionase Deficiency|Dihydropyrimidinase Deficiency|MNGIE (Mitochondrial Neurogastrointestinal Encephalopathy)|Pyrimidine metabolism|UMP Synthase Deficiency (Orotic Aciduria)|Nucleotide catabolism|Pyrimidine catabolism|Metabolism of nucleotides|Biomarkers for pyrimidine metabolism disorders,Pyrimidine metabolism|uracil catabolism|phosphate pathway|ribose metabolism|nucleotide catabolism|pyrimidine catabolism|uracil degradation|Links nucleotide catabolism|carbohydrate metabolism|Steroid pathway|nucleotide metabolism|acid metabolism|pyrimidine degradation|proliferation signaling,14,2048,34.34549891203642,
d3_llm_single_no_lit,D3,,single,no_lit,compound_only_enrich_mammalian_lm_pathway_WP167_seed0,Eicosanoid synthesis,lm_pathway:WP167,lipidmaps,acid metabolism,False,False,0.4193832374871163,Eicosanoid metabolism via lipoxygenases (LOX),0.4608412950962475,3,Acetylsalicylic Acid Action Pathway,0.47488220522667224,9,False,False,False,Eicosanoid synthesis|Eicosanoid metabolism via cyclooxygenases (COX)|Eicosanoid metabolism via lipoxygenases (LOX),Eicosanoid synthesis|Eicosanoid metabolism via cyclooxygenases (COX)|Eicosanoid metabolism via lipoxygenases (LOX)|Leukotriene C4 Synthesis Deficiency|Rofecoxib Action Pathway|Salicylate-sodium Action Pathway|Trisalicylate-choline Action Pathway|Acetaminophen  Action Pathway|Acetylsalicylic Acid Action Pathway|Antipyrine Action Pathway,acid metabolism|5-Lipoxygenase pathway|15-Lipoxygenase pathway|Cyclooxygenase pathway|lipid-mediated signaling|phospholipid metabolism|15-LOX pathway|pro-inflammatory signaling,8,2029,100.69912570156157,
d3_llm_single_no_lit,D3,,single,no_lit,compound_only_enrich_mammalian_lm_pathway_WP167_seed1,Eicosanoid synthesis,lm_pathway:WP167,lipidmaps,acid metabolism,False,False,0.4193832374871163,Eicosanoid metabolism via lipoxygenases (LOX),0.4608412950962475,3,Acetylsalicylic Acid Action Pathway,0.47488220522667224,10,False,False,False,Eicosanoid synthesis|Eicosanoid metabolism via cyclooxygenases (COX)|Eicosanoid metabolism via lipoxygenases (LOX),Eicosanoid synthesis|Eicosanoid metabolism via cyclooxygenases (COX)|Eicosanoid metabolism via lipoxygenases (LOX)|Eicosanoid synthesis|Leukotriene C4 Synthesis Deficiency|Rofecoxib Action Pathway|Salicylate-sodium Action Pathway|Trisalicylate-choline Action Pathway|Acetaminophen  Action Pathway|Acetylsalicylic Acid Action Pathway,acid metabolism|eicosanoid biosynthesis|5-Lipoxygenase pathway|15-Lipoxygenase pathway|Cyclooxygenase pathway|propionate metabolism|serine metabolism|ascorbate metabolism|5-LOX pathway|endogenous metabolism,10,2038,34.94664846919477,
d3_llm_single_no_lit,D3,,single,no_lit,compound_only_enrich_mammalian_lm_pathway_WP167_seed2,Eicosanoid synthesis,lm_pathway:WP167,lipidmaps,tyrosine catabolism,False,False,0.143757221881595,Eicosanoid metabolism via lipoxygenases (LOX),0.20369509272827685,3,Salicylate-sodium Action Pathway,0.3316866087999402,6,False,False,False,Eicosanoid synthesis|Eicosanoid metabolism via cyclooxygenases (COX)|Eicosanoid metabolism via lipoxygenases (LOX),Eicosanoid synthesis|Eicosanoid metabolism via cyclooxygenases (COX)|Eicosanoid metabolism via lipoxygenases (LOX)|Leukotriene C4 Synthesis Deficiency|Rofecoxib Action Pathway|Salicylate-sodium Action Pathway|Trisalicylate-choline Action Pathway|Acetaminophen  Action Pathway|Acetylsalicylic Acid Action Pathway|Antipyrine Action Pathway,tyrosine catabolism|receptor signalling|phenolic catabolism,3,2502,165.29962156526744,
d3_llm_single_no_lit,D3,,single,no_lit,compound_only_enrich_mammalian_lm_pathway_WP167_seed3,Eicosanoid synthesis,lm_pathway:WP167,lipidmaps,acid metabolism,False,False,0.4193832374871163,Eicosanoid metabolism via lipoxygenases (LOX),0.4608412950962475,3,Metabolism,0.8111309066618985,5,False,False,True,Eicosanoid synthesis|Eicosanoid metabolism via cyclooxygenases (COX)|Eicosanoid metabolism via lipoxygenases (LOX),Eicosanoid synthesis|Eicosanoid metabolism via cyclooxygenases (COX)|Eicosanoid metabolism via lipoxygenases (LOX)|Eicosanoid synthesis|Metabolism|Leukotriene C4 Synthesis Deficiency|Rofecoxib Action Pathway|Salicylate-sodium Action Pathway|Trisalicylate-choline Action Pathway|Acetaminophen  Action Pathway,acid metabolism|glycerophospholipid metabolism|pyruvate metabolism|Pro-inflammatory signaling|acid catabolism|AA metabolism|Eicosanoid synthesis,7,2086,52.17247244529426,
d3_llm_single_no_lit,D3,,single,no_lit,compound_only_enrich_mammalian_lm_pathway_WP167_seed4,Eicosanoid synthesis,lm_pathway:WP167,lipidmaps,acid metabolism,False,False,0.4193832374871163,Eicosanoid metabolism via lipoxygenases (LOX),0.4608412950962475,3,Eicosanoid metabolism via lipoxygenases (LOX),0.4608412950962475,3,False,False,False,Eicosanoid synthesis|Eicosanoid metabolism via cyclooxygenases (COX)|Eicosanoid metabolism via lipoxygenases (LOX),Eicosanoid synthesis|Eicosanoid metabolism via cyclooxygenases (COX)|Eicosanoid metabolism via lipoxygenases (LOX)|Eicosanoid synthesis|Selenium micronutrient network|Leukotriene C4 Synthesis Deficiency|Rofecoxib Action Pathway|Salicylate-sodium Action Pathway|Trisalicylate-choline Action Pathway|Acetaminophen  Action Pathway,acid metabolism|pyrimidine metabolism|5-lipoxygenase pathway,3,2369,33.10057875327766,
d3_llm_single_no_lit,D3,,single,no_lit,compound_only_enrich_mammalian_lm_pathway_WP167_seed5,Eicosanoid synthesis,lm_pathway:WP167,lipidmaps,II signaling,False,False,0.27699360014810204,Eicosanoid metabolism via cyclooxygenases (COX),0.30944817820506954,2,Rofecoxib Action Pathway,0.49706509152389394,6,False,False,False,Eicosanoid synthesis|Eicosanoid metabolism via cyclooxygenases (COX)|Eicosanoid metabolism via lipoxygenases (LOX),Eicosanoid synthesis|Eicosanoid metabolism via cyclooxygenases (COX)|Eicosanoid metabolism via lipoxygenases (LOX)|Eicosanoid synthesis|Leukotriene C4 Synthesis Deficiency|Rofecoxib Action Pathway|Salicylate-sodium Action Pathway|Trisalicylate-choline Action Pathway|Acetaminophen  Action Pathway|Acetylsalicylic Acid Action Pathway,II signaling|Eicosanoid synthesis,2,3243,90.58373364619911,
d3_llm_single_no_lit,D3,,single,no_lit,compound_only_enrich_mammalian_lm_pathway_WP167_seed6,Eicosanoid synthesis,lm_pathway:WP167,lipidmaps,eicosanoid biosynthesis,True,True,0.9944915674237438,Eicosanoid synthesis,0.9944915674237438,1,Eicosanoid synthesis,0.9944915674237438,1,True,True,True,Eicosanoid synthesis|Eicosanoid metabolism via cyclooxygenases (COX)|Eicosanoid metabolism via lipoxygenases (LOX),Eicosanoid synthesis|Eicosanoid metabolism via cyclooxygenases (COX)|Eicosanoid metabolism via lipoxygenases (LOX)|Eicosanoid synthesis|Leukotriene C4 Synthesis Deficiency|Rofecoxib Action Pathway|Salicylate-sodium Action Pathway|Trisalicylate-choline Action Pathway|Acetaminophen  Action Pathway|Acetylsalicylic Acid Action Pathway,eicosanoid biosynthesis|secondary pathway|anti-oxidant metabolism|pro-inflammatory signaling|eicosanoid pathway,5,2111,66.58778628520668,
d3_llm_single_no_lit,D3,,single,no_lit,compound_only_enrich_mammalian_lm_pathway_WP167_seed7,Eicosanoid synthesis,lm_pathway:WP167,lipidmaps,inflammation pathway,False,False,0.44928318682401414,Eicosanoid synthesis,0.44928318682401414,1,Acetaminophen  Action Pathway,0.5535382454589998,9,False,False,False,Eicosanoid synthesis|Eicosanoid metabolism via cyclooxygenases (COX)|Eicosanoid metabolism via lipoxygenases (LOX),Eicosanoid synthesis|Eicosanoid metabolism via cyclooxygenases (COX)|Eicosanoid metabolism via lipoxygenases (LOX)|Eicosanoid synthesis|Leukotriene C4 Synthesis Deficiency|Rofecoxib Action Pathway|Salicylate-sodium Action Pathway|Trisalicylate-choline Action Pathway|Acetaminophen  Action Pathway|Acetylsalicylic Acid Action Pathway,inflammation pathway|5-lipoxygenase pathway|15-lipoxygenase pathway|prostaglandin pathway|Purine metabolism|acid catabolism|Steroid hormone metabolism|Sulfur metabolism|mediator biosynthesis,9,1929,78.51125926710665,
d3_llm_single_no_lit,D3,,single,no_lit,compound_only_enrich_mammalian_lm_pathway_WP167_seed8,Eicosanoid synthesis,lm_pathway:WP167,lipidmaps,Arachidonic acid metabolism,False,False,0.6174947954949412,Eicosanoid metabolism via cyclooxygenases (COX),0.6940312115184618,2,Eicosanoid metabolism via cyclooxygenases (COX),0.6940312115184618,2,False,False,False,Eicosanoid synthesis|Eicosanoid metabolism via cyclooxygenases (COX)|Eicosanoid metabolism via lipoxygenases (LOX),Eicosanoid synthesis|Eicosanoid metabolism via cyclooxygenases (COX)|Eicosanoid metabolism via lipoxygenases (LOX)|Eicosanoid synthesis|Selenium micronutrient network|Leukotriene C4 Synthesis Deficiency|Rofecoxib Action Pathway|Salicylate-sodium Action Pathway|Trisalicylate-choline Action Pathway|Acetaminophen  Action Pathway,Arachidonic acid metabolism|eicosanoid biosynthesis|5-Lipoxygenase pathway|15-Lipoxygenase pathway|Cyclooxygenase pathway|Secondary pathway|acid metabolism|cysteine pathway|mediator biosynthesis,9,2143,56.45525894127786,
d3_llm_single_no_lit,D3,,single,no_lit,compound_only_enrich_mammalian_lm_pathway_WP167_seed9,Eicosanoid synthesis,lm_pathway:WP167,lipidmaps,leukotriene biosynthesis,False,False,0.7846562528670575,Eicosanoid synthesis,0.7846562528670575,1,Eicosanoid synthesis,0.7846562528670575,1,False,False,False,Eicosanoid synthesis|Eicosanoid metabolism via cyclooxygenases (COX)|Eicosanoid metabolism via lipoxygenases (LOX),Eicosanoid synthesis|Eicosanoid metabolism via cyclooxygenases (COX)|Eicosanoid metabolism via lipoxygenases (LOX)|Eicosanoid synthesis|Leukotriene C4 Synthesis Deficiency|Rofecoxib Action Pathway|Salicylate-sodium Action Pathway|Trisalicylate-choline Action Pathway|Acetaminophen  Action Pathway|Acetylsalicylic Acid Action Pathway,leukotriene biosynthesis|Akt signaling,2,2936,122.25987144745886,
d3_llm_single_with_lit,D3,,single,with_lit_pass,compound_only_enrich_mammalian_RAMP_P_000000016_seed1,"Glycine, serine and threonine metabolism",RAMP_P_000000016,kegg,cysteine biosynthesis,False,False,0.4778973760811801,"Glycine, serine and threonine metabolism",0.4778973760811801,1,"Glycine, serine and threonine metabolism",0.4778973760811801,1,False,False,False,"Glycine, serine and threonine metabolism|Metabolism of amino acids and derivatives|3-Phosphoglycerate dehydrogenase deficiency","Glycine, serine and threonine metabolism|Metabolism of amino acids and derivatives|3-Phosphoglycerate dehydrogenase deficiency|Dihydropyrimidine Dehydrogenase Deficiency (DHPD)|Dimethylglycine Dehydrogenase Deficiency|Dimethylglycine Dehydrogenase Deficiency|Hyperglycinemia, non-ketotic|Non Ketotic Hyperglycinemia|Sarcosinemia|Trans-sulfuration, one-carbon metabolism and related pathways",cysteine biosynthesis|arginine metabolism|homocysteine metabolism|transsulfuration pathway|NO signaling|methionine-cysteine metabolism|Urea cycle|The methionine cycle|nitrogen metabolism,9,2215,41.292804492637515,
d3_llm_single_with_lit,D3,,single,with_lit_pass,compound_only_enrich_mammalian_RAMP_P_000000016_seed2,"Glycine, serine and threonine metabolism",RAMP_P_000000016,kegg,One-carbon metabolism,False,False,0.5465804302386328,"Glycine, serine and threonine metabolism",0.5465804302386328,1,Metabolism,0.6894612432502131,10,False,False,False,"Glycine, serine and threonine metabolism|3-Phosphoglycerate dehydrogenase deficiency|Dihydropyrimidine Dehydrogenase Deficiency (DHPD)","Glycine, serine and threonine metabolism|3-Phosphoglycerate dehydrogenase deficiency|Dihydropyrimidine Dehydrogenase Deficiency (DHPD)|Dimethylglycine Dehydrogenase Deficiency|Dimethylglycine Dehydrogenase Deficiency|Hyperglycinemia, non-ketotic|Non Ketotic Hyperglycinemia|Sarcosinemia|Trans-sulfuration, one-carbon metabolism and related pathways|Metabolism",One-carbon metabolism|phospholipid metabolism|Kennedy pathway|Transsulfuration pathway|Nucleotide metabolism|glycine biosynthesis|through biosynthesis|glycine metabolism|steroid signaling,9,2457,30.341839399188757,
d3_llm_single_with_lit,D3,,single,with_lit_pass,compound_only_enrich_mammalian_RAMP_P_000000016_seed4,"Glycine, serine and threonine metabolism",RAMP_P_000000016,kegg,acid metabolism,False,False,0.6071298567930323,Metabolism of amino acids and derivatives,0.7263358083839,1,Metabolism,0.8111309066618985,4,False,False,True,"Metabolism of amino acids and derivatives|Glycine, serine and threonine metabolism|Metabolic epileptic disorders","Metabolism of amino acids and derivatives|Glycine, serine and threonine metabolism|Metabolic epileptic disorders|Metabolism|3-Phosphoglycerate dehydrogenase deficiency|Dihydropyrimidine Dehydrogenase Deficiency (DHPD)|Dimethylglycine Dehydrogenase Deficiency|Dimethylglycine Dehydrogenase Deficiency|Hyperglycinemia, non-ketotic|Non Ketotic Hyperglycinemia",acid metabolism|transsulfuration pathway|one-carbon metabolism|sulfur metabolism|creatine biosynthesis|polyamine metabolism|methylation cycle|folate cycle|energy metabolism|stress signaling,10,2101,29.217045417055488,
d3_llm_single_with_lit,D3,,single,with_lit_pass,compound_only_enrich_mammalian_RAMP_P_000000016_seed6,"Glycine, serine and threonine metabolism",RAMP_P_000000016,kegg,one-carbon metabolism,False,False,0.5465804302386328,Biochemical pathways: part I,0.671178445098918,2,Biochemical pathways: part I,0.671178445098918,2,False,False,False,"Glycine, serine and threonine metabolism|Biochemical pathways: part I|Cystathionine Beta-Synthase Deficiency","Glycine, serine and threonine metabolism|Biochemical pathways: part I|Cystathionine Beta-Synthase Deficiency|Glycine N-methyltransferase Deficiency|Homocystinuria-megaloblastic anemia due to defect in cobalamin metabolism, cblG complementation type|Hypermethioninemia|Methionine Adenosyltransferase Deficiency|Methionine Metabolism|Methylenetetrahydrofolate Reductase Deficiency (MTHFRD)|S-Adenosylhomocysteine (SAH) Hydrolase Deficiency",one-carbon metabolism|transsulfuration pathway|acid degradation|threonine catabolism|acid metabolism|serine-derived biosynthesis|nucleotide metabolism|cysteine biosynthesis|threonine degradation|methionine metabolism,10,1905,32.23405149579048,
d3_llm_single_with_lit,D3,,single,with_lit_pass,compound_only_enrich_mammalian_RAMP_P_000000016_seed7,"Glycine, serine and threonine metabolism",RAMP_P_000000016,kegg,homocysteine metabolism,False,False,0.7531751889438585,"Glycine, serine and threonine metabolism",0.7531751889438585,1,Methionine Metabolism,0.8088461953199202,5,False,False,True,"Glycine, serine and threonine metabolism|Biochemical pathways: part I|Methionine de novo and salvage pathway","Glycine, serine and threonine metabolism|Biochemical pathways: part I|Methionine de novo and salvage pathway|Metabolism of amino acids and derivatives|Methionine Metabolism|Metabolism|Cystathionine Beta-Synthase Deficiency|Glycine N-methyltransferase Deficiency|Homocystinuria-megaloblastic anemia due to defect in cobalamin metabolism, cblG complementation type|Hypermethioninemia",homocysteine metabolism|methyltransferase cycle|lipid signaling|pyrimidine metabolism|methionine cycle|one-carbon metabolism|transsulfuration pathway|acid metabolism|cell signaling|ATP metabolism,10,2135,50.85924533009529,
d3_llm_single_with_lit,D3,,single,with_lit_pass,compound_only_enrich_mammalian_RAMP_P_000000016_seed9,"Glycine, serine and threonine metabolism",RAMP_P_000000016,kegg,TCA cycle,False,False,0.45099841887214603,Pyruvate metabolism,0.5758646430711167,3,Pyruvate metabolism,0.5758646430711167,3,False,False,False,"Glycine, serine and threonine metabolism|Metabolism of amino acids and derivatives|Pyruvate metabolism","Glycine, serine and threonine metabolism|Metabolism of amino acids and derivatives|Pyruvate metabolism|Methionine de novo and salvage pathway|SLC-mediated transmembrane transport|Transport of inorganic cations/anions and amino acids/oligopeptides|Disease|Metabolism of vitamins and cofactors|Serine biosynthesis|Transport of small molecules",TCA cycle|acid metabolism|donor metabolism|backbone biosynthesis|isoprenoid pathway|nitrogen metabolism|nitrogen catabolism|glutamate metabolism|methyl metabolism,9,3170,33.709747571498156,
d3_llm_single_with_lit,D3,,single,with_lit_pass,compound_only_enrich_mammalian_RAMP_P_000000106_seed0,Tyrosine metabolism,RAMP_P_000000106,kegg,Amino acid metabolism,False,False,0.6040331106314007,Tyrosine metabolism,0.6040331106314007,1,Amino acid metabolism,0.9999999862824189,9,False,False,True,Tyrosine metabolism|Alkaptonuria|Dopamine beta-hydroxylase deficiency,"Tyrosine metabolism|Alkaptonuria|Dopamine beta-hydroxylase deficiency|Hawkinsinuria|Monoamine oxidase-a deficiency (MAO-A)|Tyrosinemia Type I|Tyrosinemia, transient, of the newborn|Disulfiram Action Pathway|Amino acid metabolism|ADHD and autism (ASD) pathways",Amino acid metabolism|acid metabolism|Tyrosine degradation pathway|Secondary pathway|methionine metabolism|protein catabolism|downstream metabolism|adrenergic signaling|Enhanced protein degradation|methionine cycle|transsulfuration pathway|Homogentisate pathway|Folate cycle|urea cycle|sulfur metabolism,15,2253,43.750164145603776,
d3_llm_single_with_lit,D3,,single,with_lit_pass,compound_only_enrich_mammalian_RAMP_P_000000106_seed2,Tyrosine metabolism,RAMP_P_000000106,kegg,interconnected pathway,False,False,0.3122608281696264,Tyrosine metabolism,0.3122608281696264,1,Disulfiram Action Pathway,0.5067868634485455,8,False,False,False,Tyrosine metabolism|Alkaptonuria|Dopamine beta-hydroxylase deficiency,"Tyrosine metabolism|Alkaptonuria|Dopamine beta-hydroxylase deficiency|Hawkinsinuria|Monoamine oxidase-a deficiency (MAO-A)|Tyrosinemia Type I|Tyrosinemia, transient, of the newborn|Disulfiram Action Pathway|Metabolism|Aromatic L-Aminoacid Decarboxylase Deficiency",interconnected pathway|BH4 metabolism|melanin biosynthesis|tyrosine metabolism|ornithine metabolism|dopamine metabolism|arginine cycle|arginine metabolism,8,1823,27.73414389230311,
d3_llm_single_with_lit,D3,,single,with_lit_pass,compound_only_enrich_mammalian_RAMP_P_000000106_seed3,Tyrosine metabolism,RAMP_P_000000106,kegg,tyrosine catabolism,True,True,0.6916377428146736,Tyrosine metabolism,0.6916377428146736,1,Tyrosine metabolism,0.6916377428146736,1,False,False,False,Tyrosine metabolism|Alkaptonuria|Dopamine beta-hydroxylase deficiency,"Tyrosine metabolism|Alkaptonuria|Dopamine beta-hydroxylase deficiency|Hawkinsinuria|Monoamine oxidase-a deficiency (MAO-A)|Tyrosinemia Type I|Tyrosinemia, transient, of the newborn|Disulfiram Action Pathway|ADHD and autism (ASD) pathways|SLC transporter disorders",tyrosine catabolism|II signaling|catecholamine metabolism|reflect pathway|carbon metabolism,5,1613,141.32885494828224,
d3_llm_single_with_lit,D3,,single,with_lit_pass,compound_only_enrich_mammalian_RAMP_P_000000106_seed8,Tyrosine metabolism,RAMP_P_000000106,kegg,glycerolipid metabolism,False,False,0.5174952906688768,Tyrosine metabolism,0.5174952906688768,1,Tyrosine metabolism,0.5174952906688768,1,False,False,False,Tyrosine metabolism|Alkaptonuria|Dopamine beta-hydroxylase deficiency,"Tyrosine metabolism|Alkaptonuria|Dopamine beta-hydroxylase deficiency|Hawkinsinuria|Monoamine oxidase-a deficiency (MAO-A)|Tyrosinemia Type I|Tyrosinemia, transient, of the newborn|Disulfiram Action Pathway|Metabolism|ADHD and autism (ASD) pathways",glycerolipid metabolism|acid catabolism|isoprenoid pathway|Core pathway|pigment pathway|eicosanoid metabolism|mevalonate pathway|synaptic signalling|melanin pathway|catecholamine metabolism|isoprenoid metabolism,11,4608,120.58300687558949,
d3_llm_single_with_lit,D3,,single,with_lit_pass,compound_only_enrich_mammalian_RAMP_P_000000141_seed0,Tryptophan metabolism,RAMP_P_000000141,kegg,Tryptophan metabolism,True,True,0.9999999443079719,Tryptophan metabolism,0.9999999443079719,1,Tryptophan metabolism,0.9999999443079719,1,True,True,True,Tryptophan metabolism|Biochemical pathways: part I|Tryptophan metabolism,Tryptophan metabolism|Biochemical pathways: part I|Tryptophan metabolism|Metabolism of amino acids and derivatives|Tryptophan catabolism leading to NAD+ production|Amino acid metabolism|Metabolism|ADHD and autism (ASD) pathways|IDO metabolic pathway|Serotonin and melatonin biosynthesis,Tryptophan metabolism|tryptophan catabolism|melatonin pathway|Kynurenine pathway|tryptamine pathway|proline metabolism|Elevated tryptophan catabolism|indicates pathway|acid catabolism,9,1871,39.50973037816584,
d3_llm_single_with_lit,D3,,single,with_lit_pass,compound_only_enrich_mammalian_RAMP_P_000000141_seed1,Tryptophan metabolism,RAMP_P_000000141,kegg,tryptophan catabolism,True,True,0.6931637138032707,Tryptophan metabolism,0.6931637138032707,1,Tryptophan catabolism leading to NAD+ production,0.7231094122932313,6,False,False,False,Tryptophan metabolism|Biochemical pathways: part I|Metabolism of amino acids and derivatives,Tryptophan metabolism|Biochemical pathways: part I|Metabolism of amino acids and derivatives|Tryptophan metabolism|ADHD and autism (ASD) pathways|Tryptophan catabolism leading to NAD+ production|Metabolism|Amino acid metabolism|IDO metabolic pathway|Serotonin and melatonin biosynthesis,tryptophan catabolism|cysteine metabolism|melatonin pathway|Kynurenine pathway|Polyamine metabolism|Cysteine catabolism|acid catabolism|polyamine biosynthesis|taurine metabolism|mTOR signaling|would shunt|The polyamine pathway|tryptophan metabolism|tryptophan degradation,14,3369,87.22838944382966,
d3_llm_single_with_lit,D3,,single,with_lit_pass,compound_only_enrich_mammalian_RAMP_P_000000141_seed2,Tryptophan metabolism,RAMP_P_000000141,kegg,tryptophan metabolism,True,True,0.9999999236558506,Tryptophan metabolism,0.9999999236558506,1,Tryptophan metabolism,0.9999999236558506,1,True,True,True,Tryptophan metabolism|Tryptophan metabolism|Amino acid metabolism,Tryptophan metabolism|Tryptophan metabolism|Amino acid metabolism|Biochemical pathways: part I|Serotonin and melatonin biosynthesis|Biogenic amine synthesis|Tryptophan catabolism leading to NAD+ production|Neurotransmitter disorders|Biosynthesis and regeneration of tetrahydrobiopterin and catabolism of phenylalanine|Metabolism of amine-derived hormones,tryptophan metabolism|Monoamine pathway|Kynurenine pathway|neuroactive pathway|reflecting pathway|host metabolism,6,1833,17.531744964420795,
d3_llm_single_with_lit,D3,,single,with_lit_pass,compound_only_enrich_mammalian_RAMP_P_000000141_seed3,Tryptophan metabolism,RAMP_P_000000141,kegg,Tryptophan metabolism,True,True,0.9999999443079719,Tryptophan metabolism,0.9999999443079719,1,Tryptophan metabolism,0.9999999443079719,1,True,True,True,Tryptophan metabolism|Tryptophan metabolism|Biochemical pathways: part I,Tryptophan metabolism|Tryptophan metabolism|Biochemical pathways: part I|Tryptophan catabolism leading to NAD+ production|Amino acid metabolism|ADHD and autism (ASD) pathways|Metabolism|IDO metabolic pathway|Serotonin and melatonin biosynthesis|NAD+ biosynthetic pathways,Tryptophan metabolism|Kynurenine pathway|melatonin pathway|Indole pathway|phospholipid metabolism|serotonergic signaling|isolated pathway,7,2481,23.456007976084948,
d3_llm_single_with_lit,D3,,single,with_lit_pass,compound_only_enrich_mammalian_RAMP_P_000000141_seed4,Tryptophan metabolism,RAMP_P_000000141,kegg,melatonin biosynthesis,False,False,0.5640486504118216,Tryptophan metabolism,0.5640486504118216,1,Tryptophan metabolism,0.5640486504118216,1,False,False,False,Tryptophan metabolism|Amino acid metabolism|Tryptophan metabolism,Tryptophan metabolism|Amino acid metabolism|Tryptophan metabolism|Biochemical pathways: part I|G alpha (i) signalling events|Metabolism|GPCR downstream signalling|Phase I - Functionalization of compounds|ADHD and autism (ASD) pathways|Signaling by GPCR,melatonin biosynthesis|Kynurenine pathway|Secondary pathway|TCA cycle|energy metabolism|serotonergic pathway|tryptophan metabolism|tryptophan pathway|cofactor pathway|linear pathway|tryptophan catabolism,11,2177,23.942126544192433,
d3_llm_single_with_lit,D3,,single,with_lit_pass,compound_only_enrich_mammalian_RAMP_P_000000141_seed5,Tryptophan metabolism,RAMP_P_000000141,kegg,tryptophan metabolism,True,True,0.9999999236558506,Tryptophan metabolism,0.9999999236558506,1,Tryptophan metabolism,0.9999999236558506,1,True,True,True,Tryptophan metabolism|Tryptophan metabolism|Metabolism of amino acids and derivatives,Tryptophan metabolism|Tryptophan metabolism|Metabolism of amino acids and derivatives|Biochemical pathways: part I|Metabolism|Serotonin and melatonin biosynthesis|Biogenic amine synthesis|Amino acid metabolism|Tryptophan catabolism leading to NAD+ production|Neurotransmitter disorders,tryptophan metabolism|melatonin biosynthesis|Kynurenine pathway|indicates pathway|tryptophan catabolism,5,2040,38.96097087301314,
d3_llm_single_with_lit,D3,,single,with_lit_pass,compound_only_enrich_mammalian_RAMP_P_000000141_seed6,Tryptophan metabolism,RAMP_P_000000141,kegg,melatonin biosynthesis,False,False,0.5640486504118216,Tryptophan metabolism,0.5640486504118216,1,Serotonin and melatonin biosynthesis,0.8557806908450775,10,False,False,True,Tryptophan metabolism|Tryptophan metabolism|Biochemical pathways: part I,Tryptophan metabolism|Tryptophan metabolism|Biochemical pathways: part I|Biogenic amine synthesis|Tryptophan catabolism leading to NAD+ production|Metabolism|ADHD and autism (ASD) pathways|IDO metabolic pathway|Sudden infant death syndrome (SIDS) susceptibility pathways|Serotonin and melatonin biosynthesis,melatonin biosynthesis|tryptophan catabolism|Kynurenine pathway|oxidative metabolism|tryptophan metabolism,5,3178,84.80216470174491,
d3_llm_single_with_lit,D3,,single,with_lit_pass,compound_only_enrich_mammalian_RAMP_P_000000141_seed7,Tryptophan metabolism,RAMP_P_000000141,kegg,tryptophan catabolism,True,True,0.6931637138032707,Tryptophan catabolism leading to NAD+ production,0.7231094122932313,3,Tryptophan catabolism leading to NAD+ production,0.7231094122932313,3,False,False,False,Tryptophan metabolism|Tryptophan metabolism|Tryptophan catabolism leading to NAD+ production,Tryptophan metabolism|Tryptophan metabolism|Tryptophan catabolism leading to NAD+ production|Biochemical pathways: part I|ADHD and autism (ASD) pathways|Metabolism of amino acids and derivatives|IDO metabolic pathway|Serotonin and melatonin biosynthesis|Amino acid metabolism|NAD+ biosynthetic pathways,tryptophan catabolism|proline metabolism|serotonergic signaling|The kynurenine pathway|tryptophan metabolism,5,3003,50.51911433413625,
d3_llm_single_with_lit,D3,,single,with_lit_pass,compound_only_enrich_mammalian_RAMP_P_000000141_seed8,Tryptophan metabolism,RAMP_P_000000141,kegg,Likely pathway,False,False,0.3351294910772527,Biochemical pathways: part I,0.6255387330302373,3,Biochemical pathways: part I,0.6255387330302373,3,False,False,False,Tryptophan metabolism|Tryptophan catabolism leading to NAD+ production|Biochemical pathways: part I,Tryptophan metabolism|Tryptophan catabolism leading to NAD+ production|Biochemical pathways: part I|ADHD and autism (ASD) pathways|Metabolism|Tryptophan metabolism|Metabolism of amino acids and derivatives|IDO metabolic pathway|Serotonin and melatonin biosynthesis|NAD+ biosynthetic pathways,Likely pathway|hydroxyproline catabolism|kynurenine pathway|Trp catabolism|phospholipid metabolism,5,2833,96.44410678371787,
d3_llm_single_with_lit,D3,,single,with_lit_pass,compound_only_enrich_mammalian_RAMP_P_000000398_seed0,Galactose Metabolism,RAMP_P_000000398,kegg,galactose metabolism,True,True,0.9999999832245213,Galactose Metabolism,0.9999999832245213,2,Galactose Metabolism,0.9999999832245213,2,True,True,True,Galactosemia|Galactose Metabolism|Galactose Metabolism,Galactosemia|Galactose Metabolism|Galactose Metabolism|Biochemical pathways: part I|Glycerophospholipid biosynthetic pathway|Glycerophospholipid biosynthesis|Phospholipid metabolism|MECP2 and associated Rett syndrome|GPCR downstream signalling|Orexin receptor pathway,galactose metabolism|Phosphatidylethanolamine biosynthesis|Cholesterol biosynthesis|Inositol phosphate signaling|Catecholamine metabolism|reductase pathway|Sterol metabolism|Leloir pathway|as signaling,9,2169,33.13576461747289,
d3_llm_single_with_lit,D3,,single,with_lit_pass,compound_only_enrich_mammalian_RAMP_P_000000398_seed1,Galactose Metabolism,RAMP_P_000000398,kegg,represented pathway,False,False,0.3966293751246893,Galactose Metabolism,0.3966293751246893,2,Biochemical pathways: part I,0.5910001248347854,4,False,False,False,Galactosemia|Galactose Metabolism|Galactose Metabolism,Galactosemia|Galactose Metabolism|Galactose Metabolism|Biochemical pathways: part I|Glycerophospholipid biosynthesis|Phospholipid metabolism|GPCR downstream signalling|Signaling by GPCR|Signal Transduction|Digestion,represented pathway|galactose catabolism|galactose metabolism|carbon metabolism|phospholipid metabolism|inositol signaling|galactose pathway,7,2410,30.597693670541048,
d3_llm_single_with_lit,D3,,single,with_lit_pass,compound_only_enrich_mammalian_RAMP_P_000000398_seed2,Galactose Metabolism,RAMP_P_000000398,kegg,Phospholipid metabolism,False,False,0.547304555084189,Galactose Metabolism,0.547304555084189,2,Phospholipid metabolism,1.000000018668042,7,False,False,True,Galactosemia|Galactose Metabolism|Galactose Metabolism,"Galactosemia|Galactose Metabolism|Galactose Metabolism|Biochemical pathways: part I|Glycerophospholipid biosynthetic pathway|Glycerophospholipid biosynthesis|Phospholipid metabolism|Trans-sulfuration, one-carbon metabolism and related pathways|Phosphatidylethanolamine Biosynthesis|Phosphatidylcholine Biosynthesis",Phospholipid metabolism|acid catabolism|isoleucine degradation|increased catabolism|Galactose metabolism|inositol signaling|raffinose pathway|sugar metabolism,8,2124,32.75126801803708,
d3_llm_single_with_lit,D3,,single,with_lit_pass,compound_only_enrich_mammalian_RAMP_P_000000398_seed3,Galactose Metabolism,RAMP_P_000000398,kegg,sucrose catabolism,False,False,0.40137421577185756,Galactosemia,0.4755550581457646,1,Galactosemia,0.4755550581457646,1,False,False,False,Galactosemia|Galactose Metabolism|Galactose Metabolism,Galactosemia|Galactose Metabolism|Galactose Metabolism|Biochemical pathways: part I|Metabolism|Aspirin ADME|Metabolism of lipids|Drug ADME|Disease|Orexin receptor pathway,sucrose catabolism|family metabolism|phosphate signaling|glycerolipid biosynthesis|II metabolism|carbon catabolism|Leloir pathway|nucleotide biosynthesis|mediated signalling|carbon metabolism|inositol signalling|pyrimidine biosynthesis,12,4232,89.18767768144608,
d3_llm_single_with_lit,D3,,single,with_lit_pass,compound_only_enrich_mammalian_RAMP_P_000000398_seed4,Galactose Metabolism,RAMP_P_000000398,kegg,indicated pathway,False,False,0.2518544381132927,Galactosemia,0.2832985259035802,1,Biochemical pathways: part I,0.6226851273188149,4,False,False,False,Galactosemia|Galactose Metabolism|Galactose Metabolism,"Galactosemia|Galactose Metabolism|Galactose Metabolism|Biochemical pathways: part I|Disease|Orexin receptor pathway|Glucocorticoid biosynthesis|Starch and sucrose metabolism|Transport of bile salts and organic acids, metal ions and amine compounds|Metabolism",indicated pathway|galactose metabolism|polyol pathway|response signaling|acid metabolism|pyrimidine catabolism|lysine degradation|osmoprotectant biosynthesis|carbohydrate metabolism|RFO biosynthesis,10,2091,28.302819319069386,
d3_llm_single_with_lit,D3,,single,with_lit_pass,compound_only_enrich_mammalian_RAMP_P_000000398_seed5,Galactose Metabolism,RAMP_P_000000398,kegg,energy metabolism,False,False,0.5000395398268946,Galactose Metabolism,0.5000395398268946,2,Glucose homeostasis,0.6249722752086682,9,False,False,False,Galactosemia|Galactose Metabolism|Galactose Metabolism,Galactosemia|Galactose Metabolism|Galactose Metabolism|Biochemical pathways: part I|MECP2 and associated Rett syndrome|GPCR downstream signalling|Orexin receptor pathway|Signaling by GPCR|Glucose homeostasis|Transport of small molecules,energy metabolism|inositol signaling|phosphate signaling|lipoxygenase pathway|reshapes signaling|oligosaccharide biosynthesis|phospholipid biosynthesis|phosphoinositide signaling,8,3609,80.19946812465787,
d3_llm_single_with_lit,D3,,single,with_lit_pass,compound_only_enrich_mammalian_RAMP_P_000000398_seed6,Galactose Metabolism,RAMP_P_000000398,kegg,phosphate signaling,False,False,0.34725418720367635,Galactose Metabolism,0.34725418720367635,2,Biochemical pathways: part I,0.5481599685056103,4,False,False,False,Galactosemia|Galactose Metabolism|Galactose Metabolism,Galactosemia|Galactose Metabolism|Galactose Metabolism|Biochemical pathways: part I|Metabolic epileptic disorders|ADHD and autism (ASD) pathways|Metabolism|Transport of small molecules|Glycerophospholipid biosynthetic pathway|Vitamin B12 metabolism,phosphate signaling|RFO biosynthesis|TCA cycle|phosphoinositide signaling|galactose metabolism|carbon metabolism,6,3186,76.79800918884575,
d3_llm_single_with_lit,D3,,single,with_lit_pass,compound_only_enrich_mammalian_RAMP_P_000000398_seed7,Galactose Metabolism,RAMP_P_000000398,kegg,Galactose metabolism,True,True,0.9999999675920971,Galactose Metabolism,0.9999999675920971,2,Galactose Metabolism,0.9999999675920971,2,True,True,True,Galactosemia|Galactose Metabolism|Galactose Metabolism,Galactosemia|Galactose Metabolism|Galactose Metabolism|Biochemical pathways: part I|Orexin receptor pathway|Glucose homeostasis|Transport of small molecules|Digestion|Digestion and absorption|Starch and sucrose metabolism,Galactose metabolism|myo-Inositol metabolism|phospholipid signaling|polyol pathway|inositol metabolism|Galactose pathway|are pathway|carbohydrate metabolism|Elevated galactose pathway|sugar metabolism|endogenous metabolism,11,2035,46.06992435641587,
d3_llm_single_with_lit,D3,,single,with_lit_pass,compound_only_enrich_mammalian_RAMP_P_000000398_seed8,Galactose Metabolism,RAMP_P_000000398,kegg,Galactose metabolism,True,True,0.9999999675920971,Galactose Metabolism,0.9999999675920971,2,Galactose Metabolism,0.9999999675920971,2,True,True,True,Galactosemia|Galactose Metabolism|Galactose Metabolism,Galactosemia|Galactose Metabolism|Galactose Metabolism|Biochemical pathways: part I|Orexin receptor pathway|Glucose homeostasis|Signaling by GPCR|Digestion|Digestion and absorption|Signal Transduction,Galactose metabolism|indicated pathway|Leloir pathway|carbon metabolism|galactose pathway|Elevated galactose pathway|carbohydrate metabolism|Glucose homeostasis|thyroid-mediated metabolism,9,1951,32.75071498192847,
d3_llm_single_with_lit,D3,,single,with_lit_pass,compound_only_enrich_mammalian_RAMP_P_000000398_seed9,Galactose Metabolism,RAMP_P_000000398,kegg,carbohydrate metabolism,False,False,0.7131519530487261,Galactose Metabolism,0.7131519530487261,2,Galactose Metabolism,0.7131519530487261,2,False,False,False,Galactosemia|Galactose Metabolism|Galactose Metabolism,Galactosemia|Galactose Metabolism|Galactose Metabolism|Biochemical pathways: part I|Polyol pathway|Disorders of fructose metabolism|Orexin receptor pathway|Glucose homeostasis|Digestion|Digestion and absorption,carbohydrate metabolism|Fructose metabolism|fructolysis pathway|nucleotide metabolism|utilization pathway|Bridges lipid metabolism|oligosaccharide metabolism,7,2055,24.575765620917082,
d3_llm_single_with_lit,D3,,single,with_lit_pass,compound_only_enrich_mammalian_RAMP_P_000000421_seed1,Androgen and Estrogen Metabolism,RAMP_P_000000421,kegg,hormone biosynthesis,False,False,0.40840074751406735,Androgen and Estrogen Metabolism,0.40840074751406735,2,Steroid biosynthesis,0.7274869480092148,6,False,False,False,17-Beta Hydroxysteroid Dehydrogenase III Deficiency|Androgen and Estrogen Metabolism|Androgen and Estrogen Metabolism,17-Beta Hydroxysteroid Dehydrogenase III Deficiency|Androgen and Estrogen Metabolism|Androgen and Estrogen Metabolism|Aromatase deficiency|Metabolism of steroid hormones|Steroid biosynthesis|Androgen receptor network in prostate cancer|Sulfatase and aromatase pathway|Male steroid hormones in cardiomyocyte energy metabolism|Cancer pathways,hormone biosynthesis|catecholamine metabolism|norepinephrine degradation|oxidative metabolism|K pathway,5,2091,32.126323360949755,
d3_llm_single_with_lit,D3,,single,with_lit_pass,compound_only_enrich_mammalian_RAMP_P_000000421_seed2,Androgen and Estrogen Metabolism,RAMP_P_000000421,kegg,tryptophan degradation,False,False,0.23417861049704006,Androgen and Estrogen Metabolism,0.23417861049704006,2,Biochemical pathways: part I,0.30420472663621556,10,False,False,False,17-Beta Hydroxysteroid Dehydrogenase III Deficiency|Androgen and Estrogen Metabolism|Androgen and Estrogen Metabolism,17-Beta Hydroxysteroid Dehydrogenase III Deficiency|Androgen and Estrogen Metabolism|Androgen and Estrogen Metabolism|Aromatase deficiency|Cancer pathways|Classical pathway of steroidogenesis with glucocorticoid and mineralocorticoid metabolism|Metabolism of steroid hormones|Steroid biosynthesis|Androgen receptor network in prostate cancer|Biochemical pathways: part I,tryptophan degradation|The steroidogenesis pathway|conversion pathway|DHEA metabolism|kynurenine pathway|stress-responsive metabolism,6,1961,31.55183711834252,
d3_llm_single_with_lit,D3,,single,with_lit_pass,compound_only_enrich_mammalian_RAMP_P_000000421_seed3,Androgen and Estrogen Metabolism,RAMP_P_000000421,kegg,hormone biosynthesis,False,False,0.40840074751406735,Androgen and Estrogen Metabolism,0.40840074751406735,2,Steroid biosynthesis,0.7274869480092148,6,False,False,False,17-Beta Hydroxysteroid Dehydrogenase III Deficiency|Androgen and Estrogen Metabolism|Androgen and Estrogen Metabolism,17-Beta Hydroxysteroid Dehydrogenase III Deficiency|Androgen and Estrogen Metabolism|Androgen and Estrogen Metabolism|Aromatase deficiency|Metabolism of steroid hormones|Steroid biosynthesis|Androgen receptor network in prostate cancer|Sulfatase and aromatase pathway|Male steroid hormones in cardiomyocyte energy metabolism|Cancer pathways,hormone biosynthesis|Androgen and Estrogen Metabolism|estrogen metabolism|androgen pathway|estrogen pathway|Creatine biosynthesis|glycine metabolism|Amino sugar metabolism|less-connected pathway|arginine metabolism,10,1909,30.085646584630013,
d3_llm_single_with_lit,D3,,single,with_lit_pass,compound_only_enrich_mammalian_RAMP_P_000000421_seed4,Androgen and Estrogen Metabolism,RAMP_P_000000421,kegg,Steroid hormone biosynthesis,False,False,0.5587974002977592,Androgen and Estrogen Metabolism,0.5587974002977592,2,Steroid biosynthesis,0.9680624839036641,6,False,False,True,17-Beta Hydroxysteroid Dehydrogenase III Deficiency|Androgen and Estrogen Metabolism|Androgen and Estrogen Metabolism,17-Beta Hydroxysteroid Dehydrogenase III Deficiency|Androgen and Estrogen Metabolism|Androgen and Estrogen Metabolism|Aromatase deficiency|Metabolism of steroid hormones|Steroid biosynthesis|Androgen receptor network in prostate cancer|Sulfatase and aromatase pathway|Metabolism|Male steroid hormones in cardiomyocyte energy metabolism,Steroid hormone biosynthesis|purine catabolism|I metabolism|glutathione metabolism|sugar metabolism|steroid pathway|lipid metabolism|steroid metabolism,8,3740,69.53899392299354,
d3_llm_single_with_lit,D3,,single,with_lit_pass,compound_only_enrich_mammalian_RAMP_P_000000421_seed5,Androgen and Estrogen Metabolism,RAMP_P_000000421,kegg,Steroid hormone biosynthesis,False,False,0.5587974002977592,Androgen and Estrogen Metabolism,0.5587974002977592,2,Steroid biosynthesis,0.9680624839036641,6,False,False,True,17-Beta Hydroxysteroid Dehydrogenase III Deficiency|Androgen and Estrogen Metabolism|Androgen and Estrogen Metabolism,17-Beta Hydroxysteroid Dehydrogenase III Deficiency|Androgen and Estrogen Metabolism|Androgen and Estrogen Metabolism|Aromatase deficiency|Metabolism of steroid hormones|Steroid biosynthesis|Androgen receptor network in prostate cancer|Sulfatase and aromatase pathway|Male steroid hormones in cardiomyocyte energy metabolism|Biological oxidations,Steroid hormone biosynthesis|methylation metabolism|Polyamine metabolism|hormone pathway|tryptophan metabolism|endocrine signaling|androgen pathway|donation cycle,8,1848,41.23053348995745,
d3_llm_single_with_lit,D3,,single,with_lit_pass,compound_only_enrich_mammalian_RAMP_P_000000421_seed6,Androgen and Estrogen Metabolism,RAMP_P_000000421,kegg,hormone biosynthesis,False,False,0.40840074751406735,Androgen and Estrogen Metabolism,0.40840074751406735,2,Steroid biosynthesis,0.7274869480092148,8,False,False,False,17-Beta Hydroxysteroid Dehydrogenase III Deficiency|Androgen and Estrogen Metabolism|Androgen and Estrogen Metabolism,17-Beta Hydroxysteroid Dehydrogenase III Deficiency|Androgen and Estrogen Metabolism|Androgen and Estrogen Metabolism|Aromatase deficiency|Cancer pathways|Classical pathway of steroidogenesis with glucocorticoid and mineralocorticoid metabolism|Metabolism of steroid hormones|Steroid biosynthesis|Androgen receptor network in prostate cancer|Sulfatase and aromatase pathway,hormone biosynthesis|estrogen biosynthesis|core pathway,3,2812,50.48412064276636,
d3_llm_single_with_lit,D3,,single,with_lit_pass,compound_only_enrich_mammalian_RAMP_P_000000421_seed8,Androgen and Estrogen Metabolism,RAMP_P_000000421,kegg,hormone biosynthesis,False,False,0.40840074751406735,Androgen and Estrogen Metabolism,0.40840074751406735,2,Steroid biosynthesis,0.7274869480092148,6,False,False,False,17-Beta Hydroxysteroid Dehydrogenase III Deficiency|Androgen and Estrogen Metabolism|Androgen and Estrogen Metabolism,17-Beta Hydroxysteroid Dehydrogenase III Deficiency|Androgen and Estrogen Metabolism|Androgen and Estrogen Metabolism|Aromatase deficiency|Metabolism of steroid hormones|Steroid biosynthesis|Androgen receptor network in prostate cancer|Sulfatase and aromatase pathway|Male steroid hormones in cardiomyocyte energy metabolism|Biochemical pathways: part I,hormone biosynthesis|compound metabolism|Neurosteroid signaling|lipid metabolism|steroid metabolism,5,1837,36.2468580622226,
d3_llm_single_with_lit,D3,,single,with_lit_pass,compound_only_enrich_mammalian_RAMP_P_000025682_seed2,Celecoxib Action Pathway,RAMP_P_000025682,smpdb,Arachidonic acid metabolism,False,False,0.4949842324387699,Celecoxib Action Pathway,0.4949842324387699,1,Acetaminophen  Action Pathway,0.5641821926270179,7,False,False,False,Celecoxib Action Pathway|Ibuprofen Action Pathway|Leukotriene C4 Synthesis Deficiency,Celecoxib Action Pathway|Ibuprofen Action Pathway|Leukotriene C4 Synthesis Deficiency|Rofecoxib Action Pathway|Salicylate-sodium Action Pathway|Trisalicylate-choline Action Pathway|Acetaminophen  Action Pathway|Acetylsalicylic Acid Action Pathway|Antipyrine Action Pathway|Antrafenine Action Pathway,Arachidonic acid metabolism|Lipoxygenase pathway|Cytochrome P450 pathway|Cyclooxygenase pathway|Retinoid signaling|Purine metabolism|One-carbon metabolism|P450-mediated metabolism|coordinated pathway,9,1876,58.92017243243754,
d3_llm_single_with_lit,D3,,single,with_lit_pass,compound_only_enrich_mammalian_RAMP_P_000050021_seed0,Biological oxidations,RAMP_P_000050021,reactome,xenobiotic metabolism,False,True,0.5229735964197266,Metabolism,0.8217436747704865,2,Metabolism,0.8217436747704865,2,False,True,True,Biological oxidations|Metabolism|Phase II - Conjugation of compounds,"Biological oxidations|Metabolism|Phase II - Conjugation of compounds|Phase I - Functionalization of compounds|Xenobiotics|Cytochrome P450 - arranged by substrate type|ADHD and autism (ASD) pathways|Glutathione conjugation|Sensory perception of sweet, bitter, and umami (glutamate) taste|Sensory perception of taste",xenobiotic metabolism|secondary pathway|third pathway|tryptophan metabolism|kynurenine pathway|The tryptophan metabolism|feed-forward cycle,7,1990,28.75294341519475,
d3_llm_single_with_lit,D3,,single,with_lit_pass,compound_only_enrich_mammalian_RAMP_P_000050021_seed1,Biological oxidations,RAMP_P_000050021,reactome,Phase I metabolism,False,True,0.3358711307646387,Metabolism,0.6657487531315703,2,Phase II - Conjugation of compounds,0.6809238288606109,4,False,False,False,Biological oxidations|Metabolism|Phase I - Functionalization of compounds,Biological oxidations|Metabolism|Phase I - Functionalization of compounds|Phase II - Conjugation of compounds|Cytochrome P450 - arranged by substrate type|Sensory Perception|Cytosolic sulfonation of small molecules|Xenobiotics|Transport of small molecules|Signaling by Hedgehog,Phase I metabolism|Xenobiotics|xenobiotic metabolism,3,1852,36.075360517948866,
d3_llm_single_with_lit,D3,,single,with_lit_pass,compound_only_enrich_mammalian_RAMP_P_000050021_seed2,Biological oxidations,RAMP_P_000050021,reactome,xenobiotic metabolism,False,True,0.5229735964197266,Metabolism,0.8217436747704865,2,Metabolism,0.8217436747704865,2,False,True,True,Biological oxidations|Metabolism|Phase II - Conjugation of compounds,Biological oxidations|Metabolism|Phase II - Conjugation of compounds|Phase I - Functionalization of compounds|Methylation|Xenobiotics|Drug ADME|Cytochrome P450 - arranged by substrate type|Glutathione conjugation|Metabolism of amino acids and derivatives,xenobiotic metabolism|glutathione metabolism|Glutathione conjugation|phosphatidylethanolamine metabolism,4,2067,23.689570415765047,
d3_llm_single_with_lit,D3,,single,with_lit_pass,compound_only_enrich_mammalian_RAMP_P_000050021_seed3,Biological oxidations,RAMP_P_000050021,reactome,xenobiotic metabolism,False,True,0.5229735964197266,Metabolism,0.8217436747704865,3,Metabolism,0.8217436747704865,3,False,True,True,Biological oxidations|Phase I - Functionalization of compounds|Metabolism,Biological oxidations|Phase I - Functionalization of compounds|Metabolism|Selenium micronutrient network|Cytochrome P450 - arranged by substrate type|Phase II - Conjugation of compounds|Xenobiotics|Vitamin B12 metabolism|Folate metabolism|Thromboxane signalling through TP receptor,xenobiotic metabolism|hydrocarbon metabolism|carcinogen metabolism|vascular pathway|compensatory pathway,5,1902,28.663080705329776,
d3_llm_single_with_lit,D3,,single,with_lit_pass,compound_only_enrich_mammalian_RAMP_P_000050021_seed4,Biological oxidations,RAMP_P_000050021,reactome,xenobiotic metabolism,False,True,0.5229735964197266,Metabolism,0.8217436747704865,2,Metabolism,0.8217436747704865,2,False,True,True,Biological oxidations|Metabolism|Phase II - Conjugation of compounds,"Biological oxidations|Metabolism|Phase II - Conjugation of compounds|Phase I - Functionalization of compounds|Xenobiotics|Cytochrome P450 - arranged by substrate type|Glutathione conjugation|Sensory perception of sweet, bitter, and umami (glutamate) taste|Sensory perception of taste|Drug ADME",xenobiotic metabolism|oxidative metabolism|FMO-mediated metabolism|Coumarin metabolism|thiol metabolism,5,2130,24.620880400761962,
d3_llm_single_with_lit,D3,,single,with_lit_pass,compound_only_enrich_mammalian_RAMP_P_000050021_seed5,Biological oxidations,RAMP_P_000050021,reactome,Xenobiotic metabolism,False,True,0.5229735964197266,Metabolism,0.8217436747704865,1,Metabolism,0.8217436747704865,1,False,True,True,Metabolism|Biological oxidations|Phase I - Functionalization of compounds,"Metabolism|Biological oxidations|Phase I - Functionalization of compounds|Xenobiotics|Biochemical pathways: part I|Sensory perception of sweet, bitter, and umami (glutamate) taste|Sensory perception of taste|Cytochrome P450 - arranged by substrate type|Phase II - Conjugation of compounds|Sensory Perception",Xenobiotic metabolism|Amino acid metabolism|Pyrimidine metabolism|uracil degradation|thiol metabolism|Phase II metabolism,6,2393,35.192521557211876,
d3_llm_single_with_lit,D3,,single,with_lit_pass,compound_only_enrich_mammalian_RAMP_P_000050021_seed6,Biological oxidations,RAMP_P_000050021,reactome,II metabolism,False,True,0.41759238271837623,Metabolism,0.7502922038752562,2,Metabolism,0.7502922038752562,2,False,False,False,Biological oxidations|Metabolism|Phase II - Conjugation of compounds,"Biological oxidations|Metabolism|Phase II - Conjugation of compounds|Phase I - Functionalization of compounds|Xenobiotics|Cytochrome P450 - arranged by substrate type|Amino acid metabolism in triple-negative breast cancer cells|Glutathione conjugation|Methylation|Trans-sulfuration, one-carbon metabolism and related pathways",II metabolism|acid metabolism|cofactor biosynthesis|CoA pathway|affecting metabolism|serine biosynthesis|cysteine metabolism,7,2132,37.336467027664185,
d3_llm_single_with_lit,D3,,single,with_lit_pass,compound_only_enrich_mammalian_RAMP_P_000050021_seed7,Biological oxidations,RAMP_P_000050021,reactome,leukotriene biosynthesis,False,False,0.251471162381913,Phase I - Functionalization of compounds,0.3151603642012382,3,Phase II - Conjugation of compounds,0.3864669996113656,6,False,False,False,Metabolism|Biological oxidations|Phase I - Functionalization of compounds,"Metabolism|Biological oxidations|Phase I - Functionalization of compounds|Xenobiotics|Cytochrome P450 - arranged by substrate type|Phase II - Conjugation of compounds|Sensory perception of sweet, bitter, and umami (glutamate) taste|Sensory perception of taste|G alpha (i) signalling events|GPCR downstream signalling",leukotriene biosynthesis|inflammatory pathway|5-lipoxygenase pathway|affecting metabolism|Phase I metabolism|cytokine signaling,6,2432,26.241647358983755,
d3_llm_single_with_lit,D3,,single,with_lit_pass,compound_only_enrich_mammalian_RAMP_P_000050021_seed8,Biological oxidations,RAMP_P_000050021,reactome,Xenobiotic metabolism,False,True,0.5229735964197266,Metabolism,0.8217436747704865,1,Metabolism,0.8217436747704865,1,False,True,True,Metabolism|Biological oxidations|Phase I - Functionalization of compounds,Metabolism|Biological oxidations|Phase I - Functionalization of compounds|Xenobiotics|Cytochrome P450 - arranged by substrate type|Phase II - Conjugation of compounds|Agmatine biosynthesis|Assembly of collagen fibrils and other multimeric structures|Crosslinking of collagen fibrils|Spironolactone Action Pathway,Xenobiotic metabolism|Arachidonic acid metabolism|inflammatory signaling|Polyamine biosynthesis|phospholipid metabolism|bioactivation pathway|inflammatory pathway|altering metabolism|ornithine pathway,9,2405,80.97308458015323,
d3_llm_single_with_lit,D3,,single,with_lit_pass,compound_only_enrich_mammalian_RAMP_P_000050021_seed9,Biological oxidations,RAMP_P_000050021,reactome,xenobiotic metabolism,False,True,0.5229735964197266,Metabolism,0.8217436747704865,3,Metabolism,0.8217436747704865,3,False,True,True,Biological oxidations|Cytochrome P450 - arranged by substrate type|Metabolism,Biological oxidations|Cytochrome P450 - arranged by substrate type|Metabolism|Phase I - Functionalization of compounds|Xenobiotics|Metal sequestration by antimicrobial proteins|Phase II - Conjugation of compounds|Iron uptake and transport|Transport of small molecules|Antimicrobial peptides,xenobiotic metabolism|Xenobiotics|Cytochrome P450 pathway|amine metabolism,4,1979,25.840269232168794,
d3_llm_single_with_lit,D3,,single,with_lit_pass,compound_only_enrich_mammalian_RAMP_P_000050096_seed6,Metabolism of amino acids and derivatives,RAMP_P_000050096,reactome,tyrosine metabolism,False,False,0.5699837143622734,Metabolism of amino acids and derivatives,0.5699837143622734,1,Tyrosine metabolism,1.0000000018620427,9,False,False,True,Metabolism of amino acids and derivatives|Alkaptonuria|Dopamine beta-hydroxylase deficiency,"Metabolism of amino acids and derivatives|Alkaptonuria|Dopamine beta-hydroxylase deficiency|Hawkinsinuria|Monoamine oxidase-a deficiency (MAO-A)|Tyrosinemia Type I|Tyrosinemia, transient, of the newborn|Disulfiram Action Pathway|Tyrosine metabolism|Biochemical pathways: part I",tyrosine metabolism|Melanin biosynthesis|Norepinephrine pathway|Tyrosine degradation|homogentisate pathway|Secondary pathway|lysine metabolism|cholesterol biosynthesis|carbon metabolism|TCA cycle|tyrosine catabolism|lipid metabolism|energy metabolism|acid catabolism,14,2162,29.530114863067865,
d3_llm_single_with_lit,D3,,single,with_lit_pass,compound_only_enrich_mammalian_RAMP_P_000050099_seed6,Pyrimidine catabolism,RAMP_P_000050099,reactome,pyrimidine metabolism,True,True,0.7071102520815812,Pyrimidine catabolism,0.7071102520815812,1,Pyrimidine metabolism,1.0000000055842404,5,False,False,True,Pyrimidine catabolism|Beta Ureidopropionase Deficiency|Dihydropyrimidinase Deficiency,Pyrimidine catabolism|Beta Ureidopropionase Deficiency|Dihydropyrimidinase Deficiency|MNGIE (Mitochondrial Neurogastrointestinal Encephalopathy)|Pyrimidine metabolism|UMP Synthase Deficiency (Orotic Aciduria)|Nucleotide catabolism|Biochemical pathways: part I|Metabolism of nucleotides|Biomarkers for pyrimidine metabolism disorders,pyrimidine metabolism|pyrimidine degradation|Secondary pathway|-alanine metabolism|thymine catabolism|creatine biosynthesis|thymine degradation|creatine metabolism|RNA catabolism|acid metabolism|pyrimidine catabolism,11,2348,31.925472481176257,
d3_llm_single_with_lit,D3,,single,with_lit_pass,compound_only_enrich_mammalian_RAMP_P_000052855_seed0,Sulfatase and aromatase pathway,RAMP_P_000052855,wikipathways,hormone biosynthesis,False,False,0.32622484291773923,Androgen and Estrogen Metabolism,0.40840074751406735,3,Steroid biosynthesis,0.7274869480092148,9,False,False,False,Sulfatase and aromatase pathway|17-Beta Hydroxysteroid Dehydrogenase III Deficiency|Androgen and Estrogen Metabolism,Sulfatase and aromatase pathway|17-Beta Hydroxysteroid Dehydrogenase III Deficiency|Androgen and Estrogen Metabolism|Androgen and Estrogen Metabolism|Aromatase deficiency|Metabolism of steroid hormones|Biochemical pathways: part I|Estrogen biosynthesis|Steroid biosynthesis|Androgen receptor network in prostate cancer,hormone biosynthesis|estrogen biosynthesis|Tryptophan metabolism|isoleucine degradation|Vitamin K metabolism|acid cycle|tryptophan-to-indole pathway|axis signaling,8,2061,32.495279747992754,
d3_llm_single_with_lit,D3,,single,with_lit_pass,compound_only_enrich_mammalian_RAMP_P_000053042_seed9,Steroid biosynthesis,RAMP_P_000053042,wikipathways,The clearest pathway,False,False,0.26067562417750745,Androgen receptor network in prostate cancer,0.4508179604017072,2,Sulfatase and aromatase pathway,0.5287530643886516,9,False,False,False,Steroid biosynthesis|Androgen receptor network in prostate cancer|Male steroid hormones in cardiomyocyte energy metabolism,Steroid biosynthesis|Androgen receptor network in prostate cancer|Male steroid hormones in cardiomyocyte energy metabolism|17-Beta Hydroxysteroid Dehydrogenase III Deficiency|Androgen and Estrogen Metabolism|Androgen and Estrogen Metabolism|Aromatase deficiency|Metabolism of steroid hormones|Sulfatase and aromatase pathway|Androgen biosynthesis,The clearest pathway|hormone biosynthesis|estrogen biosynthesis|androgen pathway|estrogen pathway|coumarin metabolism|muscle metabolism|aromatase pathway,8,1968,33.096455592662096,
d3_llm_single_with_lit,D3,,single,with_lit_pass,compound_only_enrich_mammalian_RAMP_P_000053306_seed1,Pyrimidine metabolism,RAMP_P_000053306,wikipathways,pyrimidine catabolism,True,True,0.7071101925572363,Pyrimidine metabolism,0.7071101925572363,1,Pyrimidine catabolism,1.0000001527658173,9,False,False,True,Pyrimidine metabolism|Beta Ureidopropionase Deficiency|Dihydropyrimidinase Deficiency,Pyrimidine metabolism|Beta Ureidopropionase Deficiency|Dihydropyrimidinase Deficiency|MNGIE (Mitochondrial Neurogastrointestinal Encephalopathy)|Pyrimidine metabolism|UMP Synthase Deficiency (Orotic Aciduria)|Nucleotide catabolism|Biomarkers for pyrimidine metabolism disorders|Pyrimidine catabolism|Pyrimidine metabolism and related diseases,pyrimidine catabolism|uracil degradation|nucleotide metabolism|deoxynucleoside catabolism|salvage pathway|arginine metabolism|Elevated pyrimidine degradation|cell signaling|novo catabolism|pyrimidine degradation|proline metabolism,11,2346,27.645730528980494,
d3_llm_single_with_lit,D3,,single,with_lit_pass,compound_only_enrich_mammalian_RAMP_P_000053306_seed7,Pyrimidine metabolism,RAMP_P_000053306,wikipathways,pyrimidine metabolism,True,True,1.0000000055842404,Pyrimidine metabolism,1.0000000055842404,1,Pyrimidine metabolism,1.0000000055842404,1,True,True,True,Pyrimidine metabolism|Beta Ureidopropionase Deficiency|Dihydropyrimidinase Deficiency,Pyrimidine metabolism|Beta Ureidopropionase Deficiency|Dihydropyrimidinase Deficiency|MNGIE (Mitochondrial Neurogastrointestinal Encephalopathy)|Pyrimidine metabolism|UMP Synthase Deficiency (Orotic Aciduria)|Nucleotide catabolism|Pyrimidine catabolism|Metabolism of nucleotides|Biomarkers for pyrimidine metabolism disorders,pyrimidine metabolism|Pyrimidine degradation|thymine catabolism|nucleoside metabolism|salvage pathway|sugar metabolism|aldosterone signaling|nucleotide metabolism|pyrimidine catabolism|nucleotide biosynthesis|Altered pyrimidine degradation|sequential degradation|Thymine shares degradation,13,2077,42.11455654539168,
d3_llm_single_with_lit,D3,,single,with_lit_pass,compound_only_enrich_mammalian_lm_pathway_WP167_seed0,Eicosanoid synthesis,lm_pathway:WP167,lipidmaps,acid metabolism,False,False,0.4193832374871163,Eicosanoid metabolism via lipoxygenases (LOX),0.4608412950962475,3,Acetylsalicylic Acid Action Pathway,0.47488220522667224,9,False,False,False,Eicosanoid synthesis|Eicosanoid metabolism via cyclooxygenases (COX)|Eicosanoid metabolism via lipoxygenases (LOX),Eicosanoid synthesis|Eicosanoid metabolism via cyclooxygenases (COX)|Eicosanoid metabolism via lipoxygenases (LOX)|Leukotriene C4 Synthesis Deficiency|Rofecoxib Action Pathway|Salicylate-sodium Action Pathway|Trisalicylate-choline Action Pathway|Acetaminophen  Action Pathway|Acetylsalicylic Acid Action Pathway|Antipyrine Action Pathway,acid metabolism|Lipoxygenase pathway|prostaglandin pathway|phospholipid metabolism|eicosanoid biosynthesis|Inflammatory signaling,6,1951,49.15196434408426,
d3_llm_single_with_lit,D3,,single,with_lit_pass,compound_only_enrich_mammalian_lm_pathway_WP167_seed1,Eicosanoid synthesis,lm_pathway:WP167,lipidmaps,eicosanoid biosynthesis,True,True,0.9944915674237438,Eicosanoid synthesis,0.9944915674237438,1,Eicosanoid synthesis,0.9944915674237438,1,True,True,True,Eicosanoid synthesis|Eicosanoid metabolism via cyclooxygenases (COX)|Eicosanoid metabolism via lipoxygenases (LOX),Eicosanoid synthesis|Eicosanoid metabolism via cyclooxygenases (COX)|Eicosanoid metabolism via lipoxygenases (LOX)|Eicosanoid synthesis|Leukotriene C4 Synthesis Deficiency|Rofecoxib Action Pathway|Salicylate-sodium Action Pathway|Trisalicylate-choline Action Pathway|Acetaminophen  Action Pathway|Acetylsalicylic Acid Action Pathway,eicosanoid biosynthesis|5-LOX pathway|15-LOX pathway|COX pathway|B12 metabolism|acid metabolism|purine metabolism|nucleotide biosynthesis,8,1943,59.75833475217223,
d3_llm_single_with_lit,D3,,single,with_lit_pass,compound_only_enrich_mammalian_lm_pathway_WP167_seed2,Eicosanoid synthesis,lm_pathway:WP167,lipidmaps,The predominant pathway,False,False,0.3296689023596827,Eicosanoid metabolism via cyclooxygenases (COX),0.4116772299972201,2,Acetaminophen  Action Pathway,0.610178409395544,8,False,False,False,Eicosanoid synthesis|Eicosanoid metabolism via cyclooxygenases (COX)|Eicosanoid metabolism via lipoxygenases (LOX),Eicosanoid synthesis|Eicosanoid metabolism via cyclooxygenases (COX)|Eicosanoid metabolism via lipoxygenases (LOX)|Leukotriene C4 Synthesis Deficiency|Rofecoxib Action Pathway|Salicylate-sodium Action Pathway|Trisalicylate-choline Action Pathway|Acetaminophen  Action Pathway|Acetylsalicylic Acid Action Pathway|Antipyrine Action Pathway,The predominant pathway|eicosanoid biosynthesis|undergoes metabolism|COX pathway|COX-mediated PGD2 metabolism|eicosanoid pathway,6,1718,29.742134930565953,
d3_llm_single_with_lit,D3,,single,with_lit_pass,compound_only_enrich_mammalian_lm_pathway_WP167_seed3,Eicosanoid synthesis,lm_pathway:WP167,lipidmaps,eicosanoid metabolism,True,True,0.7676579564493683,Eicosanoid synthesis,0.7676579564493683,1,Eicosanoid synthesis,0.7676579564493683,1,False,False,False,Eicosanoid synthesis|Eicosanoid metabolism via cyclooxygenases (COX)|Eicosanoid metabolism via lipoxygenases (LOX),Eicosanoid synthesis|Eicosanoid metabolism via cyclooxygenases (COX)|Eicosanoid metabolism via lipoxygenases (LOX)|Eicosanoid synthesis|Metabolism|Leukotriene C4 Synthesis Deficiency|Rofecoxib Action Pathway|Salicylate-sodium Action Pathway|Trisalicylate-choline Action Pathway|Acetaminophen  Action Pathway,eicosanoid metabolism|Lipoxygenase pathway|Cyclooxygenase pathway|sugar metabolism|lipid metabolism|LOX inflammatory pathway|glycosaminoglycan metabolism|cell signaling,8,1999,48.92227693088353,
d3_llm_single_with_lit,D3,,single,with_lit_pass,compound_only_enrich_mammalian_lm_pathway_WP167_seed4,Eicosanoid synthesis,lm_pathway:WP167,lipidmaps,acid metabolism,False,False,0.4193832374871163,Eicosanoid metabolism via lipoxygenases (LOX),0.4608412950962475,3,Eicosanoid metabolism via lipoxygenases (LOX),0.4608412950962475,3,False,False,False,Eicosanoid synthesis|Eicosanoid metabolism via cyclooxygenases (COX)|Eicosanoid metabolism via lipoxygenases (LOX),Eicosanoid synthesis|Eicosanoid metabolism via cyclooxygenases (COX)|Eicosanoid metabolism via lipoxygenases (LOX)|Eicosanoid synthesis|Selenium micronutrient network|Leukotriene C4 Synthesis Deficiency|Rofecoxib Action Pathway|Salicylate-sodium Action Pathway|Trisalicylate-choline Action Pathway|Acetaminophen  Action Pathway,acid metabolism|immune signaling|5-LOX pathway|salicylate metabolism|acid catabolism|pyrimidine metabolism|nucleotide metabolism,7,2299,23.783134568482637,
d3_llm_single_with_lit,D3,,single,with_lit_pass,compound_only_enrich_mammalian_lm_pathway_WP167_seed5,Eicosanoid synthesis,lm_pathway:WP167,lipidmaps,eicosanoid biosynthesis,True,True,0.9944915674237438,Eicosanoid synthesis,0.9944915674237438,1,Eicosanoid synthesis,0.9944915674237438,1,True,True,True,Eicosanoid synthesis|Eicosanoid metabolism via cyclooxygenases (COX)|Eicosanoid metabolism via lipoxygenases (LOX),Eicosanoid synthesis|Eicosanoid metabolism via cyclooxygenases (COX)|Eicosanoid metabolism via lipoxygenases (LOX)|Eicosanoid synthesis|Leukotriene C4 Synthesis Deficiency|Rofecoxib Action Pathway|Salicylate-sodium Action Pathway|Trisalicylate-choline Action Pathway|Acetaminophen  Action Pathway|Acetylsalicylic Acid Action Pathway,eicosanoid biosynthesis|acid metabolism|eicosanoid metabolism|dicarbonyl metabolism|5-LOX pathway|inflammatory signaling,6,1972,28.63476494513452,
d3_llm_single_with_lit,D3,,single,with_lit_pass,compound_only_enrich_mammalian_lm_pathway_WP167_seed6,Eicosanoid synthesis,lm_pathway:WP167,lipidmaps,acid metabolism,False,False,0.4193832374871163,Eicosanoid metabolism via lipoxygenases (LOX),0.4608412950962475,3,Acetylsalicylic Acid Action Pathway,0.47488220522667224,10,False,False,False,Eicosanoid synthesis|Eicosanoid metabolism via cyclooxygenases (COX)|Eicosanoid metabolism via lipoxygenases (LOX),Eicosanoid synthesis|Eicosanoid metabolism via cyclooxygenases (COX)|Eicosanoid metabolism via lipoxygenases (LOX)|Eicosanoid synthesis|Leukotriene C4 Synthesis Deficiency|Rofecoxib Action Pathway|Salicylate-sodium Action Pathway|Trisalicylate-choline Action Pathway|Acetaminophen  Action Pathway|Acetylsalicylic Acid Action Pathway,acid metabolism|Lipoxygenase pathway|prostaglandin pathway|glutathione metabolism|entire pathway|eicosanoid biosynthesis,6,1863,54.899932350963354,
d3_llm_single_with_lit,D3,,single,with_lit_pass,compound_only_enrich_mammalian_lm_pathway_WP167_seed7,Eicosanoid synthesis,lm_pathway:WP167,lipidmaps,acid metabolism,False,False,0.4193832374871163,Eicosanoid metabolism via lipoxygenases (LOX),0.4608412950962475,3,Acetylsalicylic Acid Action Pathway,0.47488220522667224,10,False,False,False,Eicosanoid synthesis|Eicosanoid metabolism via cyclooxygenases (COX)|Eicosanoid metabolism via lipoxygenases (LOX),Eicosanoid synthesis|Eicosanoid metabolism via cyclooxygenases (COX)|Eicosanoid metabolism via lipoxygenases (LOX)|Eicosanoid synthesis|Leukotriene C4 Synthesis Deficiency|Rofecoxib Action Pathway|Salicylate-sodium Action Pathway|Trisalicylate-choline Action Pathway|Acetaminophen  Action Pathway|Acetylsalicylic Acid Action Pathway,acid metabolism|eicosanoid biosynthesis|purine metabolism|B12 metabolism|5-lipoxygenase pathway|cyclooxygenase pathway|purine catabolism|5-LOX pathway|15-LOX pathway|COX pathway|sulfur metabolism,11,2185,23.756306063383818,
d3_llm_single_with_lit,D3,,single,with_lit_pass,compound_only_enrich_mammalian_lm_pathway_WP167_seed8,Eicosanoid synthesis,lm_pathway:WP167,lipidmaps,Eicosanoid pathway,True,True,0.8466710513954654,Eicosanoid synthesis,0.8466710513954654,1,Eicosanoid synthesis,0.8466710513954654,1,True,True,True,Eicosanoid synthesis|Eicosanoid metabolism via cyclooxygenases (COX)|Eicosanoid metabolism via lipoxygenases (LOX),Eicosanoid synthesis|Eicosanoid metabolism via cyclooxygenases (COX)|Eicosanoid metabolism via lipoxygenases (LOX)|Eicosanoid synthesis|Selenium micronutrient network|Leukotriene C4 Synthesis Deficiency|Rofecoxib Action Pathway|Salicylate-sodium Action Pathway|Trisalicylate-choline Action Pathway|Acetaminophen  Action Pathway,Eicosanoid pathway|cysteine metabolism|Transsulfuration pathway|purine metabolism,4,2191,46.22693160176277,
d3_llm_single_with_lit,D3,,single,with_lit_pass,compound_only_enrich_mammalian_lm_pathway_WP167_seed9,Eicosanoid synthesis,lm_pathway:WP167,lipidmaps,acid metabolism,False,False,0.4193832374871163,Eicosanoid metabolism via lipoxygenases (LOX),0.4608412950962475,3,Acetylsalicylic Acid Action Pathway,0.47488220522667224,10,False,False,False,Eicosanoid synthesis|Eicosanoid metabolism via cyclooxygenases (COX)|Eicosanoid metabolism via lipoxygenases (LOX),Eicosanoid synthesis|Eicosanoid metabolism via cyclooxygenases (COX)|Eicosanoid metabolism via lipoxygenases (LOX)|Eicosanoid synthesis|Leukotriene C4 Synthesis Deficiency|Rofecoxib Action Pathway|Salicylate-sodium Action Pathway|Trisalicylate-choline Action Pathway|Acetaminophen  Action Pathway|Acetylsalicylic Acid Action Pathway,acid metabolism|eicosanoid biosynthesis|Eicosanoid synthesis|15-LOX pathway|inflammatory signaling,5,1778,26.0183581430465,
d3_metagent_wo_feedback_no_lit,D3,,single,no_lit,compound_only_enrich_mammalian_RAMP_P_000000016_seed1,"Glycine, serine and threonine metabolism",RAMP_P_000000016,kegg,"Glycine, serine and threonine metabolism",True,True,1.000000153176198,"Glycine, serine and threonine metabolism",1.000000153176198,1,"Glycine, serine and threonine metabolism",1.000000153176198,1,True,True,True,"Glycine, serine and threonine metabolism|Metabolism of amino acids and derivatives|3-Phosphoglycerate dehydrogenase deficiency","Glycine, serine and threonine metabolism|Metabolism of amino acids and derivatives|3-Phosphoglycerate dehydrogenase deficiency|Dihydropyrimidine Dehydrogenase Deficiency (DHPD)|Dimethylglycine Dehydrogenase Deficiency|Dimethylglycine Dehydrogenase Deficiency|Hyperglycinemia, non-ketotic|Non Ketotic Hyperglycinemia|Sarcosinemia|Trans-sulfuration, one-carbon metabolism and related pathways","Glycine, serine and threonine metabolism|threonine metabolism|RaMP-enriched pathway|Metabolism of amino acids and derivatives|KEGG map00260 pathway|methylation cycle|methionine catabolism|one-carbon metabolism|polyamine biosynthesis|energy metabolism|melanin pathway|neurotransmitter metabolism",12,2300,97.84156375192106,
d3_metagent_wo_feedback_no_lit,D3,,single,no_lit,compound_only_enrich_mammalian_RAMP_P_000000016_seed2,"Glycine, serine and threonine metabolism",RAMP_P_000000016,kegg,"Glycine, serine and threonine metabolism",True,True,1.000000153176198,"Glycine, serine and threonine metabolism",1.000000153176198,1,"Glycine, serine and threonine metabolism",1.000000153176198,1,True,True,True,"Glycine, serine and threonine metabolism|3-Phosphoglycerate dehydrogenase deficiency|Dihydropyrimidine Dehydrogenase Deficiency (DHPD)","Glycine, serine and threonine metabolism|3-Phosphoglycerate dehydrogenase deficiency|Dihydropyrimidine Dehydrogenase Deficiency (DHPD)|Dimethylglycine Dehydrogenase Deficiency|Dimethylglycine Dehydrogenase Deficiency|Hyperglycinemia, non-ketotic|Non Ketotic Hyperglycinemia|Sarcosinemia|Trans-sulfuration, one-carbon metabolism and related pathways|Metabolism","Glycine, serine and threonine metabolism|threonine metabolism|3-Phosphoglycerate dehydrogenase deficiency|Dimethylglycine Dehydrogenase Deficiency|amino-acid metabolism|trans-sulfuration pathway|energy metabolism|one-carbon metabolism|oxidative metabolism",9,2305,48.58646232821047,
d3_metagent_wo_feedback_no_lit,D3,,single,no_lit,compound_only_enrich_mammalian_RAMP_P_000000016_seed4,"Glycine, serine and threonine metabolism",RAMP_P_000000016,kegg,"Glycine, serine and threonine metabolism",True,True,1.000000153176198,"Glycine, serine and threonine metabolism",1.000000153176198,2,"Glycine, serine and threonine metabolism",1.000000153176198,2,True,True,True,"Metabolism of amino acids and derivatives|Glycine, serine and threonine metabolism|Metabolic epileptic disorders","Metabolism of amino acids and derivatives|Glycine, serine and threonine metabolism|Metabolic epileptic disorders|Metabolism|3-Phosphoglycerate dehydrogenase deficiency|Dihydropyrimidine Dehydrogenase Deficiency (DHPD)|Dimethylglycine Dehydrogenase Deficiency|Dimethylglycine Dehydrogenase Deficiency|Hyperglycinemia, non-ketotic|Non Ketotic Hyperglycinemia","Glycine, serine and threonine metabolism|threonine metabolism|Metabolism of amino acids and derivatives|methionine cycle|methyl cycle|glycine metabolism|cysteine metabolism|enriched pathway|dependent signaling|energy metabolism|acid catabolism",11,2143,43.49414321966469,
d3_metagent_wo_feedback_no_lit,D3,,single,no_lit,compound_only_enrich_mammalian_RAMP_P_000000016_seed6,"Glycine, serine and threonine metabolism",RAMP_P_000000016,kegg,"Glycine, serine and threonine metabolism",True,True,1.000000153176198,"Glycine, serine and threonine metabolism",1.000000153176198,1,"Glycine, serine and threonine metabolism",1.000000153176198,1,True,True,True,"Glycine, serine and threonine metabolism|Biochemical pathways: part I|Cystathionine Beta-Synthase Deficiency","Glycine, serine and threonine metabolism|Biochemical pathways: part I|Cystathionine Beta-Synthase Deficiency|Glycine N-methyltransferase Deficiency|Homocystinuria-megaloblastic anemia due to defect in cobalamin metabolism, cblG complementation type|Hypermethioninemia|Methionine Adenosyltransferase Deficiency|Methionine Metabolism|Methylenetetrahydrofolate Reductase Deficiency (MTHFRD)|S-Adenosylhomocysteine (SAH) Hydrolase Deficiency","Glycine, serine and threonine metabolism|threonine metabolism|top-ranking pathway|methionine metabolism|acid metabolism|methionine cycle|purine metabolism|methyl cycle|cysteine cycle|one-carbon metabolism|antioxidant biosynthesis",11,2005,133.38642879202962,
d3_metagent_wo_feedback_no_lit,D3,,single,no_lit,compound_only_enrich_mammalian_RAMP_P_000000016_seed7,"Glycine, serine and threonine metabolism",RAMP_P_000000016,kegg,enriched pathway,False,False,0.3398143573417194,Biochemical pathways: part I,0.4797965773705308,2,Biochemical pathways: part I,0.4797965773705308,2,False,False,False,"Glycine, serine and threonine metabolism|Biochemical pathways: part I|Methionine de novo and salvage pathway","Glycine, serine and threonine metabolism|Biochemical pathways: part I|Methionine de novo and salvage pathway|Metabolism of amino acids and derivatives|Methionine Metabolism|Metabolism|Cystathionine Beta-Synthase Deficiency|Glycine N-methyltransferase Deficiency|Homocystinuria-megaloblastic anemia due to defect in cobalamin metabolism, cblG complementation type|Hypermethioninemia","enriched pathway|Methionine Metabolism|Glycine, serine and threonine metabolism|threonine metabolism|amino-acid metabolism|Kennedy pathway|one-carbon metabolism|membrane biosynthesis|inflammatory signalling",9,2524,72.60025968961418,
d3_metagent_wo_feedback_no_lit,D3,,single,no_lit,compound_only_enrich_mammalian_RAMP_P_000000016_seed9,"Glycine, serine and threonine metabolism",RAMP_P_000000016,kegg,"Glycine, serine and threonine metabolism",True,True,1.000000153176198,"Glycine, serine and threonine metabolism",1.000000153176198,1,"Glycine, serine and threonine metabolism",1.000000153176198,1,True,True,True,"Glycine, serine and threonine metabolism|Metabolism of amino acids and derivatives|Pyruvate metabolism","Glycine, serine and threonine metabolism|Metabolism of amino acids and derivatives|Pyruvate metabolism|Methionine de novo and salvage pathway|SLC-mediated transmembrane transport|Transport of inorganic cations/anions and amino acids/oligopeptides|Disease|Metabolism of vitamins and cofactors|Serine biosynthesis|Transport of small molecules","Glycine, serine and threonine metabolism|threonine metabolism|Pyruvate metabolism|enriched pathway|connected pathway|amino-acid catabolism|TCA cycle|threonine catabolism|one-carbon metabolism|methyl-group metabolism",10,2772,62.76259031891823,
d3_metagent_wo_feedback_no_lit,D3,,single,no_lit,compound_only_enrich_mammalian_RAMP_P_000000106_seed0,Tyrosine metabolism,RAMP_P_000000106,kegg,Top pathway,False,False,0.4460044268656615,Tyrosine metabolism,0.4460044268656615,1,ADHD and autism (ASD) pathways,0.46961227232144137,10,False,False,False,Tyrosine metabolism|Alkaptonuria|Dopamine beta-hydroxylase deficiency,"Tyrosine metabolism|Alkaptonuria|Dopamine beta-hydroxylase deficiency|Hawkinsinuria|Monoamine oxidase-a deficiency (MAO-A)|Tyrosinemia Type I|Tyrosinemia, transient, of the newborn|Disulfiram Action Pathway|Amino acid metabolism|ADHD and autism (ASD) pathways",Top pathway|Tyrosine metabolism|enriched pathway|methionine metabolism|polyamine metabolism|amino-acid catabolism|monoamine biosynthesis|Alkaptonuria,8,2618,59.673713717609644,
d3_metagent_wo_feedback_no_lit,D3,,single,no_lit,compound_only_enrich_mammalian_RAMP_P_000000106_seed2,Tyrosine metabolism,RAMP_P_000000106,kegg,Alkaptonuria,False,True,0.2919706926081069,Alkaptonuria,1.0000000163705307,2,Alkaptonuria,1.0000000163705307,2,False,True,True,Tyrosine metabolism|Alkaptonuria|Dopamine beta-hydroxylase deficiency,"Tyrosine metabolism|Alkaptonuria|Dopamine beta-hydroxylase deficiency|Hawkinsinuria|Monoamine oxidase-a deficiency (MAO-A)|Tyrosinemia Type I|Tyrosinemia, transient, of the newborn|Disulfiram Action Pathway|Metabolism|Aromatic L-Aminoacid Decarboxylase Deficiency",Alkaptonuria|Dopamine beta-hydroxylase deficiency|Tyrosine metabolism|Disulfiram Action Pathway|parallel pathway,5,2386,96.41432490386069,
d3_metagent_wo_feedback_no_lit,D3,,single,no_lit,compound_only_enrich_mammalian_RAMP_P_000000106_seed3,Tyrosine metabolism,RAMP_P_000000106,kegg,Tyrosine metabolism,True,True,1.0000000245535443,Tyrosine metabolism,1.0000000245535443,1,Tyrosine metabolism,1.0000000245535443,1,True,True,True,Tyrosine metabolism|Alkaptonuria|Dopamine beta-hydroxylase deficiency,"Tyrosine metabolism|Alkaptonuria|Dopamine beta-hydroxylase deficiency|Hawkinsinuria|Monoamine oxidase-a deficiency (MAO-A)|Tyrosinemia Type I|Tyrosinemia, transient, of the newborn|Disulfiram Action Pathway|ADHD and autism (ASD) pathways|SLC transporter disorders",Tyrosine metabolism|Alkaptonuria|tyrosine catabolism|tetrahydrobiopterin metabolism|dopamine biosynthesis|4-hydroxyphenylpyruvate shunt|monoamine metabolism|dopamine signalling|disrupted pathway|oxidative catabolism|one-carbon metabolism,11,2840,82.74171115271747,
d3_metagent_wo_feedback_no_lit,D3,,single,no_lit,compound_only_enrich_mammalian_RAMP_P_000000106_seed8,Tyrosine metabolism,RAMP_P_000000106,kegg,Tyrosine metabolism,True,True,1.0000000245535443,Tyrosine metabolism,1.0000000245535443,1,Tyrosine metabolism,1.0000000245535443,1,True,True,True,Tyrosine metabolism|Alkaptonuria|Dopamine beta-hydroxylase deficiency,"Tyrosine metabolism|Alkaptonuria|Dopamine beta-hydroxylase deficiency|Hawkinsinuria|Monoamine oxidase-a deficiency (MAO-A)|Tyrosinemia Type I|Tyrosinemia, transient, of the newborn|Disulfiram Action Pathway|Metabolism|ADHD and autism (ASD) pathways",Tyrosine metabolism|enriched pathway|Alkaptonuria|Dopamine beta-hydroxylase deficiency|Hawkinsinuria|Disulfiram Action Pathway|tyrosine catabolism|precursor biosynthesis|tyrosine degradation|neurological signaling,10,2826,61.025730764493346,
d3_metagent_wo_feedback_no_lit,D3,,single,no_lit,compound_only_enrich_mammalian_RAMP_P_000000141_seed0,Tryptophan metabolism,RAMP_P_000000141,kegg,tryptophan metabolism,True,True,0.9999999236558506,Tryptophan metabolism,0.9999999236558506,1,Tryptophan metabolism,0.9999999236558506,1,True,True,True,Tryptophan metabolism|Biochemical pathways: part I|Tryptophan metabolism,Tryptophan metabolism|Biochemical pathways: part I|Tryptophan metabolism|Metabolism of amino acids and derivatives|Tryptophan catabolism leading to NAD+ production|Amino acid metabolism|Metabolism|ADHD and autism (ASD) pathways|IDO metabolic pathway|Serotonin and melatonin biosynthesis,tryptophan metabolism|Biochemical pathways: part I|specialized pathway|tryptophan catabolism|cofactor biosynthesis|neuroimmune signaling|altered catabolism|kynurenine pathway,8,2928,41.55563057772815,
d3_metagent_wo_feedback_no_lit,D3,,single,no_lit,compound_only_enrich_mammalian_RAMP_P_000000141_seed1,Tryptophan metabolism,RAMP_P_000000141,kegg,Tryptophan metabolism,True,True,0.9999999443079719,Tryptophan metabolism,0.9999999443079719,1,Tryptophan metabolism,0.9999999443079719,1,True,True,True,Tryptophan metabolism|Biochemical pathways: part I|Metabolism of amino acids and derivatives,Tryptophan metabolism|Biochemical pathways: part I|Metabolism of amino acids and derivatives|Tryptophan metabolism|ADHD and autism (ASD) pathways|Tryptophan catabolism leading to NAD+ production|Metabolism|Amino acid metabolism|IDO metabolic pathway|Serotonin and melatonin biosynthesis,Tryptophan metabolism|tryptophan catabolism|kynurenine pathway|downstream pathway,4,2486,76.9627725649625,
d3_metagent_wo_feedback_no_lit,D3,,single,no_lit,compound_only_enrich_mammalian_RAMP_P_000000141_seed2,Tryptophan metabolism,RAMP_P_000000141,kegg,Tryptophan metabolism,True,True,0.9999999443079719,Tryptophan metabolism,0.9999999443079719,1,Tryptophan metabolism,0.9999999443079719,1,True,True,True,Tryptophan metabolism|Tryptophan metabolism|Amino acid metabolism,Tryptophan metabolism|Tryptophan metabolism|Amino acid metabolism|Biochemical pathways: part I|Serotonin and melatonin biosynthesis|Biogenic amine synthesis|Tryptophan catabolism leading to NAD+ production|Neurotransmitter disorders|Biosynthesis and regeneration of tetrahydrobiopterin and catabolism of phenylalanine|Metabolism of amine-derived hormones,Tryptophan metabolism|top pathway|Serotonin and melatonin biosynthesis|melatonin biosynthesis|Reactome pathway|tryptophan pathway,6,2565,142.87278374284506,
d3_metagent_wo_feedback_no_lit,D3,,single,no_lit,compound_only_enrich_mammalian_RAMP_P_000000141_seed3,Tryptophan metabolism,RAMP_P_000000141,kegg,tryptophan metabolism,True,True,0.9999999236558506,Tryptophan metabolism,0.9999999236558506,1,Tryptophan metabolism,0.9999999236558506,1,True,True,True,Tryptophan metabolism|Tryptophan metabolism|Biochemical pathways: part I,Tryptophan metabolism|Tryptophan metabolism|Biochemical pathways: part I|Tryptophan catabolism leading to NAD+ production|Amino acid metabolism|ADHD and autism (ASD) pathways|Metabolism|IDO metabolic pathway|Serotonin and melatonin biosynthesis|NAD+ biosynthetic pathways,tryptophan metabolism|Tryptophan catabolism|Tryptophan catabolism leading to NAD+ production|amino-acid metabolism|KEGG tryptophan pathway|Biochemical pathways: part I|kynurenine shunt|same pathway|energy metabolism,9,2935,82.93324136920273,
d3_metagent_wo_feedback_no_lit,D3,,single,no_lit,compound_only_enrich_mammalian_RAMP_P_000000141_seed4,Tryptophan metabolism,RAMP_P_000000141,kegg,Tryptophan metabolism,True,True,0.9999999443079719,Tryptophan metabolism,0.9999999443079719,1,Tryptophan metabolism,0.9999999443079719,1,True,True,True,Tryptophan metabolism|Amino acid metabolism|Tryptophan metabolism,Tryptophan metabolism|Amino acid metabolism|Tryptophan metabolism|Biochemical pathways: part I|G alpha (i) signalling events|Metabolism|GPCR downstream signalling|Phase I - Functionalization of compounds|ADHD and autism (ASD) pathways|Signaling by GPCR,Tryptophan metabolism|G alpha (i) signalling events|events pathway|as signalling|tryptophan catabolism|indole-amine biosynthesis|kynurenine pathway|indole metabolism,8,3360,49.18149205110967,
d3_metagent_wo_feedback_no_lit,D3,,single,no_lit,compound_only_enrich_mammalian_RAMP_P_000000141_seed5,Tryptophan metabolism,RAMP_P_000000141,kegg,Tryptophan metabolism,True,True,0.9999999443079719,Tryptophan metabolism,0.9999999443079719,1,Tryptophan metabolism,0.9999999443079719,1,True,True,True,Tryptophan metabolism|Tryptophan metabolism|Metabolism of amino acids and derivatives,Tryptophan metabolism|Tryptophan metabolism|Metabolism of amino acids and derivatives|Biochemical pathways: part I|Metabolism|Serotonin and melatonin biosynthesis|Biogenic amine synthesis|Amino acid metabolism|Tryptophan catabolism leading to NAD+ production|Neurotransmitter disorders,Tryptophan metabolism|derivative metabolism|Tryptophan pathway|same pathway|kynurenine pathway|oxidative metabolism,6,2169,40.48673440143466,
d3_metagent_wo_feedback_no_lit,D3,,single,no_lit,compound_only_enrich_mammalian_RAMP_P_000000141_seed6,Tryptophan metabolism,RAMP_P_000000141,kegg,Tryptophan metabolism,True,True,0.9999999443079719,Tryptophan metabolism,0.9999999443079719,1,Tryptophan metabolism,0.9999999443079719,1,True,True,True,Tryptophan metabolism|Tryptophan metabolism|Biochemical pathways: part I,Tryptophan metabolism|Tryptophan metabolism|Biochemical pathways: part I|Biogenic amine synthesis|Tryptophan catabolism leading to NAD+ production|Metabolism|ADHD and autism (ASD) pathways|IDO metabolic pathway|Sudden infant death syndrome (SIDS) susceptibility pathways|Serotonin and melatonin biosynthesis,Tryptophan metabolism|top pathway|Biogenic amine synthesis|tryptophan catabolism|melatonin biosynthesis|acid pathway|auxin biosynthesis|tryptophan degradation|circadian signaling|Phase I metabolism,10,3525,39.26945918798447,
d3_metagent_wo_feedback_no_lit,D3,,single,no_lit,compound_only_enrich_mammalian_RAMP_P_000000141_seed7,Tryptophan metabolism,RAMP_P_000000141,kegg,tryptophan metabolism,True,True,0.9999999236558506,Tryptophan metabolism,0.9999999236558506,1,Tryptophan metabolism,0.9999999236558506,1,True,True,True,Tryptophan metabolism|Tryptophan metabolism|Tryptophan catabolism leading to NAD+ production,Tryptophan metabolism|Tryptophan metabolism|Tryptophan catabolism leading to NAD+ production|Biochemical pathways: part I|ADHD and autism (ASD) pathways|Metabolism of amino acids and derivatives|IDO metabolic pathway|Serotonin and melatonin biosynthesis|Amino acid metabolism|NAD+ biosynthetic pathways,tryptophan metabolism|nicotinamide metabolism|The KEGG Tryptophan metabolism pathway|tryptamine shunt|as pathway|sirtuin signalling,6,2250,105.5558937098831,
d3_metagent_wo_feedback_no_lit,D3,,single,no_lit,compound_only_enrich_mammalian_RAMP_P_000000141_seed8,Tryptophan metabolism,RAMP_P_000000141,kegg,Tryptophan metabolism,True,True,0.9999999443079719,Tryptophan metabolism,0.9999999443079719,1,Tryptophan metabolism,0.9999999443079719,1,True,True,True,Tryptophan metabolism|Tryptophan catabolism leading to NAD+ production|Biochemical pathways: part I,Tryptophan metabolism|Tryptophan catabolism leading to NAD+ production|Biochemical pathways: part I|ADHD and autism (ASD) pathways|Metabolism|Tryptophan metabolism|Metabolism of amino acids and derivatives|IDO metabolic pathway|Serotonin and melatonin biosynthesis|NAD+ biosynthetic pathways,Tryptophan metabolism|Tryptophan catabolism|tryptophan degradation|kynurenine degradation|serotonin biosynthesis|nicotinamide metabolism|kynurenine pathway|that shunt|phosphoethanolamine metabolism|autophagic signaling|tryptophan pathway,11,2614,80.1217771153897,
d3_metagent_wo_feedback_no_lit,D3,,single,no_lit,compound_only_enrich_mammalian_RAMP_P_000000398_seed0,Galactose Metabolism,RAMP_P_000000398,kegg,Galactose Metabolism,True,True,0.9999999675920971,Galactose Metabolism,0.9999999675920971,2,Galactose Metabolism,0.9999999675920971,2,True,True,True,Galactosemia|Galactose Metabolism|Galactose Metabolism,Galactosemia|Galactose Metabolism|Galactose Metabolism|Biochemical pathways: part I|Glycerophospholipid biosynthetic pathway|Glycerophospholipid biosynthesis|Phospholipid metabolism|MECP2 and associated Rett syndrome|GPCR downstream signalling|Orexin receptor pathway,Galactose Metabolism|Galactosemia|Glycerophospholipid biosynthesis|Galactose Metabolism pathway|galactose catabolism|galactose pathway|Glycerophospholipid biosynthetic pathway|carbohydrate metabolism|membrane-lipid biosynthesis|energy metabolism|estrogen metabolism|steroid signalling|glycerophospholipid metabolism,13,3138,74.35719224251807,
d3_metagent_wo_feedback_no_lit,D3,,single,no_lit,compound_only_enrich_mammalian_RAMP_P_000000398_seed1,Galactose Metabolism,RAMP_P_000000398,kegg,galactose metabolism,True,True,0.9999999832245213,Galactose Metabolism,0.9999999832245213,2,Galactose Metabolism,0.9999999832245213,2,True,True,True,Galactosemia|Galactose Metabolism|Galactose Metabolism,Galactosemia|Galactose Metabolism|Galactose Metabolism|Biochemical pathways: part I|Glycerophospholipid biosynthesis|Phospholipid metabolism|GPCR downstream signalling|Signaling by GPCR|Signal Transduction|Digestion,galactose metabolism|Galactosemia|glycerophospholipid biosynthesis|lipid metabolism|galactinol catabolism|same pathway|phosphate metabolism|galactose catabolism|acetylcholine biosynthesis|galactose pathway,10,2720,53.93167620524764,
d3_metagent_wo_feedback_no_lit,D3,,single,no_lit,compound_only_enrich_mammalian_RAMP_P_000000398_seed2,Galactose Metabolism,RAMP_P_000000398,kegg,Galactosemia,False,True,0.5274823902606672,Galactosemia,1.0000001034393806,1,Galactosemia,1.0000001034393806,1,False,True,True,Galactosemia|Galactose Metabolism|Galactose Metabolism,"Galactosemia|Galactose Metabolism|Galactose Metabolism|Biochemical pathways: part I|Glycerophospholipid biosynthetic pathway|Glycerophospholipid biosynthesis|Phospholipid metabolism|Trans-sulfuration, one-carbon metabolism and related pathways|Phosphatidylethanolamine Biosynthesis|Phosphatidylcholine Biosynthesis",Galactosemia|Secondary pathway|Glycerophospholipid biosynthesis|galactose catabolism|galactose metabolism|Leloir pathway,6,3109,39.545047080144286,
d3_metagent_wo_feedback_no_lit,D3,,single,no_lit,compound_only_enrich_mammalian_RAMP_P_000000398_seed3,Galactose Metabolism,RAMP_P_000000398,kegg,Leloir pathway,False,False,0.34066170259648076,Galactose Metabolism,0.34066170259648076,2,Biochemical pathways: part I,0.5551284603321353,4,False,False,False,Galactosemia|Galactose Metabolism|Galactose Metabolism,Galactosemia|Galactose Metabolism|Galactose Metabolism|Biochemical pathways: part I|Metabolism|Aspirin ADME|Metabolism of lipids|Drug ADME|Disease|Orexin receptor pathway,Leloir pathway|galactose metabolism|Disease|Galactosemia|SMPDB pathway|foreign-compound metabolism|carbohydrate metabolism,7,2224,61.35826653428376,
d3_metagent_wo_feedback_no_lit,D3,,single,no_lit,compound_only_enrich_mammalian_RAMP_P_000000398_seed4,Galactose Metabolism,RAMP_P_000000398,kegg,Galactose Metabolism,True,True,0.9999999675920971,Galactose Metabolism,0.9999999675920971,2,Galactose Metabolism,0.9999999675920971,2,True,True,True,Galactosemia|Galactose Metabolism|Galactose Metabolism,"Galactosemia|Galactose Metabolism|Galactose Metabolism|Biochemical pathways: part I|Disease|Orexin receptor pathway|Glucocorticoid biosynthesis|Starch and sucrose metabolism|Transport of bile salts and organic acids, metal ions and amine compounds|Metabolism",Galactose Metabolism|Disease|Galactosemia|Leloir pathway|oligosaccharide metabolism|pyruvate metabolism|core pathway|galactose catabolism,8,1860,55.01868687942624,
d3_metagent_wo_feedback_no_lit,D3,,single,no_lit,compound_only_enrich_mammalian_RAMP_P_000000398_seed5,Galactose Metabolism,RAMP_P_000000398,kegg,Galactose Metabolism,True,True,0.9999999675920971,Galactose Metabolism,0.9999999675920971,2,Galactose Metabolism,0.9999999675920971,2,True,True,True,Galactosemia|Galactose Metabolism|Galactose Metabolism,Galactosemia|Galactose Metabolism|Galactose Metabolism|Biochemical pathways: part I|MECP2 and associated Rett syndrome|GPCR downstream signalling|Orexin receptor pathway|Signaling by GPCR|Glucose homeostasis|Transport of small molecules,Galactose Metabolism|Galactosemia|Leloir pathway|phosphatidylinositol signaling|galactose pathway,5,2688,62.420812256634235,
d3_metagent_wo_feedback_no_lit,D3,,single,no_lit,compound_only_enrich_mammalian_RAMP_P_000000398_seed6,Galactose Metabolism,RAMP_P_000000398,kegg,galactose metabolism,True,True,0.9999999832245213,Galactose Metabolism,0.9999999832245213,2,Galactose Metabolism,0.9999999832245213,2,True,True,True,Galactosemia|Galactose Metabolism|Galactose Metabolism,Galactosemia|Galactose Metabolism|Galactose Metabolism|Biochemical pathways: part I|Metabolic epileptic disorders|ADHD and autism (ASD) pathways|Metabolism|Transport of small molecules|Glycerophospholipid biosynthetic pathway|Vitamin B12 metabolism,galactose metabolism|Galactosemia|galactose degradation|Leloir pathway|phosphate signaling|phosphatidylinositol metabolism|methionine cycle|eicosanoid signaling|oligosaccharide biosynthesis,9,2362,107.2259916216135,
d3_metagent_wo_feedback_no_lit,D3,,single,no_lit,compound_only_enrich_mammalian_RAMP_P_000000398_seed7,Galactose Metabolism,RAMP_P_000000398,kegg,galactose metabolism,True,True,0.9999999832245213,Galactose Metabolism,0.9999999832245213,2,Galactose Metabolism,0.9999999832245213,2,True,True,True,Galactosemia|Galactose Metabolism|Galactose Metabolism,Galactosemia|Galactose Metabolism|Galactose Metabolism|Biochemical pathways: part I|Orexin receptor pathway|Glucose homeostasis|Transport of small molecules|Digestion|Digestion and absorption|Starch and sucrose metabolism,galactose metabolism|Galactosemia|KEGG Galactose Metabolism pathway|Leloir pathway|phosphate metabolism|Methionine Metabolism pathway|methionine cycle|carbohydrate metabolism,8,2567,79.14121687784791,
d3_metagent_wo_feedback_no_lit,D3,,single,no_lit,compound_only_enrich_mammalian_RAMP_P_000000398_seed8,Galactose Metabolism,RAMP_P_000000398,kegg,Galactosemia,False,True,0.5274823902606672,Galactosemia,1.0000001034393806,1,Galactosemia,1.0000001034393806,1,False,True,True,Galactosemia|Galactose Metabolism|Galactose Metabolism,Galactosemia|Galactose Metabolism|Galactose Metabolism|Biochemical pathways: part I|Orexin receptor pathway|Glucose homeostasis|Signaling by GPCR|Digestion|Digestion and absorption|Signal Transduction,Galactosemia|galactose metabolism|six pathway,3,2682,121.28714904747903,
d3_metagent_wo_feedback_no_lit,D3,,single,no_lit,compound_only_enrich_mammalian_RAMP_P_000000398_seed9,Galactose Metabolism,RAMP_P_000000398,kegg,galactose metabolism,True,True,0.9999999832245213,Galactose Metabolism,0.9999999832245213,2,Galactose Metabolism,0.9999999832245213,2,True,True,True,Galactosemia|Galactose Metabolism|Galactose Metabolism,Galactosemia|Galactose Metabolism|Galactose Metabolism|Biochemical pathways: part I|Polyol pathway|Disorders of fructose metabolism|Orexin receptor pathway|Glucose homeostasis|Digestion|Digestion and absorption,galactose metabolism|Galactosemia|fifth pathway|polyol pathway|fructose catabolism|Leloir pathway|phosphate signalling|lipid metabolism|pyrimidine metabolism|nucleotide biosynthesis|The polyol pathway|sugar catabolism|sugar metabolism,13,2306,46.443006094545126,
d3_metagent_wo_feedback_no_lit,D3,,single,no_lit,compound_only_enrich_mammalian_RAMP_P_000000421_seed1,Androgen and Estrogen Metabolism,RAMP_P_000000421,kegg,Androgen and Estrogen Metabolism,True,True,0.999999899513863,Androgen and Estrogen Metabolism,0.999999899513863,2,Androgen and Estrogen Metabolism,0.999999899513863,2,True,True,True,17-Beta Hydroxysteroid Dehydrogenase III Deficiency|Androgen and Estrogen Metabolism|Androgen and Estrogen Metabolism,17-Beta Hydroxysteroid Dehydrogenase III Deficiency|Androgen and Estrogen Metabolism|Androgen and Estrogen Metabolism|Aromatase deficiency|Metabolism of steroid hormones|Steroid biosynthesis|Androgen receptor network in prostate cancer|Sulfatase and aromatase pathway|Male steroid hormones in cardiomyocyte energy metabolism|Cancer pathways,Androgen and Estrogen Metabolism|disease-centric pathway|17-Beta Hydroxysteroid Dehydrogenase III Deficiency|same pathway|catecholamine metabolism|enriched pathway,6,2295,38.68617219477892,
d3_metagent_wo_feedback_no_lit,D3,,single,no_lit,compound_only_enrich_mammalian_RAMP_P_000000421_seed2,Androgen and Estrogen Metabolism,RAMP_P_000000421,kegg,Androgen and Estrogen Metabolism,True,True,0.999999899513863,Androgen and Estrogen Metabolism,0.999999899513863,2,Androgen and Estrogen Metabolism,0.999999899513863,2,True,True,True,17-Beta Hydroxysteroid Dehydrogenase III Deficiency|Androgen and Estrogen Metabolism|Androgen and Estrogen Metabolism,17-Beta Hydroxysteroid Dehydrogenase III Deficiency|Androgen and Estrogen Metabolism|Androgen and Estrogen Metabolism|Aromatase deficiency|Cancer pathways|Classical pathway of steroidogenesis with glucocorticoid and mineralocorticoid metabolism|Metabolism of steroid hormones|Steroid biosynthesis|Androgen receptor network in prostate cancer|Biochemical pathways: part I,Androgen and Estrogen Metabolism|Metabolism of steroid hormones|hormone biosynthesis|reduced catabolism|tryptophan metabolism|adrenergic signalling|KEGG Tryptophan metabolism|nicotinamide metabolism,8,2748,61.818916253745556,
d3_metagent_wo_feedback_no_lit,D3,,single,no_lit,compound_only_enrich_mammalian_RAMP_P_000000421_seed3,Androgen and Estrogen Metabolism,RAMP_P_000000421,kegg,enriched pathway,False,False,0.4034987368939031,Androgen and Estrogen Metabolism,0.4034987368939031,2,Cancer pathways,0.5696502728059191,10,False,False,False,17-Beta Hydroxysteroid Dehydrogenase III Deficiency|Androgen and Estrogen Metabolism|Androgen and Estrogen Metabolism,17-Beta Hydroxysteroid Dehydrogenase III Deficiency|Androgen and Estrogen Metabolism|Androgen and Estrogen Metabolism|Aromatase deficiency|Metabolism of steroid hormones|Steroid biosynthesis|Androgen receptor network in prostate cancer|Sulfatase and aromatase pathway|Male steroid hormones in cardiomyocyte energy metabolism|Cancer pathways,enriched pathway|Androgen and Estrogen Metabolism|Creatine pathway|Urea cycle|amino-group metabolism|estrogen metabolism|guanidinoacetate pathway,7,2757,80.63213355466723,
d3_metagent_wo_feedback_no_lit,D3,,single,no_lit,compound_only_enrich_mammalian_RAMP_P_000000421_seed4,Androgen and Estrogen Metabolism,RAMP_P_000000421,kegg,Androgen and Estrogen Metabolism,True,True,0.999999899513863,Androgen and Estrogen Metabolism,0.999999899513863,2,Androgen and Estrogen Metabolism,0.999999899513863,2,True,True,True,17-Beta Hydroxysteroid Dehydrogenase III Deficiency|Androgen and Estrogen Metabolism|Androgen and Estrogen Metabolism,17-Beta Hydroxysteroid Dehydrogenase III Deficiency|Androgen and Estrogen Metabolism|Androgen and Estrogen Metabolism|Aromatase deficiency|Metabolism of steroid hormones|Steroid biosynthesis|Androgen receptor network in prostate cancer|Sulfatase and aromatase pathway|Metabolism|Male steroid hormones in cardiomyocyte energy metabolism,Androgen and Estrogen Metabolism|Metabolism of steroid hormones|with pathway,3,2839,41.786287762224674,
d3_metagent_wo_feedback_no_lit,D3,,single,no_lit,compound_only_enrich_mammalian_RAMP_P_000000421_seed5,Androgen and Estrogen Metabolism,RAMP_P_000000421,kegg,Androgen and Estrogen Metabolism,True,True,0.999999899513863,Androgen and Estrogen Metabolism,0.999999899513863,2,Androgen and Estrogen Metabolism,0.999999899513863,2,True,True,True,17-Beta Hydroxysteroid Dehydrogenase III Deficiency|Androgen and Estrogen Metabolism|Androgen and Estrogen Metabolism,17-Beta Hydroxysteroid Dehydrogenase III Deficiency|Androgen and Estrogen Metabolism|Androgen and Estrogen Metabolism|Aromatase deficiency|Metabolism of steroid hormones|Steroid biosynthesis|Androgen receptor network in prostate cancer|Sulfatase and aromatase pathway|Male steroid hormones in cardiomyocyte energy metabolism|Biological oxidations,Androgen and Estrogen Metabolism|steroid pathway|one-carbon metabolism|receptor signalling|steroid-hormone biosynthesis,5,2662,66.43546717241406,
d3_metagent_wo_feedback_no_lit,D3,,single,no_lit,compound_only_enrich_mammalian_RAMP_P_000000421_seed6,Androgen and Estrogen Metabolism,RAMP_P_000000421,kegg,Androgen and Estrogen Metabolism,True,True,0.999999899513863,Androgen and Estrogen Metabolism,0.999999899513863,2,Androgen and Estrogen Metabolism,0.999999899513863,2,True,True,True,17-Beta Hydroxysteroid Dehydrogenase III Deficiency|Androgen and Estrogen Metabolism|Androgen and Estrogen Metabolism,17-Beta Hydroxysteroid Dehydrogenase III Deficiency|Androgen and Estrogen Metabolism|Androgen and Estrogen Metabolism|Aromatase deficiency|Cancer pathways|Classical pathway of steroidogenesis with glucocorticoid and mineralocorticoid metabolism|Metabolism of steroid hormones|Steroid biosynthesis|Androgen receptor network in prostate cancer|Sulfatase and aromatase pathway,Androgen and Estrogen Metabolism|via pathway|ketogenic metabolism,3,2195,40.21107563748956,
d3_metagent_wo_feedback_no_lit,D3,,single,no_lit,compound_only_enrich_mammalian_RAMP_P_000000421_seed8,Androgen and Estrogen Metabolism,RAMP_P_000000421,kegg,Androgen and Estrogen Metabolism,True,True,0.999999899513863,Androgen and Estrogen Metabolism,0.999999899513863,2,Androgen and Estrogen Metabolism,0.999999899513863,2,True,True,True,17-Beta Hydroxysteroid Dehydrogenase III Deficiency|Androgen and Estrogen Metabolism|Androgen and Estrogen Metabolism,17-Beta Hydroxysteroid Dehydrogenase III Deficiency|Androgen and Estrogen Metabolism|Androgen and Estrogen Metabolism|Aromatase deficiency|Metabolism of steroid hormones|Steroid biosynthesis|Androgen receptor network in prostate cancer|Sulfatase and aromatase pathway|Male steroid hormones in cardiomyocyte energy metabolism|Biochemical pathways: part I,Androgen and Estrogen Metabolism|Metabolism of steroid hormones|Reactome steroid-hormone biosynthesis|steroid pathway|xenobiotic metabolism|Estrogen Metabolism pathway,6,2045,60.85993170365691,
d3_metagent_wo_feedback_no_lit,D3,,single,no_lit,compound_only_enrich_mammalian_RAMP_P_000025682_seed2,Celecoxib Action Pathway,RAMP_P_000025682,smpdb,Celecoxib Action Pathway,True,True,1.0000001189568997,Celecoxib Action Pathway,1.0000001189568997,1,Celecoxib Action Pathway,1.0000001189568997,1,True,True,True,Celecoxib Action Pathway|Ibuprofen Action Pathway|Leukotriene C4 Synthesis Deficiency,Celecoxib Action Pathway|Ibuprofen Action Pathway|Leukotriene C4 Synthesis Deficiency|Rofecoxib Action Pathway|Salicylate-sodium Action Pathway|Trisalicylate-choline Action Pathway|Acetaminophen  Action Pathway|Acetylsalicylic Acid Action Pathway|Antipyrine Action Pathway|Antrafenine Action Pathway,Celecoxib Action Pathway|Ibuprofen Action Pathway|Arachidonic acid metabolism|acid metabolism,4,2429,69.17038847133517,
d3_metagent_wo_feedback_no_lit,D3,,single,no_lit,compound_only_enrich_mammalian_RAMP_P_000050021_seed0,Biological oxidations,RAMP_P_000050021,reactome,Xenobiotics,False,False,0.5273092061920357,Phase II - Conjugation of compounds,0.5340512110904527,3,Xenobiotics,0.9999998961684863,5,False,False,True,Biological oxidations|Metabolism|Phase II - Conjugation of compounds,"Biological oxidations|Metabolism|Phase II - Conjugation of compounds|Phase I - Functionalization of compounds|Xenobiotics|Cytochrome P450 - arranged by substrate type|ADHD and autism (ASD) pathways|Glutathione conjugation|Sensory perception of sweet, bitter, and umami (glutamate) taste|Sensory perception of taste",Xenobiotics|Glutathione conjugation|xenobiotic metabolism|Biological oxidations pathway|Biological oxidations|drug metabolism,6,2566,116.23467508517206,
d3_metagent_wo_feedback_no_lit,D3,,single,no_lit,compound_only_enrich_mammalian_RAMP_P_000050021_seed1,Biological oxidations,RAMP_P_000050021,reactome,Phase II - Conjugation of compounds,False,False,0.4474731148526991,Phase I - Functionalization of compounds,0.734861911033417,3,Phase II - Conjugation of compounds,1.0000000525501225,4,False,False,True,Biological oxidations|Metabolism|Phase I - Functionalization of compounds,Biological oxidations|Metabolism|Phase I - Functionalization of compounds|Phase II - Conjugation of compounds|Cytochrome P450 - arranged by substrate type|Sensory Perception|Cytosolic sulfonation of small molecules|Xenobiotics|Transport of small molecules|Signaling by Hedgehog,Phase II - Conjugation of compounds|Phase I - Functionalization of compounds|Biological oxidations|Cytochrome P450 pathway|share pathway,5,2500,69.29564176686108,
d3_metagent_wo_feedback_no_lit,D3,,single,no_lit,compound_only_enrich_mammalian_RAMP_P_000050021_seed2,Biological oxidations,RAMP_P_000050021,reactome,trans-sulfuration pathway,False,False,0.43001503094504606,Phase II - Conjugation of compounds,0.6450102873670134,3,Phase II - Conjugation of compounds,0.6450102873670134,3,False,False,False,Biological oxidations|Metabolism|Phase II - Conjugation of compounds,Biological oxidations|Metabolism|Phase II - Conjugation of compounds|Phase I - Functionalization of compounds|Methylation|Xenobiotics|Drug ADME|Cytochrome P450 - arranged by substrate type|Glutathione conjugation|Metabolism of amino acids and derivatives,trans-sulfuration pathway|top-ranked pathway|Glutathione conjugation|oxidative metabolism|Xenobiotics|taurine-family metabolism|hypotaurine biosynthesis,7,2869,50.45782596990466,
d3_metagent_wo_feedback_no_lit,D3,,single,no_lit,compound_only_enrich_mammalian_RAMP_P_000050021_seed3,Biological oxidations,RAMP_P_000050021,reactome,Biological oxidations,True,True,0.9999998845904756,Biological oxidations,0.9999998845904756,1,Biological oxidations,0.9999998845904756,1,True,True,True,Biological oxidations|Phase I - Functionalization of compounds|Metabolism,Biological oxidations|Phase I - Functionalization of compounds|Metabolism|Selenium micronutrient network|Cytochrome P450 - arranged by substrate type|Phase II - Conjugation of compounds|Xenobiotics|Vitamin B12 metabolism|Folate metabolism|Thromboxane signalling through TP receptor,Biological oxidations|top pathway|oxidative metabolism|second pathway|xenobiotic metabolism|Selenium micronutrient network|energy metabolism|confirmed pathway,8,3097,83.8889670688659,
d3_metagent_wo_feedback_no_lit,D3,,single,no_lit,compound_only_enrich_mammalian_RAMP_P_000050021_seed4,Biological oxidations,RAMP_P_000050021,reactome,Phase II - Conjugation of compounds,False,True,0.4474731148526991,Phase II - Conjugation of compounds,1.0000000525501225,3,Phase II - Conjugation of compounds,1.0000000525501225,3,False,True,True,Biological oxidations|Metabolism|Phase II - Conjugation of compounds,"Biological oxidations|Metabolism|Phase II - Conjugation of compounds|Phase I - Functionalization of compounds|Xenobiotics|Cytochrome P450 - arranged by substrate type|Glutathione conjugation|Sensory perception of sweet, bitter, and umami (glutamate) taste|Sensory perception of taste|Drug ADME",Phase II - Conjugation of compounds|subsidiary pathway|Glutathione conjugation|Biological oxidations|glutathione biosynthesis|pyrene metabolism|oxidative metabolism|conjugation pathway,8,2940,62.40389223955572,
d3_metagent_wo_feedback_no_lit,D3,,single,no_lit,compound_only_enrich_mammalian_RAMP_P_000050021_seed5,Biological oxidations,RAMP_P_000050021,reactome,The top pathway,False,False,0.3349222628782139,Metabolism,0.46097802861689224,1,Biochemical pathways: part I,0.6680950629759894,5,False,False,False,Metabolism|Biological oxidations|Phase I - Functionalization of compounds,"Metabolism|Biological oxidations|Phase I - Functionalization of compounds|Xenobiotics|Biochemical pathways: part I|Sensory perception of sweet, bitter, and umami (glutamate) taste|Sensory perception of taste|Cytochrome P450 - arranged by substrate type|Phase II - Conjugation of compounds|Sensory Perception",The top pathway|Biological oxidations|The second pathway|Xenobiotics|beta-alanine metabolism|pyrimidine catabolism|drug metabolism,7,2291,71.81942837499082,
d3_metagent_wo_feedback_no_lit,D3,,single,no_lit,compound_only_enrich_mammalian_RAMP_P_000050021_seed6,Biological oxidations,RAMP_P_000050021,reactome,Biological oxidations,True,True,0.9999998845904756,Biological oxidations,0.9999998845904756,1,Biological oxidations,0.9999998845904756,1,True,True,True,Biological oxidations|Metabolism|Phase II - Conjugation of compounds,"Biological oxidations|Metabolism|Phase II - Conjugation of compounds|Phase I - Functionalization of compounds|Xenobiotics|Cytochrome P450 - arranged by substrate type|Amino acid metabolism in triple-negative breast cancer cells|Glutathione conjugation|Methylation|Trans-sulfuration, one-carbon metabolism and related pathways",Biological oxidations|Glutathione conjugation|xenobiotic metabolism|Xenobiotics|oxidative metabolism,5,3084,62.554723693057895,
d3_metagent_wo_feedback_no_lit,D3,,single,no_lit,compound_only_enrich_mammalian_RAMP_P_000050021_seed7,Biological oxidations,RAMP_P_000050021,reactome,Biological oxidations,True,True,0.9999998845904756,Biological oxidations,0.9999998845904756,2,Biological oxidations,0.9999998845904756,2,True,True,True,Metabolism|Biological oxidations|Phase I - Functionalization of compounds,"Metabolism|Biological oxidations|Phase I - Functionalization of compounds|Xenobiotics|Cytochrome P450 - arranged by substrate type|Phase II - Conjugation of compounds|Sensory perception of sweet, bitter, and umami (glutamate) taste|Sensory perception of taste|G alpha (i) signalling events|GPCR downstream signalling",Biological oxidations|The top-scoring pathway|Xenobiotics|oxidation pathway|sulfur metabolism|glutathione-conjugation pathway|oxidative metabolism,7,2886,63.8721013776958,
d3_metagent_wo_feedback_no_lit,D3,,single,no_lit,compound_only_enrich_mammalian_RAMP_P_000050021_seed8,Biological oxidations,RAMP_P_000050021,reactome,Biological oxidations,True,True,0.9999998845904756,Biological oxidations,0.9999998845904756,2,Biological oxidations,0.9999998845904756,2,True,True,True,Metabolism|Biological oxidations|Phase I - Functionalization of compounds,Metabolism|Biological oxidations|Phase I - Functionalization of compounds|Xenobiotics|Cytochrome P450 - arranged by substrate type|Phase II - Conjugation of compounds|Agmatine biosynthesis|Assembly of collagen fibrils and other multimeric structures|Crosslinking of collagen fibrils|Spironolactone Action Pathway,Biological oxidations|Xenobiotics|mediated metabolism|sequential pathway|eicosanoid signaling|polyamine metabolism,6,2770,114.67213686555624,
d3_metagent_wo_feedback_no_lit,D3,,single,no_lit,compound_only_enrich_mammalian_RAMP_P_000050021_seed9,Biological oxidations,RAMP_P_000050021,reactome,oxidative metabolism,False,True,0.6206597347683964,Metabolism,0.7972679767001067,3,Metabolism,0.7972679767001067,3,False,False,False,Biological oxidations|Cytochrome P450 - arranged by substrate type|Metabolism,Biological oxidations|Cytochrome P450 - arranged by substrate type|Metabolism|Phase I - Functionalization of compounds|Xenobiotics|Metal sequestration by antimicrobial proteins|Phase II - Conjugation of compounds|Iron uptake and transport|Transport of small molecules|Antimicrobial peptides,oxidative metabolism|Xenobiotics|enriched pathway|xenobiotic metabolism,4,3228,70.79667393863201,
d3_metagent_wo_feedback_no_lit,D3,,single,no_lit,compound_only_enrich_mammalian_RAMP_P_000050096_seed6,Metabolism of amino acids and derivatives,RAMP_P_000050096,reactome,acid catabolism,False,False,0.5393941436784684,Metabolism of amino acids and derivatives,0.5393941436784684,1,Metabolism of amino acids and derivatives,0.5393941436784684,1,False,False,False,Metabolism of amino acids and derivatives|Alkaptonuria|Dopamine beta-hydroxylase deficiency,"Metabolism of amino acids and derivatives|Alkaptonuria|Dopamine beta-hydroxylase deficiency|Hawkinsinuria|Monoamine oxidase-a deficiency (MAO-A)|Tyrosinemia Type I|Tyrosinemia, transient, of the newborn|Disulfiram Action Pathway|Tyrosine metabolism|Biochemical pathways: part I",acid catabolism|Metabolism of amino acids and derivatives|Alkaptonuria|phenotype-linked pathway|tyrosine degradation|TCA cycle|acid biosynthesis|tyrosine catabolism|melanin pathway|neurological signalling|energy metabolism,11,2267,189.6569394748658,
d3_metagent_wo_feedback_no_lit,D3,,single,no_lit,compound_only_enrich_mammalian_RAMP_P_000050099_seed6,Pyrimidine catabolism,RAMP_P_000050099,reactome,enriched pathway,False,False,0.26379514213221933,Dihydropyrimidinase Deficiency,0.2735879913428887,3,Biochemical pathways: part I,0.4797965773705308,8,False,False,False,Pyrimidine catabolism|Beta Ureidopropionase Deficiency|Dihydropyrimidinase Deficiency,Pyrimidine catabolism|Beta Ureidopropionase Deficiency|Dihydropyrimidinase Deficiency|MNGIE (Mitochondrial Neurogastrointestinal Encephalopathy)|Pyrimidine metabolism|UMP Synthase Deficiency (Orotic Aciduria)|Nucleotide catabolism|Biochemical pathways: part I|Metabolism of nucleotides|Biomarkers for pyrimidine metabolism disorders,enriched pathway|Pyrimidine catabolism|KEGG Pyrimidine metabolism|Beta Ureidopropionase Deficiency|Dihydropyrimidinase Deficiency|pyrimidine degradation|thymine catabolism|canonical pathway|pyrimidine metabolism|pyrimidine pathway|creatine biosynthesis|glyoxylate cycle|ascorbate metabolism,13,3719,165.84154306165874,
d3_metagent_wo_feedback_no_lit,D3,,single,no_lit,compound_only_enrich_mammalian_RAMP_P_000052855_seed0,Sulfatase and aromatase pathway,RAMP_P_000052855,wikipathways,Androgen and Estrogen Metabolism,False,True,0.5926593013399727,Androgen and Estrogen Metabolism,0.999999899513863,3,Androgen and Estrogen Metabolism,0.999999899513863,3,False,True,True,Sulfatase and aromatase pathway|17-Beta Hydroxysteroid Dehydrogenase III Deficiency|Androgen and Estrogen Metabolism,Sulfatase and aromatase pathway|17-Beta Hydroxysteroid Dehydrogenase III Deficiency|Androgen and Estrogen Metabolism|Androgen and Estrogen Metabolism|Aromatase deficiency|Metabolism of steroid hormones|Biochemical pathways: part I|Estrogen biosynthesis|Steroid biosynthesis|Androgen receptor network in prostate cancer,Androgen and Estrogen Metabolism|top-ranked pathway|27 pathway|androgen biosynthesis|auxin metabolism|K pathway|valine catabolism,7,2343,45.57567017711699,
d3_metagent_wo_feedback_no_lit,D3,,single,no_lit,compound_only_enrich_mammalian_RAMP_P_000053042_seed9,Steroid biosynthesis,RAMP_P_000053042,wikipathways,Androgen and Estrogen Metabolism,False,False,0.5559788545026573,Male steroid hormones in cardiomyocyte energy metabolism,0.6055779899622331,3,Androgen and Estrogen Metabolism,0.999999899513863,5,False,False,True,Steroid biosynthesis|Androgen receptor network in prostate cancer|Male steroid hormones in cardiomyocyte energy metabolism,Steroid biosynthesis|Androgen receptor network in prostate cancer|Male steroid hormones in cardiomyocyte energy metabolism|17-Beta Hydroxysteroid Dehydrogenase III Deficiency|Androgen and Estrogen Metabolism|Androgen and Estrogen Metabolism|Aromatase deficiency|Metabolism of steroid hormones|Sulfatase and aromatase pathway|Androgen biosynthesis,Androgen and Estrogen Metabolism|Estrogen Metabolism pathway|Reactome Androgen biosynthesis pathway|Androgen biosynthesis|hormone biosynthesis|xenobiotic metabolism|directional biosynthesis,7,2578,59.390498496592045,
d3_metagent_wo_feedback_no_lit,D3,,single,no_lit,compound_only_enrich_mammalian_RAMP_P_000053306_seed1,Pyrimidine metabolism,RAMP_P_000053306,wikipathways,Pyrimidine metabolism,True,True,0.9999999966934278,Pyrimidine metabolism,0.9999999966934278,1,Pyrimidine metabolism,0.9999999966934278,1,True,True,True,Pyrimidine metabolism|Beta Ureidopropionase Deficiency|Dihydropyrimidinase Deficiency,Pyrimidine metabolism|Beta Ureidopropionase Deficiency|Dihydropyrimidinase Deficiency|MNGIE (Mitochondrial Neurogastrointestinal Encephalopathy)|Pyrimidine metabolism|UMP Synthase Deficiency (Orotic Aciduria)|Nucleotide catabolism|Biomarkers for pyrimidine metabolism disorders|Pyrimidine catabolism|Pyrimidine metabolism and related diseases,Pyrimidine metabolism|matching pathway|Dihydropyrimidinase Deficiency|glycophospholipid biosynthesis,4,2322,72.16680815070868,
d3_metagent_wo_feedback_no_lit,D3,,single,no_lit,compound_only_enrich_mammalian_RAMP_P_000053306_seed7,Pyrimidine metabolism,RAMP_P_000053306,wikipathways,pyrimidine metabolism,True,True,1.0000000055842404,Pyrimidine metabolism,1.0000000055842404,1,Pyrimidine metabolism,1.0000000055842404,1,True,True,True,Pyrimidine metabolism|Beta Ureidopropionase Deficiency|Dihydropyrimidinase Deficiency,Pyrimidine metabolism|Beta Ureidopropionase Deficiency|Dihydropyrimidinase Deficiency|MNGIE (Mitochondrial Neurogastrointestinal Encephalopathy)|Pyrimidine metabolism|UMP Synthase Deficiency (Orotic Aciduria)|Nucleotide catabolism|Pyrimidine catabolism|Metabolism of nucleotides|Biomarkers for pyrimidine metabolism disorders,pyrimidine metabolism|K biosynthesis|pyrimidine catabolism|Dihydropyrimidinase Deficiency|dependent pathway,5,2623,130.7781787123531,
d3_metagent_wo_feedback_no_lit,D3,,single,no_lit,compound_only_enrich_mammalian_lm_pathway_WP167_seed0,Eicosanoid synthesis,lm_pathway:WP167,lipidmaps,The top pathway,False,False,0.3808517686854789,Eicosanoid metabolism via cyclooxygenases (COX),0.4548546261901487,2,Acetaminophen  Action Pathway,0.5638163375674028,8,False,False,False,Eicosanoid synthesis|Eicosanoid metabolism via cyclooxygenases (COX)|Eicosanoid metabolism via lipoxygenases (LOX),Eicosanoid synthesis|Eicosanoid metabolism via cyclooxygenases (COX)|Eicosanoid metabolism via lipoxygenases (LOX)|Leukotriene C4 Synthesis Deficiency|Rofecoxib Action Pathway|Salicylate-sodium Action Pathway|Trisalicylate-choline Action Pathway|Acetaminophen  Action Pathway|Acetylsalicylic Acid Action Pathway|Antipyrine Action Pathway,The top pathway|pyrimidine metabolism|enriched pathway|nucleotide metabolism,4,2596,42.53756265155971,
d3_metagent_wo_feedback_no_lit,D3,,single,no_lit,compound_only_enrich_mammalian_lm_pathway_WP167_seed1,Eicosanoid synthesis,lm_pathway:WP167,lipidmaps,top pathway,False,False,0.3761133390802784,Eicosanoid metabolism via cyclooxygenases (COX),0.45403123759114694,2,Acetaminophen  Action Pathway,0.5614333829620214,9,False,False,False,Eicosanoid synthesis|Eicosanoid metabolism via cyclooxygenases (COX)|Eicosanoid metabolism via lipoxygenases (LOX),Eicosanoid synthesis|Eicosanoid metabolism via cyclooxygenases (COX)|Eicosanoid metabolism via lipoxygenases (LOX)|Eicosanoid synthesis|Leukotriene C4 Synthesis Deficiency|Rofecoxib Action Pathway|Salicylate-sodium Action Pathway|Trisalicylate-choline Action Pathway|Acetaminophen  Action Pathway|Acetylsalicylic Acid Action Pathway,top pathway|Eicosanoid synthesis|acid metabolism|same pathway|cyclooxygenase pathway|propionyl-CoA pathway|one-carbon metabolism|eicosanoid biosynthesis,8,2703,63.01661252789199,
d3_metagent_wo_feedback_no_lit,D3,,single,no_lit,compound_only_enrich_mammalian_lm_pathway_WP167_seed2,Eicosanoid synthesis,lm_pathway:WP167,lipidmaps,that pathway,False,False,0.4387143103815094,Eicosanoid synthesis,0.4387143103815094,1,Acetaminophen  Action Pathway,0.654394520627527,8,False,False,False,Eicosanoid synthesis|Eicosanoid metabolism via cyclooxygenases (COX)|Eicosanoid metabolism via lipoxygenases (LOX),Eicosanoid synthesis|Eicosanoid metabolism via cyclooxygenases (COX)|Eicosanoid metabolism via lipoxygenases (LOX)|Leukotriene C4 Synthesis Deficiency|Rofecoxib Action Pathway|Salicylate-sodium Action Pathway|Trisalicylate-choline Action Pathway|Acetaminophen  Action Pathway|Acetylsalicylic Acid Action Pathway|Antipyrine Action Pathway,that pathway|stress-response pathway,2,2890,37.72072561830282,
d3_metagent_wo_feedback_no_lit,D3,,single,no_lit,compound_only_enrich_mammalian_lm_pathway_WP167_seed3,Eicosanoid synthesis,lm_pathway:WP167,lipidmaps,Eicosanoid synthesis,True,True,1.0000000721685292,Eicosanoid synthesis,1.0000000721685292,1,Eicosanoid synthesis,1.0000000721685292,1,True,True,True,Eicosanoid synthesis|Eicosanoid metabolism via cyclooxygenases (COX)|Eicosanoid metabolism via lipoxygenases (LOX),Eicosanoid synthesis|Eicosanoid metabolism via cyclooxygenases (COX)|Eicosanoid metabolism via lipoxygenases (LOX)|Eicosanoid synthesis|Metabolism|Leukotriene C4 Synthesis Deficiency|Rofecoxib Action Pathway|Salicylate-sodium Action Pathway|Trisalicylate-choline Action Pathway|Acetaminophen  Action Pathway,Eicosanoid synthesis|top pathway|acid metabolism|lipid-derived signaling|energy metabolism|mucin biosynthesis,6,1966,36.64146171323955,
d3_metagent_wo_feedback_no_lit,D3,,single,no_lit,compound_only_enrich_mammalian_lm_pathway_WP167_seed4,Eicosanoid synthesis,lm_pathway:WP167,lipidmaps,significant pathway,False,False,0.27208961413375116,Eicosanoid metabolism via cyclooxygenases (COX),0.3138846824622612,2,Selenium micronutrient network,0.5155650275735401,5,False,False,False,Eicosanoid synthesis|Eicosanoid metabolism via cyclooxygenases (COX)|Eicosanoid metabolism via lipoxygenases (LOX),Eicosanoid synthesis|Eicosanoid metabolism via cyclooxygenases (COX)|Eicosanoid metabolism via lipoxygenases (LOX)|Eicosanoid synthesis|Selenium micronutrient network|Leukotriene C4 Synthesis Deficiency|Rofecoxib Action Pathway|Salicylate-sodium Action Pathway|Trisalicylate-choline Action Pathway|Acetaminophen  Action Pathway,significant pathway|Eicosanoid synthesis|Arachidonic Acid Metabolism pathway|eicosanoid biosynthesis|acid metabolism|5-lipoxygenase pathway|Selenium micronutrient network|eicosanoid metabolism,8,2702,79.77504299022257,
d3_metagent_wo_feedback_no_lit,D3,,single,no_lit,compound_only_enrich_mammalian_lm_pathway_WP167_seed5,Eicosanoid synthesis,lm_pathway:WP167,lipidmaps,Eicosanoid synthesis,True,True,1.0000000721685292,Eicosanoid synthesis,1.0000000721685292,1,Eicosanoid synthesis,1.0000000721685292,1,True,True,True,Eicosanoid synthesis|Eicosanoid metabolism via cyclooxygenases (COX)|Eicosanoid metabolism via lipoxygenases (LOX),Eicosanoid synthesis|Eicosanoid metabolism via cyclooxygenases (COX)|Eicosanoid metabolism via lipoxygenases (LOX)|Eicosanoid synthesis|Leukotriene C4 Synthesis Deficiency|Rofecoxib Action Pathway|Salicylate-sodium Action Pathway|Trisalicylate-choline Action Pathway|Acetaminophen  Action Pathway|Acetylsalicylic Acid Action Pathway,Eicosanoid synthesis|Leukotriene C4 Synthesis Deficiency|KEGG Arachidonic Acid Metabolism pathway|PGD2 metabolism|glyoxal cycle,5,1899,36.235138449817896,
d3_metagent_wo_feedback_no_lit,D3,,single,no_lit,compound_only_enrich_mammalian_lm_pathway_WP167_seed6,Eicosanoid synthesis,lm_pathway:WP167,lipidmaps,Eicosanoid synthesis,True,True,1.0000000721685292,Eicosanoid synthesis,1.0000000721685292,1,Eicosanoid synthesis,1.0000000721685292,1,True,True,True,Eicosanoid synthesis|Eicosanoid metabolism via cyclooxygenases (COX)|Eicosanoid metabolism via lipoxygenases (LOX),Eicosanoid synthesis|Eicosanoid metabolism via cyclooxygenases (COX)|Eicosanoid metabolism via lipoxygenases (LOX)|Eicosanoid synthesis|Leukotriene C4 Synthesis Deficiency|Rofecoxib Action Pathway|Salicylate-sodium Action Pathway|Trisalicylate-choline Action Pathway|Acetaminophen  Action Pathway|Acetylsalicylic Acid Action Pathway,Eicosanoid synthesis|as pathway|Leukotriene C4 Synthesis Deficiency|prostaglandin signaling|acid signaling|inflammatory-lipid pathway,6,2201,34.48314857669175,
d3_metagent_wo_feedback_no_lit,D3,,single,no_lit,compound_only_enrich_mammalian_lm_pathway_WP167_seed7,Eicosanoid synthesis,lm_pathway:WP167,lipidmaps,enriched pathway,False,False,0.36173012021609574,Eicosanoid synthesis,0.36173012021609574,1,Acetaminophen  Action Pathway,0.4228289980832211,9,False,False,False,Eicosanoid synthesis|Eicosanoid metabolism via cyclooxygenases (COX)|Eicosanoid metabolism via lipoxygenases (LOX),Eicosanoid synthesis|Eicosanoid metabolism via cyclooxygenases (COX)|Eicosanoid metabolism via lipoxygenases (LOX)|Eicosanoid synthesis|Leukotriene C4 Synthesis Deficiency|Rofecoxib Action Pathway|Salicylate-sodium Action Pathway|Trisalicylate-choline Action Pathway|Acetaminophen  Action Pathway|Acetylsalicylic Acid Action Pathway,enriched pathway|Eicosanoid synthesis|Arachidonic Acid Metabolism pathway|sulfur metabolism|acid catabolism|purine degradation|lipid signaling|acid metabolism,8,2471,66.15780184231699,
d3_metagent_wo_feedback_no_lit,D3,,single,no_lit,compound_only_enrich_mammalian_lm_pathway_WP167_seed8,Eicosanoid synthesis,lm_pathway:WP167,lipidmaps,Eicosanoid synthesis,True,True,1.0000000721685292,Eicosanoid synthesis,1.0000000721685292,1,Eicosanoid synthesis,1.0000000721685292,1,True,True,True,Eicosanoid synthesis|Eicosanoid metabolism via cyclooxygenases (COX)|Eicosanoid metabolism via lipoxygenases (LOX),Eicosanoid synthesis|Eicosanoid metabolism via cyclooxygenases (COX)|Eicosanoid metabolism via lipoxygenases (LOX)|Eicosanoid synthesis|Selenium micronutrient network|Leukotriene C4 Synthesis Deficiency|Rofecoxib Action Pathway|Salicylate-sodium Action Pathway|Trisalicylate-choline Action Pathway|Acetaminophen  Action Pathway,Eicosanoid synthesis|enriched pathway|canonical pathway|Selenium micronutrient network|5-lipoxygenase pathway|acid metabolism|amino-acid metabolism,7,2777,73.17205417715013,
d3_metagent_wo_feedback_no_lit,D3,,single,no_lit,compound_only_enrich_mammalian_lm_pathway_WP167_seed9,Eicosanoid synthesis,lm_pathway:WP167,lipidmaps,Top pathway,False,False,0.3761134497150023,Eicosanoid metabolism via cyclooxygenases (COX),0.4540313420727081,2,Acetaminophen  Action Pathway,0.5614334589221586,9,False,False,False,Eicosanoid synthesis|Eicosanoid metabolism via cyclooxygenases (COX)|Eicosanoid metabolism via lipoxygenases (LOX),Eicosanoid synthesis|Eicosanoid metabolism via cyclooxygenases (COX)|Eicosanoid metabolism via lipoxygenases (LOX)|Eicosanoid synthesis|Leukotriene C4 Synthesis Deficiency|Rofecoxib Action Pathway|Salicylate-sodium Action Pathway|Trisalicylate-choline Action Pathway|Acetaminophen  Action Pathway|Acetylsalicylic Acid Action Pathway,Top pathway|Eicosanoid synthesis|oxidative metabolism|acid metabolism|lysosomal degradation,5,3148,107.50471013598144,
d3_metagent_wo_feedback_with_lit,D3,,single,with_lit,compound_only_enrich_mammalian_RAMP_P_000000016_seed1,"Glycine, serine and threonine metabolism",RAMP_P_000000016,kegg,Top pathway,False,False,0.4178837959521872,"Glycine, serine and threonine metabolism",0.4178837959521872,1,"Trans-sulfuration, one-carbon metabolism and related pathways",0.5849982398681316,10,False,False,False,"Glycine, serine and threonine metabolism|Metabolism of amino acids and derivatives|3-Phosphoglycerate dehydrogenase deficiency","Glycine, serine and threonine metabolism|Metabolism of amino acids and derivatives|3-Phosphoglycerate dehydrogenase deficiency|Dihydropyrimidine Dehydrogenase Deficiency (DHPD)|Dimethylglycine Dehydrogenase Deficiency|Dimethylglycine Dehydrogenase Deficiency|Hyperglycinemia, non-ketotic|Non Ketotic Hyperglycinemia|Sarcosinemia|Trans-sulfuration, one-carbon metabolism and related pathways","Top pathway|Glycine, serine and threonine metabolism|threonine metabolism|methionine cycle|transsulfuration pathway|threonine catabolism|acid cycle|polyamine metabolism",8,2421,70.00103113241494,
d3_metagent_wo_feedback_with_lit,D3,,single,with_lit,compound_only_enrich_mammalian_RAMP_P_000000016_seed2,"Glycine, serine and threonine metabolism",RAMP_P_000000016,kegg,"Glycine, serine and threonine metabolism",True,True,1.000000153176198,"Glycine, serine and threonine metabolism",1.000000153176198,1,"Glycine, serine and threonine metabolism",1.000000153176198,1,True,True,True,"Glycine, serine and threonine metabolism|3-Phosphoglycerate dehydrogenase deficiency|Dihydropyrimidine Dehydrogenase Deficiency (DHPD)","Glycine, serine and threonine metabolism|3-Phosphoglycerate dehydrogenase deficiency|Dihydropyrimidine Dehydrogenase Deficiency (DHPD)|Dimethylglycine Dehydrogenase Deficiency|Dimethylglycine Dehydrogenase Deficiency|Hyperglycinemia, non-ketotic|Non Ketotic Hyperglycinemia|Sarcosinemia|Trans-sulfuration, one-carbon metabolism and related pathways|Metabolism","Glycine, serine and threonine metabolism|threonine metabolism|3-Phosphoglycerate dehydrogenase deficiency|serine biosynthesis|one-carbon metabolism|SAM cycle|amino-acid catabolism",7,2131,95.09474670141935,
d3_metagent_wo_feedback_with_lit,D3,,single,with_lit,compound_only_enrich_mammalian_RAMP_P_000000016_seed4,"Glycine, serine and threonine metabolism",RAMP_P_000000016,kegg,"Glycine, serine and threonine metabolism",True,True,1.000000153176198,"Glycine, serine and threonine metabolism",1.000000153176198,2,"Glycine, serine and threonine metabolism",1.000000153176198,2,True,True,True,"Metabolism of amino acids and derivatives|Glycine, serine and threonine metabolism|Metabolic epileptic disorders","Metabolism of amino acids and derivatives|Glycine, serine and threonine metabolism|Metabolic epileptic disorders|Metabolism|3-Phosphoglycerate dehydrogenase deficiency|Dihydropyrimidine Dehydrogenase Deficiency (DHPD)|Dimethylglycine Dehydrogenase Deficiency|Dimethylglycine Dehydrogenase Deficiency|Hyperglycinemia, non-ketotic|Non Ketotic Hyperglycinemia","Glycine, serine and threonine metabolism|threonine metabolism|as pathway|one-carbon metabolism|trans-sulfuration pathway|methyl-donor cycle|arginine-guanidino pathway|polyamine catabolism",8,2202,68.20383028313518,
d3_metagent_wo_feedback_with_lit,D3,,single,with_lit,compound_only_enrich_mammalian_RAMP_P_000000016_seed6,"Glycine, serine and threonine metabolism",RAMP_P_000000016,kegg,"Glycine, serine and threonine metabolism",True,True,1.000000153176198,"Glycine, serine and threonine metabolism",1.000000153176198,1,"Glycine, serine and threonine metabolism",1.000000153176198,1,True,True,True,"Glycine, serine and threonine metabolism|Biochemical pathways: part I|Cystathionine Beta-Synthase Deficiency","Glycine, serine and threonine metabolism|Biochemical pathways: part I|Cystathionine Beta-Synthase Deficiency|Glycine N-methyltransferase Deficiency|Homocystinuria-megaloblastic anemia due to defect in cobalamin metabolism, cblG complementation type|Hypermethioninemia|Methionine Adenosyltransferase Deficiency|Methionine Metabolism|Methylenetetrahydrofolate Reductase Deficiency (MTHFRD)|S-Adenosylhomocysteine (SAH) Hydrolase Deficiency","Glycine, serine and threonine metabolism|threonine metabolism|top-ranked pathway|methionine cycle|one-carbon metabolism|cysteine biosynthesis|confirmed pathway|nucleotide biosynthesis|membrane-phospholipid metabolism|amino-acid metabolism",10,2297,58.127372512593865,
d3_metagent_wo_feedback_with_lit,D3,,single,with_lit,compound_only_enrich_mammalian_RAMP_P_000000016_seed7,"Glycine, serine and threonine metabolism",RAMP_P_000000016,kegg,"Glycine, serine and threonine metabolism",True,True,1.000000153176198,"Glycine, serine and threonine metabolism",1.000000153176198,1,"Glycine, serine and threonine metabolism",1.000000153176198,1,True,True,True,"Glycine, serine and threonine metabolism|Biochemical pathways: part I|Methionine de novo and salvage pathway","Glycine, serine and threonine metabolism|Biochemical pathways: part I|Methionine de novo and salvage pathway|Metabolism of amino acids and derivatives|Methionine Metabolism|Metabolism|Cystathionine Beta-Synthase Deficiency|Glycine N-methyltransferase Deficiency|Homocystinuria-megaloblastic anemia due to defect in cobalamin metabolism, cblG complementation type|Hypermethioninemia","Glycine, serine and threonine metabolism|threonine metabolism|top pathway|Methionine Metabolism|The methionine cycle|glutathione biosynthesis|one-carbon metabolism|folate cycle|methionine cycle|folate metabolism|methylation metabolism|eicosanoid biosynthesis|amino-acid metabolism",13,3925,93.44394262321293,
d3_metagent_wo_feedback_with_lit,D3,,single,with_lit,compound_only_enrich_mammalian_RAMP_P_000000016_seed9,"Glycine, serine and threonine metabolism",RAMP_P_000000016,kegg,"Glycine, serine and threonine metabolism",True,True,1.000000153176198,"Glycine, serine and threonine metabolism",1.000000153176198,1,"Glycine, serine and threonine metabolism",1.000000153176198,1,True,True,True,"Glycine, serine and threonine metabolism|Metabolism of amino acids and derivatives|Pyruvate metabolism","Glycine, serine and threonine metabolism|Metabolism of amino acids and derivatives|Pyruvate metabolism|Methionine de novo and salvage pathway|SLC-mediated transmembrane transport|Transport of inorganic cations/anions and amino acids/oligopeptides|Disease|Metabolism of vitamins and cofactors|Serine biosynthesis|Transport of small molecules","Glycine, serine and threonine metabolism|threonine metabolism|methionine metabolism|Pyruvate metabolism|Methionine de novo and salvage pathway|salvage pathway|one-carbon metabolism",7,2063,129.56113570556045,
d3_metagent_wo_feedback_with_lit,D3,,single,with_lit,compound_only_enrich_mammalian_RAMP_P_000000106_seed0,Tyrosine metabolism,RAMP_P_000000106,kegg,top pathway,False,False,0.4460043928627939,Tyrosine metabolism,0.4460043928627939,1,ADHD and autism (ASD) pathways,0.4696122586229867,10,False,False,False,Tyrosine metabolism|Alkaptonuria|Dopamine beta-hydroxylase deficiency,"Tyrosine metabolism|Alkaptonuria|Dopamine beta-hydroxylase deficiency|Hawkinsinuria|Monoamine oxidase-a deficiency (MAO-A)|Tyrosinemia Type I|Tyrosinemia, transient, of the newborn|Disulfiram Action Pathway|Amino acid metabolism|ADHD and autism (ASD) pathways",top pathway|Tyrosine metabolism|perturbed pathway|methionine metabolism|tyrosine pathway|neurotransmitter biosynthesis|accelerated catabolism|Alkaptonuria|one-carbon metabolism|Amino acid metabolism|acid metabolism,11,2749,65.69511026330292,
d3_metagent_wo_feedback_with_lit,D3,,single,with_lit,compound_only_enrich_mammalian_RAMP_P_000000106_seed2,Tyrosine metabolism,RAMP_P_000000106,kegg,Tyrosine metabolism,True,True,1.0000000245535443,Tyrosine metabolism,1.0000000245535443,1,Tyrosine metabolism,1.0000000245535443,1,True,True,True,Tyrosine metabolism|Alkaptonuria|Dopamine beta-hydroxylase deficiency,"Tyrosine metabolism|Alkaptonuria|Dopamine beta-hydroxylase deficiency|Hawkinsinuria|Monoamine oxidase-a deficiency (MAO-A)|Tyrosinemia Type I|Tyrosinemia, transient, of the newborn|Disulfiram Action Pathway|Metabolism|Aromatic L-Aminoacid Decarboxylase Deficiency",Tyrosine metabolism|top pathway|melanin biosynthesis|phenol metabolism|enhanced catabolism,5,2575,84.66366397216916,
d3_metagent_wo_feedback_with_lit,D3,,single,with_lit,compound_only_enrich_mammalian_RAMP_P_000000106_seed3,Tyrosine metabolism,RAMP_P_000000106,kegg,tyrosine metabolism,True,True,1.0000000018620427,Tyrosine metabolism,1.0000000018620427,1,Tyrosine metabolism,1.0000000018620427,1,True,True,True,Tyrosine metabolism|Alkaptonuria|Dopamine beta-hydroxylase deficiency,"Tyrosine metabolism|Alkaptonuria|Dopamine beta-hydroxylase deficiency|Hawkinsinuria|Monoamine oxidase-a deficiency (MAO-A)|Tyrosinemia Type I|Tyrosinemia, transient, of the newborn|Disulfiram Action Pathway|ADHD and autism (ASD) pathways|SLC transporter disorders",tyrosine metabolism|Neurotransmitter release cycle,2,2024,75.09353475086391,
d3_metagent_wo_feedback_with_lit,D3,,single,with_lit,compound_only_enrich_mammalian_RAMP_P_000000106_seed8,Tyrosine metabolism,RAMP_P_000000106,kegg,enriched pathway,False,False,0.30167069300743443,Alkaptonuria,0.3053782129901652,2,ADHD and autism (ASD) pathways,0.4761293093186544,10,False,False,False,Tyrosine metabolism|Alkaptonuria|Dopamine beta-hydroxylase deficiency,"Tyrosine metabolism|Alkaptonuria|Dopamine beta-hydroxylase deficiency|Hawkinsinuria|Monoamine oxidase-a deficiency (MAO-A)|Tyrosinemia Type I|Tyrosinemia, transient, of the newborn|Disulfiram Action Pathway|Metabolism|ADHD and autism (ASD) pathways",enriched pathway|Tyrosine metabolism|one pathway|tyrosine catabolism|pigment biosynthesis|top-enriched pathway,6,2925,111.1906485594809,
d3_metagent_wo_feedback_with_lit,D3,,single,with_lit,compound_only_enrich_mammalian_RAMP_P_000000141_seed0,Tryptophan metabolism,RAMP_P_000000141,kegg,Tryptophan metabolism,True,True,0.9999999443079719,Tryptophan metabolism,0.9999999443079719,1,Tryptophan metabolism,0.9999999443079719,1,True,True,True,Tryptophan metabolism|Biochemical pathways: part I|Tryptophan metabolism,Tryptophan metabolism|Biochemical pathways: part I|Tryptophan metabolism|Metabolism of amino acids and derivatives|Tryptophan catabolism leading to NAD+ production|Amino acid metabolism|Metabolism|ADHD and autism (ASD) pathways|IDO metabolic pathway|Serotonin and melatonin biosynthesis,Tryptophan metabolism|kynurenine-branch pathway|Tryptophan catabolism|Tryptophan catabolism leading to NAD+ production|kynurenine pathway|amino-acid metabolism|independent pathway,7,3033,70.54797306656837,
d3_metagent_wo_feedback_with_lit,D3,,single,with_lit,compound_only_enrich_mammalian_RAMP_P_000000141_seed1,Tryptophan metabolism,RAMP_P_000000141,kegg,tryptophan metabolism,True,True,0.9999999236558506,Tryptophan metabolism,0.9999999236558506,1,Tryptophan metabolism,0.9999999236558506,1,True,True,True,Tryptophan metabolism|Biochemical pathways: part I|Metabolism of amino acids and derivatives,Tryptophan metabolism|Biochemical pathways: part I|Metabolism of amino acids and derivatives|Tryptophan metabolism|ADHD and autism (ASD) pathways|Tryptophan catabolism leading to NAD+ production|Metabolism|Amino acid metabolism|IDO metabolic pathway|Serotonin and melatonin biosynthesis,tryptophan metabolism|entire pathway|tryptophan catabolism|neuroprotective signaling|neuronal metabolism,5,2248,94.8123076595366,
d3_metagent_wo_feedback_with_lit,D3,,single,with_lit,compound_only_enrich_mammalian_RAMP_P_000000141_seed2,Tryptophan metabolism,RAMP_P_000000141,kegg,Tryptophan metabolism,True,True,0.9999999443079719,Tryptophan metabolism,0.9999999443079719,1,Tryptophan metabolism,0.9999999443079719,1,True,True,True,Tryptophan metabolism|Tryptophan metabolism|Amino acid metabolism,Tryptophan metabolism|Tryptophan metabolism|Amino acid metabolism|Biochemical pathways: part I|Serotonin and melatonin biosynthesis|Biogenic amine synthesis|Tryptophan catabolism leading to NAD+ production|Neurotransmitter disorders|Biosynthesis and regeneration of tetrahydrobiopterin and catabolism of phenylalanine|Metabolism of amine-derived hormones,Tryptophan metabolism|top pathway|Reactome pathway|Serotonin and melatonin biosynthesis|melatonin biosynthesis|tryptophan degradation|neuroendocrine signaling,7,2233,72.37485084310174,
d3_metagent_wo_feedback_with_lit,D3,,single,with_lit,compound_only_enrich_mammalian_RAMP_P_000000141_seed3,Tryptophan metabolism,RAMP_P_000000141,kegg,Tryptophan metabolism,True,True,0.9999999443079719,Tryptophan metabolism,0.9999999443079719,1,Tryptophan metabolism,0.9999999443079719,1,True,True,True,Tryptophan metabolism|Tryptophan metabolism|Biochemical pathways: part I,Tryptophan metabolism|Tryptophan metabolism|Biochemical pathways: part I|Tryptophan catabolism leading to NAD+ production|Amino acid metabolism|ADHD and autism (ASD) pathways|Metabolism|IDO metabolic pathway|Serotonin and melatonin biosynthesis|NAD+ biosynthetic pathways,Tryptophan metabolism|Tryptophan catabolism|enriched pathway|kynurenine pathway,4,2571,35.633703695610166,
d3_metagent_wo_feedback_with_lit,D3,,single,with_lit,compound_only_enrich_mammalian_RAMP_P_000000141_seed4,Tryptophan metabolism,RAMP_P_000000141,kegg,tryptophan metabolism,True,True,0.9999999236558506,Tryptophan metabolism,0.9999999236558506,1,Tryptophan metabolism,0.9999999236558506,1,True,True,True,Tryptophan metabolism|Amino acid metabolism|Tryptophan metabolism,Tryptophan metabolism|Amino acid metabolism|Tryptophan metabolism|Biochemical pathways: part I|G alpha (i) signalling events|Metabolism|GPCR downstream signalling|Phase I - Functionalization of compounds|ADHD and autism (ASD) pathways|Signaling by GPCR,tryptophan metabolism|tryptophan catabolism|serotonergic pathway|melatonergic pathway|indole signalling,5,2080,40.09399351850152,
d3_metagent_wo_feedback_with_lit,D3,,single,with_lit,compound_only_enrich_mammalian_RAMP_P_000000141_seed5,Tryptophan metabolism,RAMP_P_000000141,kegg,tryptophan metabolism,True,True,0.9999999236558506,Tryptophan metabolism,0.9999999236558506,1,Tryptophan metabolism,0.9999999236558506,1,True,True,True,Tryptophan metabolism|Tryptophan metabolism|Metabolism of amino acids and derivatives,Tryptophan metabolism|Tryptophan metabolism|Metabolism of amino acids and derivatives|Biochemical pathways: part I|Metabolism|Serotonin and melatonin biosynthesis|Biogenic amine synthesis|Amino acid metabolism|Tryptophan catabolism leading to NAD+ production|Neurotransmitter disorders,tryptophan metabolism|enriched pathway|Serotonin and melatonin biosynthesis|melatonin biosynthesis|tryptophan catabolism|kynurenine pathway|neuroendocrine signaling,7,2209,100.63224111683667,
d3_metagent_wo_feedback_with_lit,D3,,single,with_lit,compound_only_enrich_mammalian_RAMP_P_000000141_seed6,Tryptophan metabolism,RAMP_P_000000141,kegg,tryptophan metabolism,True,True,0.9999999236558506,Tryptophan metabolism,0.9999999236558506,1,Tryptophan metabolism,0.9999999236558506,1,True,True,True,Tryptophan metabolism|Tryptophan metabolism|Biochemical pathways: part I,Tryptophan metabolism|Tryptophan metabolism|Biochemical pathways: part I|Biogenic amine synthesis|Tryptophan catabolism leading to NAD+ production|Metabolism|ADHD and autism (ASD) pathways|IDO metabolic pathway|Sudden infant death syndrome (SIDS) susceptibility pathways|Serotonin and melatonin biosynthesis,tryptophan metabolism|significant pathway|Biogenic amine synthesis|tryptophan catabolism|nicotinamide metabolism|serotonin biosynthesis|kynurenine pathway|energy metabolism,8,2742,55.4781455360353,
d3_metagent_wo_feedback_with_lit,D3,,single,with_lit,compound_only_enrich_mammalian_RAMP_P_000000141_seed7,Tryptophan metabolism,RAMP_P_000000141,kegg,KEGG Tryptophan metabolism,True,True,0.7705115863588128,Tryptophan metabolism,0.7705115863588128,1,Tryptophan metabolism,0.7705115863588128,1,False,False,False,Tryptophan metabolism|Tryptophan metabolism|Tryptophan catabolism leading to NAD+ production,Tryptophan metabolism|Tryptophan metabolism|Tryptophan catabolism leading to NAD+ production|Biochemical pathways: part I|ADHD and autism (ASD) pathways|Metabolism of amino acids and derivatives|IDO metabolic pathway|Serotonin and melatonin biosynthesis|Amino acid metabolism|NAD+ biosynthetic pathways,KEGG Tryptophan metabolism|Tryptophan metabolism|WikiPathsways Tryptophan catabolism|KEGG pathway|nicotinamide metabolism|tryptophan catabolism|proline metabolism|tryptophan degradation|kynurenine pathway,9,2854,47.071153450757265,
d3_metagent_wo_feedback_with_lit,D3,,single,with_lit,compound_only_enrich_mammalian_RAMP_P_000000141_seed8,Tryptophan metabolism,RAMP_P_000000141,kegg,Tryptophan metabolism pathway,True,True,0.9353903211157254,Tryptophan metabolism,0.9353903211157254,1,Tryptophan metabolism,0.9353903211157254,1,True,True,True,Tryptophan metabolism|Tryptophan catabolism leading to NAD+ production|Biochemical pathways: part I,Tryptophan metabolism|Tryptophan catabolism leading to NAD+ production|Biochemical pathways: part I|ADHD and autism (ASD) pathways|Metabolism|Tryptophan metabolism|Metabolism of amino acids and derivatives|IDO metabolic pathway|Serotonin and melatonin biosynthesis|NAD+ biosynthetic pathways,Tryptophan metabolism pathway|Tryptophan catabolism|Tryptophan catabolism leading to NAD+ production|tryptophan metabolism|nicotinamide metabolism,5,1942,78.90320359915495,
d3_metagent_wo_feedback_with_lit,D3,,single,with_lit,compound_only_enrich_mammalian_RAMP_P_000000398_seed0,Galactose Metabolism,RAMP_P_000000398,kegg,Galactosemia,False,True,0.5274823902606672,Galactosemia,1.0000001034393806,1,Galactosemia,1.0000001034393806,1,False,True,True,Galactosemia|Galactose Metabolism|Galactose Metabolism,Galactosemia|Galactose Metabolism|Galactose Metabolism|Biochemical pathways: part I|Glycerophospholipid biosynthetic pathway|Glycerophospholipid biosynthesis|Phospholipid metabolism|MECP2 and associated Rett syndrome|GPCR downstream signalling|Orexin receptor pathway,Galactosemia|Leloir pathway|Confirming pathway|galactose metabolism|phospholipid biosynthesis|Glycerophospholipid biosynthetic pathway|galactose catabolism,7,2453,43.26263711228967,
d3_metagent_wo_feedback_with_lit,D3,,single,with_lit,compound_only_enrich_mammalian_RAMP_P_000000398_seed1,Galactose Metabolism,RAMP_P_000000398,kegg,galactose metabolism,True,True,0.9999999832245213,Galactose Metabolism,0.9999999832245213,2,Galactose Metabolism,0.9999999832245213,2,True,True,True,Galactosemia|Galactose Metabolism|Galactose Metabolism,Galactosemia|Galactose Metabolism|Galactose Metabolism|Biochemical pathways: part I|Glycerophospholipid biosynthesis|Phospholipid metabolism|GPCR downstream signalling|Signaling by GPCR|Signal Transduction|Digestion,galactose metabolism|Galactosemia|matching pathway|Within galactose metabolism|phosphate metabolism|glycerolipid metabolism|aflatoxin metabolism|Leloir pathway|inositol signaling,9,2452,37.09982066228986,
d3_metagent_wo_feedback_with_lit,D3,,single,with_lit,compound_only_enrich_mammalian_RAMP_P_000000398_seed2,Galactose Metabolism,RAMP_P_000000398,kegg,galactose metabolism,True,True,0.9999999832245213,Galactose Metabolism,0.9999999832245213,2,Galactose Metabolism,0.9999999832245213,2,True,True,True,Galactosemia|Galactose Metabolism|Galactose Metabolism,"Galactosemia|Galactose Metabolism|Galactose Metabolism|Biochemical pathways: part I|Glycerophospholipid biosynthetic pathway|Glycerophospholipid biosynthesis|Phospholipid metabolism|Trans-sulfuration, one-carbon metabolism and related pathways|Phosphatidylethanolamine Biosynthesis|Phosphatidylcholine Biosynthesis",galactose metabolism|Galactosemia|KEGG Galactose Metabolism pathway|Leloir pathway|high-confidence pathway,5,1943,79.39295593649149,
d3_metagent_wo_feedback_with_lit,D3,,single,with_lit,compound_only_enrich_mammalian_RAMP_P_000000398_seed3,Galactose Metabolism,RAMP_P_000000398,kegg,Galactose Metabolism,True,True,0.9999999675920971,Galactose Metabolism,0.9999999675920971,2,Galactose Metabolism,0.9999999675920971,2,True,True,True,Galactosemia|Galactose Metabolism|Galactose Metabolism,Galactosemia|Galactose Metabolism|Galactose Metabolism|Biochemical pathways: part I|Metabolism|Aspirin ADME|Metabolism of lipids|Drug ADME|Disease|Orexin receptor pathway,Galactose Metabolism|Galactosemia|Disease|phospholipid metabolism|carbohydrate metabolism|Leloir pathway,6,1796,91.50773760676384,
d3_metagent_wo_feedback_with_lit,D3,,single,with_lit,compound_only_enrich_mammalian_RAMP_P_000000398_seed4,Galactose Metabolism,RAMP_P_000000398,kegg,Galactosemia,False,True,0.5274823902606672,Galactosemia,1.0000001034393806,1,Galactosemia,1.0000001034393806,1,False,True,True,Galactosemia|Galactose Metabolism|Galactose Metabolism,"Galactosemia|Galactose Metabolism|Galactose Metabolism|Biochemical pathways: part I|Disease|Orexin receptor pathway|Glucocorticoid biosynthesis|Starch and sucrose metabolism|Transport of bile salts and organic acids, metal ions and amine compounds|Metabolism",Galactosemia|Biochemical pathways: part I|Leloir pathway|galactose catabolism|phospholipid signaling|Disease|galactose metabolism|observed pathway,8,1871,86.24831450916827,
d3_metagent_wo_feedback_with_lit,D3,,single,with_lit,compound_only_enrich_mammalian_RAMP_P_000000398_seed5,Galactose Metabolism,RAMP_P_000000398,kegg,galactose metabolism,True,True,0.9999999832245213,Galactose Metabolism,0.9999999832245213,2,Galactose Metabolism,0.9999999832245213,2,True,True,True,Galactosemia|Galactose Metabolism|Galactose Metabolism,Galactosemia|Galactose Metabolism|Galactose Metabolism|Biochemical pathways: part I|MECP2 and associated Rett syndrome|GPCR downstream signalling|Orexin receptor pathway|Signaling by GPCR|Glucose homeostasis|Transport of small molecules,galactose metabolism|Galactosemia|Leloir pathway|galactose pathway|carbohydrate metabolism|energy metabolism|sugar metabolism,7,2344,81.35326922498643,
d3_metagent_wo_feedback_with_lit,D3,,single,with_lit,compound_only_enrich_mammalian_RAMP_P_000000398_seed6,Galactose Metabolism,RAMP_P_000000398,kegg,Galactose Metabolism,True,True,0.9999999675920971,Galactose Metabolism,0.9999999675920971,2,Galactose Metabolism,0.9999999675920971,2,True,True,True,Galactosemia|Galactose Metabolism|Galactose Metabolism,Galactosemia|Galactose Metabolism|Galactose Metabolism|Biochemical pathways: part I|Metabolic epileptic disorders|ADHD and autism (ASD) pathways|Metabolism|Transport of small molecules|Glycerophospholipid biosynthetic pathway|Vitamin B12 metabolism,Galactose Metabolism|Galactosemia|Metabolic epileptic disorders|sulfur-amino-acid metabolism|Leloir pathway|methionine metabolism|TCA cycle|SAH metabolism|energy metabolism|glycolipid biosynthesis|lipid signaling|methyl-transfer cycle,12,3398,101.15575260855258,
d3_metagent_wo_feedback_with_lit,D3,,single,with_lit,compound_only_enrich_mammalian_RAMP_P_000000398_seed7,Galactose Metabolism,RAMP_P_000000398,kegg,Galactosemia,False,True,0.5274823902606672,Galactosemia,1.0000001034393806,1,Galactosemia,1.0000001034393806,1,False,True,True,Galactosemia|Galactose Metabolism|Galactose Metabolism,Galactosemia|Galactose Metabolism|Galactose Metabolism|Biochemical pathways: part I|Orexin receptor pathway|Glucose homeostasis|Transport of small molecules|Digestion|Digestion and absorption|Starch and sucrose metabolism,Galactosemia|third pathway|Biochemical pathways: part I|Orexin receptor pathway|galactose metabolism|sugar biosynthesis,6,2418,34.22001731209457,
d3_metagent_wo_feedback_with_lit,D3,,single,with_lit,compound_only_enrich_mammalian_RAMP_P_000000398_seed8,Galactose Metabolism,RAMP_P_000000398,kegg,Galactosemia,False,True,0.5274823902606672,Galactosemia,1.0000001034393806,1,Galactosemia,1.0000001034393806,1,False,True,True,Galactosemia|Galactose Metabolism|Galactose Metabolism,Galactosemia|Galactose Metabolism|Galactose Metabolism|Biochemical pathways: part I|Orexin receptor pathway|Glucose homeostasis|Signaling by GPCR|Digestion|Digestion and absorption|Signal Transduction,Galactosemia|Biochemical pathways: part I|Orexin receptor pathway|galactose metabolism|Leloir pathway|galactose pathway,6,2010,28.200442189350724,
d3_metagent_wo_feedback_with_lit,D3,,single,with_lit,compound_only_enrich_mammalian_RAMP_P_000000398_seed9,Galactose Metabolism,RAMP_P_000000398,kegg,top pathway,False,False,0.3330753459988223,Galactose Metabolism,0.3330753459988223,2,Biochemical pathways: part I,0.6472532160832796,4,False,False,False,Galactosemia|Galactose Metabolism|Galactose Metabolism,Galactosemia|Galactose Metabolism|Galactose Metabolism|Biochemical pathways: part I|Polyol pathway|Disorders of fructose metabolism|Orexin receptor pathway|Glucose homeostasis|Digestion|Digestion and absorption,top pathway|Galactosemia|galactose metabolism|galactose pathway|polyol pathway|fructose metabolism|phospholipid signaling|sugar metabolism|polyol shunt|hexose metabolism,10,2227,105.67095082253218,
d3_metagent_wo_feedback_with_lit,D3,,single,with_lit,compound_only_enrich_mammalian_RAMP_P_000000421_seed1,Androgen and Estrogen Metabolism,RAMP_P_000000421,kegg,significant pathway,False,False,0.3184326437732068,Androgen and Estrogen Metabolism,0.3184326437732068,2,Cancer pathways,0.5695760989276096,10,False,False,False,17-Beta Hydroxysteroid Dehydrogenase III Deficiency|Androgen and Estrogen Metabolism|Androgen and Estrogen Metabolism,17-Beta Hydroxysteroid Dehydrogenase III Deficiency|Androgen and Estrogen Metabolism|Androgen and Estrogen Metabolism|Aromatase deficiency|Metabolism of steroid hormones|Steroid biosynthesis|Androgen receptor network in prostate cancer|Sulfatase and aromatase pathway|Male steroid hormones in cardiomyocyte energy metabolism|Cancer pathways,significant pathway|Androgen and Estrogen Metabolism|catecholamine metabolism|entire pathway,4,2176,164.59634758345783,
d3_metagent_wo_feedback_with_lit,D3,,single,with_lit,compound_only_enrich_mammalian_RAMP_P_000000421_seed2,Androgen and Estrogen Metabolism,RAMP_P_000000421,kegg,Androgen and Estrogen Metabolism,True,True,0.999999899513863,Androgen and Estrogen Metabolism,0.999999899513863,2,Androgen and Estrogen Metabolism,0.999999899513863,2,True,True,True,17-Beta Hydroxysteroid Dehydrogenase III Deficiency|Androgen and Estrogen Metabolism|Androgen and Estrogen Metabolism,17-Beta Hydroxysteroid Dehydrogenase III Deficiency|Androgen and Estrogen Metabolism|Androgen and Estrogen Metabolism|Aromatase deficiency|Cancer pathways|Classical pathway of steroidogenesis with glucocorticoid and mineralocorticoid metabolism|Metabolism of steroid hormones|Steroid biosynthesis|Androgen receptor network in prostate cancer|Biochemical pathways: part I,Androgen and Estrogen Metabolism|hormone biosynthesis|endocrine signalling|cancer metabolism|cardiovascular signalling,5,2077,73.15442910045385,
d3_metagent_wo_feedback_with_lit,D3,,single,with_lit,compound_only_enrich_mammalian_RAMP_P_000000421_seed3,Androgen and Estrogen Metabolism,RAMP_P_000000421,kegg,Androgen and Estrogen Metabolism,True,True,0.999999899513863,Androgen and Estrogen Metabolism,0.999999899513863,2,Androgen and Estrogen Metabolism,0.999999899513863,2,True,True,True,17-Beta Hydroxysteroid Dehydrogenase III Deficiency|Androgen and Estrogen Metabolism|Androgen and Estrogen Metabolism,17-Beta Hydroxysteroid Dehydrogenase III Deficiency|Androgen and Estrogen Metabolism|Androgen and Estrogen Metabolism|Aromatase deficiency|Metabolism of steroid hormones|Steroid biosynthesis|Androgen receptor network in prostate cancer|Sulfatase and aromatase pathway|Male steroid hormones in cardiomyocyte energy metabolism|Cancer pathways,Androgen and Estrogen Metabolism|glycoprotein metabolism|estrogenic signaling|enhanced biosynthesis,4,2420,38.08052389137447,
d3_metagent_wo_feedback_with_lit,D3,,single,with_lit,compound_only_enrich_mammalian_RAMP_P_000000421_seed4,Androgen and Estrogen Metabolism,RAMP_P_000000421,kegg,hormone metabolism,False,False,0.7243252659286665,Androgen and Estrogen Metabolism,0.7243252659286665,2,Metabolism of steroid hormones,0.8407278419955083,5,False,False,True,17-Beta Hydroxysteroid Dehydrogenase III Deficiency|Androgen and Estrogen Metabolism|Androgen and Estrogen Metabolism,17-Beta Hydroxysteroid Dehydrogenase III Deficiency|Androgen and Estrogen Metabolism|Androgen and Estrogen Metabolism|Aromatase deficiency|Metabolism of steroid hormones|Steroid biosynthesis|Androgen receptor network in prostate cancer|Sulfatase and aromatase pathway|Metabolism|Male steroid hormones in cardiomyocyte energy metabolism,hormone metabolism|Androgen and Estrogen Metabolism|enriched pathway|androgen metabolism|17-Beta Hydroxysteroid Dehydrogenase III Deficiency|Aromatase deficiency|Metabolism of steroid hormones,7,2292,59.87012782134116,
d3_metagent_wo_feedback_with_lit,D3,,single,with_lit,compound_only_enrich_mammalian_RAMP_P_000000421_seed5,Androgen and Estrogen Metabolism,RAMP_P_000000421,kegg,Androgen and Estrogen Metabolism,True,True,0.999999899513863,Androgen and Estrogen Metabolism,0.999999899513863,2,Androgen and Estrogen Metabolism,0.999999899513863,2,True,True,True,17-Beta Hydroxysteroid Dehydrogenase III Deficiency|Androgen and Estrogen Metabolism|Androgen and Estrogen Metabolism,17-Beta Hydroxysteroid Dehydrogenase III Deficiency|Androgen and Estrogen Metabolism|Androgen and Estrogen Metabolism|Aromatase deficiency|Metabolism of steroid hormones|Steroid biosynthesis|Androgen receptor network in prostate cancer|Sulfatase and aromatase pathway|Male steroid hormones in cardiomyocyte energy metabolism|Biological oxidations,Androgen and Estrogen Metabolism|Metabolism of steroid hormones|estrogen pathway|proline metabolism|polyamine biosynthesis|steroid metabolism|steroid pathway|confirmed pathway,8,3206,99.62410544231534,
d3_metagent_wo_feedback_with_lit,D3,,single,with_lit,compound_only_enrich_mammalian_RAMP_P_000000421_seed6,Androgen and Estrogen Metabolism,RAMP_P_000000421,kegg,Androgen and Estrogen Metabolism,True,True,0.999999899513863,Androgen and Estrogen Metabolism,0.999999899513863,2,Androgen and Estrogen Metabolism,0.999999899513863,2,True,True,True,17-Beta Hydroxysteroid Dehydrogenase III Deficiency|Androgen and Estrogen Metabolism|Androgen and Estrogen Metabolism,17-Beta Hydroxysteroid Dehydrogenase III Deficiency|Androgen and Estrogen Metabolism|Androgen and Estrogen Metabolism|Aromatase deficiency|Cancer pathways|Classical pathway of steroidogenesis with glucocorticoid and mineralocorticoid metabolism|Metabolism of steroid hormones|Steroid biosynthesis|Androgen receptor network in prostate cancer|Sulfatase and aromatase pathway,Androgen and Estrogen Metabolism|Metabolism of steroid hormones|Classical pathway|Classical pathway of steroidogenesis with glucocorticoid and mineralocorticoid metabolism|mineralocorticoid metabolism|steroid biosynthesis|receptor signalling|same pathway|steroid pathway|glucose metabolism,10,2662,74.14093596488237,
d3_metagent_wo_feedback_with_lit,D3,,single,with_lit,compound_only_enrich_mammalian_RAMP_P_000000421_seed8,Androgen and Estrogen Metabolism,RAMP_P_000000421,kegg,Androgen and Estrogen Metabolism,True,True,0.999999899513863,Androgen and Estrogen Metabolism,0.999999899513863,2,Androgen and Estrogen Metabolism,0.999999899513863,2,True,True,True,17-Beta Hydroxysteroid Dehydrogenase III Deficiency|Androgen and Estrogen Metabolism|Androgen and Estrogen Metabolism,17-Beta Hydroxysteroid Dehydrogenase III Deficiency|Androgen and Estrogen Metabolism|Androgen and Estrogen Metabolism|Aromatase deficiency|Metabolism of steroid hormones|Steroid biosynthesis|Androgen receptor network in prostate cancer|Sulfatase and aromatase pathway|Male steroid hormones in cardiomyocyte energy metabolism|Biochemical pathways: part I,Androgen and Estrogen Metabolism|Metabolism of steroid hormones|hormone biosynthesis|achieve pathway|steroid metabolism,5,2195,65.82858071289957,
d3_metagent_wo_feedback_with_lit,D3,,single,with_lit,compound_only_enrich_mammalian_RAMP_P_000025682_seed2,Celecoxib Action Pathway,RAMP_P_000025682,smpdb,NSAID-specific drug-action pathway,False,False,0.6674016023926571,Ibuprofen Action Pathway,0.6698697953807811,2,Ibuprofen Action Pathway,0.6698697953807811,2,False,False,False,Celecoxib Action Pathway|Ibuprofen Action Pathway|Leukotriene C4 Synthesis Deficiency,Celecoxib Action Pathway|Ibuprofen Action Pathway|Leukotriene C4 Synthesis Deficiency|Rofecoxib Action Pathway|Salicylate-sodium Action Pathway|Trisalicylate-choline Action Pathway|Acetaminophen  Action Pathway|Acetylsalicylic Acid Action Pathway|Antipyrine Action Pathway|Antrafenine Action Pathway,NSAID-specific drug-action pathway|nucleotide metabolism|one-carbon metabolism|receptor signalling|current pathway|acid metabolism|dysregulated pathway,7,2786,114.53181000426412,
d3_metagent_wo_feedback_with_lit,D3,,single,with_lit,compound_only_enrich_mammalian_RAMP_P_000050021_seed0,Biological oxidations,RAMP_P_000050021,reactome,Biological oxidations,True,True,0.9999998845904756,Biological oxidations,0.9999998845904756,1,Biological oxidations,0.9999998845904756,1,True,True,True,Biological oxidations|Metabolism|Phase II - Conjugation of compounds,"Biological oxidations|Metabolism|Phase II - Conjugation of compounds|Phase I - Functionalization of compounds|Xenobiotics|Cytochrome P450 - arranged by substrate type|ADHD and autism (ASD) pathways|Glutathione conjugation|Sensory perception of sweet, bitter, and umami (glutamate) taste|Sensory perception of taste",Biological oxidations|child pathway|Xenobiotics|xenobiotic metabolism|Conjugation pathway|Glutathione conjugation|II metabolism,7,2587,117.23515790514648,
d3_metagent_wo_feedback_with_lit,D3,,single,with_lit,compound_only_enrich_mammalian_RAMP_P_000050021_seed1,Biological oxidations,RAMP_P_000050021,reactome,xenobiotic metabolism,False,True,0.5229735964197266,Metabolism,0.8217436747704865,2,Metabolism,0.8217436747704865,2,False,True,True,Biological oxidations|Metabolism|Phase I - Functionalization of compounds,Biological oxidations|Metabolism|Phase I - Functionalization of compounds|Phase II - Conjugation of compounds|Cytochrome P450 - arranged by substrate type|Sensory Perception|Cytosolic sulfonation of small molecules|Xenobiotics|Transport of small molecules|Signaling by Hedgehog,xenobiotic metabolism|top pathway|Biological oxidations,3,2640,76.97690212912858,
d3_metagent_wo_feedback_with_lit,D3,,single,with_lit,compound_only_enrich_mammalian_RAMP_P_000050021_seed2,Biological oxidations,RAMP_P_000050021,reactome,Phase II xenobiotic metabolism,False,True,0.44065193609992,Phase II - Conjugation of compounds,0.7894180939495871,3,Phase II - Conjugation of compounds,0.7894180939495871,3,False,False,False,Biological oxidations|Metabolism|Phase II - Conjugation of compounds,Biological oxidations|Metabolism|Phase II - Conjugation of compounds|Phase I - Functionalization of compounds|Methylation|Xenobiotics|Drug ADME|Cytochrome P450 - arranged by substrate type|Glutathione conjugation|Metabolism of amino acids and derivatives,Phase II xenobiotic metabolism|Biological oxidations|Xenobiotics metabolism|Xenobiotics|xenobiotic metabolism|confirmed pathway|Methylation|Drug ADME|drug metabolism|acid catabolism|compound metabolism|Glutathione conjugation,12,3546,93.3168470505625,
d3_metagent_wo_feedback_with_lit,D3,,single,with_lit,compound_only_enrich_mammalian_RAMP_P_000050021_seed3,Biological oxidations,RAMP_P_000050021,reactome,Biological oxidations,True,True,0.9999998845904756,Biological oxidations,0.9999998845904756,1,Biological oxidations,0.9999998845904756,1,True,True,True,Biological oxidations|Phase I - Functionalization of compounds|Metabolism,Biological oxidations|Phase I - Functionalization of compounds|Metabolism|Selenium micronutrient network|Cytochrome P450 - arranged by substrate type|Phase II - Conjugation of compounds|Xenobiotics|Vitamin B12 metabolism|Folate metabolism|Thromboxane signalling through TP receptor,Biological oxidations|II xenobiotic metabolism|Selenium micronutrient network|The second-ranked pathway|energy metabolism|hormone metabolism,6,2915,53.97376989759505,
d3_metagent_wo_feedback_with_lit,D3,,single,with_lit,compound_only_enrich_mammalian_RAMP_P_000050021_seed4,Biological oxidations,RAMP_P_000050021,reactome,verified pathway,False,False,0.3660103674689954,Metabolism,0.47977793983364475,2,Metabolism,0.47977793983364475,2,False,False,False,Biological oxidations|Metabolism|Phase II - Conjugation of compounds,"Biological oxidations|Metabolism|Phase II - Conjugation of compounds|Phase I - Functionalization of compounds|Xenobiotics|Cytochrome P450 - arranged by substrate type|Glutathione conjugation|Sensory perception of sweet, bitter, and umami (glutamate) taste|Sensory perception of taste|Drug ADME",verified pathway|The top pathway|The second pathway|Biological oxidations|xenobiotic metabolism|Glutathione conjugation|Phase II pathway|thiol metabolism|oxidative metabolism,9,3161,108.79249772615731,
d3_metagent_wo_feedback_with_lit,D3,,single,with_lit,compound_only_enrich_mammalian_RAMP_P_000050021_seed5,Biological oxidations,RAMP_P_000050021,reactome,Biological oxidations,True,True,0.9999998845904756,Biological oxidations,0.9999998845904756,2,Biological oxidations,0.9999998845904756,2,True,True,True,Metabolism|Biological oxidations|Phase I - Functionalization of compounds,"Metabolism|Biological oxidations|Phase I - Functionalization of compounds|Xenobiotics|Biochemical pathways: part I|Sensory perception of sweet, bitter, and umami (glutamate) taste|Sensory perception of taste|Cytochrome P450 - arranged by substrate type|Phase II - Conjugation of compounds|Sensory Perception",Biological oxidations|xenobiotic metabolism|enriched pathway|Xenobiotics,4,3138,50.54789847508073,
d3_metagent_wo_feedback_with_lit,D3,,single,with_lit,compound_only_enrich_mammalian_RAMP_P_000050021_seed6,Biological oxidations,RAMP_P_000050021,reactome,xenobiotic metabolism,False,True,0.5229735964197266,Metabolism,0.8217436747704865,2,Metabolism,0.8217436747704865,2,False,True,True,Biological oxidations|Metabolism|Phase II - Conjugation of compounds,"Biological oxidations|Metabolism|Phase II - Conjugation of compounds|Phase I - Functionalization of compounds|Xenobiotics|Cytochrome P450 - arranged by substrate type|Amino acid metabolism in triple-negative breast cancer cells|Glutathione conjugation|Methylation|Trans-sulfuration, one-carbon metabolism and related pathways",xenobiotic metabolism|Glutathione conjugation|top pathway|enriched pathway|Biological oxidations|drug metabolism|Phase II - Conjugation of compounds|conjugation pathway|Xenobiotics|Glutathione conjugation pathway,10,3997,85.00518293492496,
d3_metagent_wo_feedback_with_lit,D3,,single,with_lit,compound_only_enrich_mammalian_RAMP_P_000050021_seed7,Biological oxidations,RAMP_P_000050021,reactome,Biological oxidations,True,True,0.9999998845904756,Biological oxidations,0.9999998845904756,2,Biological oxidations,0.9999998845904756,2,True,True,True,Metabolism|Biological oxidations|Phase I - Functionalization of compounds,"Metabolism|Biological oxidations|Phase I - Functionalization of compounds|Xenobiotics|Cytochrome P450 - arranged by substrate type|Phase II - Conjugation of compounds|Sensory perception of sweet, bitter, and umami (glutamate) taste|Sensory perception of taste|G alpha (i) signalling events|GPCR downstream signalling",Biological oxidations|Phase I - Functionalization of compounds|Xenobiotics|Cytochrome P450 - arranged by substrate type|xenobiotic metabolism|thiol metabolism|amine metabolism,7,4587,50.677769523113966,
d3_metagent_wo_feedback_with_lit,D3,,single,with_lit,compound_only_enrich_mammalian_RAMP_P_000050021_seed8,Biological oxidations,RAMP_P_000050021,reactome,I've verified pathway,False,False,0.3434835235224572,Phase I - Functionalization of compounds,0.44999258851576585,3,Spironolactone Action Pathway,0.460622078118357,10,False,False,False,Metabolism|Biological oxidations|Phase I - Functionalization of compounds,Metabolism|Biological oxidations|Phase I - Functionalization of compounds|Xenobiotics|Cytochrome P450 - arranged by substrate type|Phase II - Conjugation of compounds|Agmatine biosynthesis|Assembly of collagen fibrils and other multimeric structures|Crosslinking of collagen fibrils|Spironolactone Action Pathway,I've verified pathway|xenobiotic metabolism|Reactome pathway|Xenobiotics|Biological oxidations|CYP450-mediated xenobiotic metabolism|polyamine biosynthesis|phospholipid metabolism,8,2367,35.64609418064356,
d3_metagent_wo_feedback_with_lit,D3,,single,with_lit,compound_only_enrich_mammalian_RAMP_P_000050021_seed9,Biological oxidations,RAMP_P_000050021,reactome,xenobiotic metabolism,False,True,0.5229735964197266,Metabolism,0.8217436747704865,3,Metabolism,0.8217436747704865,3,False,True,True,Biological oxidations|Cytochrome P450 - arranged by substrate type|Metabolism,Biological oxidations|Cytochrome P450 - arranged by substrate type|Metabolism|Phase I - Functionalization of compounds|Xenobiotics|Metal sequestration by antimicrobial proteins|Phase II - Conjugation of compounds|Iron uptake and transport|Transport of small molecules|Antimicrobial peptides,xenobiotic metabolism|Biological oxidations|Cytochrome P450 - arranged by substrate type|conjugation pathway|CYP450 pathway|Xenobiotics|thiol metabolism,7,2711,72.3595849443227,
d3_metagent_wo_feedback_with_lit,D3,,single,with_lit,compound_only_enrich_mammalian_RAMP_P_000050096_seed6,Metabolism of amino acids and derivatives,RAMP_P_000050096,reactome,tyrosine metabolism,False,False,0.5699837143622734,Metabolism of amino acids and derivatives,0.5699837143622734,1,Tyrosine metabolism,1.0000000018620427,9,False,False,True,Metabolism of amino acids and derivatives|Alkaptonuria|Dopamine beta-hydroxylase deficiency,"Metabolism of amino acids and derivatives|Alkaptonuria|Dopamine beta-hydroxylase deficiency|Hawkinsinuria|Monoamine oxidase-a deficiency (MAO-A)|Tyrosinemia Type I|Tyrosinemia, transient, of the newborn|Disulfiram Action Pathway|Tyrosine metabolism|Biochemical pathways: part I",tyrosine metabolism|Alkaptonuria|tyrosine catabolism|Metabolism of amino acids and derivatives|TCA cycle|acid degradation|carbon metabolism|norepinephrine biosynthesis|acid catabolism,9,2798,99.28919400088489,
d3_metagent_wo_feedback_with_lit,D3,,single,with_lit,compound_only_enrich_mammalian_RAMP_P_000050099_seed6,Pyrimidine catabolism,RAMP_P_000050099,reactome,Pyrimidine catabolism,True,True,1.0000001527658173,Pyrimidine catabolism,1.0000001527658173,1,Pyrimidine catabolism,1.0000001527658173,1,True,True,True,Pyrimidine catabolism|Beta Ureidopropionase Deficiency|Dihydropyrimidinase Deficiency,Pyrimidine catabolism|Beta Ureidopropionase Deficiency|Dihydropyrimidinase Deficiency|MNGIE (Mitochondrial Neurogastrointestinal Encephalopathy)|Pyrimidine metabolism|UMP Synthase Deficiency (Orotic Aciduria)|Nucleotide catabolism|Biochemical pathways: part I|Metabolism of nucleotides|Biomarkers for pyrimidine metabolism disorders,Pyrimidine catabolism|Pyrimidine metabolism|catabolic pathway|top pathway|Within pyrimidine catabolism|salvage pathway|pyrimidine degradation|thymine catabolism,8,2944,41.18264357186854,
d3_metagent_wo_feedback_with_lit,D3,,single,with_lit,compound_only_enrich_mammalian_RAMP_P_000052855_seed0,Sulfatase and aromatase pathway,RAMP_P_000052855,wikipathways,Androgen and Estrogen Metabolism,False,True,0.5926593013399727,Androgen and Estrogen Metabolism,0.999999899513863,3,Androgen and Estrogen Metabolism,0.999999899513863,3,False,True,True,Sulfatase and aromatase pathway|17-Beta Hydroxysteroid Dehydrogenase III Deficiency|Androgen and Estrogen Metabolism,Sulfatase and aromatase pathway|17-Beta Hydroxysteroid Dehydrogenase III Deficiency|Androgen and Estrogen Metabolism|Androgen and Estrogen Metabolism|Aromatase deficiency|Metabolism of steroid hormones|Biochemical pathways: part I|Estrogen biosynthesis|Steroid biosynthesis|Androgen receptor network in prostate cancer,Androgen and Estrogen Metabolism|enriched pathway|significant pathway|Sulfatase and aromatase pathway|direct pathway|Vitamin K pathway|steroid biosynthesis,7,2584,43.84761361964047,
d3_metagent_wo_feedback_with_lit,D3,,single,with_lit,compound_only_enrich_mammalian_RAMP_P_000053042_seed9,Steroid biosynthesis,RAMP_P_000053042,wikipathways,Androgen and Estrogen Metabolism,False,False,0.5559788545026573,Male steroid hormones in cardiomyocyte energy metabolism,0.6055779899622331,3,Androgen and Estrogen Metabolism,0.999999899513863,5,False,False,True,Steroid biosynthesis|Androgen receptor network in prostate cancer|Male steroid hormones in cardiomyocyte energy metabolism,Steroid biosynthesis|Androgen receptor network in prostate cancer|Male steroid hormones in cardiomyocyte energy metabolism|17-Beta Hydroxysteroid Dehydrogenase III Deficiency|Androgen and Estrogen Metabolism|Androgen and Estrogen Metabolism|Aromatase deficiency|Metabolism of steroid hormones|Sulfatase and aromatase pathway|Androgen biosynthesis,Androgen and Estrogen Metabolism|Steroid biosynthesis|Estrogen Metabolism pathway,3,2065,71.17719313129783,
d3_metagent_wo_feedback_with_lit,D3,,single,with_lit,compound_only_enrich_mammalian_RAMP_P_000053306_seed1,Pyrimidine metabolism,RAMP_P_000053306,wikipathways,Pyrimidine metabolism,True,True,0.9999999966934278,Pyrimidine metabolism,0.9999999966934278,1,Pyrimidine metabolism,0.9999999966934278,1,True,True,True,Pyrimidine metabolism|Beta Ureidopropionase Deficiency|Dihydropyrimidinase Deficiency,Pyrimidine metabolism|Beta Ureidopropionase Deficiency|Dihydropyrimidinase Deficiency|MNGIE (Mitochondrial Neurogastrointestinal Encephalopathy)|Pyrimidine metabolism|UMP Synthase Deficiency (Orotic Aciduria)|Nucleotide catabolism|Biomarkers for pyrimidine metabolism disorders|Pyrimidine catabolism|Pyrimidine metabolism and related diseases,Pyrimidine metabolism|pyrimidine degradation|nucleotide biosynthesis|alongside catabolism|Dihydropyrimidinase Deficiency|downstream metabolism,6,2324,79.01878011599183,
d3_metagent_wo_feedback_with_lit,D3,,single,with_lit,compound_only_enrich_mammalian_RAMP_P_000053306_seed7,Pyrimidine metabolism,RAMP_P_000053306,wikipathways,pyrimidine metabolism,True,True,1.0000000055842404,Pyrimidine metabolism,1.0000000055842404,1,Pyrimidine metabolism,1.0000000055842404,1,True,True,True,Pyrimidine metabolism|Beta Ureidopropionase Deficiency|Dihydropyrimidinase Deficiency,Pyrimidine metabolism|Beta Ureidopropionase Deficiency|Dihydropyrimidinase Deficiency|MNGIE (Mitochondrial Neurogastrointestinal Encephalopathy)|Pyrimidine metabolism|UMP Synthase Deficiency (Orotic Aciduria)|Nucleotide catabolism|Pyrimidine catabolism|Metabolism of nucleotides|Biomarkers for pyrimidine metabolism disorders,pyrimidine metabolism|Beta Ureidopropionase Deficiency|Dihydropyrimidinase Deficiency|pyrimidine catabolism|pyrimidine degradation|drug metabolism,6,2058,124.25288755819201,
d3_metagent_wo_feedback_with_lit,D3,,single,with_lit,compound_only_enrich_mammalian_lm_pathway_WP167_seed0,Eicosanoid synthesis,lm_pathway:WP167,lipidmaps,KEGG pathway,False,False,0.3309564376392276,Eicosanoid metabolism via cyclooxygenases (COX),0.36764153233610536,2,Acetaminophen  Action Pathway,0.5137163477850119,8,False,False,False,Eicosanoid synthesis|Eicosanoid metabolism via cyclooxygenases (COX)|Eicosanoid metabolism via lipoxygenases (LOX),Eicosanoid synthesis|Eicosanoid metabolism via cyclooxygenases (COX)|Eicosanoid metabolism via lipoxygenases (LOX)|Leukotriene C4 Synthesis Deficiency|Rofecoxib Action Pathway|Salicylate-sodium Action Pathway|Trisalicylate-choline Action Pathway|Acetaminophen  Action Pathway|Acetylsalicylic Acid Action Pathway|Antipyrine Action Pathway,KEGG pathway|as pathway|acid metabolism|nucleotide metabolism,4,3223,79.70235079526901,
d3_metagent_wo_feedback_with_lit,D3,,single,with_lit,compound_only_enrich_mammalian_lm_pathway_WP167_seed1,Eicosanoid synthesis,lm_pathway:WP167,lipidmaps,Eicosanoid synthesis,True,True,1.0000000721685292,Eicosanoid synthesis,1.0000000721685292,1,Eicosanoid synthesis,1.0000000721685292,1,True,True,True,Eicosanoid synthesis|Eicosanoid metabolism via cyclooxygenases (COX)|Eicosanoid metabolism via lipoxygenases (LOX),Eicosanoid synthesis|Eicosanoid metabolism via cyclooxygenases (COX)|Eicosanoid metabolism via lipoxygenases (LOX)|Eicosanoid synthesis|Leukotriene C4 Synthesis Deficiency|Rofecoxib Action Pathway|Salicylate-sodium Action Pathway|Trisalicylate-choline Action Pathway|Acetaminophen  Action Pathway|Acetylsalicylic Acid Action Pathway,Eicosanoid synthesis|one-carbon metabolism|No pathway|eicosanoid metabolism,4,2314,72.35656134225428,
d3_metagent_wo_feedback_with_lit,D3,,single,with_lit,compound_only_enrich_mammalian_lm_pathway_WP167_seed2,Eicosanoid synthesis,lm_pathway:WP167,lipidmaps,Eicosanoid synthesis,True,True,1.0000000721685292,Eicosanoid synthesis,1.0000000721685292,1,Eicosanoid synthesis,1.0000000721685292,1,True,True,True,Eicosanoid synthesis|Eicosanoid metabolism via cyclooxygenases (COX)|Eicosanoid metabolism via lipoxygenases (LOX),Eicosanoid synthesis|Eicosanoid metabolism via cyclooxygenases (COX)|Eicosanoid metabolism via lipoxygenases (LOX)|Leukotriene C4 Synthesis Deficiency|Rofecoxib Action Pathway|Salicylate-sodium Action Pathway|Trisalicylate-choline Action Pathway|Acetaminophen  Action Pathway|Acetylsalicylic Acid Action Pathway|Antipyrine Action Pathway,Eicosanoid synthesis|Arachidonic Acid Metabolism KEGG pathway|5-LOX pathway|resolution-phase signaling,4,2570,46.590639712288976,
d3_metagent_wo_feedback_with_lit,D3,,single,with_lit,compound_only_enrich_mammalian_lm_pathway_WP167_seed3,Eicosanoid synthesis,lm_pathway:WP167,lipidmaps,Eicosanoid synthesis,True,True,1.0000000721685292,Eicosanoid synthesis,1.0000000721685292,1,Eicosanoid synthesis,1.0000000721685292,1,True,True,True,Eicosanoid synthesis|Eicosanoid metabolism via cyclooxygenases (COX)|Eicosanoid metabolism via lipoxygenases (LOX),Eicosanoid synthesis|Eicosanoid metabolism via cyclooxygenases (COX)|Eicosanoid metabolism via lipoxygenases (LOX)|Eicosanoid synthesis|Metabolism|Leukotriene C4 Synthesis Deficiency|Rofecoxib Action Pathway|Salicylate-sodium Action Pathway|Trisalicylate-choline Action Pathway|Acetaminophen  Action Pathway,Eicosanoid synthesis|Arachidonic Acid Metabolism pathway|inflammatory signaling,3,2145,53.504485132172704,
d3_metagent_wo_feedback_with_lit,D3,,single,with_lit,compound_only_enrich_mammalian_lm_pathway_WP167_seed4,Eicosanoid synthesis,lm_pathway:WP167,lipidmaps,Eicosanoid synthesis,True,True,1.0000000721685292,Eicosanoid synthesis,1.0000000721685292,1,Eicosanoid synthesis,1.0000000721685292,1,True,True,True,Eicosanoid synthesis|Eicosanoid metabolism via cyclooxygenases (COX)|Eicosanoid metabolism via lipoxygenases (LOX),Eicosanoid synthesis|Eicosanoid metabolism via cyclooxygenases (COX)|Eicosanoid metabolism via lipoxygenases (LOX)|Eicosanoid synthesis|Selenium micronutrient network|Leukotriene C4 Synthesis Deficiency|Rofecoxib Action Pathway|Salicylate-sodium Action Pathway|Trisalicylate-choline Action Pathway|Acetaminophen  Action Pathway,Eicosanoid synthesis,1,1890,53.630228819325566,
d3_metagent_wo_feedback_with_lit,D3,,single,with_lit,compound_only_enrich_mammalian_lm_pathway_WP167_seed5,Eicosanoid synthesis,lm_pathway:WP167,lipidmaps,Eicosanoid synthesis,True,True,1.0000000721685292,Eicosanoid synthesis,1.0000000721685292,1,Eicosanoid synthesis,1.0000000721685292,1,True,True,True,Eicosanoid synthesis|Eicosanoid metabolism via cyclooxygenases (COX)|Eicosanoid metabolism via lipoxygenases (LOX),Eicosanoid synthesis|Eicosanoid metabolism via cyclooxygenases (COX)|Eicosanoid metabolism via lipoxygenases (LOX)|Eicosanoid synthesis|Leukotriene C4 Synthesis Deficiency|Rofecoxib Action Pathway|Salicylate-sodium Action Pathway|Trisalicylate-choline Action Pathway|Acetaminophen  Action Pathway|Acetylsalicylic Acid Action Pathway,Eicosanoid synthesis|eicosanoid pathway|II signaling|acid metabolism|eicosanoid biosynthesis,5,2329,42.91642347536981,
d3_metagent_wo_feedback_with_lit,D3,,single,with_lit,compound_only_enrich_mammalian_lm_pathway_WP167_seed6,Eicosanoid synthesis,lm_pathway:WP167,lipidmaps,Eicosanoid synthesis,True,True,1.0000000721685292,Eicosanoid synthesis,1.0000000721685292,1,Eicosanoid synthesis,1.0000000721685292,1,True,True,True,Eicosanoid synthesis|Eicosanoid metabolism via cyclooxygenases (COX)|Eicosanoid metabolism via lipoxygenases (LOX),Eicosanoid synthesis|Eicosanoid metabolism via cyclooxygenases (COX)|Eicosanoid metabolism via lipoxygenases (LOX)|Eicosanoid synthesis|Leukotriene C4 Synthesis Deficiency|Rofecoxib Action Pathway|Salicylate-sodium Action Pathway|Trisalicylate-choline Action Pathway|Acetaminophen  Action Pathway|Acetylsalicylic Acid Action Pathway,Eicosanoid synthesis|Leukotriene C4 Synthesis Deficiency|Rofecoxib Action Pathway|acid metabolism|5-lipoxygenase pathway|mediator biosynthesis,6,2424,86.10380608402193,
d3_metagent_wo_feedback_with_lit,D3,,single,with_lit,compound_only_enrich_mammalian_lm_pathway_WP167_seed7,Eicosanoid synthesis,lm_pathway:WP167,lipidmaps,Eicosanoid synthesis,True,True,1.0000000721685292,Eicosanoid synthesis,1.0000000721685292,1,Eicosanoid synthesis,1.0000000721685292,1,True,True,True,Eicosanoid synthesis|Eicosanoid metabolism via cyclooxygenases (COX)|Eicosanoid metabolism via lipoxygenases (LOX),Eicosanoid synthesis|Eicosanoid metabolism via cyclooxygenases (COX)|Eicosanoid metabolism via lipoxygenases (LOX)|Eicosanoid synthesis|Leukotriene C4 Synthesis Deficiency|Rofecoxib Action Pathway|Salicylate-sodium Action Pathway|Trisalicylate-choline Action Pathway|Acetaminophen  Action Pathway|Acetylsalicylic Acid Action Pathway,Eicosanoid synthesis|eicosanoid pathway|sulfur metabolism|purine catabolism|immunomodulatory signaling|steroid metabolism|mediator biosynthesis,7,2493,71.36213730461895,
d3_metagent_wo_feedback_with_lit,D3,,single,with_lit,compound_only_enrich_mammalian_lm_pathway_WP167_seed8,Eicosanoid synthesis,lm_pathway:WP167,lipidmaps,SMPDB Arachidonic Acid Metabolism pathway,False,False,0.49922936393054546,Eicosanoid metabolism via cyclooxygenases (COX),0.5852438592972969,2,Eicosanoid metabolism via cyclooxygenases (COX),0.5852438592972969,2,False,False,False,Eicosanoid synthesis|Eicosanoid metabolism via cyclooxygenases (COX)|Eicosanoid metabolism via lipoxygenases (LOX),Eicosanoid synthesis|Eicosanoid metabolism via cyclooxygenases (COX)|Eicosanoid metabolism via lipoxygenases (LOX)|Eicosanoid synthesis|Selenium micronutrient network|Leukotriene C4 Synthesis Deficiency|Rofecoxib Action Pathway|Salicylate-sodium Action Pathway|Trisalicylate-choline Action Pathway|Acetaminophen  Action Pathway,SMPDB Arachidonic Acid Metabolism pathway|Eicosanoid synthesis|methionine metabolism|Selenium micronutrient network|network pathway|not pathway,6,2336,137.54889285564423,
d3_metagent_wo_feedback_with_lit,D3,,single,with_lit,compound_only_enrich_mammalian_lm_pathway_WP167_seed9,Eicosanoid synthesis,lm_pathway:WP167,lipidmaps,Top pathway,False,False,0.3761134497150023,Eicosanoid metabolism via cyclooxygenases (COX),0.4540313420727081,2,Acetaminophen  Action Pathway,0.5614334589221586,9,False,False,False,Eicosanoid synthesis|Eicosanoid metabolism via cyclooxygenases (COX)|Eicosanoid metabolism via lipoxygenases (LOX),Eicosanoid synthesis|Eicosanoid metabolism via cyclooxygenases (COX)|Eicosanoid metabolism via lipoxygenases (LOX)|Eicosanoid synthesis|Leukotriene C4 Synthesis Deficiency|Rofecoxib Action Pathway|Salicylate-sodium Action Pathway|Trisalicylate-choline Action Pathway|Acetaminophen  Action Pathway|Acetylsalicylic Acid Action Pathway,Top pathway|Eicosanoid synthesis|eicosanoid metabolism|acid metabolism,4,2900,132.8172094579786,
d3_metagent_no_lit,D3,,feedback,no_lit,compound_only_enrich_mammalian_RAMP_P_000000016_seed1,"Glycine, serine and threonine metabolism",RAMP_P_000000016,kegg,"Glycine, serine and threonine metabolism",True,True,1.000000153176198,"Glycine, serine and threonine metabolism",1.000000153176198,1,"Glycine, serine and threonine metabolism",1.000000153176198,1,True,True,True,"Glycine, serine and threonine metabolism|Metabolism of amino acids and derivatives|3-Phosphoglycerate dehydrogenase deficiency","Glycine, serine and threonine metabolism|Metabolism of amino acids and derivatives|3-Phosphoglycerate dehydrogenase deficiency|Dihydropyrimidine Dehydrogenase Deficiency (DHPD)|Dimethylglycine Dehydrogenase Deficiency|Dimethylglycine Dehydrogenase Deficiency|Hyperglycinemia, non-ketotic|Non Ketotic Hyperglycinemia|Sarcosinemia|Trans-sulfuration, one-carbon metabolism and related pathways","Glycine, serine and threonine metabolism|threonine metabolism|RaMP-enriched pathway|Metabolism of amino acids and derivatives|methionine catabolism|interconnected metabolism|melanin pathway",7,1873,808.6218755543232,
d3_metagent_no_lit,D3,,feedback,no_lit,compound_only_enrich_mammalian_RAMP_P_000000016_seed2,"Glycine, serine and threonine metabolism",RAMP_P_000000016,kegg,"Glycine, serine and threonine metabolism",True,True,1.000000153176198,"Glycine, serine and threonine metabolism",1.000000153176198,1,"Glycine, serine and threonine metabolism",1.000000153176198,1,True,True,True,"Glycine, serine and threonine metabolism|3-Phosphoglycerate dehydrogenase deficiency|Dihydropyrimidine Dehydrogenase Deficiency (DHPD)","Glycine, serine and threonine metabolism|3-Phosphoglycerate dehydrogenase deficiency|Dihydropyrimidine Dehydrogenase Deficiency (DHPD)|Dimethylglycine Dehydrogenase Deficiency|Dimethylglycine Dehydrogenase Deficiency|Hyperglycinemia, non-ketotic|Non Ketotic Hyperglycinemia|Sarcosinemia|Trans-sulfuration, one-carbon metabolism and related pathways|Metabolism","Glycine, serine and threonine metabolism|threonine metabolism|3-Phosphoglycerate dehydrogenase deficiency|Dimethylglycine Dehydrogenase Deficiency|amino-acid metabolism|one-carbon metabolism|energy metabolism|oxidative metabolism",8,2551,1057.6906753052026,
d3_metagent_no_lit,D3,,feedback,no_lit,compound_only_enrich_mammalian_RAMP_P_000000016_seed4,"Glycine, serine and threonine metabolism",RAMP_P_000000016,kegg,"Glycine, serine and threonine metabolism",True,True,1.000000153176198,"Glycine, serine and threonine metabolism",1.000000153176198,2,"Glycine, serine and threonine metabolism",1.000000153176198,2,True,True,True,"Metabolism of amino acids and derivatives|Glycine, serine and threonine metabolism|Metabolic epileptic disorders","Metabolism of amino acids and derivatives|Glycine, serine and threonine metabolism|Metabolic epileptic disorders|Metabolism|3-Phosphoglycerate dehydrogenase deficiency|Dihydropyrimidine Dehydrogenase Deficiency (DHPD)|Dimethylglycine Dehydrogenase Deficiency|Dimethylglycine Dehydrogenase Deficiency|Hyperglycinemia, non-ketotic|Non Ketotic Hyperglycinemia","Glycine, serine and threonine metabolism|threonine metabolism|Metabolism of amino acids and derivatives|methionine cycle|glycine metabolism|cysteine metabolism|enriched pathway|dependent signaling|energy metabolism|derivative metabolism",10,2212,838.5200038123876,
d3_metagent_no_lit,D3,,feedback,no_lit,compound_only_enrich_mammalian_RAMP_P_000000016_seed6,"Glycine, serine and threonine metabolism",RAMP_P_000000016,kegg,"Glycine, serine and threonine metabolism",True,True,1.000000153176198,"Glycine, serine and threonine metabolism",1.000000153176198,1,"Glycine, serine and threonine metabolism",1.000000153176198,1,True,True,True,"Glycine, serine and threonine metabolism|Biochemical pathways: part I|Cystathionine Beta-Synthase Deficiency","Glycine, serine and threonine metabolism|Biochemical pathways: part I|Cystathionine Beta-Synthase Deficiency|Glycine N-methyltransferase Deficiency|Homocystinuria-megaloblastic anemia due to defect in cobalamin metabolism, cblG complementation type|Hypermethioninemia|Methionine Adenosyltransferase Deficiency|Methionine Metabolism|Methylenetetrahydrofolate Reductase Deficiency (MTHFRD)|S-Adenosylhomocysteine (SAH) Hydrolase Deficiency","Glycine, serine and threonine metabolism|threonine metabolism|top-ranking pathway|Methionine Metabolism|glutathione biosynthesis",5,2516,1036.7902303021401,timeout_in_feedback_loop
d3_metagent_no_lit,D3,,feedback,no_lit,compound_only_enrich_mammalian_RAMP_P_000000016_seed7,"Glycine, serine and threonine metabolism",RAMP_P_000000016,kegg,enriched pathway,False,False,0.3398143573417194,Biochemical pathways: part I,0.4797965773705308,2,Biochemical pathways: part I,0.4797965773705308,2,False,False,False,"Glycine, serine and threonine metabolism|Biochemical pathways: part I|Methionine de novo and salvage pathway","Glycine, serine and threonine metabolism|Biochemical pathways: part I|Methionine de novo and salvage pathway|Metabolism of amino acids and derivatives|Methionine Metabolism|Metabolism|Cystathionine Beta-Synthase Deficiency|Glycine N-methyltransferase Deficiency|Homocystinuria-megaloblastic anemia due to defect in cobalamin metabolism, cblG complementation type|Hypermethioninemia","enriched pathway|Glycine, serine and threonine metabolism|threonine metabolism|methionine metabolism|amino-acid metabolism|excitatory signalling",6,2177,1037.7865430228412,
d3_metagent_no_lit,D3,,feedback,no_lit,compound_only_enrich_mammalian_RAMP_P_000000016_seed9,"Glycine, serine and threonine metabolism",RAMP_P_000000016,kegg,"Glycine, serine and threonine metabolism",True,True,1.000000153176198,"Glycine, serine and threonine metabolism",1.000000153176198,1,"Glycine, serine and threonine metabolism",1.000000153176198,1,True,True,True,"Glycine, serine and threonine metabolism|Metabolism of amino acids and derivatives|Pyruvate metabolism","Glycine, serine and threonine metabolism|Metabolism of amino acids and derivatives|Pyruvate metabolism|Methionine de novo and salvage pathway|SLC-mediated transmembrane transport|Transport of inorganic cations/anions and amino acids/oligopeptides|Disease|Metabolism of vitamins and cofactors|Serine biosynthesis|Transport of small molecules","Glycine, serine and threonine metabolism|threonine metabolism|Pyruvate metabolism|enriched pathway|connected pathway|amino-acid catabolism|TCA cycle|amino-acid metabolism",8,2292,892.5536519549787,
d3_metagent_no_lit,D3,,feedback,no_lit,compound_only_enrich_mammalian_RAMP_P_000000106_seed0,Tyrosine metabolism,RAMP_P_000000106,kegg,enriched pathway,False,False,0.30167069300743443,Alkaptonuria,0.3053782129901652,2,ADHD and autism (ASD) pathways,0.4761293093186544,10,False,False,False,Tyrosine metabolism|Alkaptonuria|Dopamine beta-hydroxylase deficiency,"Tyrosine metabolism|Alkaptonuria|Dopamine beta-hydroxylase deficiency|Hawkinsinuria|Monoamine oxidase-a deficiency (MAO-A)|Tyrosinemia Type I|Tyrosinemia, transient, of the newborn|Disulfiram Action Pathway|Amino acid metabolism|ADHD and autism (ASD) pathways",enriched pathway|Tyrosine metabolism|methionine metabolism|polyamine metabolism|folate metabolism|monoamine biosynthesis,6,2404,400.43354930728674,
d3_metagent_no_lit,D3,,feedback,no_lit,compound_only_enrich_mammalian_RAMP_P_000000106_seed2,Tyrosine metabolism,RAMP_P_000000106,kegg,Alkaptonuria,False,True,0.2919706926081069,Alkaptonuria,1.0000000163705307,2,Alkaptonuria,1.0000000163705307,2,False,True,True,Tyrosine metabolism|Alkaptonuria|Dopamine beta-hydroxylase deficiency,"Tyrosine metabolism|Alkaptonuria|Dopamine beta-hydroxylase deficiency|Hawkinsinuria|Monoamine oxidase-a deficiency (MAO-A)|Tyrosinemia Type I|Tyrosinemia, transient, of the newborn|Disulfiram Action Pathway|Metabolism|Aromatic L-Aminoacid Decarboxylase Deficiency",Alkaptonuria|Dopamine beta-hydroxylase deficiency|Tyrosine metabolism|Disulfiram Action Pathway|acid catabolism|verified pathway,6,1999,750.4591983798891,
d3_metagent_no_lit,D3,,feedback,no_lit,compound_only_enrich_mammalian_RAMP_P_000000106_seed3,Tyrosine metabolism,RAMP_P_000000106,kegg,Tyrosine metabolism,True,True,1.0000000245535443,Tyrosine metabolism,1.0000000245535443,1,Tyrosine metabolism,1.0000000245535443,1,True,True,True,Tyrosine metabolism|Alkaptonuria|Dopamine beta-hydroxylase deficiency,"Tyrosine metabolism|Alkaptonuria|Dopamine beta-hydroxylase deficiency|Hawkinsinuria|Monoamine oxidase-a deficiency (MAO-A)|Tyrosinemia Type I|Tyrosinemia, transient, of the newborn|Disulfiram Action Pathway|ADHD and autism (ASD) pathways|SLC transporter disorders",Tyrosine metabolism|Alkaptonuria|tyrosine catabolism|same pathway|Tyrosine Metabolism pathway|trace-amine metabolism|confirmed pathway|4-hydroxyphenylpyruvate shunt|disrupted pathway|dopamine signalling,10,2529,1160.4465615451336,
d3_metagent_no_lit,D3,,feedback,no_lit,compound_only_enrich_mammalian_RAMP_P_000000106_seed8,Tyrosine metabolism,RAMP_P_000000106,kegg,Tyrosine metabolism,True,True,1.0000000245535443,Tyrosine metabolism,1.0000000245535443,1,Tyrosine metabolism,1.0000000245535443,1,True,True,True,Tyrosine metabolism|Alkaptonuria|Dopamine beta-hydroxylase deficiency,"Tyrosine metabolism|Alkaptonuria|Dopamine beta-hydroxylase deficiency|Hawkinsinuria|Monoamine oxidase-a deficiency (MAO-A)|Tyrosinemia Type I|Tyrosinemia, transient, of the newborn|Disulfiram Action Pathway|Metabolism|ADHD and autism (ASD) pathways",Tyrosine metabolism|enriched pathway|Alkaptonuria|Dopamine beta-hydroxylase deficiency|Hawkinsinuria|Disulfiram Action Pathway|tyrosine catabolism|precursor biosynthesis|tyrosine degradation|neurological signaling,10,2826,987.1327972114086,timeout_in_feedback_loop
d3_metagent_no_lit,D3,,feedback,no_lit,compound_only_enrich_mammalian_RAMP_P_000000141_seed0,Tryptophan metabolism,RAMP_P_000000141,kegg,tryptophan metabolism,True,True,0.9999999236558506,Tryptophan metabolism,0.9999999236558506,1,Tryptophan metabolism,0.9999999236558506,1,True,True,True,Tryptophan metabolism|Biochemical pathways: part I|Tryptophan metabolism,Tryptophan metabolism|Biochemical pathways: part I|Tryptophan metabolism|Metabolism of amino acids and derivatives|Tryptophan catabolism leading to NAD+ production|Amino acid metabolism|Metabolism|ADHD and autism (ASD) pathways|IDO metabolic pathway|Serotonin and melatonin biosynthesis,tryptophan metabolism|Biochemical pathways: part I|Metabolism of amino acids and derivatives|neuroimmune signaling|differential catabolism|Tryptophan catabolism|cofactor biosynthesis|Tryptophan metabolism pathway|production pathway,9,2900,909.4736180286855,
d3_metagent_no_lit,D3,,feedback,no_lit,compound_only_enrich_mammalian_RAMP_P_000000141_seed1,Tryptophan metabolism,RAMP_P_000000141,kegg,Tryptophan metabolism,True,True,0.9999999443079719,Tryptophan metabolism,0.9999999443079719,1,Tryptophan metabolism,0.9999999443079719,1,True,True,True,Tryptophan metabolism|Biochemical pathways: part I|Metabolism of amino acids and derivatives,Tryptophan metabolism|Biochemical pathways: part I|Metabolism of amino acids and derivatives|Tryptophan metabolism|ADHD and autism (ASD) pathways|Tryptophan catabolism leading to NAD+ production|Metabolism|Amino acid metabolism|IDO metabolic pathway|Serotonin and melatonin biosynthesis,Tryptophan metabolism|tryptophan catabolism|verified pathway,3,2389,556.7767321448773,
d3_metagent_no_lit,D3,,feedback,no_lit,compound_only_enrich_mammalian_RAMP_P_000000141_seed2,Tryptophan metabolism,RAMP_P_000000141,kegg,Tryptophan metabolism,True,True,0.9999999443079719,Tryptophan metabolism,0.9999999443079719,1,Tryptophan metabolism,0.9999999443079719,1,True,True,True,Tryptophan metabolism|Tryptophan metabolism|Amino acid metabolism,Tryptophan metabolism|Tryptophan metabolism|Amino acid metabolism|Biochemical pathways: part I|Serotonin and melatonin biosynthesis|Biogenic amine synthesis|Tryptophan catabolism leading to NAD+ production|Neurotransmitter disorders|Biosynthesis and regeneration of tetrahydrobiopterin and catabolism of phenylalanine|Metabolism of amine-derived hormones,Tryptophan metabolism|top pathway|neurotransmitter biosynthesis|KEGG pathway|GPCR signaling|GPCR downstream signalling|tryptophan pathway|phosphate pathway|top-enriched pathway,9,2590,1475.164701199159,
d3_metagent_no_lit,D3,,feedback,no_lit,compound_only_enrich_mammalian_RAMP_P_000000141_seed3,Tryptophan metabolism,RAMP_P_000000141,kegg,tryptophan metabolism,True,True,0.9999999236558506,Tryptophan metabolism,0.9999999236558506,1,Tryptophan metabolism,0.9999999236558506,1,True,True,True,Tryptophan metabolism|Tryptophan metabolism|Biochemical pathways: part I,Tryptophan metabolism|Tryptophan metabolism|Biochemical pathways: part I|Tryptophan catabolism leading to NAD+ production|Amino acid metabolism|ADHD and autism (ASD) pathways|Metabolism|IDO metabolic pathway|Serotonin and melatonin biosynthesis|NAD+ biosynthetic pathways,tryptophan metabolism|Tryptophan catabolism|Tryptophan catabolism leading to NAD+ production|amino-acid metabolism|KEGG tryptophan pathway|Biochemical pathways: part I|kynurenine shunt|same pathway|energy metabolism,9,2935,1139.3652066867799,timeout_in_feedback_loop
d3_metagent_no_lit,D3,,feedback,no_lit,compound_only_enrich_mammalian_RAMP_P_000000141_seed4,Tryptophan metabolism,RAMP_P_000000141,kegg,Tryptophan metabolism,True,True,0.9999999443079719,Tryptophan metabolism,0.9999999443079719,1,Tryptophan metabolism,0.9999999443079719,1,True,True,True,Tryptophan metabolism|Amino acid metabolism|Tryptophan metabolism,Tryptophan metabolism|Amino acid metabolism|Tryptophan metabolism|Biochemical pathways: part I|G alpha (i) signalling events|Metabolism|GPCR downstream signalling|Phase I - Functionalization of compounds|ADHD and autism (ASD) pathways|Signaling by GPCR,Tryptophan metabolism|G alpha (i) signalling events|events pathway|as signalling|tryptophan catabolism|indole-amine biosynthesis|kynurenine pathway|indole metabolism,8,3360,1487.480163225904,timeout_in_feedback_loop
d3_metagent_no_lit,D3,,feedback,no_lit,compound_only_enrich_mammalian_RAMP_P_000000141_seed5,Tryptophan metabolism,RAMP_P_000000141,kegg,Tryptophan metabolism,True,True,0.9999999443079719,Tryptophan metabolism,0.9999999443079719,1,Tryptophan metabolism,0.9999999443079719,1,True,True,True,Tryptophan metabolism|Tryptophan metabolism|Metabolism of amino acids and derivatives,Tryptophan metabolism|Tryptophan metabolism|Metabolism of amino acids and derivatives|Biochemical pathways: part I|Metabolism|Serotonin and melatonin biosynthesis|Biogenic amine synthesis|Amino acid metabolism|Tryptophan catabolism leading to NAD+ production|Neurotransmitter disorders,Tryptophan metabolism|derivative metabolism|Tryptophan pathway|same pathway|Tryptophan metabolism pathway,5,2157,940.6836550980806,
d3_metagent_no_lit,D3,,feedback,no_lit,compound_only_enrich_mammalian_RAMP_P_000000141_seed6,Tryptophan metabolism,RAMP_P_000000141,kegg,tryptophan catabolism,True,True,0.6931637138032707,Tryptophan metabolism,0.6931637138032707,1,Tryptophan catabolism leading to NAD+ production,0.7231094122932313,5,False,False,False,Tryptophan metabolism|Tryptophan metabolism|Biochemical pathways: part I,Tryptophan metabolism|Tryptophan metabolism|Biochemical pathways: part I|Biogenic amine synthesis|Tryptophan catabolism leading to NAD+ production|Metabolism|ADHD and autism (ASD) pathways|IDO metabolic pathway|Sudden infant death syndrome (SIDS) susceptibility pathways|Serotonin and melatonin biosynthesis,tryptophan catabolism|exact pathway|Tryptophan metabolism|new pathway|Biogenic amine synthesis|tryptophan degradation|circadian signaling|Phase I metabolism|despite pathway,9,3543,642.2222662921995,
d3_metagent_no_lit,D3,,feedback,no_lit,compound_only_enrich_mammalian_RAMP_P_000000141_seed7,Tryptophan metabolism,RAMP_P_000000141,kegg,tryptophan metabolism,True,True,0.9999999236558506,Tryptophan metabolism,0.9999999236558506,1,Tryptophan metabolism,0.9999999236558506,1,True,True,True,Tryptophan metabolism|Tryptophan metabolism|Tryptophan catabolism leading to NAD+ production,Tryptophan metabolism|Tryptophan metabolism|Tryptophan catabolism leading to NAD+ production|Biochemical pathways: part I|ADHD and autism (ASD) pathways|Metabolism of amino acids and derivatives|IDO metabolic pathway|Serotonin and melatonin biosynthesis|Amino acid metabolism|NAD+ biosynthetic pathways,tryptophan metabolism|The KEGG Tryptophan metabolism pathway|tryptamine shunt,3,2530,263.647908417508,
d3_metagent_no_lit,D3,,feedback,no_lit,compound_only_enrich_mammalian_RAMP_P_000000141_seed8,Tryptophan metabolism,RAMP_P_000000141,kegg,Tryptophan metabolism,True,True,0.9999999443079719,Tryptophan metabolism,0.9999999443079719,1,Tryptophan metabolism,0.9999999443079719,1,True,True,True,Tryptophan metabolism|Tryptophan catabolism leading to NAD+ production|Biochemical pathways: part I,Tryptophan metabolism|Tryptophan catabolism leading to NAD+ production|Biochemical pathways: part I|ADHD and autism (ASD) pathways|Metabolism|Tryptophan metabolism|Metabolism of amino acids and derivatives|IDO metabolic pathway|Serotonin and melatonin biosynthesis|NAD+ biosynthetic pathways,Tryptophan metabolism|Tryptophan catabolism|serotonin biosynthesis|nicotinamide metabolism|unified pathway|phosphoethanolamine metabolism|autophagic signaling,7,2893,914.5367257911712,
d3_metagent_no_lit,D3,,feedback,no_lit,compound_only_enrich_mammalian_RAMP_P_000000398_seed0,Galactose Metabolism,RAMP_P_000000398,kegg,Galactosemia,False,True,0.5274823902606672,Galactosemia,1.0000001034393806,1,Galactosemia,1.0000001034393806,1,False,True,True,Galactosemia|Galactose Metabolism|Galactose Metabolism,Galactosemia|Galactose Metabolism|Galactose Metabolism|Biochemical pathways: part I|Glycerophospholipid biosynthetic pathway|Glycerophospholipid biosynthesis|Phospholipid metabolism|MECP2 and associated Rett syndrome|GPCR downstream signalling|Orexin receptor pathway,Galactosemia|Galactose Metabolism|galactose pathway|Glycerophospholipid biosynthetic pathway|estrogen metabolism|steroid signalling|glycerophospholipid metabolism|no pathway,8,2667,739.0971016921103,
d3_metagent_no_lit,D3,,feedback,no_lit,compound_only_enrich_mammalian_RAMP_P_000000398_seed1,Galactose Metabolism,RAMP_P_000000398,kegg,galactose metabolism,True,True,0.9999999832245213,Galactose Metabolism,0.9999999832245213,2,Galactose Metabolism,0.9999999832245213,2,True,True,True,Galactosemia|Galactose Metabolism|Galactose Metabolism,Galactosemia|Galactose Metabolism|Galactose Metabolism|Biochemical pathways: part I|Glycerophospholipid biosynthesis|Phospholipid metabolism|GPCR downstream signalling|Signaling by GPCR|Signal Transduction|Digestion,galactose metabolism|Galactosemia|glycerophospholipid biosynthesis|lipid metabolism|same pathway|phosphate metabolism|galactose pathway|Causation between pathway,8,2607,944.3370440583676,
d3_metagent_no_lit,D3,,feedback,no_lit,compound_only_enrich_mammalian_RAMP_P_000000398_seed2,Galactose Metabolism,RAMP_P_000000398,kegg,Galactosemia,False,True,0.5274823902606672,Galactosemia,1.0000001034393806,1,Galactosemia,1.0000001034393806,1,False,True,True,Galactosemia|Galactose Metabolism|Galactose Metabolism,"Galactosemia|Galactose Metabolism|Galactose Metabolism|Biochemical pathways: part I|Glycerophospholipid biosynthetic pathway|Glycerophospholipid biosynthesis|Phospholipid metabolism|Trans-sulfuration, one-carbon metabolism and related pathways|Phosphatidylethanolamine Biosynthesis|Phosphatidylcholine Biosynthesis",Galactosemia|Galactose Metabolism,2,1062,866.1792134363204,
d3_metagent_no_lit,D3,,feedback,no_lit,compound_only_enrich_mammalian_RAMP_P_000000398_seed3,Galactose Metabolism,RAMP_P_000000398,kegg,Galactose Metabolism,True,True,0.9999999675920971,Galactose Metabolism,0.9999999675920971,2,Galactose Metabolism,0.9999999675920971,2,True,True,True,Galactosemia|Galactose Metabolism|Galactose Metabolism,Galactosemia|Galactose Metabolism|Galactose Metabolism|Biochemical pathways: part I|Metabolism|Aspirin ADME|Metabolism of lipids|Drug ADME|Disease|Orexin receptor pathway,Galactose Metabolism|Disease|Galactosemia|drives shunt|Galactose Metabolism pathway|foreign-compound metabolism|carbohydrate metabolism,7,2039,770.2513688299805,
d3_metagent_no_lit,D3,,feedback,no_lit,compound_only_enrich_mammalian_RAMP_P_000000398_seed4,Galactose Metabolism,RAMP_P_000000398,kegg,Galactosemia,False,True,0.5274823902606672,Galactosemia,1.0000001034393806,1,Galactosemia,1.0000001034393806,1,False,True,True,Galactosemia|Galactose Metabolism|Galactose Metabolism,"Galactosemia|Galactose Metabolism|Galactose Metabolism|Biochemical pathways: part I|Disease|Orexin receptor pathway|Glucocorticoid biosynthesis|Starch and sucrose metabolism|Transport of bile salts and organic acids, metal ions and amine compounds|Metabolism",Galactosemia|Galactosemia pathway,2,1224,980.2632834799588,
d3_metagent_no_lit,D3,,feedback,no_lit,compound_only_enrich_mammalian_RAMP_P_000000398_seed5,Galactose Metabolism,RAMP_P_000000398,kegg,Galactose Metabolism,True,True,0.9999999675920971,Galactose Metabolism,0.9999999675920971,2,Galactose Metabolism,0.9999999675920971,2,True,True,True,Galactosemia|Galactose Metabolism|Galactose Metabolism,Galactosemia|Galactose Metabolism|Galactose Metabolism|Biochemical pathways: part I|MECP2 and associated Rett syndrome|GPCR downstream signalling|Orexin receptor pathway|Signaling by GPCR|Glucose homeostasis|Transport of small molecules,Galactose Metabolism|Galactosemia|Leloir pathway|phosphatidylinositol signaling|enriched pathway,5,3087,730.8113577961922,
d3_metagent_no_lit,D3,,feedback,no_lit,compound_only_enrich_mammalian_RAMP_P_000000398_seed6,Galactose Metabolism,RAMP_P_000000398,kegg,galactose metabolism,True,True,0.9999999832245213,Galactose Metabolism,0.9999999832245213,2,Galactose Metabolism,0.9999999832245213,2,True,True,True,Galactosemia|Galactose Metabolism|Galactose Metabolism,Galactosemia|Galactose Metabolism|Galactose Metabolism|Biochemical pathways: part I|Metabolic epileptic disorders|ADHD and autism (ASD) pathways|Metabolism|Transport of small molecules|Glycerophospholipid biosynthetic pathway|Vitamin B12 metabolism,galactose metabolism|Galactosemia|galactose degradation|Leloir pathway|phosphate signaling|phosphatidylinositol metabolism|methionine cycle|eicosanoid signaling|oligosaccharide biosynthesis,9,2362,977.3698032349348,timeout_in_feedback_loop
d3_metagent_no_lit,D3,,feedback,no_lit,compound_only_enrich_mammalian_RAMP_P_000000398_seed7,Galactose Metabolism,RAMP_P_000000398,kegg,galactose metabolism,True,True,0.9999999832245213,Galactose Metabolism,0.9999999832245213,2,Galactose Metabolism,0.9999999832245213,2,True,True,True,Galactosemia|Galactose Metabolism|Galactose Metabolism,Galactosemia|Galactose Metabolism|Galactose Metabolism|Biochemical pathways: part I|Orexin receptor pathway|Glucose homeostasis|Transport of small molecules|Digestion|Digestion and absorption|Starch and sucrose metabolism,galactose metabolism|Galactosemia|KEGG Galactose Metabolism pathway|Leloir pathway|phosphate metabolism|Methionine Metabolism pathway|methionine cycle|carbohydrate metabolism,8,2567,904.5989699009806,timeout_in_feedback_loop
d3_metagent_no_lit,D3,,feedback,no_lit,compound_only_enrich_mammalian_RAMP_P_000000398_seed8,Galactose Metabolism,RAMP_P_000000398,kegg,galactose metabolism,True,True,0.9999999832245213,Galactose Metabolism,0.9999999832245213,2,Galactose Metabolism,0.9999999832245213,2,True,True,True,Galactosemia|Galactose Metabolism|Galactose Metabolism,Galactosemia|Galactose Metabolism|Galactose Metabolism|Biochemical pathways: part I|Orexin receptor pathway|Glucose homeostasis|Signaling by GPCR|Digestion|Digestion and absorption|Signal Transduction,galactose metabolism|Galactosemia|six pathway|downstream catabolism,4,2487,1134.209657844156,timeout_in_feedback_loop
d3_metagent_no_lit,D3,,feedback,no_lit,compound_only_enrich_mammalian_RAMP_P_000000398_seed9,Galactose Metabolism,RAMP_P_000000398,kegg,Galactose metabolism,True,True,0.9999999675920971,Galactose Metabolism,0.9999999675920971,2,Galactose Metabolism,0.9999999675920971,2,True,True,True,Galactosemia|Galactose Metabolism|Galactose Metabolism,Galactosemia|Galactose Metabolism|Galactose Metabolism|Biochemical pathways: part I|Polyol pathway|Disorders of fructose metabolism|Orexin receptor pathway|Glucose homeostasis|Digestion|Digestion and absorption,Galactose metabolism|Galactosemia|sugar catabolism|polyol pathway|phosphate signalling|lipid metabolism|lacking pathway,7,1584,982.6253381650895,
d3_metagent_no_lit,D3,,feedback,no_lit,compound_only_enrich_mammalian_RAMP_P_000000421_seed1,Androgen and Estrogen Metabolism,RAMP_P_000000421,kegg,Androgen and Estrogen Metabolism,True,True,0.999999899513863,Androgen and Estrogen Metabolism,0.999999899513863,2,Androgen and Estrogen Metabolism,0.999999899513863,2,True,True,True,17-Beta Hydroxysteroid Dehydrogenase III Deficiency|Androgen and Estrogen Metabolism|Androgen and Estrogen Metabolism,17-Beta Hydroxysteroid Dehydrogenase III Deficiency|Androgen and Estrogen Metabolism|Androgen and Estrogen Metabolism|Aromatase deficiency|Metabolism of steroid hormones|Steroid biosynthesis|Androgen receptor network in prostate cancer|Sulfatase and aromatase pathway|Male steroid hormones in cardiomyocyte energy metabolism|Cancer pathways,Androgen and Estrogen Metabolism|Tyrosine metabolism|catecholamine metabolism|disease-centric pathway|17-Beta Hydroxysteroid Dehydrogenase III Deficiency,5,2153,789.376088315621,
d3_metagent_no_lit,D3,,feedback,no_lit,compound_only_enrich_mammalian_RAMP_P_000000421_seed2,Androgen and Estrogen Metabolism,RAMP_P_000000421,kegg,17-Beta Hydroxysteroid Dehydrogenase III Deficiency,False,True,0.26894907817392727,17-Beta Hydroxysteroid Dehydrogenase III Deficiency,1.0000000493499484,1,17-Beta Hydroxysteroid Dehydrogenase III Deficiency,1.0000000493499484,1,False,True,True,17-Beta Hydroxysteroid Dehydrogenase III Deficiency|Androgen and Estrogen Metabolism|Androgen and Estrogen Metabolism,17-Beta Hydroxysteroid Dehydrogenase III Deficiency|Androgen and Estrogen Metabolism|Androgen and Estrogen Metabolism|Aromatase deficiency|Cancer pathways|Classical pathway of steroidogenesis with glucocorticoid and mineralocorticoid metabolism|Metabolism of steroid hormones|Steroid biosynthesis|Androgen receptor network in prostate cancer|Biochemical pathways: part I,17-Beta Hydroxysteroid Dehydrogenase III Deficiency|top-ranked pathway|steroid biosynthesis|The top-ranked pathway,4,2233,702.7007128279656,
d3_metagent_no_lit,D3,,feedback,no_lit,compound_only_enrich_mammalian_RAMP_P_000000421_seed3,Androgen and Estrogen Metabolism,RAMP_P_000000421,kegg,enriched pathway,False,False,0.4034987368939031,Androgen and Estrogen Metabolism,0.4034987368939031,2,Cancer pathways,0.5696502728059191,10,False,False,False,17-Beta Hydroxysteroid Dehydrogenase III Deficiency|Androgen and Estrogen Metabolism|Androgen and Estrogen Metabolism,17-Beta Hydroxysteroid Dehydrogenase III Deficiency|Androgen and Estrogen Metabolism|Androgen and Estrogen Metabolism|Aromatase deficiency|Metabolism of steroid hormones|Steroid biosynthesis|Androgen receptor network in prostate cancer|Sulfatase and aromatase pathway|Male steroid hormones in cardiomyocyte energy metabolism|Cancer pathways,enriched pathway|17-Beta Hydroxysteroid Dehydrogenase III Deficiency|same pathway|top-ranked pathway|Guanidoacetic acid's pathway|secondary pathway,6,2231,1019.2522629555315,
d3_metagent_no_lit,D3,,feedback,no_lit,compound_only_enrich_mammalian_RAMP_P_000000421_seed4,Androgen and Estrogen Metabolism,RAMP_P_000000421,kegg,Androgen and Estrogen Metabolism,True,True,0.999999899513863,Androgen and Estrogen Metabolism,0.999999899513863,2,Androgen and Estrogen Metabolism,0.999999899513863,2,True,True,True,17-Beta Hydroxysteroid Dehydrogenase III Deficiency|Androgen and Estrogen Metabolism|Androgen and Estrogen Metabolism,17-Beta Hydroxysteroid Dehydrogenase III Deficiency|Androgen and Estrogen Metabolism|Androgen and Estrogen Metabolism|Aromatase deficiency|Metabolism of steroid hormones|Steroid biosynthesis|Androgen receptor network in prostate cancer|Sulfatase and aromatase pathway|Metabolism|Male steroid hormones in cardiomyocyte energy metabolism,Androgen and Estrogen Metabolism|Metabolism of steroid hormones|top-enriched pathway,3,3218,1173.7482214029878,
d3_metagent_no_lit,D3,,feedback,no_lit,compound_only_enrich_mammalian_RAMP_P_000000421_seed5,Androgen and Estrogen Metabolism,RAMP_P_000000421,kegg,Androgen and Estrogen Metabolism,True,True,0.999999899513863,Androgen and Estrogen Metabolism,0.999999899513863,2,Androgen and Estrogen Metabolism,0.999999899513863,2,True,True,True,17-Beta Hydroxysteroid Dehydrogenase III Deficiency|Androgen and Estrogen Metabolism|Androgen and Estrogen Metabolism,17-Beta Hydroxysteroid Dehydrogenase III Deficiency|Androgen and Estrogen Metabolism|Androgen and Estrogen Metabolism|Aromatase deficiency|Metabolism of steroid hormones|Steroid biosynthesis|Androgen receptor network in prostate cancer|Sulfatase and aromatase pathway|Male steroid hormones in cardiomyocyte energy metabolism|Biological oxidations,Androgen and Estrogen Metabolism|Tyrosine metabolism|Tryptophan metabolism|methionine metabolism|receptor signalling|steroid-hormone biosynthesis,6,2322,634.4491323400289,
d3_metagent_no_lit,D3,,feedback,no_lit,compound_only_enrich_mammalian_RAMP_P_000000421_seed6,Androgen and Estrogen Metabolism,RAMP_P_000000421,kegg,Androgen and Estrogen Metabolism,True,True,0.999999899513863,Androgen and Estrogen Metabolism,0.999999899513863,2,Androgen and Estrogen Metabolism,0.999999899513863,2,True,True,True,17-Beta Hydroxysteroid Dehydrogenase III Deficiency|Androgen and Estrogen Metabolism|Androgen and Estrogen Metabolism,17-Beta Hydroxysteroid Dehydrogenase III Deficiency|Androgen and Estrogen Metabolism|Androgen and Estrogen Metabolism|Aromatase deficiency|Cancer pathways|Classical pathway of steroidogenesis with glucocorticoid and mineralocorticoid metabolism|Metabolism of steroid hormones|Steroid biosynthesis|Androgen receptor network in prostate cancer|Sulfatase and aromatase pathway,Androgen and Estrogen Metabolism|via pathway|Estrogen Metabolism pathway|enriched pathway|current pathway,5,2522,1153.7561352606863,
d3_metagent_no_lit,D3,,feedback,no_lit,compound_only_enrich_mammalian_RAMP_P_000000421_seed8,Androgen and Estrogen Metabolism,RAMP_P_000000421,kegg,17-Beta Hydroxysteroid Dehydrogenase III Deficiency,False,True,0.26894907817392727,17-Beta Hydroxysteroid Dehydrogenase III Deficiency,1.0000000493499484,1,17-Beta Hydroxysteroid Dehydrogenase III Deficiency,1.0000000493499484,1,False,True,True,17-Beta Hydroxysteroid Dehydrogenase III Deficiency|Androgen and Estrogen Metabolism|Androgen and Estrogen Metabolism,17-Beta Hydroxysteroid Dehydrogenase III Deficiency|Androgen and Estrogen Metabolism|Androgen and Estrogen Metabolism|Aromatase deficiency|Metabolism of steroid hormones|Steroid biosynthesis|Androgen receptor network in prostate cancer|Sulfatase and aromatase pathway|Male steroid hormones in cardiomyocyte energy metabolism|Biochemical pathways: part I,17-Beta Hydroxysteroid Dehydrogenase III Deficiency|top-ranked pathway|Androgen and Estrogen Metabolism|Estrogen Metabolism pathway|Metabolism of steroid hormones|Reactome steroid-hormone biosynthesis,6,2006,875.4709402304143,
d3_metagent_no_lit,D3,,feedback,no_lit,compound_only_enrich_mammalian_RAMP_P_000025682_seed2,Celecoxib Action Pathway,RAMP_P_000025682,smpdb,Celecoxib Action Pathway,True,True,1.0000001189568997,Celecoxib Action Pathway,1.0000001189568997,1,Celecoxib Action Pathway,1.0000001189568997,1,True,True,True,Celecoxib Action Pathway|Ibuprofen Action Pathway|Leukotriene C4 Synthesis Deficiency,Celecoxib Action Pathway|Ibuprofen Action Pathway|Leukotriene C4 Synthesis Deficiency|Rofecoxib Action Pathway|Salicylate-sodium Action Pathway|Trisalicylate-choline Action Pathway|Acetaminophen  Action Pathway|Acetylsalicylic Acid Action Pathway|Antipyrine Action Pathway|Antrafenine Action Pathway,Celecoxib Action Pathway|Ibuprofen Action Pathway|SMPDB pathway,3,1843,842.3163409400731,
d3_metagent_no_lit,D3,,feedback,no_lit,compound_only_enrich_mammalian_RAMP_P_000050021_seed0,Biological oxidations,RAMP_P_000050021,reactome,xenobiotic metabolism,False,True,0.5229735964197266,Metabolism,0.8217436747704865,2,Metabolism,0.8217436747704865,2,False,True,True,Biological oxidations|Metabolism|Phase II - Conjugation of compounds,"Biological oxidations|Metabolism|Phase II - Conjugation of compounds|Phase I - Functionalization of compounds|Xenobiotics|Cytochrome P450 - arranged by substrate type|ADHD and autism (ASD) pathways|Glutathione conjugation|Sensory perception of sweet, bitter, and umami (glutamate) taste|Sensory perception of taste",xenobiotic metabolism|Biological oxidations|top pathway|Xenobiotics|Glutathione conjugation|Xenobiotics pathway|drug metabolism,7,2553,1375.3816799465567,
d3_metagent_no_lit,D3,,feedback,no_lit,compound_only_enrich_mammalian_RAMP_P_000050021_seed1,Biological oxidations,RAMP_P_000050021,reactome,Phase I - Functionalization of compounds,False,True,0.4281611954343271,Phase I - Functionalization of compounds,0.999999899317975,3,Phase I - Functionalization of compounds,0.999999899317975,3,False,True,True,Biological oxidations|Metabolism|Phase I - Functionalization of compounds,Biological oxidations|Metabolism|Phase I - Functionalization of compounds|Phase II - Conjugation of compounds|Cytochrome P450 - arranged by substrate type|Sensory Perception|Cytosolic sulfonation of small molecules|Xenobiotics|Transport of small molecules|Signaling by Hedgehog,Phase I - Functionalization of compounds|Biological oxidations|Phase II - Conjugation of compounds,3,2220,2550.577712856233,
d3_metagent_no_lit,D3,,feedback,no_lit,compound_only_enrich_mammalian_RAMP_P_000050021_seed2,Biological oxidations,RAMP_P_000050021,reactome,unsupported pathway,False,False,0.38897187549192663,Phase II - Conjugation of compounds,0.42893036388657324,3,Phase II - Conjugation of compounds,0.42893036388657324,3,False,False,False,Biological oxidations|Metabolism|Phase II - Conjugation of compounds,Biological oxidations|Metabolism|Phase II - Conjugation of compounds|Phase I - Functionalization of compounds|Methylation|Xenobiotics|Drug ADME|Cytochrome P450 - arranged by substrate type|Glutathione conjugation|Metabolism of amino acids and derivatives,unsupported pathway|from pathway|Phase I - Functionalization of compounds|Phase II - Conjugation of compounds|parent pathway|Biological oxidations|Glutathione conjugation|xenobiotic metabolism,8,2279,1015.2561097126454,
d3_metagent_no_lit,D3,,feedback,no_lit,compound_only_enrich_mammalian_RAMP_P_000050021_seed3,Biological oxidations,RAMP_P_000050021,reactome,Biological oxidations,True,True,0.9999998845904756,Biological oxidations,0.9999998845904756,1,Biological oxidations,0.9999998845904756,1,True,True,True,Biological oxidations|Phase I - Functionalization of compounds|Metabolism,Biological oxidations|Phase I - Functionalization of compounds|Metabolism|Selenium micronutrient network|Cytochrome P450 - arranged by substrate type|Phase II - Conjugation of compounds|Xenobiotics|Vitamin B12 metabolism|Folate metabolism|Thromboxane signalling through TP receptor,Biological oxidations|top pathway|oxidative metabolism|Selenium micronutrient network|fourth pathway|xenobiotic metabolism|pyrene metabolism|energy metabolism,8,2977,758.6935896277428,
d3_metagent_no_lit,D3,,feedback,no_lit,compound_only_enrich_mammalian_RAMP_P_000050021_seed4,Biological oxidations,RAMP_P_000050021,reactome,Phase II - Conjugation of compounds,False,True,0.4474731148526991,Phase II - Conjugation of compounds,1.0000000525501225,3,Phase II - Conjugation of compounds,1.0000000525501225,3,False,True,True,Biological oxidations|Metabolism|Phase II - Conjugation of compounds,"Biological oxidations|Metabolism|Phase II - Conjugation of compounds|Phase I - Functionalization of compounds|Xenobiotics|Cytochrome P450 - arranged by substrate type|Glutathione conjugation|Sensory perception of sweet, bitter, and umami (glutamate) taste|Sensory perception of taste|Drug ADME",Phase II - Conjugation of compounds|Biological oxidations|glutathione biosynthesis|pyrene metabolism|Glutathione conjugation|oxidative metabolism,6,3082,741.2144564371556,
d3_metagent_no_lit,D3,,feedback,no_lit,compound_only_enrich_mammalian_RAMP_P_000050021_seed5,Biological oxidations,RAMP_P_000050021,reactome,top-ranked pathway,False,False,0.37213344722494474,Metabolism,0.5336942488479091,1,Biochemical pathways: part I,0.6174017874370676,5,False,False,False,Metabolism|Biological oxidations|Phase I - Functionalization of compounds,"Metabolism|Biological oxidations|Phase I - Functionalization of compounds|Xenobiotics|Biochemical pathways: part I|Sensory perception of sweet, bitter, and umami (glutamate) taste|Sensory perception of taste|Cytochrome P450 - arranged by substrate type|Phase II - Conjugation of compounds|Sensory Perception",top-ranked pathway|Biological oxidations|Reactome pathway|xenobiotic metabolism|conjugative metabolism|beta-Alanine metabolism|pyrimidine metabolism|pyrimidine catabolism|RaMP-enriched pathway,9,2261,588.3135341759771,
d3_metagent_no_lit,D3,,feedback,no_lit,compound_only_enrich_mammalian_RAMP_P_000050021_seed6,Biological oxidations,RAMP_P_000050021,reactome,Biological oxidations,True,True,0.9999998845904756,Biological oxidations,0.9999998845904756,1,Biological oxidations,0.9999998845904756,1,True,True,True,Biological oxidations|Metabolism|Phase II - Conjugation of compounds,"Biological oxidations|Metabolism|Phase II - Conjugation of compounds|Phase I - Functionalization of compounds|Xenobiotics|Cytochrome P450 - arranged by substrate type|Amino acid metabolism in triple-negative breast cancer cells|Glutathione conjugation|Methylation|Trans-sulfuration, one-carbon metabolism and related pathways",Biological oxidations|Glutathione conjugation|xenobiotic metabolism|Xenobiotics|Phase I metabolism|provides pathway,6,2882,1333.101029317826,
d3_metagent_no_lit,D3,,feedback,no_lit,compound_only_enrich_mammalian_RAMP_P_000050021_seed7,Biological oxidations,RAMP_P_000050021,reactome,Biological oxidations,True,True,0.9999998845904756,Biological oxidations,0.9999998845904756,2,Biological oxidations,0.9999998845904756,2,True,True,True,Metabolism|Biological oxidations|Phase I - Functionalization of compounds,"Metabolism|Biological oxidations|Phase I - Functionalization of compounds|Xenobiotics|Cytochrome P450 - arranged by substrate type|Phase II - Conjugation of compounds|Sensory perception of sweet, bitter, and umami (glutamate) taste|Sensory perception of taste|G alpha (i) signalling events|GPCR downstream signalling",Biological oxidations|The top-scoring pathway|Xenobiotics|oxidation pathway|sulfur metabolism|glutathione-conjugation pathway|oxidative metabolism,7,2886,2483.259908273816,timeout_in_feedback_loop
d3_metagent_no_lit,D3,,feedback,no_lit,compound_only_enrich_mammalian_RAMP_P_000050021_seed8,Biological oxidations,RAMP_P_000050021,reactome,Biological oxidations,True,True,0.9999998845904756,Biological oxidations,0.9999998845904756,2,Biological oxidations,0.9999998845904756,2,True,True,True,Metabolism|Biological oxidations|Phase I - Functionalization of compounds,Metabolism|Biological oxidations|Phase I - Functionalization of compounds|Xenobiotics|Cytochrome P450 - arranged by substrate type|Phase II - Conjugation of compounds|Agmatine biosynthesis|Assembly of collagen fibrils and other multimeric structures|Crosslinking of collagen fibrils|Spironolactone Action Pathway,Biological oxidations|mediated metabolism|Xenobiotics|Spironolactone Action Pathway|SMPDB pathway,5,2198,866.7682480979711,
d3_metagent_no_lit,D3,,feedback,no_lit,compound_only_enrich_mammalian_RAMP_P_000050021_seed9,Biological oxidations,RAMP_P_000050021,reactome,enriched pathway,False,False,0.40679238931636985,Metabolism,0.457090400563963,3,Metabolism,0.457090400563963,3,False,False,False,Biological oxidations|Cytochrome P450 - arranged by substrate type|Metabolism,Biological oxidations|Cytochrome P450 - arranged by substrate type|Metabolism|Phase I - Functionalization of compounds|Xenobiotics|Metal sequestration by antimicrobial proteins|Phase II - Conjugation of compounds|Iron uptake and transport|Transport of small molecules|Antimicrobial peptides,enriched pathway|xenobiotic metabolism|CYP-mediated oxidative metabolism|Reactome pathway,4,2268,612.6014817859977,
d3_metagent_no_lit,D3,,feedback,no_lit,compound_only_enrich_mammalian_RAMP_P_000050096_seed6,Metabolism of amino acids and derivatives,RAMP_P_000050096,reactome,Metabolism of amino acids and derivatives,True,True,0.9999999463389617,Metabolism of amino acids and derivatives,0.9999999463389617,1,Metabolism of amino acids and derivatives,0.9999999463389617,1,True,True,True,Metabolism of amino acids and derivatives|Alkaptonuria|Dopamine beta-hydroxylase deficiency,"Metabolism of amino acids and derivatives|Alkaptonuria|Dopamine beta-hydroxylase deficiency|Hawkinsinuria|Monoamine oxidase-a deficiency (MAO-A)|Tyrosinemia Type I|Tyrosinemia, transient, of the newborn|Disulfiram Action Pathway|Tyrosine metabolism|Biochemical pathways: part I",Metabolism of amino acids and derivatives|Alkaptonuria|phenotype-linked pathway|tyrosine degradation|Tyrosine metabolism|annotated pathway|lysine metabolism|acid biosynthesis|TCA cycle,9,2060,1762.1469459310174,
d3_metagent_no_lit,D3,,feedback,no_lit,compound_only_enrich_mammalian_RAMP_P_000050099_seed6,Pyrimidine catabolism,RAMP_P_000050099,reactome,enriched pathway,False,False,0.26379514213221933,Dihydropyrimidinase Deficiency,0.2735879913428887,3,Biochemical pathways: part I,0.4797965773705308,8,False,False,False,Pyrimidine catabolism|Beta Ureidopropionase Deficiency|Dihydropyrimidinase Deficiency,Pyrimidine catabolism|Beta Ureidopropionase Deficiency|Dihydropyrimidinase Deficiency|MNGIE (Mitochondrial Neurogastrointestinal Encephalopathy)|Pyrimidine metabolism|UMP Synthase Deficiency (Orotic Aciduria)|Nucleotide catabolism|Biochemical pathways: part I|Metabolism of nucleotides|Biomarkers for pyrimidine metabolism disorders,enriched pathway|Pyrimidine catabolism|KEGG Pyrimidine metabolism|Beta Ureidopropionase Deficiency|Dihydropyrimidinase Deficiency|KEGG pathway|Pyrimidine metabolism|confirmed pathway|thymine catabolism|creatine biosynthesis,10,5000,1277.4190274253488,timeout_in_feedback_loop
d3_metagent_no_lit,D3,,feedback,no_lit,compound_only_enrich_mammalian_RAMP_P_000052855_seed0,Sulfatase and aromatase pathway,RAMP_P_000052855,wikipathways,Androgen and Estrogen Metabolism,False,True,0.5926593013399727,Androgen and Estrogen Metabolism,0.999999899513863,3,Androgen and Estrogen Metabolism,0.999999899513863,3,False,True,True,Sulfatase and aromatase pathway|17-Beta Hydroxysteroid Dehydrogenase III Deficiency|Androgen and Estrogen Metabolism,Sulfatase and aromatase pathway|17-Beta Hydroxysteroid Dehydrogenase III Deficiency|Androgen and Estrogen Metabolism|Androgen and Estrogen Metabolism|Aromatase deficiency|Metabolism of steroid hormones|Biochemical pathways: part I|Estrogen biosynthesis|Steroid biosynthesis|Androgen receptor network in prostate cancer,Androgen and Estrogen Metabolism|top-ranked pathway|27 pathway|androgen biosynthesis|auxin metabolism|K pathway|valine catabolism,7,2343,1228.964639108628,
d3_metagent_no_lit,D3,,feedback,no_lit,compound_only_enrich_mammalian_RAMP_P_000053042_seed9,Steroid biosynthesis,RAMP_P_000053042,wikipathways,Androgen and Estrogen Metabolism,False,False,0.5559788545026573,Male steroid hormones in cardiomyocyte energy metabolism,0.6055779899622331,3,Androgen and Estrogen Metabolism,0.999999899513863,5,False,False,True,Steroid biosynthesis|Androgen receptor network in prostate cancer|Male steroid hormones in cardiomyocyte energy metabolism,Steroid biosynthesis|Androgen receptor network in prostate cancer|Male steroid hormones in cardiomyocyte energy metabolism|17-Beta Hydroxysteroid Dehydrogenase III Deficiency|Androgen and Estrogen Metabolism|Androgen and Estrogen Metabolism|Aromatase deficiency|Metabolism of steroid hormones|Sulfatase and aromatase pathway|Androgen biosynthesis,Androgen and Estrogen Metabolism|Estrogen Metabolism pathway|Reactome Androgen biosynthesis pathway|Androgen biosynthesis|directional biosynthesis,5,2210,725.2734636683017,
d3_metagent_no_lit,D3,,feedback,no_lit,compound_only_enrich_mammalian_RAMP_P_000053306_seed1,Pyrimidine metabolism,RAMP_P_000053306,wikipathways,Pyrimidine metabolism,True,True,0.9999999966934278,Pyrimidine metabolism,0.9999999966934278,1,Pyrimidine metabolism,0.9999999966934278,1,True,True,True,Pyrimidine metabolism|Beta Ureidopropionase Deficiency|Dihydropyrimidinase Deficiency,Pyrimidine metabolism|Beta Ureidopropionase Deficiency|Dihydropyrimidinase Deficiency|MNGIE (Mitochondrial Neurogastrointestinal Encephalopathy)|Pyrimidine metabolism|UMP Synthase Deficiency (Orotic Aciduria)|Nucleotide catabolism|Biomarkers for pyrimidine metabolism disorders|Pyrimidine catabolism|Pyrimidine metabolism and related diseases,Pyrimidine metabolism|matching pathway|Dihydropyrimidinase Deficiency|glycophospholipid biosynthesis,4,2322,901.5963322613388,timeout_in_feedback_loop
d3_metagent_no_lit,D3,,feedback,no_lit,compound_only_enrich_mammalian_RAMP_P_000053306_seed7,Pyrimidine metabolism,RAMP_P_000053306,wikipathways,pyrimidine metabolism,True,True,1.0000000055842404,Pyrimidine metabolism,1.0000000055842404,1,Pyrimidine metabolism,1.0000000055842404,1,True,True,True,Pyrimidine metabolism|Beta Ureidopropionase Deficiency|Dihydropyrimidinase Deficiency,Pyrimidine metabolism|Beta Ureidopropionase Deficiency|Dihydropyrimidinase Deficiency|MNGIE (Mitochondrial Neurogastrointestinal Encephalopathy)|Pyrimidine metabolism|UMP Synthase Deficiency (Orotic Aciduria)|Nucleotide catabolism|Pyrimidine catabolism|Metabolism of nucleotides|Biomarkers for pyrimidine metabolism disorders,pyrimidine metabolism|K biosynthesis|pyrimidine catabolism|Dihydropyrimidinase Deficiency|dependent pathway,5,2623,789.1046898700297,
d3_metagent_no_lit,D3,,feedback,no_lit,compound_only_enrich_mammalian_lm_pathway_WP167_seed0,Eicosanoid synthesis,lm_pathway:WP167,lipidmaps,fabricated pathway,False,False,0.35000627968551434,Eicosanoid synthesis,0.35000627968551434,1,Acetaminophen  Action Pathway,0.520384170308372,8,False,False,False,Eicosanoid synthesis|Eicosanoid metabolism via cyclooxygenases (COX)|Eicosanoid metabolism via lipoxygenases (LOX),Eicosanoid synthesis|Eicosanoid metabolism via cyclooxygenases (COX)|Eicosanoid metabolism via lipoxygenases (LOX)|Leukotriene C4 Synthesis Deficiency|Rofecoxib Action Pathway|Salicylate-sodium Action Pathway|Trisalicylate-choline Action Pathway|Acetaminophen  Action Pathway|Acetylsalicylic Acid Action Pathway|Antipyrine Action Pathway,fabricated pathway|Leukotriene C4 Synthesis Deficiency|Eicosanoid synthesis|enriched pathway|Leukotriene C4 Synthesis Deficiency pathway|Rofecoxib Action Pathway|Salicylate-sodium Action Pathway|Trisalicylate-choline Action Pathway|Acetylsalicylic Acid Action Pathway|Antipyrine Action Pathway|nucleotide metabolism|Eicosanoid synthesis pathway|synthesis pathway|The top pathway,14,3098,464.2250581718981,
d3_metagent_no_lit,D3,,feedback,no_lit,compound_only_enrich_mammalian_lm_pathway_WP167_seed1,Eicosanoid synthesis,lm_pathway:WP167,lipidmaps,propionyl-CoA pathway,False,False,0.38584424770611353,Eicosanoid metabolism via cyclooxygenases (COX),0.4179600328331189,2,Acetylsalicylic Acid Action Pathway,0.6474994119184808,10,False,False,False,Eicosanoid synthesis|Eicosanoid metabolism via cyclooxygenases (COX)|Eicosanoid metabolism via lipoxygenases (LOX),Eicosanoid synthesis|Eicosanoid metabolism via cyclooxygenases (COX)|Eicosanoid metabolism via lipoxygenases (LOX)|Eicosanoid synthesis|Leukotriene C4 Synthesis Deficiency|Rofecoxib Action Pathway|Salicylate-sodium Action Pathway|Trisalicylate-choline Action Pathway|Acetaminophen  Action Pathway|Acetylsalicylic Acid Action Pathway,propionyl-CoA pathway|Eicosanoid synthesis|same pathway|Eicosanoid synthesis pathway,4,2273,973.1936779916286,
d3_metagent_no_lit,D3,,feedback,no_lit,compound_only_enrich_mammalian_lm_pathway_WP167_seed2,Eicosanoid synthesis,lm_pathway:WP167,lipidmaps,Eicosanoid synthesis,True,True,1.0000000721685292,Eicosanoid synthesis,1.0000000721685292,1,Eicosanoid synthesis,1.0000000721685292,1,True,True,True,Eicosanoid synthesis|Eicosanoid metabolism via cyclooxygenases (COX)|Eicosanoid metabolism via lipoxygenases (LOX),Eicosanoid synthesis|Eicosanoid metabolism via cyclooxygenases (COX)|Eicosanoid metabolism via lipoxygenases (LOX)|Leukotriene C4 Synthesis Deficiency|Rofecoxib Action Pathway|Salicylate-sodium Action Pathway|Trisalicylate-choline Action Pathway|Acetaminophen  Action Pathway|Acetylsalicylic Acid Action Pathway|Antipyrine Action Pathway,Eicosanoid synthesis|top-ranked pathway|that pathway,3,2698,737.442629756406,
d3_metagent_no_lit,D3,,feedback,no_lit,compound_only_enrich_mammalian_lm_pathway_WP167_seed3,Eicosanoid synthesis,lm_pathway:WP167,lipidmaps,Eicosanoid synthesis,True,True,1.0000000721685292,Eicosanoid synthesis,1.0000000721685292,1,Eicosanoid synthesis,1.0000000721685292,1,True,True,True,Eicosanoid synthesis|Eicosanoid metabolism via cyclooxygenases (COX)|Eicosanoid metabolism via lipoxygenases (LOX),Eicosanoid synthesis|Eicosanoid metabolism via cyclooxygenases (COX)|Eicosanoid metabolism via lipoxygenases (LOX)|Eicosanoid synthesis|Metabolism|Leukotriene C4 Synthesis Deficiency|Rofecoxib Action Pathway|Salicylate-sodium Action Pathway|Trisalicylate-choline Action Pathway|Acetaminophen  Action Pathway,Eicosanoid synthesis|top pathway|acid metabolism|Eicosanoid Synthesis pathway|energy metabolism,5,2207,1028.9928327053785,
d3_metagent_no_lit,D3,,feedback,no_lit,compound_only_enrich_mammalian_lm_pathway_WP167_seed4,Eicosanoid synthesis,lm_pathway:WP167,lipidmaps,Eicosanoid synthesis,True,True,1.0000000721685292,Eicosanoid synthesis,1.0000000721685292,1,Eicosanoid synthesis,1.0000000721685292,1,True,True,True,Eicosanoid synthesis|Eicosanoid metabolism via cyclooxygenases (COX)|Eicosanoid metabolism via lipoxygenases (LOX),Eicosanoid synthesis|Eicosanoid metabolism via cyclooxygenases (COX)|Eicosanoid metabolism via lipoxygenases (LOX)|Eicosanoid synthesis|Selenium micronutrient network|Leukotriene C4 Synthesis Deficiency|Rofecoxib Action Pathway|Salicylate-sodium Action Pathway|Trisalicylate-choline Action Pathway|Acetaminophen  Action Pathway,Eicosanoid synthesis|top-ranked pathway|eicosanoid-mediated signalling,3,1900,671.6785592976958,
d3_metagent_no_lit,D3,,feedback,no_lit,compound_only_enrich_mammalian_lm_pathway_WP167_seed5,Eicosanoid synthesis,lm_pathway:WP167,lipidmaps,Eicosanoid synthesis,True,True,1.0000000721685292,Eicosanoid synthesis,1.0000000721685292,1,Eicosanoid synthesis,1.0000000721685292,1,True,True,True,Eicosanoid synthesis|Eicosanoid metabolism via cyclooxygenases (COX)|Eicosanoid metabolism via lipoxygenases (LOX),Eicosanoid synthesis|Eicosanoid metabolism via cyclooxygenases (COX)|Eicosanoid metabolism via lipoxygenases (LOX)|Eicosanoid synthesis|Leukotriene C4 Synthesis Deficiency|Rofecoxib Action Pathway|Salicylate-sodium Action Pathway|Trisalicylate-choline Action Pathway|Acetaminophen  Action Pathway|Acetylsalicylic Acid Action Pathway,Eicosanoid synthesis|same pathway|PGD2 metabolism|Eicosanoid synthesis pathway,4,1718,1031.0717693455517,
d3_metagent_no_lit,D3,,feedback,no_lit,compound_only_enrich_mammalian_lm_pathway_WP167_seed6,Eicosanoid synthesis,lm_pathway:WP167,lipidmaps,Eicosanoid synthesis,True,True,1.0000000721685292,Eicosanoid synthesis,1.0000000721685292,1,Eicosanoid synthesis,1.0000000721685292,1,True,True,True,Eicosanoid synthesis|Eicosanoid metabolism via cyclooxygenases (COX)|Eicosanoid metabolism via lipoxygenases (LOX),Eicosanoid synthesis|Eicosanoid metabolism via cyclooxygenases (COX)|Eicosanoid metabolism via lipoxygenases (LOX)|Eicosanoid synthesis|Leukotriene C4 Synthesis Deficiency|Rofecoxib Action Pathway|Salicylate-sodium Action Pathway|Trisalicylate-choline Action Pathway|Acetaminophen  Action Pathway|Acetylsalicylic Acid Action Pathway,Eicosanoid synthesis|as pathway|Fatty acid metabolism|synthesis pathway|RaMP-DB pathway,5,2429,1067.3195508681238,timeout_in_feedback_loop
d3_metagent_no_lit,D3,,feedback,no_lit,compound_only_enrich_mammalian_lm_pathway_WP167_seed7,Eicosanoid synthesis,lm_pathway:WP167,lipidmaps,enriched pathway,False,False,0.36173012021609574,Eicosanoid synthesis,0.36173012021609574,1,Acetaminophen  Action Pathway,0.4228289980832211,9,False,False,False,Eicosanoid synthesis|Eicosanoid metabolism via cyclooxygenases (COX)|Eicosanoid metabolism via lipoxygenases (LOX),Eicosanoid synthesis|Eicosanoid metabolism via cyclooxygenases (COX)|Eicosanoid metabolism via lipoxygenases (LOX)|Eicosanoid synthesis|Leukotriene C4 Synthesis Deficiency|Rofecoxib Action Pathway|Salicylate-sodium Action Pathway|Trisalicylate-choline Action Pathway|Acetaminophen  Action Pathway|Acetylsalicylic Acid Action Pathway,enriched pathway|Eicosanoid synthesis|Arachidonic Acid Metabolism pathway|sulfur metabolism|acid catabolism|purine degradation|lipid signaling|acid metabolism,8,2471,1158.5777608826756,timeout_in_feedback_loop
d3_metagent_no_lit,D3,,feedback,no_lit,compound_only_enrich_mammalian_lm_pathway_WP167_seed8,Eicosanoid synthesis,lm_pathway:WP167,lipidmaps,enriched pathway,False,False,0.36173012021609574,Eicosanoid synthesis,0.36173012021609574,1,Selenium micronutrient network,0.4711995364120851,5,False,False,False,Eicosanoid synthesis|Eicosanoid metabolism via cyclooxygenases (COX)|Eicosanoid metabolism via lipoxygenases (LOX),Eicosanoid synthesis|Eicosanoid metabolism via cyclooxygenases (COX)|Eicosanoid metabolism via lipoxygenases (LOX)|Eicosanoid synthesis|Selenium micronutrient network|Leukotriene C4 Synthesis Deficiency|Rofecoxib Action Pathway|Salicylate-sodium Action Pathway|Trisalicylate-choline Action Pathway|Acetaminophen  Action Pathway,enriched pathway|Eicosanoid synthesis|RaMP-DB pathway|Selenium micronutrient network|amino-acid metabolism,5,2076,1284.465544320643,
d3_metagent_no_lit,D3,,feedback,no_lit,compound_only_enrich_mammalian_lm_pathway_WP167_seed9,Eicosanoid synthesis,lm_pathway:WP167,lipidmaps,Eicosanoid synthesis,True,True,1.0000000721685292,Eicosanoid synthesis,1.0000000721685292,1,Eicosanoid synthesis,1.0000000721685292,1,True,True,True,Eicosanoid synthesis|Eicosanoid metabolism via cyclooxygenases (COX)|Eicosanoid metabolism via lipoxygenases (LOX),Eicosanoid synthesis|Eicosanoid metabolism via cyclooxygenases (COX)|Eicosanoid metabolism via lipoxygenases (LOX)|Eicosanoid synthesis|Leukotriene C4 Synthesis Deficiency|Rofecoxib Action Pathway|Salicylate-sodium Action Pathway|Trisalicylate-choline Action Pathway|Acetaminophen  Action Pathway|Acetylsalicylic Acid Action Pathway,Eicosanoid synthesis|oxidative metabolism|Eicosanoid synthesis pathway|top-ranked pathway,4,2157,828.5962366182357,
d3_metagent_with_lit,D3,,feedback,with_lit,compound_only_enrich_mammalian_RAMP_P_000000016_seed1,"Glycine, serine and threonine metabolism",RAMP_P_000000016,kegg,"Glycine, serine and threonine metabolism",True,True,1.000000153176198,"Glycine, serine and threonine metabolism",1.000000153176198,1,"Glycine, serine and threonine metabolism",1.000000153176198,1,True,True,True,"Glycine, serine and threonine metabolism|Metabolism of amino acids and derivatives|3-Phosphoglycerate dehydrogenase deficiency","Glycine, serine and threonine metabolism|Metabolism of amino acids and derivatives|3-Phosphoglycerate dehydrogenase deficiency|Dihydropyrimidine Dehydrogenase Deficiency (DHPD)|Dimethylglycine Dehydrogenase Deficiency|Dimethylglycine Dehydrogenase Deficiency|Hyperglycinemia, non-ketotic|Non Ketotic Hyperglycinemia|Sarcosinemia|Trans-sulfuration, one-carbon metabolism and related pathways","Glycine, serine and threonine metabolism|threonine metabolism|amino-acid metabolism|methionine cycle|threonine catabolism|acid cycle|methionine metabolism|top pathway",8,1461,673.385076219216,
d3_metagent_with_lit,D3,,feedback,with_lit,compound_only_enrich_mammalian_RAMP_P_000000016_seed2,"Glycine, serine and threonine metabolism",RAMP_P_000000016,kegg,"Glycine, serine and threonine metabolism",True,True,1.000000153176198,"Glycine, serine and threonine metabolism",1.000000153176198,1,"Glycine, serine and threonine metabolism",1.000000153176198,1,True,True,True,"Glycine, serine and threonine metabolism|3-Phosphoglycerate dehydrogenase deficiency|Dihydropyrimidine Dehydrogenase Deficiency (DHPD)","Glycine, serine and threonine metabolism|3-Phosphoglycerate dehydrogenase deficiency|Dihydropyrimidine Dehydrogenase Deficiency (DHPD)|Dimethylglycine Dehydrogenase Deficiency|Dimethylglycine Dehydrogenase Deficiency|Hyperglycinemia, non-ketotic|Non Ketotic Hyperglycinemia|Sarcosinemia|Trans-sulfuration, one-carbon metabolism and related pathways|Metabolism","Glycine, serine and threonine metabolism|threonine metabolism|serine biosynthesis|same pathway",4,2194,382.6093024518341,
d3_metagent_with_lit,D3,,feedback,with_lit,compound_only_enrich_mammalian_RAMP_P_000000016_seed4,"Glycine, serine and threonine metabolism",RAMP_P_000000016,kegg,"Glycine, serine and threonine metabolism",True,True,1.000000153176198,"Glycine, serine and threonine metabolism",1.000000153176198,2,"Glycine, serine and threonine metabolism",1.000000153176198,2,True,True,True,"Metabolism of amino acids and derivatives|Glycine, serine and threonine metabolism|Metabolic epileptic disorders","Metabolism of amino acids and derivatives|Glycine, serine and threonine metabolism|Metabolic epileptic disorders|Metabolism|3-Phosphoglycerate dehydrogenase deficiency|Dihydropyrimidine Dehydrogenase Deficiency (DHPD)|Dimethylglycine Dehydrogenase Deficiency|Dimethylglycine Dehydrogenase Deficiency|Hyperglycinemia, non-ketotic|Non Ketotic Hyperglycinemia","Glycine, serine and threonine metabolism|threonine metabolism|top-enriched pathway|Metabolism of amino acids and derivatives|as pathway|one-carbon metabolism|Creatine pathway|guanidino metabolism|polyamine catabolism|capture pathway|polyamine metabolism",11,2552,1056.3619051557034,
d3_metagent_with_lit,D3,,feedback,with_lit,compound_only_enrich_mammalian_RAMP_P_000000016_seed6,"Glycine, serine and threonine metabolism",RAMP_P_000000016,kegg,"Glycine, serine and threonine metabolism",True,True,1.000000153176198,"Glycine, serine and threonine metabolism",1.000000153176198,1,"Glycine, serine and threonine metabolism",1.000000153176198,1,True,True,True,"Glycine, serine and threonine metabolism|Biochemical pathways: part I|Cystathionine Beta-Synthase Deficiency","Glycine, serine and threonine metabolism|Biochemical pathways: part I|Cystathionine Beta-Synthase Deficiency|Glycine N-methyltransferase Deficiency|Homocystinuria-megaloblastic anemia due to defect in cobalamin metabolism, cblG complementation type|Hypermethioninemia|Methionine Adenosyltransferase Deficiency|Methionine Metabolism|Methylenetetrahydrofolate Reductase Deficiency (MTHFRD)|S-Adenosylhomocysteine (SAH) Hydrolase Deficiency","Glycine, serine and threonine metabolism|threonine metabolism|top-ranked pathway|established pathway|methionine cycle|Quantitative pathway|membrane-phospholipid metabolism|nucleotide biosynthesis|lack pathway",9,1706,645.5445993188769,
d3_metagent_with_lit,D3,,feedback,with_lit,compound_only_enrich_mammalian_RAMP_P_000000016_seed7,"Glycine, serine and threonine metabolism",RAMP_P_000000016,kegg,"Glycine, serine and threonine metabolism",True,True,1.000000153176198,"Glycine, serine and threonine metabolism",1.000000153176198,1,"Glycine, serine and threonine metabolism",1.000000153176198,1,True,True,True,"Glycine, serine and threonine metabolism|Biochemical pathways: part I|Methionine de novo and salvage pathway","Glycine, serine and threonine metabolism|Biochemical pathways: part I|Methionine de novo and salvage pathway|Metabolism of amino acids and derivatives|Methionine Metabolism|Metabolism|Cystathionine Beta-Synthase Deficiency|Glycine N-methyltransferase Deficiency|Homocystinuria-megaloblastic anemia due to defect in cobalamin metabolism, cblG complementation type|Hypermethioninemia","Glycine, serine and threonine metabolism|threonine metabolism|top pathway|Methionine Metabolism|amino-acid metabolism|methionine cycle|parallel pathway|methylation metabolism|leukotriene biosynthesis|pro-resolving signaling|task-specific pathway",11,3760,1053.1131270807236,
d3_metagent_with_lit,D3,,feedback,with_lit,compound_only_enrich_mammalian_RAMP_P_000000016_seed9,"Glycine, serine and threonine metabolism",RAMP_P_000000016,kegg,"Glycine, serine and threonine metabolism",True,True,1.000000153176198,"Glycine, serine and threonine metabolism",1.000000153176198,1,"Glycine, serine and threonine metabolism",1.000000153176198,1,True,True,True,"Glycine, serine and threonine metabolism|Metabolism of amino acids and derivatives|Pyruvate metabolism","Glycine, serine and threonine metabolism|Metabolism of amino acids and derivatives|Pyruvate metabolism|Methionine de novo and salvage pathway|SLC-mediated transmembrane transport|Transport of inorganic cations/anions and amino acids/oligopeptides|Disease|Metabolism of vitamins and cofactors|Serine biosynthesis|Transport of small molecules","Glycine, serine and threonine metabolism|threonine metabolism|methionine metabolism|Pyruvate metabolism|Methionine de novo and salvage pathway|salvage pathway|one-carbon metabolism",7,2063,1130.3710210807621,timeout_in_feedback_loop
d3_metagent_with_lit,D3,,feedback,with_lit,compound_only_enrich_mammalian_RAMP_P_000000106_seed0,Tyrosine metabolism,RAMP_P_000000106,kegg,Tyrosine metabolism,True,True,1.0000000245535443,Tyrosine metabolism,1.0000000245535443,1,Tyrosine metabolism,1.0000000245535443,1,True,True,True,Tyrosine metabolism|Alkaptonuria|Dopamine beta-hydroxylase deficiency,"Tyrosine metabolism|Alkaptonuria|Dopamine beta-hydroxylase deficiency|Hawkinsinuria|Monoamine oxidase-a deficiency (MAO-A)|Tyrosinemia Type I|Tyrosinemia, transient, of the newborn|Disulfiram Action Pathway|Amino acid metabolism|ADHD and autism (ASD) pathways",Tyrosine metabolism|perturbed pathway|methionine metabolism|neurotransmitter biosynthesis|Alkaptonuria|Tryptophan metabolism,6,2162,1508.6149211898446,
d3_metagent_with_lit,D3,,feedback,with_lit,compound_only_enrich_mammalian_RAMP_P_000000106_seed2,Tyrosine metabolism,RAMP_P_000000106,kegg,Tyrosine metabolism,True,True,1.0000000245535443,Tyrosine metabolism,1.0000000245535443,1,Tyrosine metabolism,1.0000000245535443,1,True,True,True,Tyrosine metabolism|Alkaptonuria|Dopamine beta-hydroxylase deficiency,"Tyrosine metabolism|Alkaptonuria|Dopamine beta-hydroxylase deficiency|Hawkinsinuria|Monoamine oxidase-a deficiency (MAO-A)|Tyrosinemia Type I|Tyrosinemia, transient, of the newborn|Disulfiram Action Pathway|Metabolism|Aromatic L-Aminoacid Decarboxylase Deficiency",Tyrosine metabolism|top pathway|melanin biosynthesis|phenol metabolism|enhanced catabolism|valid pathway|direct pathway,7,2728,1001.609521009028,
d3_metagent_with_lit,D3,,feedback,with_lit,compound_only_enrich_mammalian_RAMP_P_000000106_seed3,Tyrosine metabolism,RAMP_P_000000106,kegg,tyrosine metabolism,True,True,1.0000000018620427,Tyrosine metabolism,1.0000000018620427,1,Tyrosine metabolism,1.0000000018620427,1,True,True,True,Tyrosine metabolism|Alkaptonuria|Dopamine beta-hydroxylase deficiency,"Tyrosine metabolism|Alkaptonuria|Dopamine beta-hydroxylase deficiency|Hawkinsinuria|Monoamine oxidase-a deficiency (MAO-A)|Tyrosinemia Type I|Tyrosinemia, transient, of the newborn|Disulfiram Action Pathway|ADHD and autism (ASD) pathways|SLC transporter disorders",tyrosine metabolism|Neurotransmitter release cycle|current pathway,3,2207,719.5745540168136,
d3_metagent_with_lit,D3,,feedback,with_lit,compound_only_enrich_mammalian_RAMP_P_000000106_seed8,Tyrosine metabolism,RAMP_P_000000106,kegg,enriched pathway,False,False,0.30167069300743443,Alkaptonuria,0.3053782129901652,2,ADHD and autism (ASD) pathways,0.4761293093186544,10,False,False,False,Tyrosine metabolism|Alkaptonuria|Dopamine beta-hydroxylase deficiency,"Tyrosine metabolism|Alkaptonuria|Dopamine beta-hydroxylase deficiency|Hawkinsinuria|Monoamine oxidase-a deficiency (MAO-A)|Tyrosinemia Type I|Tyrosinemia, transient, of the newborn|Disulfiram Action Pathway|Metabolism|ADHD and autism (ASD) pathways",enriched pathway|Tyrosine metabolism|same pathway|Tyrosine metabolism pathway|top-enriched pathway|melanin-pigment biosynthesis,6,2090,884.5220428910106,
d3_metagent_with_lit,D3,,feedback,with_lit,compound_only_enrich_mammalian_RAMP_P_000000141_seed0,Tryptophan metabolism,RAMP_P_000000141,kegg,Tryptophan metabolism,True,True,0.9999999443079719,Tryptophan metabolism,0.9999999443079719,1,Tryptophan metabolism,0.9999999443079719,1,True,True,True,Tryptophan metabolism|Biochemical pathways: part I|Tryptophan metabolism,Tryptophan metabolism|Biochemical pathways: part I|Tryptophan metabolism|Metabolism of amino acids and derivatives|Tryptophan catabolism leading to NAD+ production|Amino acid metabolism|Metabolism|ADHD and autism (ASD) pathways|IDO metabolic pathway|Serotonin and melatonin biosynthesis,Tryptophan metabolism|kynurenine-branch pathway|Tryptophan catabolism|Tryptophan catabolism leading to NAD+ production|Reactome pathway|amino-acid metabolism,6,3364,988.8260735254735,
d3_metagent_with_lit,D3,,feedback,with_lit,compound_only_enrich_mammalian_RAMP_P_000000141_seed1,Tryptophan metabolism,RAMP_P_000000141,kegg,tryptophan metabolism,True,True,0.9999999236558506,Tryptophan metabolism,0.9999999236558506,1,Tryptophan metabolism,0.9999999236558506,1,True,True,True,Tryptophan metabolism|Biochemical pathways: part I|Metabolism of amino acids and derivatives,Tryptophan metabolism|Biochemical pathways: part I|Metabolism of amino acids and derivatives|Tryptophan metabolism|ADHD and autism (ASD) pathways|Tryptophan catabolism leading to NAD+ production|Metabolism|Amino acid metabolism|IDO metabolic pathway|Serotonin and melatonin biosynthesis,tryptophan metabolism|entire pathway|tryptophan catabolism|neuroprotective signaling|neuronal metabolism,5,2248,1131.808566564694,timeout_in_feedback_loop
d3_metagent_with_lit,D3,,feedback,with_lit,compound_only_enrich_mammalian_RAMP_P_000000141_seed2,Tryptophan metabolism,RAMP_P_000000141,kegg,Tryptophan metabolism,True,True,0.9999999443079719,Tryptophan metabolism,0.9999999443079719,1,Tryptophan metabolism,0.9999999443079719,1,True,True,True,Tryptophan metabolism|Tryptophan metabolism|Amino acid metabolism,Tryptophan metabolism|Tryptophan metabolism|Amino acid metabolism|Biochemical pathways: part I|Serotonin and melatonin biosynthesis|Biogenic amine synthesis|Tryptophan catabolism leading to NAD+ production|Neurotransmitter disorders|Biosynthesis and regeneration of tetrahydrobiopterin and catabolism of phenylalanine|Metabolism of amine-derived hormones,Tryptophan metabolism|top pathway|Reactome pathway|Serotonin and melatonin biosynthesis|melatonin biosynthesis|tryptophan degradation|neuroendocrine signaling,7,2233,801.2867574729025,
d3_metagent_with_lit,D3,,feedback,with_lit,compound_only_enrich_mammalian_RAMP_P_000000141_seed3,Tryptophan metabolism,RAMP_P_000000141,kegg,Tryptophan metabolism,True,True,0.9999999443079719,Tryptophan metabolism,0.9999999443079719,1,Tryptophan metabolism,0.9999999443079719,1,True,True,True,Tryptophan metabolism|Tryptophan metabolism|Biochemical pathways: part I,Tryptophan metabolism|Tryptophan metabolism|Biochemical pathways: part I|Tryptophan catabolism leading to NAD+ production|Amino acid metabolism|ADHD and autism (ASD) pathways|Metabolism|IDO metabolic pathway|Serotonin and melatonin biosynthesis|NAD+ biosynthetic pathways,Tryptophan metabolism|enriched pathway|Tryptophan metabolism pathway|tryptophan catabolism|Kynurenine pathway,5,2258,1281.5737380925566,
d3_metagent_with_lit,D3,,feedback,with_lit,compound_only_enrich_mammalian_RAMP_P_000000141_seed4,Tryptophan metabolism,RAMP_P_000000141,kegg,Tryptophan metabolism,True,True,0.9999999443079719,Tryptophan metabolism,0.9999999443079719,1,Tryptophan metabolism,0.9999999443079719,1,True,True,True,Tryptophan metabolism|Amino acid metabolism|Tryptophan metabolism,Tryptophan metabolism|Amino acid metabolism|Tryptophan metabolism|Biochemical pathways: part I|G alpha (i) signalling events|Metabolism|GPCR downstream signalling|Phase I - Functionalization of compounds|ADHD and autism (ASD) pathways|Signaling by GPCR,Tryptophan metabolism|Amino acid metabolism|Phase I - Functionalization of compounds|circadian signalling|top-ranked pathway,5,2062,538.8074776027352,
d3_metagent_with_lit,D3,,feedback,with_lit,compound_only_enrich_mammalian_RAMP_P_000000141_seed5,Tryptophan metabolism,RAMP_P_000000141,kegg,enriched pathway,False,False,0.29277467207566654,Metabolism of amino acids and derivatives,0.45038610923781563,3,Biochemical pathways: part I,0.4797965773705308,4,False,False,False,Tryptophan metabolism|Tryptophan metabolism|Metabolism of amino acids and derivatives,Tryptophan metabolism|Tryptophan metabolism|Metabolism of amino acids and derivatives|Biochemical pathways: part I|Metabolism|Serotonin and melatonin biosynthesis|Biogenic amine synthesis|Amino acid metabolism|Tryptophan catabolism leading to NAD+ production|Neurotransmitter disorders,enriched pathway|Tryptophan metabolism|kynurenine pathway|neuroendocrine signaling,4,1714,1088.6537571251392,
d3_metagent_with_lit,D3,,feedback,with_lit,compound_only_enrich_mammalian_RAMP_P_000000141_seed6,Tryptophan metabolism,RAMP_P_000000141,kegg,tryptophan metabolism,True,True,0.9999999236558506,Tryptophan metabolism,0.9999999236558506,1,Tryptophan metabolism,0.9999999236558506,1,True,True,True,Tryptophan metabolism|Tryptophan metabolism|Biochemical pathways: part I,Tryptophan metabolism|Tryptophan metabolism|Biochemical pathways: part I|Biogenic amine synthesis|Tryptophan catabolism leading to NAD+ production|Metabolism|ADHD and autism (ASD) pathways|IDO metabolic pathway|Sudden infant death syndrome (SIDS) susceptibility pathways|Serotonin and melatonin biosynthesis,tryptophan metabolism|nicotinamide metabolism|ranked pathway|tryptophan degradation|kynurenine pathway,5,2468,1194.812918432057,timeout_in_feedback_loop
d3_metagent_with_lit,D3,,feedback,with_lit,compound_only_enrich_mammalian_RAMP_P_000000141_seed7,Tryptophan metabolism,RAMP_P_000000141,kegg,Tryptophan metabolism,True,True,0.9999999443079719,Tryptophan metabolism,0.9999999443079719,1,Tryptophan metabolism,0.9999999443079719,1,True,True,True,Tryptophan metabolism|Tryptophan metabolism|Tryptophan catabolism leading to NAD+ production,Tryptophan metabolism|Tryptophan metabolism|Tryptophan catabolism leading to NAD+ production|Biochemical pathways: part I|ADHD and autism (ASD) pathways|Metabolism of amino acids and derivatives|IDO metabolic pathway|Serotonin and melatonin biosynthesis|Amino acid metabolism|NAD+ biosynthetic pathways,Tryptophan metabolism|Tryptophan catabolism|nicotinamide metabolism|Kynurenine pathway,4,2306,791.930235600099,
d3_metagent_with_lit,D3,,feedback,with_lit,compound_only_enrich_mammalian_RAMP_P_000000141_seed8,Tryptophan metabolism,RAMP_P_000000141,kegg,Tryptophan metabolism pathway,True,True,0.9353903211157254,Tryptophan metabolism,0.9353903211157254,1,Tryptophan metabolism,0.9353903211157254,1,True,True,True,Tryptophan metabolism|Tryptophan catabolism leading to NAD+ production|Biochemical pathways: part I,Tryptophan metabolism|Tryptophan catabolism leading to NAD+ production|Biochemical pathways: part I|ADHD and autism (ASD) pathways|Metabolism|Tryptophan metabolism|Metabolism of amino acids and derivatives|IDO metabolic pathway|Serotonin and melatonin biosynthesis|NAD+ biosynthetic pathways,Tryptophan metabolism pathway|Tryptophan catabolism|Tryptophan catabolism leading to NAD+ production|tryptophan metabolism|nicotinamide metabolism,5,1942,104.35667944699526,
d3_metagent_with_lit,D3,,feedback,with_lit,compound_only_enrich_mammalian_RAMP_P_000000398_seed0,Galactose Metabolism,RAMP_P_000000398,kegg,Galactosemia,False,True,0.5274823902606672,Galactosemia,1.0000001034393806,1,Galactosemia,1.0000001034393806,1,False,True,True,Galactosemia|Galactose Metabolism|Galactose Metabolism,Galactosemia|Galactose Metabolism|Galactose Metabolism|Biochemical pathways: part I|Glycerophospholipid biosynthetic pathway|Glycerophospholipid biosynthesis|Phospholipid metabolism|MECP2 and associated Rett syndrome|GPCR downstream signalling|Orexin receptor pathway,Galactosemia|Glycerophospholipid metabolism|most pathway|galactose metabolism|capture pathway,5,1915,925.1947402004153,timeout_in_feedback_loop
d3_metagent_with_lit,D3,,feedback,with_lit,compound_only_enrich_mammalian_RAMP_P_000000398_seed1,Galactose Metabolism,RAMP_P_000000398,kegg,galactose metabolism,True,True,0.9999999832245213,Galactose Metabolism,0.9999999832245213,2,Galactose Metabolism,0.9999999832245213,2,True,True,True,Galactosemia|Galactose Metabolism|Galactose Metabolism,Galactosemia|Galactose Metabolism|Galactose Metabolism|Biochemical pathways: part I|Glycerophospholipid biosynthesis|Phospholipid metabolism|GPCR downstream signalling|Signaling by GPCR|Signal Transduction|Digestion,galactose metabolism|Galactosemia|within pathway|Within galactose metabolism|phosphate metabolism|glycerolipid metabolism,6,2530,575.0356784593314,
d3_metagent_with_lit,D3,,feedback,with_lit,compound_only_enrich_mammalian_RAMP_P_000000398_seed2,Galactose Metabolism,RAMP_P_000000398,kegg,galactose metabolism,True,True,0.9999999832245213,Galactose Metabolism,0.9999999832245213,2,Galactose Metabolism,0.9999999832245213,2,True,True,True,Galactosemia|Galactose Metabolism|Galactose Metabolism,"Galactosemia|Galactose Metabolism|Galactose Metabolism|Biochemical pathways: part I|Glycerophospholipid biosynthetic pathway|Glycerophospholipid biosynthesis|Phospholipid metabolism|Trans-sulfuration, one-carbon metabolism and related pathways|Phosphatidylethanolamine Biosynthesis|Phosphatidylcholine Biosynthesis",galactose metabolism|Galactosemia|KEGG Galactose Metabolism pathway|high-confidence pathway|available pathway,5,1870,883.0263066366315,
d3_metagent_with_lit,D3,,feedback,with_lit,compound_only_enrich_mammalian_RAMP_P_000000398_seed3,Galactose Metabolism,RAMP_P_000000398,kegg,Galactosemia,False,True,0.5274823902606672,Galactosemia,1.0000001034393806,1,Galactosemia,1.0000001034393806,1,False,True,True,Galactosemia|Galactose Metabolism|Galactose Metabolism,Galactosemia|Galactose Metabolism|Galactose Metabolism|Biochemical pathways: part I|Metabolism|Aspirin ADME|Metabolism of lipids|Drug ADME|Disease|Orexin receptor pathway,Galactosemia|Disease|phospholipid metabolism|carbohydrate metabolism|galactose metabolism|current pathway,6,2112,579.2709703482687,
d3_metagent_with_lit,D3,,feedback,with_lit,compound_only_enrich_mammalian_RAMP_P_000000398_seed4,Galactose Metabolism,RAMP_P_000000398,kegg,Galactosemia,False,True,0.5274823902606672,Galactosemia,1.0000001034393806,1,Galactosemia,1.0000001034393806,1,False,True,True,Galactosemia|Galactose Metabolism|Galactose Metabolism,"Galactosemia|Galactose Metabolism|Galactose Metabolism|Biochemical pathways: part I|Disease|Orexin receptor pathway|Glucocorticoid biosynthesis|Starch and sucrose metabolism|Transport of bile salts and organic acids, metal ions and amine compounds|Metabolism",Galactosemia|Biochemical pathways: part I|phospholipid signaling|Disease|galactose metabolism|Leloir pathway,6,1668,1507.0317925214767,
d3_metagent_with_lit,D3,,feedback,with_lit,compound_only_enrich_mammalian_RAMP_P_000000398_seed5,Galactose Metabolism,RAMP_P_000000398,kegg,galactose metabolism,True,True,0.9999999832245213,Galactose Metabolism,0.9999999832245213,2,Galactose Metabolism,0.9999999832245213,2,True,True,True,Galactosemia|Galactose Metabolism|Galactose Metabolism,Galactosemia|Galactose Metabolism|Galactose Metabolism|Biochemical pathways: part I|MECP2 and associated Rett syndrome|GPCR downstream signalling|Orexin receptor pathway|Signaling by GPCR|Glucose homeostasis|Transport of small molecules,galactose metabolism|Galactosemia|same pathway|Leloir pathway|galactose pathway|carbohydrate metabolism|sugar metabolism|galactinol pathway,8,2479,684.0400909576565,
d3_metagent_with_lit,D3,,feedback,with_lit,compound_only_enrich_mammalian_RAMP_P_000000398_seed6,Galactose Metabolism,RAMP_P_000000398,kegg,Galactosemia,False,True,0.5274823902606672,Galactosemia,1.0000001034393806,1,Galactosemia,1.0000001034393806,1,False,True,True,Galactosemia|Galactose Metabolism|Galactose Metabolism,Galactosemia|Galactose Metabolism|Galactose Metabolism|Biochemical pathways: part I|Metabolic epileptic disorders|ADHD and autism (ASD) pathways|Metabolism|Transport of small molecules|Glycerophospholipid biosynthetic pathway|Vitamin B12 metabolism,Galactosemia|sugar metabolism|sulfur-amino-acid metabolism|Leloir pathway|methionine metabolism|TCA cycle|SAH metabolism|energy metabolism|lipid signaling|galactose metabolism,10,2934,715.054224262014,
d3_metagent_with_lit,D3,,feedback,with_lit,compound_only_enrich_mammalian_RAMP_P_000000398_seed7,Galactose Metabolism,RAMP_P_000000398,kegg,Galactosemia,False,True,0.5274823902606672,Galactosemia,1.0000001034393806,1,Galactosemia,1.0000001034393806,1,False,True,True,Galactosemia|Galactose Metabolism|Galactose Metabolism,Galactosemia|Galactose Metabolism|Galactose Metabolism|Biochemical pathways: part I|Orexin receptor pathway|Glucose homeostasis|Transport of small molecules|Digestion|Digestion and absorption|Starch and sucrose metabolism,Galactosemia|third pathway|Biochemical pathways: part I|Orexin receptor pathway|galactose metabolism|sugar biosynthesis,6,2418,1024.9484091997147,timeout_in_feedback_loop
d3_metagent_with_lit,D3,,feedback,with_lit,compound_only_enrich_mammalian_RAMP_P_000000398_seed8,Galactose Metabolism,RAMP_P_000000398,kegg,Galactosemia,False,True,0.5274823902606672,Galactosemia,1.0000001034393806,1,Galactosemia,1.0000001034393806,1,False,True,True,Galactosemia|Galactose Metabolism|Galactose Metabolism,Galactosemia|Galactose Metabolism|Galactose Metabolism|Biochemical pathways: part I|Orexin receptor pathway|Glucose homeostasis|Signaling by GPCR|Digestion|Digestion and absorption|Signal Transduction,Galactosemia|significant pathway|second-ranked pathway|galactose metabolism|Leloir pathway|enriched pathway,6,2292,983.2930631134659,
d3_metagent_with_lit,D3,,feedback,with_lit,compound_only_enrich_mammalian_RAMP_P_000000398_seed9,Galactose Metabolism,RAMP_P_000000398,kegg,Galactosemia,False,True,0.5274823902606672,Galactosemia,1.0000001034393806,1,Galactosemia,1.0000001034393806,1,False,True,True,Galactosemia|Galactose Metabolism|Galactose Metabolism,Galactosemia|Galactose Metabolism|Galactose Metabolism|Biochemical pathways: part I|Polyol pathway|Disorders of fructose metabolism|Orexin receptor pathway|Glucose homeostasis|Digestion|Digestion and absorption,Galactosemia|top-ranked pathway|ranked pathway|galactose metabolism|galactose pathway|polyol pathway|fructose metabolism|pyrimidine metabolism|sugar metabolism|polyol shunt|nucleotide metabolism|distinct pathway,12,2011,959.3739010933787,timeout_in_feedback_loop
d3_metagent_with_lit,D3,,feedback,with_lit,compound_only_enrich_mammalian_RAMP_P_000000421_seed1,Androgen and Estrogen Metabolism,RAMP_P_000000421,kegg,Androgen and Estrogen Metabolism,True,True,0.999999899513863,Androgen and Estrogen Metabolism,0.999999899513863,2,Androgen and Estrogen Metabolism,0.999999899513863,2,True,True,True,17-Beta Hydroxysteroid Dehydrogenase III Deficiency|Androgen and Estrogen Metabolism|Androgen and Estrogen Metabolism,17-Beta Hydroxysteroid Dehydrogenase III Deficiency|Androgen and Estrogen Metabolism|Androgen and Estrogen Metabolism|Aromatase deficiency|Metabolism of steroid hormones|Steroid biosynthesis|Androgen receptor network in prostate cancer|Sulfatase and aromatase pathway|Male steroid hormones in cardiomyocyte energy metabolism|Cancer pathways,Androgen and Estrogen Metabolism|top-enriched pathway|Estrogen Metabolism pathway|Tyrosine metabolism,4,2081,1104.706550097093,
d3_metagent_with_lit,D3,,feedback,with_lit,compound_only_enrich_mammalian_RAMP_P_000000421_seed2,Androgen and Estrogen Metabolism,RAMP_P_000000421,kegg,Androgen and Estrogen Metabolism,True,True,0.999999899513863,Androgen and Estrogen Metabolism,0.999999899513863,2,Androgen and Estrogen Metabolism,0.999999899513863,2,True,True,True,17-Beta Hydroxysteroid Dehydrogenase III Deficiency|Androgen and Estrogen Metabolism|Androgen and Estrogen Metabolism,17-Beta Hydroxysteroid Dehydrogenase III Deficiency|Androgen and Estrogen Metabolism|Androgen and Estrogen Metabolism|Aromatase deficiency|Cancer pathways|Classical pathway of steroidogenesis with glucocorticoid and mineralocorticoid metabolism|Metabolism of steroid hormones|Steroid biosynthesis|Androgen receptor network in prostate cancer|Biochemical pathways: part I,Androgen and Estrogen Metabolism|Estrogen Metabolism pathway,2,1436,1731.6692308820784,
d3_metagent_with_lit,D3,,feedback,with_lit,compound_only_enrich_mammalian_RAMP_P_000000421_seed3,Androgen and Estrogen Metabolism,RAMP_P_000000421,kegg,Androgen and Estrogen Metabolism,True,True,0.999999899513863,Androgen and Estrogen Metabolism,0.999999899513863,2,Androgen and Estrogen Metabolism,0.999999899513863,2,True,True,True,17-Beta Hydroxysteroid Dehydrogenase III Deficiency|Androgen and Estrogen Metabolism|Androgen and Estrogen Metabolism,17-Beta Hydroxysteroid Dehydrogenase III Deficiency|Androgen and Estrogen Metabolism|Androgen and Estrogen Metabolism|Aromatase deficiency|Metabolism of steroid hormones|Steroid biosynthesis|Androgen receptor network in prostate cancer|Sulfatase and aromatase pathway|Male steroid hormones in cardiomyocyte energy metabolism|Cancer pathways,Androgen and Estrogen Metabolism|glycoprotein metabolism|estrogenic signaling|enhanced biosynthesis,4,2420,1298.45067938976,timeout_in_feedback_loop
d3_metagent_with_lit,D3,,feedback,with_lit,compound_only_enrich_mammalian_RAMP_P_000000421_seed4,Androgen and Estrogen Metabolism,RAMP_P_000000421,kegg,Androgen and Estrogen Metabolism,True,True,0.999999899513863,Androgen and Estrogen Metabolism,0.999999899513863,2,Androgen and Estrogen Metabolism,0.999999899513863,2,True,True,True,17-Beta Hydroxysteroid Dehydrogenase III Deficiency|Androgen and Estrogen Metabolism|Androgen and Estrogen Metabolism,17-Beta Hydroxysteroid Dehydrogenase III Deficiency|Androgen and Estrogen Metabolism|Androgen and Estrogen Metabolism|Aromatase deficiency|Metabolism of steroid hormones|Steroid biosynthesis|Androgen receptor network in prostate cancer|Sulfatase and aromatase pathway|Metabolism|Male steroid hormones in cardiomyocyte energy metabolism,Androgen and Estrogen Metabolism|Estrogen Metabolism pathway|androgen metabolism|top-ranked pathway|top-enriched pathway,5,1756,933.8763861265033,
d3_metagent_with_lit,D3,,feedback,with_lit,compound_only_enrich_mammalian_RAMP_P_000000421_seed5,Androgen and Estrogen Metabolism,RAMP_P_000000421,kegg,actual pathway,False,False,0.42161598864980443,Androgen and Estrogen Metabolism,0.42161598864980443,2,Sulfatase and aromatase pathway,0.49744812462270876,8,False,False,False,17-Beta Hydroxysteroid Dehydrogenase III Deficiency|Androgen and Estrogen Metabolism|Androgen and Estrogen Metabolism,17-Beta Hydroxysteroid Dehydrogenase III Deficiency|Androgen and Estrogen Metabolism|Androgen and Estrogen Metabolism|Aromatase deficiency|Metabolism of steroid hormones|Steroid biosynthesis|Androgen receptor network in prostate cancer|Sulfatase and aromatase pathway|Male steroid hormones in cardiomyocyte energy metabolism|Biological oxidations,actual pathway|Androgen and Estrogen Metabolism|Metabolism of steroid hormones|estrogen pathway|proline metabolism|polyamine biosynthesis|methylation cycle,7,4113,1366.4471434876323,
d3_metagent_with_lit,D3,,feedback,with_lit,compound_only_enrich_mammalian_RAMP_P_000000421_seed6,Androgen and Estrogen Metabolism,RAMP_P_000000421,kegg,Androgen and Estrogen Metabolism,True,True,0.999999899513863,Androgen and Estrogen Metabolism,0.999999899513863,2,Androgen and Estrogen Metabolism,0.999999899513863,2,True,True,True,17-Beta Hydroxysteroid Dehydrogenase III Deficiency|Androgen and Estrogen Metabolism|Androgen and Estrogen Metabolism,17-Beta Hydroxysteroid Dehydrogenase III Deficiency|Androgen and Estrogen Metabolism|Androgen and Estrogen Metabolism|Aromatase deficiency|Cancer pathways|Classical pathway of steroidogenesis with glucocorticoid and mineralocorticoid metabolism|Metabolism of steroid hormones|Steroid biosynthesis|Androgen receptor network in prostate cancer|Sulfatase and aromatase pathway,Androgen and Estrogen Metabolism|Metabolism of steroid hormones|Classical pathway|Classical pathway of steroidogenesis with glucocorticoid and mineralocorticoid metabolism|mineralocorticoid metabolism|steroid biosynthesis|receptor signalling|same pathway|steroid pathway|glucose metabolism,10,2662,1004.5312140993774,
d3_metagent_with_lit,D3,,feedback,with_lit,compound_only_enrich_mammalian_RAMP_P_000000421_seed8,Androgen and Estrogen Metabolism,RAMP_P_000000421,kegg,Androgen and Estrogen Metabolism,True,True,0.999999899513863,Androgen and Estrogen Metabolism,0.999999899513863,2,Androgen and Estrogen Metabolism,0.999999899513863,2,True,True,True,17-Beta Hydroxysteroid Dehydrogenase III Deficiency|Androgen and Estrogen Metabolism|Androgen and Estrogen Metabolism,17-Beta Hydroxysteroid Dehydrogenase III Deficiency|Androgen and Estrogen Metabolism|Androgen and Estrogen Metabolism|Aromatase deficiency|Metabolism of steroid hormones|Steroid biosynthesis|Androgen receptor network in prostate cancer|Sulfatase and aromatase pathway|Male steroid hormones in cardiomyocyte energy metabolism|Biochemical pathways: part I,Androgen and Estrogen Metabolism|Metabolism of steroid hormones|hormone biosynthesis|steroid metabolism|positive pathway,5,2790,1189.765427267179,
d3_metagent_with_lit,D3,,feedback,with_lit,compound_only_enrich_mammalian_RAMP_P_000025682_seed2,Celecoxib Action Pathway,RAMP_P_000025682,smpdb,Celecoxib Action Pathway,True,True,1.0000001189568997,Celecoxib Action Pathway,1.0000001189568997,1,Celecoxib Action Pathway,1.0000001189568997,1,True,True,True,Celecoxib Action Pathway|Ibuprofen Action Pathway|Leukotriene C4 Synthesis Deficiency,Celecoxib Action Pathway|Ibuprofen Action Pathway|Leukotriene C4 Synthesis Deficiency|Rofecoxib Action Pathway|Salicylate-sodium Action Pathway|Trisalicylate-choline Action Pathway|Acetaminophen  Action Pathway|Acetylsalicylic Acid Action Pathway|Antipyrine Action Pathway|Antrafenine Action Pathway,Celecoxib Action Pathway|Pyrimidine metabolism|RA biosynthesis pathway|Purinergic signaling|dysregulated pathway|acid metabolism|methylation pathway,7,2453,1234.1385628841817,
d3_metagent_with_lit,D3,,feedback,with_lit,compound_only_enrich_mammalian_RAMP_P_000050021_seed0,Biological oxidations,RAMP_P_000050021,reactome,Biological oxidations,True,True,0.9999998845904756,Biological oxidations,0.9999998845904756,1,Biological oxidations,0.9999998845904756,1,True,True,True,Biological oxidations|Metabolism|Phase II - Conjugation of compounds,"Biological oxidations|Metabolism|Phase II - Conjugation of compounds|Phase I - Functionalization of compounds|Xenobiotics|Cytochrome P450 - arranged by substrate type|ADHD and autism (ASD) pathways|Glutathione conjugation|Sensory perception of sweet, bitter, and umami (glutamate) taste|Sensory perception of taste",Biological oxidations|child pathway|Xenobiotics|xenobiotic metabolism|Conjugation pathway|Glutathione conjugation|II metabolism,7,2587,1388.4710425436497,timeout_in_feedback_loop
d3_metagent_with_lit,D3,,feedback,with_lit,compound_only_enrich_mammalian_RAMP_P_000050021_seed1,Biological oxidations,RAMP_P_000050021,reactome,xenobiotic metabolism,False,True,0.5229735964197266,Metabolism,0.8217436747704865,2,Metabolism,0.8217436747704865,2,False,True,True,Biological oxidations|Metabolism|Phase I - Functionalization of compounds,Biological oxidations|Metabolism|Phase I - Functionalization of compounds|Phase II - Conjugation of compounds|Cytochrome P450 - arranged by substrate type|Sensory Perception|Cytosolic sulfonation of small molecules|Xenobiotics|Transport of small molecules|Signaling by Hedgehog,xenobiotic metabolism|top pathway|Biological oxidations,3,2640,915.4711179304868,timeout_in_feedback_loop
d3_metagent_with_lit,D3,,feedback,with_lit,compound_only_enrich_mammalian_RAMP_P_000050021_seed2,Biological oxidations,RAMP_P_000050021,reactome,Biological oxidations,True,True,0.9999998845904756,Biological oxidations,0.9999998845904756,1,Biological oxidations,0.9999998845904756,1,True,True,True,Biological oxidations|Metabolism|Phase II - Conjugation of compounds,Biological oxidations|Metabolism|Phase II - Conjugation of compounds|Phase I - Functionalization of compounds|Methylation|Xenobiotics|Drug ADME|Cytochrome P450 - arranged by substrate type|Glutathione conjugation|Metabolism of amino acids and derivatives,Biological oxidations|top pathway|Glutathione conjugation|II metabolism|Methylation|Drug ADME|Xenobiotics metabolism|Xenobiotics|xenobiotic metabolism|Reactome pathway,10,2877,1261.7317414935678,timeout_in_feedback_loop
d3_metagent_with_lit,D3,,feedback,with_lit,compound_only_enrich_mammalian_RAMP_P_000050021_seed3,Biological oxidations,RAMP_P_000050021,reactome,Biological oxidations,True,True,0.9999998845904756,Biological oxidations,0.9999998845904756,1,Biological oxidations,0.9999998845904756,1,True,True,True,Biological oxidations|Phase I - Functionalization of compounds|Metabolism,Biological oxidations|Phase I - Functionalization of compounds|Metabolism|Selenium micronutrient network|Cytochrome P450 - arranged by substrate type|Phase II - Conjugation of compounds|Xenobiotics|Vitamin B12 metabolism|Folate metabolism|Thromboxane signalling through TP receptor,Biological oxidations|II xenobiotic metabolism|Selenium micronutrient network|The second-ranked pathway|energy metabolism|hormone metabolism,6,2915,1613.798109875992,timeout_in_feedback_loop
d3_metagent_with_lit,D3,,feedback,with_lit,compound_only_enrich_mammalian_RAMP_P_000050021_seed4,Biological oxidations,RAMP_P_000050021,reactome,The top pathway,False,False,0.3349222628782139,Phase II - Conjugation of compounds,0.480069407067364,3,Phase II - Conjugation of compounds,0.480069407067364,3,False,False,False,Biological oxidations|Metabolism|Phase II - Conjugation of compounds,"Biological oxidations|Metabolism|Phase II - Conjugation of compounds|Phase I - Functionalization of compounds|Xenobiotics|Cytochrome P450 - arranged by substrate type|Glutathione conjugation|Sensory perception of sweet, bitter, and umami (glutamate) taste|Sensory perception of taste|Drug ADME",The top pathway|Biological oxidations pathway|Biological oxidations|oxidative metabolism|xenobiotic metabolism|Glutathione conjugation|thiol metabolism|Reactome pathway,8,3244,1352.8278753925115,timeout_in_feedback_loop
d3_metagent_with_lit,D3,,feedback,with_lit,compound_only_enrich_mammalian_RAMP_P_000050021_seed5,Biological oxidations,RAMP_P_000050021,reactome,Biological oxidations,True,True,0.9999998845904756,Biological oxidations,0.9999998845904756,2,Biological oxidations,0.9999998845904756,2,True,True,True,Metabolism|Biological oxidations|Phase I - Functionalization of compounds,"Metabolism|Biological oxidations|Phase I - Functionalization of compounds|Xenobiotics|Biochemical pathways: part I|Sensory perception of sweet, bitter, and umami (glutamate) taste|Sensory perception of taste|Cytochrome P450 - arranged by substrate type|Phase II - Conjugation of compounds|Sensory Perception",Biological oxidations|perturbed pathway|Xenobiotics|Phase I metabolism|oxidative metabolism,5,3402,673.4850953053683,
d3_metagent_with_lit,D3,,feedback,with_lit,compound_only_enrich_mammalian_RAMP_P_000050021_seed6,Biological oxidations,RAMP_P_000050021,reactome,xenobiotic metabolism,False,True,0.5229735964197266,Metabolism,0.8217436747704865,2,Metabolism,0.8217436747704865,2,False,True,True,Biological oxidations|Metabolism|Phase II - Conjugation of compounds,"Biological oxidations|Metabolism|Phase II - Conjugation of compounds|Phase I - Functionalization of compounds|Xenobiotics|Cytochrome P450 - arranged by substrate type|Amino acid metabolism in triple-negative breast cancer cells|Glutathione conjugation|Methylation|Trans-sulfuration, one-carbon metabolism and related pathways",xenobiotic metabolism|Glutathione conjugation|top pathway|enriched pathway|Biological oxidations|drug metabolism|Phase II - Conjugation of compounds|conjugation pathway|Xenobiotics|Glutathione conjugation pathway,10,3997,1041.543819854036,
d3_metagent_with_lit,D3,,feedback,with_lit,compound_only_enrich_mammalian_RAMP_P_000050021_seed7,Biological oxidations,RAMP_P_000050021,reactome,Biological oxidations,True,True,0.9999998845904756,Biological oxidations,0.9999998845904756,2,Biological oxidations,0.9999998845904756,2,True,True,True,Metabolism|Biological oxidations|Phase I - Functionalization of compounds,"Metabolism|Biological oxidations|Phase I - Functionalization of compounds|Xenobiotics|Cytochrome P450 - arranged by substrate type|Phase II - Conjugation of compounds|Sensory perception of sweet, bitter, and umami (glutamate) taste|Sensory perception of taste|G alpha (i) signalling events|GPCR downstream signalling",Biological oxidations|Phase I - Functionalization of compounds|Xenobiotics|Cytochrome P450 - arranged by substrate type|xenobiotic metabolism|thiol metabolism|amine metabolism,7,4587,994.1681075133383,
d3_metagent_with_lit,D3,,feedback,with_lit,compound_only_enrich_mammalian_RAMP_P_000050021_seed8,Biological oxidations,RAMP_P_000050021,reactome,Reactome pathway,False,False,0.3878008804864889,Metabolism,0.5432408568783494,1,Metabolism,0.5432408568783494,1,False,False,False,Metabolism|Biological oxidations|Phase I - Functionalization of compounds,Metabolism|Biological oxidations|Phase I - Functionalization of compounds|Xenobiotics|Cytochrome P450 - arranged by substrate type|Phase II - Conjugation of compounds|Agmatine biosynthesis|Assembly of collagen fibrils and other multimeric structures|Crosslinking of collagen fibrils|Spironolactone Action Pathway,Reactome pathway|Biological oxidations|PAH metabolism,3,2145,704.0868549533188,
d3_metagent_with_lit,D3,,feedback,with_lit,compound_only_enrich_mammalian_RAMP_P_000050021_seed9,Biological oxidations,RAMP_P_000050021,reactome,xenobiotic metabolism,False,True,0.5229735964197266,Metabolism,0.8217436747704865,3,Metabolism,0.8217436747704865,3,False,True,True,Biological oxidations|Cytochrome P450 - arranged by substrate type|Metabolism,Biological oxidations|Cytochrome P450 - arranged by substrate type|Metabolism|Phase I - Functionalization of compounds|Xenobiotics|Metal sequestration by antimicrobial proteins|Phase II - Conjugation of compounds|Iron uptake and transport|Transport of small molecules|Antimicrobial peptides,xenobiotic metabolism|Biological oxidations|Cytochrome P450 - arranged by substrate type|conjugation pathway|thiol metabolism,5,2280,540.8306612577289,
d3_metagent_with_lit,D3,,feedback,with_lit,compound_only_enrich_mammalian_RAMP_P_000050096_seed6,Metabolism of amino acids and derivatives,RAMP_P_000050096,reactome,Alkaptonuria,False,True,0.278850322279449,Alkaptonuria,1.0000000163705307,2,Alkaptonuria,1.0000000163705307,2,False,True,True,Metabolism of amino acids and derivatives|Alkaptonuria|Dopamine beta-hydroxylase deficiency,"Metabolism of amino acids and derivatives|Alkaptonuria|Dopamine beta-hydroxylase deficiency|Hawkinsinuria|Monoamine oxidase-a deficiency (MAO-A)|Tyrosinemia Type I|Tyrosinemia, transient, of the newborn|Disulfiram Action Pathway|Tyrosine metabolism|Biochemical pathways: part I",Alkaptonuria|tyrosine metabolism|Metabolism of amino acids and derivatives|Melanin biosynthesis,4,1945,1191.494414087385,
d3_metagent_with_lit,D3,,feedback,with_lit,compound_only_enrich_mammalian_RAMP_P_000050099_seed6,Pyrimidine catabolism,RAMP_P_000050099,reactome,thymine catabolism,False,False,0.6281458892129,Pyrimidine catabolism,0.6281458892129,1,Pyrimidine catabolism,0.6281458892129,1,False,False,False,Pyrimidine catabolism|Beta Ureidopropionase Deficiency|Dihydropyrimidinase Deficiency,Pyrimidine catabolism|Beta Ureidopropionase Deficiency|Dihydropyrimidinase Deficiency|MNGIE (Mitochondrial Neurogastrointestinal Encephalopathy)|Pyrimidine metabolism|UMP Synthase Deficiency (Orotic Aciduria)|Nucleotide catabolism|Biochemical pathways: part I|Metabolism of nucleotides|Biomarkers for pyrimidine metabolism disorders,thymine catabolism|verified pathway|pyrimidine catabolism|Within pyrimidine catabolism|salvage pathway|top pathway,6,2309,1097.3525764457881,timeout_in_feedback_loop
d3_metagent_with_lit,D3,,feedback,with_lit,compound_only_enrich_mammalian_RAMP_P_000052855_seed0,Sulfatase and aromatase pathway,RAMP_P_000052855,wikipathways,Androgen and Estrogen Metabolism,False,True,0.5926593013399727,Androgen and Estrogen Metabolism,0.999999899513863,3,Androgen and Estrogen Metabolism,0.999999899513863,3,False,True,True,Sulfatase and aromatase pathway|17-Beta Hydroxysteroid Dehydrogenase III Deficiency|Androgen and Estrogen Metabolism,Sulfatase and aromatase pathway|17-Beta Hydroxysteroid Dehydrogenase III Deficiency|Androgen and Estrogen Metabolism|Androgen and Estrogen Metabolism|Aromatase deficiency|Metabolism of steroid hormones|Biochemical pathways: part I|Estrogen biosynthesis|Steroid biosynthesis|Androgen receptor network in prostate cancer,Androgen and Estrogen Metabolism|Sulfatase and aromatase pathway|steroid biosynthesis,3,2401,887.9115964397788,
d3_metagent_with_lit,D3,,feedback,with_lit,compound_only_enrich_mammalian_RAMP_P_000053042_seed9,Steroid biosynthesis,RAMP_P_000053042,wikipathways,Androgen receptor network in prostate cancer,False,True,0.1987403194133988,Androgen receptor network in prostate cancer,0.9999999904963014,2,Androgen receptor network in prostate cancer,0.9999999904963014,2,False,True,True,Steroid biosynthesis|Androgen receptor network in prostate cancer|Male steroid hormones in cardiomyocyte energy metabolism,Steroid biosynthesis|Androgen receptor network in prostate cancer|Male steroid hormones in cardiomyocyte energy metabolism|17-Beta Hydroxysteroid Dehydrogenase III Deficiency|Androgen and Estrogen Metabolism|Androgen and Estrogen Metabolism|Aromatase deficiency|Metabolism of steroid hormones|Sulfatase and aromatase pathway|Androgen biosynthesis,Androgen receptor network in prostate cancer|Male steroid hormones in cardiomyocyte energy metabolism|energy metabolism|androgen biosynthesis|steroid biosynthesis,5,1676,689.2549694795161,
d3_metagent_with_lit,D3,,feedback,with_lit,compound_only_enrich_mammalian_RAMP_P_000053306_seed1,Pyrimidine metabolism,RAMP_P_000053306,wikipathways,Pyrimidine metabolism,True,True,0.9999999966934278,Pyrimidine metabolism,0.9999999966934278,1,Pyrimidine metabolism,0.9999999966934278,1,True,True,True,Pyrimidine metabolism|Beta Ureidopropionase Deficiency|Dihydropyrimidinase Deficiency,Pyrimidine metabolism|Beta Ureidopropionase Deficiency|Dihydropyrimidinase Deficiency|MNGIE (Mitochondrial Neurogastrointestinal Encephalopathy)|Pyrimidine metabolism|UMP Synthase Deficiency (Orotic Aciduria)|Nucleotide catabolism|Biomarkers for pyrimidine metabolism disorders|Pyrimidine catabolism|Pyrimidine metabolism and related diseases,Pyrimidine metabolism|nucleotide biosynthesis|downstream metabolism|Dihydropyrimidinase Deficiency|lack pathway,5,2834,904.3861971758306,
d3_metagent_with_lit,D3,,feedback,with_lit,compound_only_enrich_mammalian_RAMP_P_000053306_seed7,Pyrimidine metabolism,RAMP_P_000053306,wikipathways,Pyrimidine metabolism,True,True,0.9999999966934278,Pyrimidine metabolism,0.9999999966934278,1,Pyrimidine metabolism,0.9999999966934278,1,True,True,True,Pyrimidine metabolism|Beta Ureidopropionase Deficiency|Dihydropyrimidinase Deficiency,Pyrimidine metabolism|Beta Ureidopropionase Deficiency|Dihydropyrimidinase Deficiency|MNGIE (Mitochondrial Neurogastrointestinal Encephalopathy)|Pyrimidine metabolism|UMP Synthase Deficiency (Orotic Aciduria)|Nucleotide catabolism|Pyrimidine catabolism|Metabolism of nucleotides|Biomarkers for pyrimidine metabolism disorders,Pyrimidine metabolism|pyrimidine degradation|Beta Ureidopropionase Deficiency|Dihydropyrimidinase Deficiency,4,1238,978.3913100678474,
d3_metagent_with_lit,D3,,feedback,with_lit,compound_only_enrich_mammalian_lm_pathway_WP167_seed0,Eicosanoid synthesis,lm_pathway:WP167,lipidmaps,KEGG pathway,False,False,0.3309564376392276,Eicosanoid metabolism via cyclooxygenases (COX),0.36764153233610536,2,Acetaminophen  Action Pathway,0.5137163477850119,8,False,False,False,Eicosanoid synthesis|Eicosanoid metabolism via cyclooxygenases (COX)|Eicosanoid metabolism via lipoxygenases (LOX),Eicosanoid synthesis|Eicosanoid metabolism via cyclooxygenases (COX)|Eicosanoid metabolism via lipoxygenases (LOX)|Leukotriene C4 Synthesis Deficiency|Rofecoxib Action Pathway|Salicylate-sodium Action Pathway|Trisalicylate-choline Action Pathway|Acetaminophen  Action Pathway|Acetylsalicylic Acid Action Pathway|Antipyrine Action Pathway,KEGG pathway|as pathway|acid metabolism|nucleotide metabolism,4,3223,988.1618973519653,timeout_in_feedback_loop
d3_metagent_with_lit,D3,,feedback,with_lit,compound_only_enrich_mammalian_lm_pathway_WP167_seed1,Eicosanoid synthesis,lm_pathway:WP167,lipidmaps,Eicosanoid synthesis,True,True,1.0000000721685292,Eicosanoid synthesis,1.0000000721685292,1,Eicosanoid synthesis,1.0000000721685292,1,True,True,True,Eicosanoid synthesis|Eicosanoid metabolism via cyclooxygenases (COX)|Eicosanoid metabolism via lipoxygenases (LOX),Eicosanoid synthesis|Eicosanoid metabolism via cyclooxygenases (COX)|Eicosanoid metabolism via lipoxygenases (LOX)|Eicosanoid synthesis|Leukotriene C4 Synthesis Deficiency|Rofecoxib Action Pathway|Salicylate-sodium Action Pathway|Trisalicylate-choline Action Pathway|Acetaminophen  Action Pathway|Acetylsalicylic Acid Action Pathway,Eicosanoid synthesis|Eicosanoid Synthesis pathway|one-carbon metabolism,3,2267,708.9129709396511,
d3_metagent_with_lit,D3,,feedback,with_lit,compound_only_enrich_mammalian_lm_pathway_WP167_seed2,Eicosanoid synthesis,lm_pathway:WP167,lipidmaps,Eicosanoid synthesis,True,True,1.0000000721685292,Eicosanoid synthesis,1.0000000721685292,1,Eicosanoid synthesis,1.0000000721685292,1,True,True,True,Eicosanoid synthesis|Eicosanoid metabolism via cyclooxygenases (COX)|Eicosanoid metabolism via lipoxygenases (LOX),Eicosanoid synthesis|Eicosanoid metabolism via cyclooxygenases (COX)|Eicosanoid metabolism via lipoxygenases (LOX)|Leukotriene C4 Synthesis Deficiency|Rofecoxib Action Pathway|Salicylate-sodium Action Pathway|Trisalicylate-choline Action Pathway|Acetaminophen  Action Pathway|Acetylsalicylic Acid Action Pathway|Antipyrine Action Pathway,Eicosanoid synthesis|Eicosanoid synthesis pathway|phenylpropanoid metabolism,3,2857,890.0718777105212,
d3_metagent_with_lit,D3,,feedback,with_lit,compound_only_enrich_mammalian_lm_pathway_WP167_seed3,Eicosanoid synthesis,lm_pathway:WP167,lipidmaps,inflammatory signaling,False,False,0.38023512716597846,Eicosanoid synthesis,0.38023512716597846,1,Acetaminophen  Action Pathway,0.4213229607903368,10,False,False,False,Eicosanoid synthesis|Eicosanoid metabolism via cyclooxygenases (COX)|Eicosanoid metabolism via lipoxygenases (LOX),Eicosanoid synthesis|Eicosanoid metabolism via cyclooxygenases (COX)|Eicosanoid metabolism via lipoxygenases (LOX)|Eicosanoid synthesis|Metabolism|Leukotriene C4 Synthesis Deficiency|Rofecoxib Action Pathway|Salicylate-sodium Action Pathway|Trisalicylate-choline Action Pathway|Acetaminophen  Action Pathway,inflammatory signaling|Eicosanoid synthesis|Arachidonic Acid Metabolism pathway|via pathway,4,2682,637.2770544309169,
d3_metagent_with_lit,D3,,feedback,with_lit,compound_only_enrich_mammalian_lm_pathway_WP167_seed4,Eicosanoid synthesis,lm_pathway:WP167,lipidmaps,Eicosanoid synthesis,True,True,1.0000000721685292,Eicosanoid synthesis,1.0000000721685292,1,Eicosanoid synthesis,1.0000000721685292,1,True,True,True,Eicosanoid synthesis|Eicosanoid metabolism via cyclooxygenases (COX)|Eicosanoid metabolism via lipoxygenases (LOX),Eicosanoid synthesis|Eicosanoid metabolism via cyclooxygenases (COX)|Eicosanoid metabolism via lipoxygenases (LOX)|Eicosanoid synthesis|Selenium micronutrient network|Leukotriene C4 Synthesis Deficiency|Rofecoxib Action Pathway|Salicylate-sodium Action Pathway|Trisalicylate-choline Action Pathway|Acetaminophen  Action Pathway,Eicosanoid synthesis,1,1890,1041.431868609041,timeout_in_feedback_loop
d3_metagent_with_lit,D3,,feedback,with_lit,compound_only_enrich_mammalian_lm_pathway_WP167_seed5,Eicosanoid synthesis,lm_pathway:WP167,lipidmaps,Eicosanoid synthesis,True,True,1.0000000721685292,Eicosanoid synthesis,1.0000000721685292,1,Eicosanoid synthesis,1.0000000721685292,1,True,True,True,Eicosanoid synthesis|Eicosanoid metabolism via cyclooxygenases (COX)|Eicosanoid metabolism via lipoxygenases (LOX),Eicosanoid synthesis|Eicosanoid metabolism via cyclooxygenases (COX)|Eicosanoid metabolism via lipoxygenases (LOX)|Eicosanoid synthesis|Leukotriene C4 Synthesis Deficiency|Rofecoxib Action Pathway|Salicylate-sodium Action Pathway|Trisalicylate-choline Action Pathway|Acetaminophen  Action Pathway|Acetylsalicylic Acid Action Pathway,Eicosanoid synthesis|Eicosanoid synthesis pathway|II signaling,3,2594,885.808942919597,
d3_metagent_with_lit,D3,,feedback,with_lit,compound_only_enrich_mammalian_lm_pathway_WP167_seed6,Eicosanoid synthesis,lm_pathway:WP167,lipidmaps,Eicosanoid synthesis,True,True,1.0000000721685292,Eicosanoid synthesis,1.0000000721685292,1,Eicosanoid synthesis,1.0000000721685292,1,True,True,True,Eicosanoid synthesis|Eicosanoid metabolism via cyclooxygenases (COX)|Eicosanoid metabolism via lipoxygenases (LOX),Eicosanoid synthesis|Eicosanoid metabolism via cyclooxygenases (COX)|Eicosanoid metabolism via lipoxygenases (LOX)|Eicosanoid synthesis|Leukotriene C4 Synthesis Deficiency|Rofecoxib Action Pathway|Salicylate-sodium Action Pathway|Trisalicylate-choline Action Pathway|Acetaminophen  Action Pathway|Acetylsalicylic Acid Action Pathway,Eicosanoid synthesis|Leukotriene C4 Synthesis Deficiency|Rofecoxib Action Pathway|KEGG Arachidonic Acid Metabolism pathway|with metabolism|top pathway|glutathione metabolism|lipid biosynthesis|queried pathway|beyond pathway,10,2543,1067.2174973487854,timeout_in_feedback_loop
d3_metagent_with_lit,D3,,feedback,with_lit,compound_only_enrich_mammalian_lm_pathway_WP167_seed7,Eicosanoid synthesis,lm_pathway:WP167,lipidmaps,Rofecoxib Action Pathway,False,False,0.41256890660890755,Eicosanoid metabolism via lipoxygenases (LOX),0.5904310906561268,3,Rofecoxib Action Pathway,0.9999999992317723,6,False,False,True,Eicosanoid synthesis|Eicosanoid metabolism via cyclooxygenases (COX)|Eicosanoid metabolism via lipoxygenases (LOX),Eicosanoid synthesis|Eicosanoid metabolism via cyclooxygenases (COX)|Eicosanoid metabolism via lipoxygenases (LOX)|Eicosanoid synthesis|Leukotriene C4 Synthesis Deficiency|Rofecoxib Action Pathway|Salicylate-sodium Action Pathway|Trisalicylate-choline Action Pathway|Acetaminophen  Action Pathway|Acetylsalicylic Acid Action Pathway,Rofecoxib Action Pathway|mediator biosynthesis|matching pathway|Eicosanoid synthesis|Leukotriene C4 Synthesis Deficiency|Eicosanoid synthesis pathway|pro-inflammatory signaling|steroid metabolism|returned pathway,9,2857,1218.484190300107,timeout_in_feedback_loop
d3_metagent_with_lit,D3,,feedback,with_lit,compound_only_enrich_mammalian_lm_pathway_WP167_seed8,Eicosanoid synthesis,lm_pathway:WP167,lipidmaps,Eicosanoid synthesis,True,True,1.0000000721685292,Eicosanoid synthesis,1.0000000721685292,1,Eicosanoid synthesis,1.0000000721685292,1,True,True,True,Eicosanoid synthesis|Eicosanoid metabolism via cyclooxygenases (COX)|Eicosanoid metabolism via lipoxygenases (LOX),Eicosanoid synthesis|Eicosanoid metabolism via cyclooxygenases (COX)|Eicosanoid metabolism via lipoxygenases (LOX)|Eicosanoid synthesis|Selenium micronutrient network|Leukotriene C4 Synthesis Deficiency|Rofecoxib Action Pathway|Salicylate-sodium Action Pathway|Trisalicylate-choline Action Pathway|Acetaminophen  Action Pathway,Eicosanoid synthesis|not pathway,2,2028,421.0677314866334,
d3_metagent_with_lit,D3,,feedback,with_lit,compound_only_enrich_mammalian_lm_pathway_WP167_seed9,Eicosanoid synthesis,lm_pathway:WP167,lipidmaps,SMP00075 pathway,False,False,0.33004181153316203,Eicosanoid metabolism via lipoxygenases (LOX),0.3628043904462075,3,Rofecoxib Action Pathway,0.5720765330850102,6,False,False,False,Eicosanoid synthesis|Eicosanoid metabolism via cyclooxygenases (COX)|Eicosanoid metabolism via lipoxygenases (LOX),Eicosanoid synthesis|Eicosanoid metabolism via cyclooxygenases (COX)|Eicosanoid metabolism via lipoxygenases (LOX)|Eicosanoid synthesis|Leukotriene C4 Synthesis Deficiency|Rofecoxib Action Pathway|Salicylate-sodium Action Pathway|Trisalicylate-choline Action Pathway|Acetaminophen  Action Pathway|Acetylsalicylic Acid Action Pathway,SMP00075 pathway|Eicosanoid synthesis,2,2223,807.3872184827924,
d3_5_single_no_lit_run1,D3.5,run1,single,no_lit,compound_only_enrich_mammalian_RAMP_P_000000016_seed1,"Glycine, serine and threonine metabolism",RAMP_P_000000016,kegg,acid metabolism,False,False,0.6071298567930323,Metabolism of amino acids and derivatives,0.7263358083839,2,Metabolism of amino acids and derivatives,0.7263358083839,2,False,False,False,"Glycine, serine and threonine metabolism|Metabolism of amino acids and derivatives|3-Phosphoglycerate dehydrogenase deficiency","Glycine, serine and threonine metabolism|Metabolism of amino acids and derivatives|3-Phosphoglycerate dehydrogenase deficiency|Dihydropyrimidine Dehydrogenase Deficiency (DHPD)|Dimethylglycine Dehydrogenase Deficiency|Dimethylglycine Dehydrogenase Deficiency|Hyperglycinemia, non-ketotic|Non Ketotic Hyperglycinemia|Sarcosinemia|Trans-sulfuration, one-carbon metabolism and related pathways",acid metabolism|transsulfuration pathway|methylation metabolism|proline biosynthesis|threonine catabolism|urea cycle|melanin metabolism|redox signaling|Proline pathway|catecholamine metabolism|methionine cycle|endogenous metabolism,12,2043,37.20505762659013,
d3_5_single_no_lit_run1,D3.5,run1,single,no_lit,compound_only_enrich_mammalian_RAMP_P_000000016_seed2,"Glycine, serine and threonine metabolism",RAMP_P_000000016,kegg,methylation metabolism,False,False,0.5792602740700457,"Glycine, serine and threonine metabolism",0.5792602740700457,1,Metabolism,0.7808547105670083,10,False,False,False,"Glycine, serine and threonine metabolism|3-Phosphoglycerate dehydrogenase deficiency|Dihydropyrimidine Dehydrogenase Deficiency (DHPD)","Glycine, serine and threonine metabolism|3-Phosphoglycerate dehydrogenase deficiency|Dihydropyrimidine Dehydrogenase Deficiency (DHPD)|Dimethylglycine Dehydrogenase Deficiency|Dimethylglycine Dehydrogenase Deficiency|Hyperglycinemia, non-ketotic|Non Ketotic Hyperglycinemia|Sarcosinemia|Trans-sulfuration, one-carbon metabolism and related pathways|Metabolism",methylation metabolism|phospholipid metabolism|Kennedy pathway|Transsulfuration pathway|Secondary pathway|pyrimidine metabolism|energy metabolism|one-carbon metabolism|phospholipid biosynthesis|threonine metabolism|group metabolism|folate cycle,12,2281,43.0103720407933,
d3_5_single_no_lit_run1,D3.5,run1,single,no_lit,compound_only_enrich_mammalian_RAMP_P_000000398_seed0,Galactose Metabolism,RAMP_P_000000398,kegg,sugar metabolism,False,False,0.7614500924252456,Galactose Metabolism,0.7614500924252456,2,Galactose Metabolism,0.7614500924252456,2,False,False,False,Galactosemia|Galactose Metabolism|Galactose Metabolism,Galactosemia|Galactose Metabolism|Galactose Metabolism|Biochemical pathways: part I|Glycerophospholipid biosynthetic pathway|Glycerophospholipid biosynthesis|Phospholipid metabolism|MECP2 and associated Rett syndrome|GPCR downstream signalling|Orexin receptor pathway,sugar metabolism|phospholipid biosynthesis|as pathway|protectant pathway|glycerolipid metabolism|sterol biosynthesis|galactose metabolism|energy metabolism,8,2055,42.11232521571219,
d3_5_single_no_lit_run1,D3.5,run1,single,no_lit,compound_only_enrich_mammalian_RAMP_P_000053306_seed1,Pyrimidine metabolism,RAMP_P_000053306,wikipathways,pyrimidine metabolism,True,True,1.0000000055842404,Pyrimidine metabolism,1.0000000055842404,1,Pyrimidine metabolism,1.0000000055842404,1,True,True,True,Pyrimidine metabolism|Beta Ureidopropionase Deficiency|Dihydropyrimidinase Deficiency,Pyrimidine metabolism|Beta Ureidopropionase Deficiency|Dihydropyrimidinase Deficiency|MNGIE (Mitochondrial Neurogastrointestinal Encephalopathy)|Pyrimidine metabolism|UMP Synthase Deficiency (Orotic Aciduria)|Nucleotide catabolism|Biomarkers for pyrimidine metabolism disorders|Pyrimidine catabolism|Pyrimidine metabolism and related diseases,pyrimidine metabolism|uracil catabolism|proline metabolism|phosphate pathway|uracil degradation|salvage pathway|beta-alanine pathway|pyrimidine biosynthesis|thymidylate metabolism,9,2076,34.22991656139493,
d3_5_single_no_lit_run1,D3.5,run1,single,no_lit,compound_only_enrich_mammalian_RAMP_P_000053306_seed7,Pyrimidine metabolism,RAMP_P_000053306,wikipathways,pyrimidine metabolism,True,True,1.0000000055842404,Pyrimidine metabolism,1.0000000055842404,1,Pyrimidine metabolism,1.0000000055842404,1,True,True,True,Pyrimidine metabolism|Beta Ureidopropionase Deficiency|Dihydropyrimidinase Deficiency,Pyrimidine metabolism|Beta Ureidopropionase Deficiency|Dihydropyrimidinase Deficiency|MNGIE (Mitochondrial Neurogastrointestinal Encephalopathy)|Pyrimidine metabolism|UMP Synthase Deficiency (Orotic Aciduria)|Nucleotide catabolism|Pyrimidine catabolism|Metabolism of nucleotides|Biomarkers for pyrimidine metabolism disorders,pyrimidine metabolism|through degradation|phosphate pathway|glucose metabolism|sugar biosynthesis|uracil degradation|terminal pathway|pyrimidine catabolism|toward catabolism,9,2315,33.331295715644956,
d3_5_single_no_lit_run1,D3.5,run1,single,no_lit,compound_only_enrich_mammalian_lm_pathway_WP167_seed0,Eicosanoid synthesis,lm_pathway:WP167,lipidmaps,acid metabolism,False,False,0.4193832374871163,Eicosanoid metabolism via lipoxygenases (LOX),0.4608412950962475,3,Acetylsalicylic Acid Action Pathway,0.47488220522667224,9,False,False,False,Eicosanoid synthesis|Eicosanoid metabolism via cyclooxygenases (COX)|Eicosanoid metabolism via lipoxygenases (LOX),Eicosanoid synthesis|Eicosanoid metabolism via cyclooxygenases (COX)|Eicosanoid metabolism via lipoxygenases (LOX)|Leukotriene C4 Synthesis Deficiency|Rofecoxib Action Pathway|Salicylate-sodium Action Pathway|Trisalicylate-choline Action Pathway|Acetaminophen  Action Pathway|Acetylsalicylic Acid Action Pathway|Antipyrine Action Pathway,acid metabolism|phosphatidylcholine catabolism|functional signaling|phase metabolism,4,1733,29.91385986842215,
d3_5_single_no_lit_run1,D3.5,run1,single,no_lit,compound_only_enrich_mammalian_lm_pathway_WP167_seed2,Eicosanoid synthesis,lm_pathway:WP167,lipidmaps,eicosanoid biosynthesis,True,True,0.9944915674237438,Eicosanoid synthesis,0.9944915674237438,1,Eicosanoid synthesis,0.9944915674237438,1,True,True,True,Eicosanoid synthesis|Eicosanoid metabolism via cyclooxygenases (COX)|Eicosanoid metabolism via lipoxygenases (LOX),Eicosanoid synthesis|Eicosanoid metabolism via cyclooxygenases (COX)|Eicosanoid metabolism via lipoxygenases (LOX)|Leukotriene C4 Synthesis Deficiency|Rofecoxib Action Pathway|Salicylate-sodium Action Pathway|Trisalicylate-choline Action Pathway|Acetaminophen  Action Pathway|Acetylsalicylic Acid Action Pathway|Antipyrine Action Pathway,eicosanoid biosynthesis|Cytochrome P450 pathway|phenol metabolism|leukotriene pathway|COX pathway,5,2170,37.4662639927119,
d3_5_single_no_lit_run1,D3.5,run1,single,no_lit,compound_only_enrich_mammalian_lm_pathway_WP167_seed4,Eicosanoid synthesis,lm_pathway:WP167,lipidmaps,eicosanoid biosynthesis,True,True,0.9944915674237438,Eicosanoid synthesis,0.9944915674237438,1,Eicosanoid synthesis,0.9944915674237438,1,True,True,True,Eicosanoid synthesis|Eicosanoid metabolism via cyclooxygenases (COX)|Eicosanoid metabolism via lipoxygenases (LOX),Eicosanoid synthesis|Eicosanoid metabolism via cyclooxygenases (COX)|Eicosanoid metabolism via lipoxygenases (LOX)|Eicosanoid synthesis|Selenium micronutrient network|Leukotriene C4 Synthesis Deficiency|Rofecoxib Action Pathway|Salicylate-sodium Action Pathway|Trisalicylate-choline Action Pathway|Acetaminophen  Action Pathway,eicosanoid biosynthesis|secondary pathway|pyrimidine metabolism,3,2443,43.02274638414383,
d3_5_single_no_lit_run1,D3.5,run1,single,no_lit,compound_only_enrich_mammalian_lm_pathway_WP167_seed6,Eicosanoid synthesis,lm_pathway:WP167,lipidmaps,acid metabolism,False,False,0.4193832374871163,Eicosanoid metabolism via lipoxygenases (LOX),0.4608412950962475,3,Acetylsalicylic Acid Action Pathway,0.47488220522667224,10,False,False,False,Eicosanoid synthesis|Eicosanoid metabolism via cyclooxygenases (COX)|Eicosanoid metabolism via lipoxygenases (LOX),Eicosanoid synthesis|Eicosanoid metabolism via cyclooxygenases (COX)|Eicosanoid metabolism via lipoxygenases (LOX)|Eicosanoid synthesis|Leukotriene C4 Synthesis Deficiency|Rofecoxib Action Pathway|Salicylate-sodium Action Pathway|Trisalicylate-choline Action Pathway|Acetaminophen  Action Pathway|Acetylsalicylic Acid Action Pathway,acid metabolism|Cytochrome P450 pathway|secondary pathway|cysteine metabolism|lipid signaling|leukotriene pathway|inflammatory signaling,7,2008,30.14760938473046,
d3_5_single_no_lit_run1,D3.5,run1,single,no_lit,compound_only_enrich_mammalian_lm_pathway_WP167_seed8,Eicosanoid synthesis,lm_pathway:WP167,lipidmaps,acid metabolism,False,False,0.4193832374871163,Eicosanoid metabolism via lipoxygenases (LOX),0.4608412950962475,3,Eicosanoid metabolism via lipoxygenases (LOX),0.4608412950962475,3,False,False,False,Eicosanoid synthesis|Eicosanoid metabolism via cyclooxygenases (COX)|Eicosanoid metabolism via lipoxygenases (LOX),Eicosanoid synthesis|Eicosanoid metabolism via cyclooxygenases (COX)|Eicosanoid metabolism via lipoxygenases (LOX)|Eicosanoid synthesis|Selenium micronutrient network|Leukotriene C4 Synthesis Deficiency|Rofecoxib Action Pathway|Salicylate-sodium Action Pathway|Trisalicylate-choline Action Pathway|Acetaminophen  Action Pathway,acid metabolism|transsulfuration pathway|possible pathway|purine metabolism|eicosanoid biosynthesis,5,2087,34.681922575458884,
d3_5_feedback_no_lit_run1,D3.5,run1,feedback,no_lit,compound_only_enrich_mammalian_RAMP_P_000000016_seed1,"Glycine, serine and threonine metabolism",RAMP_P_000000016,kegg,"Glycine, serine and threonine metabolism",True,True,1.000000153176198,"Glycine, serine and threonine metabolism",1.000000153176198,1,"Glycine, serine and threonine metabolism",1.000000153176198,1,True,True,True,"Glycine, serine and threonine metabolism|Metabolism of amino acids and derivatives|3-Phosphoglycerate dehydrogenase deficiency","Glycine, serine and threonine metabolism|Metabolism of amino acids and derivatives|3-Phosphoglycerate dehydrogenase deficiency|Dihydropyrimidine Dehydrogenase Deficiency (DHPD)|Dimethylglycine Dehydrogenase Deficiency|Dimethylglycine Dehydrogenase Deficiency|Hyperglycinemia, non-ketotic|Non Ketotic Hyperglycinemia|Sarcosinemia|Trans-sulfuration, one-carbon metabolism and related pathways","Glycine, serine and threonine metabolism|threonine metabolism|Metabolism of amino acids and derivatives|amino-group metabolism|methionine cycle",5,2054,432.96283855102956,
d3_5_feedback_no_lit_run1,D3.5,run1,feedback,no_lit,compound_only_enrich_mammalian_RAMP_P_000000016_seed2,"Glycine, serine and threonine metabolism",RAMP_P_000000016,kegg,enriched pathway,False,False,0.3398143573417194,"Glycine, serine and threonine metabolism",0.3398143573417194,1,Metabolism,0.457090400563963,10,False,False,False,"Glycine, serine and threonine metabolism|3-Phosphoglycerate dehydrogenase deficiency|Dihydropyrimidine Dehydrogenase Deficiency (DHPD)","Glycine, serine and threonine metabolism|3-Phosphoglycerate dehydrogenase deficiency|Dihydropyrimidine Dehydrogenase Deficiency (DHPD)|Dimethylglycine Dehydrogenase Deficiency|Dimethylglycine Dehydrogenase Deficiency|Hyperglycinemia, non-ketotic|Non Ketotic Hyperglycinemia|Sarcosinemia|Trans-sulfuration, one-carbon metabolism and related pathways|Metabolism","enriched pathway|Glycine, serine and threonine metabolism|threonine metabolism|methionine metabolism|one-carbon metabolism|amino-acid metabolism",6,1805,837.4660665150732,
d3_5_feedback_no_lit_run1,D3.5,run1,feedback,no_lit,compound_only_enrich_mammalian_RAMP_P_000000398_seed0,Galactose Metabolism,RAMP_P_000000398,kegg,galactose metabolism,True,True,0.9999999832245213,Galactose Metabolism,0.9999999832245213,2,Galactose Metabolism,0.9999999832245213,2,True,True,True,Galactosemia|Galactose Metabolism|Galactose Metabolism,Galactosemia|Galactose Metabolism|Galactose Metabolism|Biochemical pathways: part I|Glycerophospholipid biosynthetic pathway|Glycerophospholipid biosynthesis|Phospholipid metabolism|MECP2 and associated Rett syndrome|GPCR downstream signalling|Orexin receptor pathway,galactose metabolism|Galactosemia|glycerophospholipid biosynthesis,3,2254,952.0746938809752,
d3_5_feedback_no_lit_run1,D3.5,run1,feedback,no_lit,compound_only_enrich_mammalian_RAMP_P_000053306_seed1,Pyrimidine metabolism,RAMP_P_000053306,wikipathways,pyrimidine metabolism,True,True,1.0000000055842404,Pyrimidine metabolism,1.0000000055842404,1,Pyrimidine metabolism,1.0000000055842404,1,True,True,True,Pyrimidine metabolism|Beta Ureidopropionase Deficiency|Dihydropyrimidinase Deficiency,Pyrimidine metabolism|Beta Ureidopropionase Deficiency|Dihydropyrimidinase Deficiency|MNGIE (Mitochondrial Neurogastrointestinal Encephalopathy)|Pyrimidine metabolism|UMP Synthase Deficiency (Orotic Aciduria)|Nucleotide catabolism|Biomarkers for pyrimidine metabolism disorders|Pyrimidine catabolism|Pyrimidine metabolism and related diseases,pyrimidine metabolism|both degradation|Dihydropyrimidinase Deficiency|same pathway,4,2263,1028.89883114025,
d3_5_feedback_no_lit_run1,D3.5,run1,feedback,no_lit,compound_only_enrich_mammalian_RAMP_P_000053306_seed7,Pyrimidine metabolism,RAMP_P_000053306,wikipathways,Pyrimidine metabolism,True,True,0.9999999966934278,Pyrimidine metabolism,0.9999999966934278,1,Pyrimidine metabolism,0.9999999966934278,1,True,True,True,Pyrimidine metabolism|Beta Ureidopropionase Deficiency|Dihydropyrimidinase Deficiency,Pyrimidine metabolism|Beta Ureidopropionase Deficiency|Dihydropyrimidinase Deficiency|MNGIE (Mitochondrial Neurogastrointestinal Encephalopathy)|Pyrimidine metabolism|UMP Synthase Deficiency (Orotic Aciduria)|Nucleotide catabolism|Pyrimidine catabolism|Metabolism of nucleotides|Biomarkers for pyrimidine metabolism disorders,Pyrimidine metabolism|Beta-Alanine metabolism|Metabolism of nucleotides,3,1890,754.3600500449538,
d3_5_feedback_no_lit_run1,D3.5,run1,feedback,no_lit,compound_only_enrich_mammalian_lm_pathway_WP167_seed0,Eicosanoid synthesis,lm_pathway:WP167,lipidmaps,acid metabolism,False,False,0.4193832374871163,Eicosanoid metabolism via lipoxygenases (LOX),0.4608412950962475,3,Acetylsalicylic Acid Action Pathway,0.47488220522667224,9,False,False,False,Eicosanoid synthesis|Eicosanoid metabolism via cyclooxygenases (COX)|Eicosanoid metabolism via lipoxygenases (LOX),Eicosanoid synthesis|Eicosanoid metabolism via cyclooxygenases (COX)|Eicosanoid metabolism via lipoxygenases (LOX)|Leukotriene C4 Synthesis Deficiency|Rofecoxib Action Pathway|Salicylate-sodium Action Pathway|Trisalicylate-choline Action Pathway|Acetaminophen  Action Pathway|Acetylsalicylic Acid Action Pathway|Antipyrine Action Pathway,acid metabolism|acid pathway|resolution signaling,3,3110,1110.1132698766887,timeout_in_feedback_loop
d3_5_feedback_no_lit_run1,D3.5,run1,feedback,no_lit,compound_only_enrich_mammalian_lm_pathway_WP167_seed2,Eicosanoid synthesis,lm_pathway:WP167,lipidmaps,Eicosanoid synthesis,True,True,1.0000000721685292,Eicosanoid synthesis,1.0000000721685292,1,Eicosanoid synthesis,1.0000000721685292,1,True,True,True,Eicosanoid synthesis|Eicosanoid metabolism via cyclooxygenases (COX)|Eicosanoid metabolism via lipoxygenases (LOX),Eicosanoid synthesis|Eicosanoid metabolism via cyclooxygenases (COX)|Eicosanoid metabolism via lipoxygenases (LOX)|Leukotriene C4 Synthesis Deficiency|Rofecoxib Action Pathway|Salicylate-sodium Action Pathway|Trisalicylate-choline Action Pathway|Acetaminophen  Action Pathway|Acetylsalicylic Acid Action Pathway|Antipyrine Action Pathway,Eicosanoid synthesis|pro-inflammatory signaling|phase-II metabolism,3,2698,1046.4201529119164,timeout_in_feedback_loop
d3_5_feedback_no_lit_run1,D3.5,run1,feedback,no_lit,compound_only_enrich_mammalian_lm_pathway_WP167_seed4,Eicosanoid synthesis,lm_pathway:WP167,lipidmaps,Eicosanoid synthesis,True,True,1.0000000721685292,Eicosanoid synthesis,1.0000000721685292,1,Eicosanoid synthesis,1.0000000721685292,1,True,True,True,Eicosanoid synthesis|Eicosanoid metabolism via cyclooxygenases (COX)|Eicosanoid metabolism via lipoxygenases (LOX),Eicosanoid synthesis|Eicosanoid metabolism via cyclooxygenases (COX)|Eicosanoid metabolism via lipoxygenases (LOX)|Eicosanoid synthesis|Selenium micronutrient network|Leukotriene C4 Synthesis Deficiency|Rofecoxib Action Pathway|Salicylate-sodium Action Pathway|Trisalicylate-choline Action Pathway|Acetaminophen  Action Pathway,Eicosanoid synthesis|top pathway,2,1763,894.1648671347648,
d3_5_feedback_no_lit_run1,D3.5,run1,feedback,no_lit,compound_only_enrich_mammalian_lm_pathway_WP167_seed6,Eicosanoid synthesis,lm_pathway:WP167,lipidmaps,Eicosanoid synthesis,True,True,1.0000000721685292,Eicosanoid synthesis,1.0000000721685292,1,Eicosanoid synthesis,1.0000000721685292,1,True,True,True,Eicosanoid synthesis|Eicosanoid metabolism via cyclooxygenases (COX)|Eicosanoid metabolism via lipoxygenases (LOX),Eicosanoid synthesis|Eicosanoid metabolism via cyclooxygenases (COX)|Eicosanoid metabolism via lipoxygenases (LOX)|Eicosanoid synthesis|Leukotriene C4 Synthesis Deficiency|Rofecoxib Action Pathway|Salicylate-sodium Action Pathway|Trisalicylate-choline Action Pathway|Acetaminophen  Action Pathway|Acetylsalicylic Acid Action Pathway,Eicosanoid synthesis|RaMP-DB top-1 pathway|Eicosanoid synthesis pathway|eicosanoid metabolism|The Eicosanoid synthesis pathway|only pathway|RaMP-DB pathway|verified pathway,8,1702,487.76009669341147,
d3_5_feedback_no_lit_run1,D3.5,run1,feedback,no_lit,compound_only_enrich_mammalian_lm_pathway_WP167_seed8,Eicosanoid synthesis,lm_pathway:WP167,lipidmaps,eicosanoid signaling,True,True,0.7581114091397143,Eicosanoid synthesis,0.7581114091397143,1,Eicosanoid synthesis,0.7581114091397143,1,False,False,False,Eicosanoid synthesis|Eicosanoid metabolism via cyclooxygenases (COX)|Eicosanoid metabolism via lipoxygenases (LOX),Eicosanoid synthesis|Eicosanoid metabolism via cyclooxygenases (COX)|Eicosanoid metabolism via lipoxygenases (LOX)|Eicosanoid synthesis|Selenium micronutrient network|Leukotriene C4 Synthesis Deficiency|Rofecoxib Action Pathway|Salicylate-sodium Action Pathway|Trisalicylate-choline Action Pathway|Acetaminophen  Action Pathway,eicosanoid signaling|Eicosanoid synthesis|Eicosanoid Synthesis pathway|acid metabolism|homocysteine metabolism|Selenium micronutrient network|simple pathway,7,3382,1317.3945873510092,timeout_in_feedback_loop
d3_5_single_no_lit_run2,D3.5,run2,single,no_lit,compound_only_enrich_mammalian_RAMP_P_000000016_seed1,"Glycine, serine and threonine metabolism",RAMP_P_000000016,kegg,proline metabolism,False,False,0.6422309727148019,"Glycine, serine and threonine metabolism",0.6422309727148019,1,"Glycine, serine and threonine metabolism",0.6422309727148019,1,False,False,False,"Glycine, serine and threonine metabolism|Metabolism of amino acids and derivatives|3-Phosphoglycerate dehydrogenase deficiency","Glycine, serine and threonine metabolism|Metabolism of amino acids and derivatives|3-Phosphoglycerate dehydrogenase deficiency|Dihydropyrimidine Dehydrogenase Deficiency (DHPD)|Dimethylglycine Dehydrogenase Deficiency|Dimethylglycine Dehydrogenase Deficiency|Hyperglycinemia, non-ketotic|Non Ketotic Hyperglycinemia|Sarcosinemia|Trans-sulfuration, one-carbon metabolism and related pathways",proline metabolism|Secondary pathway|cysteine metabolism|acid metabolism|methionine catabolism|Supporting pathway|urea cycle|methylation cycle|Nitrogen metabolism|polyamine biosynthesis|oxidative metabolism|methionine cycle|propionyl-CoA metabolism|acid catabolism,14,2711,66.68192466534674,
d3_5_single_no_lit_run2,D3.5,run2,single,no_lit,compound_only_enrich_mammalian_RAMP_P_000000016_seed2,"Glycine, serine and threonine metabolism",RAMP_P_000000016,kegg,methyl metabolism,False,False,0.6369965666961909,"Glycine, serine and threonine metabolism",0.6369965666961909,1,Metabolism,0.8043370386607658,10,False,False,True,"Glycine, serine and threonine metabolism|3-Phosphoglycerate dehydrogenase deficiency|Dihydropyrimidine Dehydrogenase Deficiency (DHPD)","Glycine, serine and threonine metabolism|3-Phosphoglycerate dehydrogenase deficiency|Dihydropyrimidine Dehydrogenase Deficiency (DHPD)|Dimethylglycine Dehydrogenase Deficiency|Dimethylglycine Dehydrogenase Deficiency|Hyperglycinemia, non-ketotic|Non Ketotic Hyperglycinemia|Sarcosinemia|Trans-sulfuration, one-carbon metabolism and related pathways|Metabolism",methyl metabolism|SAH cycle|Nucleotide biosynthesis|lipid metabolism|sulfuration pathway|methyl cycle|Kennedy pathway|cell signaling|sterol biosynthesis|TCA cycle,10,3695,33.44091478176415,
d3_5_single_no_lit_run2,D3.5,run2,single,no_lit,compound_only_enrich_mammalian_RAMP_P_000000398_seed0,Galactose Metabolism,RAMP_P_000000398,kegg,Myo-inositol metabolism,False,False,0.6441119019518284,Galactose Metabolism,0.6441119019518284,2,Galactose Metabolism,0.6441119019518284,2,False,False,False,Galactosemia|Galactose Metabolism|Galactose Metabolism,Galactosemia|Galactose Metabolism|Galactose Metabolism|Biochemical pathways: part I|Glycerophospholipid biosynthetic pathway|Glycerophospholipid biosynthesis|Phospholipid metabolism|MECP2 and associated Rett syndrome|GPCR downstream signalling|Orexin receptor pathway,Myo-inositol metabolism|phosphoinositide signaling|glycogen metabolism|phospholipid metabolism|Sterol biosynthesis|Catecholamine biosynthesis|phosphatidylinositol signaling|estrogen metabolism|cholesterol biosynthesis|Galactose metabolism|carbohydrate metabolism|phospholipid biosynthesis,12,2120,57.07540778256953,
d3_5_single_no_lit_run2,D3.5,run2,single,no_lit,compound_only_enrich_mammalian_RAMP_P_000053306_seed1,Pyrimidine metabolism,RAMP_P_000053306,wikipathways,pyrimidine metabolism,True,True,1.0000000055842404,Pyrimidine metabolism,1.0000000055842404,1,Pyrimidine metabolism,1.0000000055842404,1,True,True,True,Pyrimidine metabolism|Beta Ureidopropionase Deficiency|Dihydropyrimidinase Deficiency,Pyrimidine metabolism|Beta Ureidopropionase Deficiency|Dihydropyrimidinase Deficiency|MNGIE (Mitochondrial Neurogastrointestinal Encephalopathy)|Pyrimidine metabolism|UMP Synthase Deficiency (Orotic Aciduria)|Nucleotide catabolism|Biomarkers for pyrimidine metabolism disorders|Pyrimidine catabolism|Pyrimidine metabolism and related diseases,pyrimidine metabolism|pyrimidine catabolism|phosphate pathway|proline metabolism|uracil degradation|salvage pathway|nucleotide biosynthesis|toward degradation,8,1797,30.793291091918945,
d3_5_single_no_lit_run2,D3.5,run2,single,no_lit,compound_only_enrich_mammalian_RAMP_P_000053306_seed7,Pyrimidine metabolism,RAMP_P_000053306,wikipathways,Pyrimidine metabolism,True,True,0.9999999966934278,Pyrimidine metabolism,0.9999999966934278,1,Pyrimidine metabolism,0.9999999966934278,1,True,True,True,Pyrimidine metabolism|Beta Ureidopropionase Deficiency|Dihydropyrimidinase Deficiency,Pyrimidine metabolism|Beta Ureidopropionase Deficiency|Dihydropyrimidinase Deficiency|MNGIE (Mitochondrial Neurogastrointestinal Encephalopathy)|Pyrimidine metabolism|UMP Synthase Deficiency (Orotic Aciduria)|Nucleotide catabolism|Pyrimidine catabolism|Metabolism of nucleotides|Biomarkers for pyrimidine metabolism disorders,Pyrimidine metabolism|Steroid hormone signaling|Pyrimidine degradation|Nucleotide sugar metabolism|nucleotide metabolism|pyrimidine catabolism|salvage pathway|hormone metabolism|membrane metabolism|nucleotide degradation|carbon metabolism,11,2054,15.1819022372365,
d3_5_single_no_lit_run2,D3.5,run2,single,no_lit,compound_only_enrich_mammalian_lm_pathway_WP167_seed0,Eicosanoid synthesis,lm_pathway:WP167,lipidmaps,5-LOX pathway,False,False,0.5302634708815682,Eicosanoid metabolism via lipoxygenases (LOX),0.7503589419746712,3,Eicosanoid metabolism via lipoxygenases (LOX),0.7503589419746712,3,False,False,False,Eicosanoid synthesis|Eicosanoid metabolism via cyclooxygenases (COX)|Eicosanoid metabolism via lipoxygenases (LOX),Eicosanoid synthesis|Eicosanoid metabolism via cyclooxygenases (COX)|Eicosanoid metabolism via lipoxygenases (LOX)|Leukotriene C4 Synthesis Deficiency|Rofecoxib Action Pathway|Salicylate-sodium Action Pathway|Trisalicylate-choline Action Pathway|Acetaminophen  Action Pathway|Acetylsalicylic Acid Action Pathway|Antipyrine Action Pathway,5-LOX pathway|15-LOX pathway|D2 dehydration pathway|electrophilic signaling|Nrf2 pathway|nucleotide metabolism|LOX    COX pathway|multipathway metabolism,8,2348,32.72422826848924,
d3_5_single_no_lit_run2,D3.5,run2,single,no_lit,compound_only_enrich_mammalian_lm_pathway_WP167_seed2,Eicosanoid synthesis,lm_pathway:WP167,lipidmaps,acid metabolism,False,False,0.4193832374871163,Eicosanoid metabolism via lipoxygenases (LOX),0.4608412950962475,3,Acetylsalicylic Acid Action Pathway,0.47488220522667224,9,False,False,False,Eicosanoid synthesis|Eicosanoid metabolism via cyclooxygenases (COX)|Eicosanoid metabolism via lipoxygenases (LOX),Eicosanoid synthesis|Eicosanoid metabolism via cyclooxygenases (COX)|Eicosanoid metabolism via lipoxygenases (LOX)|Leukotriene C4 Synthesis Deficiency|Rofecoxib Action Pathway|Salicylate-sodium Action Pathway|Trisalicylate-choline Action Pathway|Acetaminophen  Action Pathway|Acetylsalicylic Acid Action Pathway|Antipyrine Action Pathway,acid metabolism|eicosanoid biosynthesis|microbial catabolism|inflammatory metabolism|inflammatory signaling|LOX pathway|catecholamine metabolism|aromatic metabolism,8,3349,94.12563327513635,
d3_5_single_no_lit_run2,D3.5,run2,single,no_lit,compound_only_enrich_mammalian_lm_pathway_WP167_seed4,Eicosanoid synthesis,lm_pathway:WP167,lipidmaps,acid metabolism,False,False,0.4193832374871163,Eicosanoid metabolism via lipoxygenases (LOX),0.4608412950962475,3,Eicosanoid metabolism via lipoxygenases (LOX),0.4608412950962475,3,False,False,False,Eicosanoid synthesis|Eicosanoid metabolism via cyclooxygenases (COX)|Eicosanoid metabolism via lipoxygenases (LOX),Eicosanoid synthesis|Eicosanoid metabolism via cyclooxygenases (COX)|Eicosanoid metabolism via lipoxygenases (LOX)|Eicosanoid synthesis|Selenium micronutrient network|Leukotriene C4 Synthesis Deficiency|Rofecoxib Action Pathway|Salicylate-sodium Action Pathway|Trisalicylate-choline Action Pathway|Acetaminophen  Action Pathway,acid metabolism|COX-mediated prostaglandin metabolism,2,2476,15.356109991669655,
d3_5_single_no_lit_run2,D3.5,run2,single,no_lit,compound_only_enrich_mammalian_lm_pathway_WP167_seed6,Eicosanoid synthesis,lm_pathway:WP167,lipidmaps,antioxidant metabolism,False,False,0.4033472917704328,Eicosanoid metabolism via lipoxygenases (LOX),0.5942498948016954,3,Eicosanoid metabolism via lipoxygenases (LOX),0.5942498948016954,3,False,False,False,Eicosanoid synthesis|Eicosanoid metabolism via cyclooxygenases (COX)|Eicosanoid metabolism via lipoxygenases (LOX),Eicosanoid synthesis|Eicosanoid metabolism via cyclooxygenases (COX)|Eicosanoid metabolism via lipoxygenases (LOX)|Eicosanoid synthesis|Leukotriene C4 Synthesis Deficiency|Rofecoxib Action Pathway|Salicylate-sodium Action Pathway|Trisalicylate-choline Action Pathway|Acetaminophen  Action Pathway|Acetylsalicylic Acid Action Pathway,antioxidant metabolism|fructose metabolism|cyclopenone pathway|5-LOX pathway|15-LOX pathway,5,1681,36.95966404490173,
d3_5_single_no_lit_run2,D3.5,run2,single,no_lit,compound_only_enrich_mammalian_lm_pathway_WP167_seed8,Eicosanoid synthesis,lm_pathway:WP167,lipidmaps,acid metabolism,False,False,0.4193832374871163,Eicosanoid metabolism via lipoxygenases (LOX),0.4608412950962475,3,Eicosanoid metabolism via lipoxygenases (LOX),0.4608412950962475,3,False,False,False,Eicosanoid synthesis|Eicosanoid metabolism via cyclooxygenases (COX)|Eicosanoid metabolism via lipoxygenases (LOX),Eicosanoid synthesis|Eicosanoid metabolism via cyclooxygenases (COX)|Eicosanoid metabolism via lipoxygenases (LOX)|Eicosanoid synthesis|Selenium micronutrient network|Leukotriene C4 Synthesis Deficiency|Rofecoxib Action Pathway|Salicylate-sodium Action Pathway|Trisalicylate-choline Action Pathway|Acetaminophen  Action Pathway,acid metabolism|cysteine metabolism|5-lipoxygenase pathway|cycloooxygenase pathway|transsulfuration pathway|A4 pathway|Cysteine cycle,7,1728,38.37701918184757,
d3_5_feedback_no_lit_run2,D3.5,run2,feedback,no_lit,compound_only_enrich_mammalian_RAMP_P_000000016_seed1,"Glycine, serine and threonine metabolism",RAMP_P_000000016,kegg,"Glycine, serine and threonine metabolism",True,True,1.000000153176198,"Glycine, serine and threonine metabolism",1.000000153176198,1,"Glycine, serine and threonine metabolism",1.000000153176198,1,True,True,True,"Glycine, serine and threonine metabolism|Metabolism of amino acids and derivatives|3-Phosphoglycerate dehydrogenase deficiency","Glycine, serine and threonine metabolism|Metabolism of amino acids and derivatives|3-Phosphoglycerate dehydrogenase deficiency|Dihydropyrimidine Dehydrogenase Deficiency (DHPD)|Dimethylglycine Dehydrogenase Deficiency|Dimethylglycine Dehydrogenase Deficiency|Hyperglycinemia, non-ketotic|Non Ketotic Hyperglycinemia|Sarcosinemia|Trans-sulfuration, one-carbon metabolism and related pathways","Glycine, serine and threonine metabolism|threonine metabolism|top pathway|transsulfuration pathway|urea cycle|proline metabolism|one-carbon metabolism|sulfur-amino-acid metabolism|energy metabolism",9,2745,1031.520958473906,timeout_in_feedback_loop
d3_5_feedback_no_lit_run2,D3.5,run2,feedback,no_lit,compound_only_enrich_mammalian_RAMP_P_000000016_seed2,"Glycine, serine and threonine metabolism",RAMP_P_000000016,kegg,"Glycine, serine and threonine metabolism",True,True,1.000000153176198,"Glycine, serine and threonine metabolism",1.000000153176198,1,"Glycine, serine and threonine metabolism",1.000000153176198,1,True,True,True,"Glycine, serine and threonine metabolism|3-Phosphoglycerate dehydrogenase deficiency|Dihydropyrimidine Dehydrogenase Deficiency (DHPD)","Glycine, serine and threonine metabolism|3-Phosphoglycerate dehydrogenase deficiency|Dihydropyrimidine Dehydrogenase Deficiency (DHPD)|Dimethylglycine Dehydrogenase Deficiency|Dimethylglycine Dehydrogenase Deficiency|Hyperglycinemia, non-ketotic|Non Ketotic Hyperglycinemia|Sarcosinemia|Trans-sulfuration, one-carbon metabolism and related pathways|Metabolism","Glycine, serine and threonine metabolism|threonine metabolism|top pathway|interlinked metabolism|serine biosynthesis|folate metabolism|One-carbon metabolism|oxidative metabolism|amino-acid metabolism",9,2230,238.0546225886792,
d3_5_feedback_no_lit_run2,D3.5,run2,feedback,no_lit,compound_only_enrich_mammalian_RAMP_P_000000398_seed0,Galactose Metabolism,RAMP_P_000000398,kegg,Galactosemia,False,True,0.5274823902606672,Galactosemia,1.0000001034393806,1,Galactosemia,1.0000001034393806,1,False,True,True,Galactosemia|Galactose Metabolism|Galactose Metabolism,Galactosemia|Galactose Metabolism|Galactose Metabolism|Biochemical pathways: part I|Glycerophospholipid biosynthetic pathway|Glycerophospholipid biosynthesis|Phospholipid metabolism|MECP2 and associated Rett syndrome|GPCR downstream signalling|Orexin receptor pathway,Galactosemia|galactose metabolism|glycerophospholipid metabolism|Glycerophospholipid biosynthesis|Aberrant galactose metabolism,5,2583,990.1525064259768,
d3_5_feedback_no_lit_run2,D3.5,run2,feedback,no_lit,compound_only_enrich_mammalian_RAMP_P_000053306_seed1,Pyrimidine metabolism,RAMP_P_000053306,wikipathways,Pyrimidine metabolism,True,True,0.9999999966934278,Pyrimidine metabolism,0.9999999966934278,1,Pyrimidine metabolism,0.9999999966934278,1,True,True,True,Pyrimidine metabolism|Beta Ureidopropionase Deficiency|Dihydropyrimidinase Deficiency,Pyrimidine metabolism|Beta Ureidopropionase Deficiency|Dihydropyrimidinase Deficiency|MNGIE (Mitochondrial Neurogastrointestinal Encephalopathy)|Pyrimidine metabolism|UMP Synthase Deficiency (Orotic Aciduria)|Nucleotide catabolism|Biomarkers for pyrimidine metabolism disorders|Pyrimidine catabolism|Pyrimidine metabolism and related diseases,Pyrimidine metabolism|salvage pathway|sole pathway,3,1890,1447.452131960541,
d3_5_feedback_no_lit_run2,D3.5,run2,feedback,no_lit,compound_only_enrich_mammalian_RAMP_P_000053306_seed7,Pyrimidine metabolism,RAMP_P_000053306,wikipathways,Pyrimidine metabolism,True,True,0.9999999966934278,Pyrimidine metabolism,0.9999999966934278,1,Pyrimidine metabolism,0.9999999966934278,1,True,True,True,Pyrimidine metabolism|Beta Ureidopropionase Deficiency|Dihydropyrimidinase Deficiency,Pyrimidine metabolism|Beta Ureidopropionase Deficiency|Dihydropyrimidinase Deficiency|MNGIE (Mitochondrial Neurogastrointestinal Encephalopathy)|Pyrimidine metabolism|UMP Synthase Deficiency (Orotic Aciduria)|Nucleotide catabolism|Pyrimidine catabolism|Metabolism of nucleotides|Biomarkers for pyrimidine metabolism disorders,Pyrimidine metabolism|Beta Ureidopropionase Deficiency|Dihydropyrimidinase Deficiency|beta-Alanine metabolism|Pyrimidine catabolism|salvage pathway|Ureidopropionic acid's pathway,7,2101,495.15224592760205,
d3_5_feedback_no_lit_run2,D3.5,run2,feedback,no_lit,compound_only_enrich_mammalian_lm_pathway_WP167_seed0,Eicosanoid synthesis,lm_pathway:WP167,lipidmaps,top pathway,False,False,0.3761133390802784,Eicosanoid metabolism via cyclooxygenases (COX),0.45403123759114694,2,Acetaminophen  Action Pathway,0.5614333829620214,8,False,False,False,Eicosanoid synthesis|Eicosanoid metabolism via cyclooxygenases (COX)|Eicosanoid metabolism via lipoxygenases (LOX),Eicosanoid synthesis|Eicosanoid metabolism via cyclooxygenases (COX)|Eicosanoid metabolism via lipoxygenases (LOX)|Leukotriene C4 Synthesis Deficiency|Rofecoxib Action Pathway|Salicylate-sodium Action Pathway|Trisalicylate-choline Action Pathway|Acetaminophen  Action Pathway|Acetylsalicylic Acid Action Pathway|Antipyrine Action Pathway,top pathway|Leukotriene C4 Synthesis Deficiency|RaMP top-1 pathway|Rofecoxib Action Pathway|Salicylate-sodium Action Pathway|tool-returned pathway,6,2449,570.5745182801038,
d3_5_feedback_no_lit_run2,D3.5,run2,feedback,no_lit,compound_only_enrich_mammalian_lm_pathway_WP167_seed2,Eicosanoid synthesis,lm_pathway:WP167,lipidmaps,Eicosanoid synthesis,True,True,1.0000000721685292,Eicosanoid synthesis,1.0000000721685292,1,Eicosanoid synthesis,1.0000000721685292,1,True,True,True,Eicosanoid synthesis|Eicosanoid metabolism via cyclooxygenases (COX)|Eicosanoid metabolism via lipoxygenases (LOX),Eicosanoid synthesis|Eicosanoid metabolism via cyclooxygenases (COX)|Eicosanoid metabolism via lipoxygenases (LOX)|Leukotriene C4 Synthesis Deficiency|Rofecoxib Action Pathway|Salicylate-sodium Action Pathway|Trisalicylate-choline Action Pathway|Acetaminophen  Action Pathway|Acetylsalicylic Acid Action Pathway|Antipyrine Action Pathway,Eicosanoid synthesis|top pathway|Quantitative pathway|downstream signaling,4,993,783.4949629250914,
d3_5_feedback_no_lit_run2,D3.5,run2,feedback,no_lit,compound_only_enrich_mammalian_lm_pathway_WP167_seed4,Eicosanoid synthesis,lm_pathway:WP167,lipidmaps,Eicosanoid synthesis,True,True,1.0000000721685292,Eicosanoid synthesis,1.0000000721685292,1,Eicosanoid synthesis,1.0000000721685292,1,True,True,True,Eicosanoid synthesis|Eicosanoid metabolism via cyclooxygenases (COX)|Eicosanoid metabolism via lipoxygenases (LOX),Eicosanoid synthesis|Eicosanoid metabolism via cyclooxygenases (COX)|Eicosanoid metabolism via lipoxygenases (LOX)|Eicosanoid synthesis|Selenium micronutrient network|Leukotriene C4 Synthesis Deficiency|Rofecoxib Action Pathway|Salicylate-sodium Action Pathway|Trisalicylate-choline Action Pathway|Acetaminophen  Action Pathway,Eicosanoid synthesis|Leukotriene C4 Synthesis Deficiency|Arachidonic Acid Metabolism pathway|eicosanoid pathway|Selenium micronutrient network|Eicosanoid Synthesis pathway|arachidonate metabolism,7,2727,1012.2759241610765,
d3_5_feedback_no_lit_run2,D3.5,run2,feedback,no_lit,compound_only_enrich_mammalian_lm_pathway_WP167_seed6,Eicosanoid synthesis,lm_pathway:WP167,lipidmaps,Eicosanoid synthesis pathway,True,True,0.9246648057595468,Eicosanoid synthesis,0.9246648057595468,1,Eicosanoid synthesis,0.9246648057595468,1,True,True,True,Eicosanoid synthesis|Eicosanoid metabolism via cyclooxygenases (COX)|Eicosanoid metabolism via lipoxygenases (LOX),Eicosanoid synthesis|Eicosanoid metabolism via cyclooxygenases (COX)|Eicosanoid metabolism via lipoxygenases (LOX)|Eicosanoid synthesis|Leukotriene C4 Synthesis Deficiency|Rofecoxib Action Pathway|Salicylate-sodium Action Pathway|Trisalicylate-choline Action Pathway|Acetaminophen  Action Pathway|Acetylsalicylic Acid Action Pathway,Eicosanoid synthesis pathway|Eicosanoid synthesis|enriched pathway|RaMP top pathway,4,2695,709.751991936937,
d3_5_feedback_no_lit_run2,D3.5,run2,feedback,no_lit,compound_only_enrich_mammalian_lm_pathway_WP167_seed8,Eicosanoid synthesis,lm_pathway:WP167,lipidmaps,Eicosanoid synthesis,True,True,1.0000000721685292,Eicosanoid synthesis,1.0000000721685292,1,Eicosanoid synthesis,1.0000000721685292,1,True,True,True,Eicosanoid synthesis|Eicosanoid metabolism via cyclooxygenases (COX)|Eicosanoid metabolism via lipoxygenases (LOX),Eicosanoid synthesis|Eicosanoid metabolism via cyclooxygenases (COX)|Eicosanoid metabolism via lipoxygenases (LOX)|Eicosanoid synthesis|Selenium micronutrient network|Leukotriene C4 Synthesis Deficiency|Rofecoxib Action Pathway|Salicylate-sodium Action Pathway|Trisalicylate-choline Action Pathway|Acetaminophen  Action Pathway,Eicosanoid synthesis|enriched pathway|The second pathway,3,1799,1528.8532298356295,
d3_5_single_no_lit_run3,D3.5,run3,single,no_lit,compound_only_enrich_mammalian_RAMP_P_000000016_seed1,"Glycine, serine and threonine metabolism",RAMP_P_000000016,kegg,methionine cycle,False,False,0.5501414851573545,Metabolism of amino acids and derivatives,0.5637300262386631,2,"Trans-sulfuration, one-carbon metabolism and related pathways",0.6048758215251587,10,False,False,False,"Glycine, serine and threonine metabolism|Metabolism of amino acids and derivatives|3-Phosphoglycerate dehydrogenase deficiency","Glycine, serine and threonine metabolism|Metabolism of amino acids and derivatives|3-Phosphoglycerate dehydrogenase deficiency|Dihydropyrimidine Dehydrogenase Deficiency (DHPD)|Dimethylglycine Dehydrogenase Deficiency|Dimethylglycine Dehydrogenase Deficiency|Hyperglycinemia, non-ketotic|Non Ketotic Hyperglycinemia|Sarcosinemia|Trans-sulfuration, one-carbon metabolism and related pathways",methionine cycle|methionine catabolism|propionate metabolism|proline catabolism|endogenous metabolism|carbon metabolism|proline metabolism|melanin pathway|nitrate metabolism|NO signalling|acid metabolism|adrenergic signalling,12,3676,125.19548366032541,
d3_5_single_no_lit_run3,D3.5,run3,single,no_lit,compound_only_enrich_mammalian_RAMP_P_000000016_seed2,"Glycine, serine and threonine metabolism",RAMP_P_000000016,kegg,methylation cycle,False,False,0.45292630356828684,"Glycine, serine and threonine metabolism",0.45292630356828684,1,Metabolism,0.5863442241083195,10,False,False,False,"Glycine, serine and threonine metabolism|3-Phosphoglycerate dehydrogenase deficiency|Dihydropyrimidine Dehydrogenase Deficiency (DHPD)","Glycine, serine and threonine metabolism|3-Phosphoglycerate dehydrogenase deficiency|Dihydropyrimidine Dehydrogenase Deficiency (DHPD)|Dimethylglycine Dehydrogenase Deficiency|Dimethylglycine Dehydrogenase Deficiency|Hyperglycinemia, non-ketotic|Non Ketotic Hyperglycinemia|Sarcosinemia|Trans-sulfuration, one-carbon metabolism and related pathways|Metabolism",methylation cycle|cholesterol metabolism|Mitochondrial oxidative metabolism|sulfuration pathway|cysteine biosynthesis,5,3585,21.982348643243313,
d3_5_single_no_lit_run3,D3.5,run3,single,no_lit,compound_only_enrich_mammalian_RAMP_P_000000398_seed0,Galactose Metabolism,RAMP_P_000000398,kegg,galactose metabolism,True,True,0.9999999832245213,Galactose Metabolism,0.9999999832245213,2,Galactose Metabolism,0.9999999832245213,2,True,True,True,Galactosemia|Galactose Metabolism|Galactose Metabolism,Galactosemia|Galactose Metabolism|Galactose Metabolism|Biochemical pathways: part I|Glycerophospholipid biosynthetic pathway|Glycerophospholipid biosynthesis|Phospholipid metabolism|MECP2 and associated Rett syndrome|GPCR downstream signalling|Orexin receptor pathway,galactose metabolism|The polyol pathway|inositol metabolism|terpene biosynthesis|steroid biosynthesis|polyol pathway|phosphoinositide signaling|estrogen metabolism|phosphate signaling|RNA degradation|purine metabolism,11,2164,60.93864009529352,
d3_5_single_no_lit_run3,D3.5,run3,single,no_lit,compound_only_enrich_mammalian_RAMP_P_000053306_seed1,Pyrimidine metabolism,RAMP_P_000053306,wikipathways,pyrimidine metabolism,True,True,1.0000000055842404,Pyrimidine metabolism,1.0000000055842404,1,Pyrimidine metabolism,1.0000000055842404,1,True,True,True,Pyrimidine metabolism|Beta Ureidopropionase Deficiency|Dihydropyrimidinase Deficiency,Pyrimidine metabolism|Beta Ureidopropionase Deficiency|Dihydropyrimidinase Deficiency|MNGIE (Mitochondrial Neurogastrointestinal Encephalopathy)|Pyrimidine metabolism|UMP Synthase Deficiency (Orotic Aciduria)|Nucleotide catabolism|Biomarkers for pyrimidine metabolism disorders|Pyrimidine catabolism|Pyrimidine metabolism and related diseases,pyrimidine metabolism|synthesis pathway|salvage pathway|pyrimidine catabolism|Secondary pathway|proline metabolism|acid metabolism|uracil degradation|phosphate pathway|nucleotide metabolism|receptor signaling,11,1921,24.932318987324834,
d3_5_single_no_lit_run3,D3.5,run3,single,no_lit,compound_only_enrich_mammalian_RAMP_P_000053306_seed7,Pyrimidine metabolism,RAMP_P_000053306,wikipathways,Pyrimidine metabolism,True,True,0.9999999966934278,Pyrimidine metabolism,0.9999999966934278,1,Pyrimidine metabolism,0.9999999966934278,1,True,True,True,Pyrimidine metabolism|Beta Ureidopropionase Deficiency|Dihydropyrimidinase Deficiency,Pyrimidine metabolism|Beta Ureidopropionase Deficiency|Dihydropyrimidinase Deficiency|MNGIE (Mitochondrial Neurogastrointestinal Encephalopathy)|Pyrimidine metabolism|UMP Synthase Deficiency (Orotic Aciduria)|Nucleotide catabolism|Pyrimidine catabolism|Metabolism of nucleotides|Biomarkers for pyrimidine metabolism disorders,Pyrimidine metabolism|pyrimidine degradation|nucleoside catabolism|K metabolism|steroid signaling|uracil catabolism|Disrupted pyrimidine metabolism|CDP-choline pathway|uracil degradation|nucleotide metabolism,10,2039,11.26352938823402,
d3_5_single_no_lit_run3,D3.5,run3,single,no_lit,compound_only_enrich_mammalian_lm_pathway_WP167_seed0,Eicosanoid synthesis,lm_pathway:WP167,lipidmaps,Kennedy pathway,False,False,0.34954954854867026,Eicosanoid metabolism via cyclooxygenases (COX),0.4125516617216926,2,Trisalicylate-choline Action Pathway,0.6101988897023832,7,False,False,False,Eicosanoid synthesis|Eicosanoid metabolism via cyclooxygenases (COX)|Eicosanoid metabolism via lipoxygenases (LOX),Eicosanoid synthesis|Eicosanoid metabolism via cyclooxygenases (COX)|Eicosanoid metabolism via lipoxygenases (LOX)|Leukotriene C4 Synthesis Deficiency|Rofecoxib Action Pathway|Salicylate-sodium Action Pathway|Trisalicylate-choline Action Pathway|Acetaminophen  Action Pathway|Acetylsalicylic Acid Action Pathway|Antipyrine Action Pathway,Kennedy pathway|leukotriene biosynthesis|oxidative metabolism|Eicosanoid synthesis|acid metabolism,5,2997,39.548343759030104,
d3_5_single_no_lit_run3,D3.5,run3,single,no_lit,compound_only_enrich_mammalian_lm_pathway_WP167_seed2,Eicosanoid synthesis,lm_pathway:WP167,lipidmaps,Cytochrome P450 epoxygenase pathway,False,False,0.49667051279067403,Eicosanoid metabolism via lipoxygenases (LOX),0.6776663197662347,3,Eicosanoid metabolism via lipoxygenases (LOX),0.6776663197662347,3,False,False,False,Eicosanoid synthesis|Eicosanoid metabolism via cyclooxygenases (COX)|Eicosanoid metabolism via lipoxygenases (LOX),Eicosanoid synthesis|Eicosanoid metabolism via cyclooxygenases (COX)|Eicosanoid metabolism via lipoxygenases (LOX)|Leukotriene C4 Synthesis Deficiency|Rofecoxib Action Pathway|Salicylate-sodium Action Pathway|Trisalicylate-choline Action Pathway|Acetaminophen  Action Pathway|Acetylsalicylic Acid Action Pathway|Antipyrine Action Pathway,Cytochrome P450 epoxygenase pathway|5-LOX pathway|Resolution-phase signaling,3,1825,49.131447710096836,
d3_5_single_no_lit_run3,D3.5,run3,single,no_lit,compound_only_enrich_mammalian_lm_pathway_WP167_seed4,Eicosanoid synthesis,lm_pathway:WP167,lipidmaps,acid metabolism,False,False,0.4193832374871163,Eicosanoid metabolism via lipoxygenases (LOX),0.4608412950962475,3,Eicosanoid metabolism via lipoxygenases (LOX),0.4608412950962475,3,False,False,False,Eicosanoid synthesis|Eicosanoid metabolism via cyclooxygenases (COX)|Eicosanoid metabolism via lipoxygenases (LOX),Eicosanoid synthesis|Eicosanoid metabolism via cyclooxygenases (COX)|Eicosanoid metabolism via lipoxygenases (LOX)|Eicosanoid synthesis|Selenium micronutrient network|Leukotriene C4 Synthesis Deficiency|Rofecoxib Action Pathway|Salicylate-sodium Action Pathway|Trisalicylate-choline Action Pathway|Acetaminophen  Action Pathway,acid metabolism|LOX pathway|histamine metabolism|inflammatory signaling,4,2418,16.356980957090855,
d3_5_single_no_lit_run3,D3.5,run3,single,no_lit,compound_only_enrich_mammalian_lm_pathway_WP167_seed6,Eicosanoid synthesis,lm_pathway:WP167,lipidmaps,acid metabolism,False,False,0.4193832374871163,Eicosanoid metabolism via lipoxygenases (LOX),0.4608412950962475,3,Acetylsalicylic Acid Action Pathway,0.47488220522667224,10,False,False,False,Eicosanoid synthesis|Eicosanoid metabolism via cyclooxygenases (COX)|Eicosanoid metabolism via lipoxygenases (LOX),Eicosanoid synthesis|Eicosanoid metabolism via cyclooxygenases (COX)|Eicosanoid metabolism via lipoxygenases (LOX)|Eicosanoid synthesis|Leukotriene C4 Synthesis Deficiency|Rofecoxib Action Pathway|Salicylate-sodium Action Pathway|Trisalicylate-choline Action Pathway|Acetaminophen  Action Pathway|Acetylsalicylic Acid Action Pathway,acid metabolism|eicosanoid biosynthesis|glutathione metabolism|counter-regulatory signaling,4,1858,20.521290436387062,
d3_5_single_no_lit_run3,D3.5,run3,single,no_lit,compound_only_enrich_mammalian_lm_pathway_WP167_seed8,Eicosanoid synthesis,lm_pathway:WP167,lipidmaps,cysteine metabolism,False,False,0.4313883682702822,Eicosanoid metabolism via cyclooxygenases (COX),0.4732905057443554,2,Trisalicylate-choline Action Pathway,0.48446919952387646,9,False,False,False,Eicosanoid synthesis|Eicosanoid metabolism via cyclooxygenases (COX)|Eicosanoid metabolism via lipoxygenases (LOX),Eicosanoid synthesis|Eicosanoid metabolism via cyclooxygenases (COX)|Eicosanoid metabolism via lipoxygenases (LOX)|Eicosanoid synthesis|Selenium micronutrient network|Leukotriene C4 Synthesis Deficiency|Rofecoxib Action Pathway|Salicylate-sodium Action Pathway|Trisalicylate-choline Action Pathway|Acetaminophen  Action Pathway,cysteine metabolism|acid metabolism|eicosanoid pathway|transsulfuration pathway|leukotriene biosynthesis|eicosanoid signaling|thiol metabolism|Eicosanoid synthesis,8,2427,21.549351271241903,
d3_5_feedback_no_lit_run3,D3.5,run3,feedback,no_lit,compound_only_enrich_mammalian_RAMP_P_000000016_seed1,"Glycine, serine and threonine metabolism",RAMP_P_000000016,kegg,"Glycine, serine and threonine metabolism",True,True,1.000000153176198,"Glycine, serine and threonine metabolism",1.000000153176198,1,"Glycine, serine and threonine metabolism",1.000000153176198,1,True,True,True,"Glycine, serine and threonine metabolism|Metabolism of amino acids and derivatives|3-Phosphoglycerate dehydrogenase deficiency","Glycine, serine and threonine metabolism|Metabolism of amino acids and derivatives|3-Phosphoglycerate dehydrogenase deficiency|Dihydropyrimidine Dehydrogenase Deficiency (DHPD)|Dimethylglycine Dehydrogenase Deficiency|Dimethylglycine Dehydrogenase Deficiency|Hyperglycinemia, non-ketotic|Non Ketotic Hyperglycinemia|Sarcosinemia|Trans-sulfuration, one-carbon metabolism and related pathways","Glycine, serine and threonine metabolism|threonine metabolism|significant pathway|Metabolism of amino acids and derivatives|whose metabolism",5,2537,798.2051784098148,
d3_5_feedback_no_lit_run3,D3.5,run3,feedback,no_lit,compound_only_enrich_mammalian_RAMP_P_000000016_seed2,"Glycine, serine and threonine metabolism",RAMP_P_000000016,kegg,"Glycine, serine and threonine metabolism",True,True,1.000000153176198,"Glycine, serine and threonine metabolism",1.000000153176198,1,"Glycine, serine and threonine metabolism",1.000000153176198,1,True,True,True,"Glycine, serine and threonine metabolism|3-Phosphoglycerate dehydrogenase deficiency|Dihydropyrimidine Dehydrogenase Deficiency (DHPD)","Glycine, serine and threonine metabolism|3-Phosphoglycerate dehydrogenase deficiency|Dihydropyrimidine Dehydrogenase Deficiency (DHPD)|Dimethylglycine Dehydrogenase Deficiency|Dimethylglycine Dehydrogenase Deficiency|Hyperglycinemia, non-ketotic|Non Ketotic Hyperglycinemia|Sarcosinemia|Trans-sulfuration, one-carbon metabolism and related pathways|Metabolism","Glycine, serine and threonine metabolism|threonine metabolism|one-carbon metabolism|amino-acid metabolism|nucleotide metabolism",5,2115,906.4441723041236,
d3_5_feedback_no_lit_run3,D3.5,run3,feedback,no_lit,compound_only_enrich_mammalian_RAMP_P_000000398_seed0,Galactose Metabolism,RAMP_P_000000398,kegg,Galactose Metabolism,True,True,0.9999999675920971,Galactose Metabolism,0.9999999675920971,2,Galactose Metabolism,0.9999999675920971,2,True,True,True,Galactosemia|Galactose Metabolism|Galactose Metabolism,Galactosemia|Galactose Metabolism|Galactose Metabolism|Biochemical pathways: part I|Glycerophospholipid biosynthetic pathway|Glycerophospholipid biosynthesis|Phospholipid metabolism|MECP2 and associated Rett syndrome|GPCR downstream signalling|Orexin receptor pathway,Galactose Metabolism|Galactosemia|Leloir pathway|inositol metabolism|same pathway|Glycerophospholipid biosynthetic pathway|phosphatidylcholine biosynthesis|glycerophospholipid metabolism|galactose catabolism|ethanolamine cycle|that pathway,11,2796,581.5233626887202,
d3_5_feedback_no_lit_run3,D3.5,run3,feedback,no_lit,compound_only_enrich_mammalian_RAMP_P_000053306_seed1,Pyrimidine metabolism,RAMP_P_000053306,wikipathways,Pyrimidine metabolism,True,True,0.9999999966934278,Pyrimidine metabolism,0.9999999966934278,1,Pyrimidine metabolism,0.9999999966934278,1,True,True,True,Pyrimidine metabolism|Beta Ureidopropionase Deficiency|Dihydropyrimidinase Deficiency,Pyrimidine metabolism|Beta Ureidopropionase Deficiency|Dihydropyrimidinase Deficiency|MNGIE (Mitochondrial Neurogastrointestinal Encephalopathy)|Pyrimidine metabolism|UMP Synthase Deficiency (Orotic Aciduria)|Nucleotide catabolism|Biomarkers for pyrimidine metabolism disorders|Pyrimidine catabolism|Pyrimidine metabolism and related diseases,Pyrimidine metabolism|Beta Ureidopropionase Deficiency|Dihydropyrimidinase Deficiency|KEGG pathway|Within Pyrimidine metabolism|Reactome's nucleotide metabolism,6,2567,983.0093700084835,timeout_in_feedback_loop
d3_5_feedback_no_lit_run3,D3.5,run3,feedback,no_lit,compound_only_enrich_mammalian_RAMP_P_000053306_seed7,Pyrimidine metabolism,RAMP_P_000053306,wikipathways,Pyrimidine metabolism,True,True,0.9999999966934278,Pyrimidine metabolism,0.9999999966934278,1,Pyrimidine metabolism,0.9999999966934278,1,True,True,True,Pyrimidine metabolism|Beta Ureidopropionase Deficiency|Dihydropyrimidinase Deficiency,Pyrimidine metabolism|Beta Ureidopropionase Deficiency|Dihydropyrimidinase Deficiency|MNGIE (Mitochondrial Neurogastrointestinal Encephalopathy)|Pyrimidine metabolism|UMP Synthase Deficiency (Orotic Aciduria)|Nucleotide catabolism|Pyrimidine catabolism|Metabolism of nucleotides|Biomarkers for pyrimidine metabolism disorders,Pyrimidine metabolism|top pathway|pyrimidine catabolism|beta-alanine metabolism|nucleotide metabolism|enriched pathway|accelerated catabolism,7,2203,1116.9982743542641,
d3_5_feedback_no_lit_run3,D3.5,run3,feedback,no_lit,compound_only_enrich_mammalian_lm_pathway_WP167_seed0,Eicosanoid synthesis,lm_pathway:WP167,lipidmaps,Arachidonic Acid Metabolism pathway,False,False,0.7026315746136981,Eicosanoid metabolism via cyclooxygenases (COX),0.727882132042212,2,Eicosanoid metabolism via cyclooxygenases (COX),0.727882132042212,2,False,False,False,Eicosanoid synthesis|Eicosanoid metabolism via cyclooxygenases (COX)|Eicosanoid metabolism via lipoxygenases (LOX),Eicosanoid synthesis|Eicosanoid metabolism via cyclooxygenases (COX)|Eicosanoid metabolism via lipoxygenases (LOX)|Leukotriene C4 Synthesis Deficiency|Rofecoxib Action Pathway|Salicylate-sodium Action Pathway|Trisalicylate-choline Action Pathway|Acetaminophen  Action Pathway|Acetylsalicylic Acid Action Pathway|Antipyrine Action Pathway,Arachidonic Acid Metabolism pathway|eicosanoid pathway|nucleotide metabolism,3,2590,1050.8950788974762,
d3_5_feedback_no_lit_run3,D3.5,run3,feedback,no_lit,compound_only_enrich_mammalian_lm_pathway_WP167_seed2,Eicosanoid synthesis,lm_pathway:WP167,lipidmaps,enriched pathway,False,False,0.36173012021609574,Eicosanoid synthesis,0.36173012021609574,1,Acetaminophen  Action Pathway,0.4228289980832211,8,False,False,False,Eicosanoid synthesis|Eicosanoid metabolism via cyclooxygenases (COX)|Eicosanoid metabolism via lipoxygenases (LOX),Eicosanoid synthesis|Eicosanoid metabolism via cyclooxygenases (COX)|Eicosanoid metabolism via lipoxygenases (LOX)|Leukotriene C4 Synthesis Deficiency|Rofecoxib Action Pathway|Salicylate-sodium Action Pathway|Trisalicylate-choline Action Pathway|Acetaminophen  Action Pathway|Acetylsalicylic Acid Action Pathway|Antipyrine Action Pathway,enriched pathway|Leukotriene C4 Synthesis Deficiency|Rofecoxib Action Pathway|Salicylate-sodium Action Pathway|Arachidonic Acid Metabolism pathway|tyrosine metabolism,6,2403,1025.843334864825,
d3_5_feedback_no_lit_run3,D3.5,run3,feedback,no_lit,compound_only_enrich_mammalian_lm_pathway_WP167_seed4,Eicosanoid synthesis,lm_pathway:WP167,lipidmaps,Eicosanoid synthesis,True,True,1.0000000721685292,Eicosanoid synthesis,1.0000000721685292,1,Eicosanoid synthesis,1.0000000721685292,1,True,True,True,Eicosanoid synthesis|Eicosanoid metabolism via cyclooxygenases (COX)|Eicosanoid metabolism via lipoxygenases (LOX),Eicosanoid synthesis|Eicosanoid metabolism via cyclooxygenases (COX)|Eicosanoid metabolism via lipoxygenases (LOX)|Eicosanoid synthesis|Selenium micronutrient network|Leukotriene C4 Synthesis Deficiency|Rofecoxib Action Pathway|Salicylate-sodium Action Pathway|Trisalicylate-choline Action Pathway|Acetaminophen  Action Pathway,Eicosanoid synthesis|Selenium micronutrient network|confident pathway,3,2606,1313.3687521796674,
d3_5_feedback_no_lit_run3,D3.5,run3,feedback,no_lit,compound_only_enrich_mammalian_lm_pathway_WP167_seed6,Eicosanoid synthesis,lm_pathway:WP167,lipidmaps,Eicosanoid synthesis,True,True,1.0000000721685292,Eicosanoid synthesis,1.0000000721685292,1,Eicosanoid synthesis,1.0000000721685292,1,True,True,True,Eicosanoid synthesis|Eicosanoid metabolism via cyclooxygenases (COX)|Eicosanoid metabolism via lipoxygenases (LOX),Eicosanoid synthesis|Eicosanoid metabolism via cyclooxygenases (COX)|Eicosanoid metabolism via lipoxygenases (LOX)|Eicosanoid synthesis|Leukotriene C4 Synthesis Deficiency|Rofecoxib Action Pathway|Salicylate-sodium Action Pathway|Trisalicylate-choline Action Pathway|Acetaminophen  Action Pathway|Acetylsalicylic Acid Action Pathway,Eicosanoid synthesis|top-enriched pathway|neurotransmitter metabolism|enriched pathway|lipoxygenase pathway|cyclooxygenase pathway,6,2529,1136.1176743675023,timeout_in_feedback_loop
d3_5_feedback_no_lit_run3,D3.5,run3,feedback,no_lit,compound_only_enrich_mammalian_lm_pathway_WP167_seed8,Eicosanoid synthesis,lm_pathway:WP167,lipidmaps,Eicosanoid synthesis,True,True,1.0000000721685292,Eicosanoid synthesis,1.0000000721685292,1,Eicosanoid synthesis,1.0000000721685292,1,True,True,True,Eicosanoid synthesis|Eicosanoid metabolism via cyclooxygenases (COX)|Eicosanoid metabolism via lipoxygenases (LOX),Eicosanoid synthesis|Eicosanoid metabolism via cyclooxygenases (COX)|Eicosanoid metabolism via lipoxygenases (LOX)|Eicosanoid synthesis|Selenium micronutrient network|Leukotriene C4 Synthesis Deficiency|Rofecoxib Action Pathway|Salicylate-sodium Action Pathway|Trisalicylate-choline Action Pathway|Acetaminophen  Action Pathway,Eicosanoid synthesis|enriched pathway|Selenium micronutrient network|Eicosanoid Synthesis pathway|Glutathione metabolism|transsulfuration pathway,6,3105,1276.685068834573,
d3_5_single_with_lit_run1,D3.5,run1,single,with_lit,compound_only_enrich_mammalian_RAMP_P_000000016_seed1,"Glycine, serine and threonine metabolism",RAMP_P_000000016,kegg,Proline metabolism,False,False,0.6422309727148019,"Glycine, serine and threonine metabolism",0.6422309727148019,1,"Glycine, serine and threonine metabolism",0.6422309727148019,1,False,False,False,"Glycine, serine and threonine metabolism|Metabolism of amino acids and derivatives|3-Phosphoglycerate dehydrogenase deficiency","Glycine, serine and threonine metabolism|Metabolism of amino acids and derivatives|3-Phosphoglycerate dehydrogenase deficiency|Dihydropyrimidine Dehydrogenase Deficiency (DHPD)|Dimethylglycine Dehydrogenase Deficiency|Dimethylglycine Dehydrogenase Deficiency|Hyperglycinemia, non-ketotic|Non Ketotic Hyperglycinemia|Sarcosinemia|Trans-sulfuration, one-carbon metabolism and related pathways",Proline metabolism|urea cycle|Methylation cycle|conversion pathway|acid catabolism|propionate metabolism|Nitrate metabolism|Dopamine pathway|polyamine biosynthesis|NO signaling|melanin metabolism|carbon metabolism|methionine catabolism|cell signaling,14,4833,118.61570853553712,
d3_5_single_with_lit_run1,D3.5,run1,single,with_lit,compound_only_enrich_mammalian_RAMP_P_000000016_seed2,"Glycine, serine and threonine metabolism",RAMP_P_000000016,kegg,choline metabolism,False,False,0.6813748113254287,"Glycine, serine and threonine metabolism",0.6813748113254287,1,"Glycine, serine and threonine metabolism",0.6813748113254287,1,False,False,False,"Glycine, serine and threonine metabolism|3-Phosphoglycerate dehydrogenase deficiency|Dihydropyrimidine Dehydrogenase Deficiency (DHPD)","Glycine, serine and threonine metabolism|3-Phosphoglycerate dehydrogenase deficiency|Dihydropyrimidine Dehydrogenase Deficiency (DHPD)|Dimethylglycine Dehydrogenase Deficiency|Dimethylglycine Dehydrogenase Deficiency|Hyperglycinemia, non-ketotic|Non Ketotic Hyperglycinemia|Sarcosinemia|Trans-sulfuration, one-carbon metabolism and related pathways|Metabolism",choline metabolism|carbon cycle|cholesterol biosynthesis|carbon metabolism|energy metabolism|sterol metabolism|sterol biosynthesis|phospholipid pathway|hormone biosynthesis|sulfuration pathway,10,3493,41.89730887487531,
d3_5_single_with_lit_run1,D3.5,run1,single,with_lit,compound_only_enrich_mammalian_RAMP_P_000000398_seed0,Galactose Metabolism,RAMP_P_000000398,kegg,Galactose Metabolism,True,True,0.9999999675920971,Galactose Metabolism,0.9999999675920971,2,Galactose Metabolism,0.9999999675920971,2,True,True,True,Galactosemia|Galactose Metabolism|Galactose Metabolism,Galactosemia|Galactose Metabolism|Galactose Metabolism|Biochemical pathways: part I|Glycerophospholipid biosynthetic pathway|Glycerophospholipid biosynthesis|Phospholipid metabolism|MECP2 and associated Rett syndrome|GPCR downstream signalling|Orexin receptor pathway,Galactose Metabolism|phospholipid biosynthesis|Kennedy pathway|tyrosine metabolism|sterol biosynthesis|cholesterol biosynthesis,6,2051,43.51739710196853,
d3_5_single_with_lit_run1,D3.5,run1,single,with_lit,compound_only_enrich_mammalian_RAMP_P_000053306_seed1,Pyrimidine metabolism,RAMP_P_000053306,wikipathways,Pyrimidine metabolism,True,True,0.9999999966934278,Pyrimidine metabolism,0.9999999966934278,1,Pyrimidine metabolism,0.9999999966934278,1,True,True,True,Pyrimidine metabolism|Beta Ureidopropionase Deficiency|Dihydropyrimidinase Deficiency,Pyrimidine metabolism|Beta Ureidopropionase Deficiency|Dihydropyrimidinase Deficiency|MNGIE (Mitochondrial Neurogastrointestinal Encephalopathy)|Pyrimidine metabolism|UMP Synthase Deficiency (Orotic Aciduria)|Nucleotide catabolism|Biomarkers for pyrimidine metabolism disorders|Pyrimidine catabolism|Pyrimidine metabolism and related diseases,Pyrimidine metabolism|both biosynthesis|uracil degradation|Secondary pathway|arginine metabolism|proline biosynthesis|pyrimidine biosynthesis|phospholipid metabolism|pyrimidine catabolism|CDP in biosynthesis|phosphate metabolism|proline cycle,12,1909,23.559457644820213,
d3_5_single_with_lit_run1,D3.5,run1,single,with_lit,compound_only_enrich_mammalian_RAMP_P_000053306_seed7,Pyrimidine metabolism,RAMP_P_000053306,wikipathways,Pyrimidine metabolism,True,True,0.9999999966934278,Pyrimidine metabolism,0.9999999966934278,1,Pyrimidine metabolism,0.9999999966934278,1,True,True,True,Pyrimidine metabolism|Beta Ureidopropionase Deficiency|Dihydropyrimidinase Deficiency,Pyrimidine metabolism|Beta Ureidopropionase Deficiency|Dihydropyrimidinase Deficiency|MNGIE (Mitochondrial Neurogastrointestinal Encephalopathy)|Pyrimidine metabolism|UMP Synthase Deficiency (Orotic Aciduria)|Nucleotide catabolism|Pyrimidine catabolism|Metabolism of nucleotides|Biomarkers for pyrimidine metabolism disorders,Pyrimidine metabolism|uracil catabolism|nucleoside degradation|antioxidant metabolism|hormone signaling|upregulated catabolism|dehydrogenase pathway|nucleotide metabolism|salvage pathway|Upregulated degradation|dihydropyrimidinase pathway,11,1939,8.549409056082368,
d3_5_single_with_lit_run1,D3.5,run1,single,with_lit,compound_only_enrich_mammalian_lm_pathway_WP167_seed0,Eicosanoid synthesis,lm_pathway:WP167,lipidmaps,acid metabolism,False,False,0.4193832374871163,Eicosanoid metabolism via lipoxygenases (LOX),0.4608412950962475,3,Acetylsalicylic Acid Action Pathway,0.47488220522667224,9,False,False,False,Eicosanoid synthesis|Eicosanoid metabolism via cyclooxygenases (COX)|Eicosanoid metabolism via lipoxygenases (LOX),Eicosanoid synthesis|Eicosanoid metabolism via cyclooxygenases (COX)|Eicosanoid metabolism via lipoxygenases (LOX)|Leukotriene C4 Synthesis Deficiency|Rofecoxib Action Pathway|Salicylate-sodium Action Pathway|Trisalicylate-choline Action Pathway|Acetaminophen  Action Pathway|Acetylsalicylic Acid Action Pathway|Antipyrine Action Pathway,acid metabolism|COX pathway|pro-resolving signaling|selective pathway,4,2157,24.922435523942113,
d3_5_single_with_lit_run1,D3.5,run1,single,with_lit,compound_only_enrich_mammalian_lm_pathway_WP167_seed2,Eicosanoid synthesis,lm_pathway:WP167,lipidmaps,Eicosanoid biosynthesis,True,True,0.9944916230813585,Eicosanoid synthesis,0.9944916230813585,1,Eicosanoid synthesis,0.9944916230813585,1,True,True,True,Eicosanoid synthesis|Eicosanoid metabolism via cyclooxygenases (COX)|Eicosanoid metabolism via lipoxygenases (LOX),Eicosanoid synthesis|Eicosanoid metabolism via cyclooxygenases (COX)|Eicosanoid metabolism via lipoxygenases (LOX)|Leukotriene C4 Synthesis Deficiency|Rofecoxib Action Pathway|Salicylate-sodium Action Pathway|Trisalicylate-choline Action Pathway|Acetaminophen  Action Pathway|Acetylsalicylic Acid Action Pathway|Antipyrine Action Pathway,Eicosanoid biosynthesis|lipid pathway|5-Lipoxygenase pathway|15-Lipoxygenase pathway|Cyclooxygenase pathway|Cytochrome P450 epoxygenase pathway|Secondary pathway|acid metabolism|anti-inflammatory signaling|inflammatory signaling|neurotransmitter metabolism,11,2207,50.5367911234498,
d3_5_single_with_lit_run1,D3.5,run1,single,with_lit,compound_only_enrich_mammalian_lm_pathway_WP167_seed4,Eicosanoid synthesis,lm_pathway:WP167,lipidmaps,cyclooxygenase pathway,False,False,0.6250070166476034,Eicosanoid metabolism via cyclooxygenases (COX),0.806155147833669,2,Eicosanoid metabolism via cyclooxygenases (COX),0.806155147833669,2,False,True,True,Eicosanoid synthesis|Eicosanoid metabolism via cyclooxygenases (COX)|Eicosanoid metabolism via lipoxygenases (LOX),Eicosanoid synthesis|Eicosanoid metabolism via cyclooxygenases (COX)|Eicosanoid metabolism via lipoxygenases (LOX)|Eicosanoid synthesis|Selenium micronutrient network|Leukotriene C4 Synthesis Deficiency|Rofecoxib Action Pathway|Salicylate-sodium Action Pathway|Trisalicylate-choline Action Pathway|Acetaminophen  Action Pathway,cyclooxygenase pathway|lipoxygenase pathway|inflammatory signaling|pyrimidine catabolism|salicylate metabolism,5,2102,27.644744493067265,
d3_5_single_with_lit_run1,D3.5,run1,single,with_lit,compound_only_enrich_mammalian_lm_pathway_WP167_seed6,Eicosanoid synthesis,lm_pathway:WP167,lipidmaps,acid metabolism,False,False,0.4193832374871163,Eicosanoid metabolism via lipoxygenases (LOX),0.4608412950962475,3,Acetylsalicylic Acid Action Pathway,0.47488220522667224,10,False,False,False,Eicosanoid synthesis|Eicosanoid metabolism via cyclooxygenases (COX)|Eicosanoid metabolism via lipoxygenases (LOX),Eicosanoid synthesis|Eicosanoid metabolism via cyclooxygenases (COX)|Eicosanoid metabolism via lipoxygenases (LOX)|Eicosanoid synthesis|Leukotriene C4 Synthesis Deficiency|Rofecoxib Action Pathway|Salicylate-sodium Action Pathway|Trisalicylate-choline Action Pathway|Acetaminophen  Action Pathway|Acetylsalicylic Acid Action Pathway,acid metabolism|eicosanoid biosynthesis|glutathione metabolism|receptor-mediated signaling,4,1901,21.83747668378055,
d3_5_single_with_lit_run1,D3.5,run1,single,with_lit,compound_only_enrich_mammalian_lm_pathway_WP167_seed8,Eicosanoid synthesis,lm_pathway:WP167,lipidmaps,purine metabolism,False,False,0.38375592623486365,Eicosanoid metabolism via lipoxygenases (LOX),0.39322068176799463,3,Acetaminophen  Action Pathway,0.46352855893848915,10,False,False,False,Eicosanoid synthesis|Eicosanoid metabolism via cyclooxygenases (COX)|Eicosanoid metabolism via lipoxygenases (LOX),Eicosanoid synthesis|Eicosanoid metabolism via cyclooxygenases (COX)|Eicosanoid metabolism via lipoxygenases (LOX)|Eicosanoid synthesis|Selenium micronutrient network|Leukotriene C4 Synthesis Deficiency|Rofecoxib Action Pathway|Salicylate-sodium Action Pathway|Trisalicylate-choline Action Pathway|Acetaminophen  Action Pathway,purine metabolism|5-lipoxygenase pathway|15-lipoxygenase pathway|sequential pathway,4,2120,28.314442243427038,
d3_5_feedback_with_lit_run1,D3.5,run1,feedback,with_lit,compound_only_enrich_mammalian_RAMP_P_000000016_seed1,"Glycine, serine and threonine metabolism",RAMP_P_000000016,kegg,"Glycine, serine and threonine metabolism",True,True,1.000000153176198,"Glycine, serine and threonine metabolism",1.000000153176198,1,"Glycine, serine and threonine metabolism",1.000000153176198,1,True,True,True,"Glycine, serine and threonine metabolism|Metabolism of amino acids and derivatives|3-Phosphoglycerate dehydrogenase deficiency","Glycine, serine and threonine metabolism|Metabolism of amino acids and derivatives|3-Phosphoglycerate dehydrogenase deficiency|Dihydropyrimidine Dehydrogenase Deficiency (DHPD)|Dimethylglycine Dehydrogenase Deficiency|Dimethylglycine Dehydrogenase Deficiency|Hyperglycinemia, non-ketotic|Non Ketotic Hyperglycinemia|Sarcosinemia|Trans-sulfuration, one-carbon metabolism and related pathways","Glycine, serine and threonine metabolism|threonine metabolism|Reactome pathway|Metabolism of amino acids and derivatives|one-carbon metabolism|proline cycle|urea-cycle metabolism|methyl cycle|transsulfuration pathway|urea cycle",10,2935,939.451473319903,
d3_5_feedback_with_lit_run1,D3.5,run1,feedback,with_lit,compound_only_enrich_mammalian_RAMP_P_000000016_seed2,"Glycine, serine and threonine metabolism",RAMP_P_000000016,kegg,"Glycine, serine and threonine metabolism",True,True,1.000000153176198,"Glycine, serine and threonine metabolism",1.000000153176198,1,"Glycine, serine and threonine metabolism",1.000000153176198,1,True,True,True,"Glycine, serine and threonine metabolism|3-Phosphoglycerate dehydrogenase deficiency|Dihydropyrimidine Dehydrogenase Deficiency (DHPD)","Glycine, serine and threonine metabolism|3-Phosphoglycerate dehydrogenase deficiency|Dihydropyrimidine Dehydrogenase Deficiency (DHPD)|Dimethylglycine Dehydrogenase Deficiency|Dimethylglycine Dehydrogenase Deficiency|Hyperglycinemia, non-ketotic|Non Ketotic Hyperglycinemia|Sarcosinemia|Trans-sulfuration, one-carbon metabolism and related pathways|Metabolism","Glycine, serine and threonine metabolism|threonine metabolism|Dimethylglycine Dehydrogenase Deficiency|one-carbon metabolism|serine biosynthesis|methionine metabolism|energy metabolism|perturbed pathway",8,2729,543.0596331655979,
d3_5_feedback_with_lit_run1,D3.5,run1,feedback,with_lit,compound_only_enrich_mammalian_RAMP_P_000000398_seed0,Galactose Metabolism,RAMP_P_000000398,kegg,Galactosemia,False,True,0.5274823902606672,Galactosemia,1.0000001034393806,1,Galactosemia,1.0000001034393806,1,False,True,True,Galactosemia|Galactose Metabolism|Galactose Metabolism,Galactosemia|Galactose Metabolism|Galactose Metabolism|Biochemical pathways: part I|Glycerophospholipid biosynthetic pathway|Glycerophospholipid biosynthesis|Phospholipid metabolism|MECP2 and associated Rett syndrome|GPCR downstream signalling|Orexin receptor pathway,Galactosemia|top-scoring pathway|Galactose Metabolism|downstream catabolism|Leloir pathway|neurotransmitter pathway,6,1392,708.3290633447468,
d3_5_feedback_with_lit_run1,D3.5,run1,feedback,with_lit,compound_only_enrich_mammalian_RAMP_P_000053306_seed1,Pyrimidine metabolism,RAMP_P_000053306,wikipathways,pyrimidine metabolism,True,True,1.0000000055842404,Pyrimidine metabolism,1.0000000055842404,1,Pyrimidine metabolism,1.0000000055842404,1,True,True,True,Pyrimidine metabolism|Beta Ureidopropionase Deficiency|Dihydropyrimidinase Deficiency,Pyrimidine metabolism|Beta Ureidopropionase Deficiency|Dihydropyrimidinase Deficiency|MNGIE (Mitochondrial Neurogastrointestinal Encephalopathy)|Pyrimidine metabolism|UMP Synthase Deficiency (Orotic Aciduria)|Nucleotide catabolism|Biomarkers for pyrimidine metabolism disorders|Pyrimidine catabolism|Pyrimidine metabolism and related diseases,pyrimidine metabolism|pyrimidine pathway|RNA biosynthesis|salvage pathway,4,2020,518.2878223713487,
d3_5_feedback_with_lit_run1,D3.5,run1,feedback,with_lit,compound_only_enrich_mammalian_RAMP_P_000053306_seed7,Pyrimidine metabolism,RAMP_P_000053306,wikipathways,Pyrimidine metabolism,True,True,0.9999999966934278,Pyrimidine metabolism,0.9999999966934278,1,Pyrimidine metabolism,0.9999999966934278,1,True,True,True,Pyrimidine metabolism|Beta Ureidopropionase Deficiency|Dihydropyrimidinase Deficiency,Pyrimidine metabolism|Beta Ureidopropionase Deficiency|Dihydropyrimidinase Deficiency|MNGIE (Mitochondrial Neurogastrointestinal Encephalopathy)|Pyrimidine metabolism|UMP Synthase Deficiency (Orotic Aciduria)|Nucleotide catabolism|Pyrimidine catabolism|Metabolism of nucleotides|Biomarkers for pyrimidine metabolism disorders,Pyrimidine metabolism|top-ranked pathway|dihydropyrimidine catabolism|pyrimidine catabolism|pyrimidine pathway|Vitamin K metabolism|KEGG Pyrimidine metabolism|S-adenosylmethionine cycle,8,2947,1038.9556580595672,
d3_5_feedback_with_lit_run1,D3.5,run1,feedback,with_lit,compound_only_enrich_mammalian_lm_pathway_WP167_seed0,Eicosanoid synthesis,lm_pathway:WP167,lipidmaps,Leukotriene C4 Synthesis Deficiency pathway,False,False,0.4293169690337156,Eicosanoid metabolism via lipoxygenases (LOX),0.5094657143164407,3,Leukotriene C4 Synthesis Deficiency,0.9457845594886438,4,False,False,True,Eicosanoid synthesis|Eicosanoid metabolism via cyclooxygenases (COX)|Eicosanoid metabolism via lipoxygenases (LOX),Eicosanoid synthesis|Eicosanoid metabolism via cyclooxygenases (COX)|Eicosanoid metabolism via lipoxygenases (LOX)|Leukotriene C4 Synthesis Deficiency|Rofecoxib Action Pathway|Salicylate-sodium Action Pathway|Trisalicylate-choline Action Pathway|Acetaminophen  Action Pathway|Acetylsalicylic Acid Action Pathway|Antipyrine Action Pathway,Leukotriene C4 Synthesis Deficiency pathway|Leukotriene C4 Synthesis Deficiency|Salicylate-sodium Action Pathway|nucleotide metabolism,4,1639,661.3661835249513,
d3_5_feedback_with_lit_run1,D3.5,run1,feedback,with_lit,compound_only_enrich_mammalian_lm_pathway_WP167_seed2,Eicosanoid synthesis,lm_pathway:WP167,lipidmaps,Rofecoxib Action Pathway,False,False,0.41256890660890755,Eicosanoid metabolism via lipoxygenases (LOX),0.5904310906561268,3,Rofecoxib Action Pathway,0.9999999992317723,5,False,False,True,Eicosanoid synthesis|Eicosanoid metabolism via cyclooxygenases (COX)|Eicosanoid metabolism via lipoxygenases (LOX),Eicosanoid synthesis|Eicosanoid metabolism via cyclooxygenases (COX)|Eicosanoid metabolism via lipoxygenases (LOX)|Leukotriene C4 Synthesis Deficiency|Rofecoxib Action Pathway|Salicylate-sodium Action Pathway|Trisalicylate-choline Action Pathway|Acetaminophen  Action Pathway|Acetylsalicylic Acid Action Pathway|Antipyrine Action Pathway,Rofecoxib Action Pathway|Salicylate-sodium Action Pathway|neurotransmitter catabolism|acid signaling,4,2267,958.1938336491585,
d3_5_feedback_with_lit_run1,D3.5,run1,feedback,with_lit,compound_only_enrich_mammalian_lm_pathway_WP167_seed4,Eicosanoid synthesis,lm_pathway:WP167,lipidmaps,Eicosanoid synthesis,True,True,1.0000000721685292,Eicosanoid synthesis,1.0000000721685292,1,Eicosanoid synthesis,1.0000000721685292,1,True,True,True,Eicosanoid synthesis|Eicosanoid metabolism via cyclooxygenases (COX)|Eicosanoid metabolism via lipoxygenases (LOX),Eicosanoid synthesis|Eicosanoid metabolism via cyclooxygenases (COX)|Eicosanoid metabolism via lipoxygenases (LOX)|Eicosanoid synthesis|Selenium micronutrient network|Leukotriene C4 Synthesis Deficiency|Rofecoxib Action Pathway|Salicylate-sodium Action Pathway|Trisalicylate-choline Action Pathway|Acetaminophen  Action Pathway,Eicosanoid synthesis|top-ranked pathway|Eicosanoid synthesis pathway,3,1803,556.4630814269185,
d3_5_feedback_with_lit_run1,D3.5,run1,feedback,with_lit,compound_only_enrich_mammalian_lm_pathway_WP167_seed6,Eicosanoid synthesis,lm_pathway:WP167,lipidmaps,Eicosanoid synthesis,True,True,1.0000000721685292,Eicosanoid synthesis,1.0000000721685292,1,Eicosanoid synthesis,1.0000000721685292,1,True,True,True,Eicosanoid synthesis|Eicosanoid metabolism via cyclooxygenases (COX)|Eicosanoid metabolism via lipoxygenases (LOX),Eicosanoid synthesis|Eicosanoid metabolism via cyclooxygenases (COX)|Eicosanoid metabolism via lipoxygenases (LOX)|Eicosanoid synthesis|Leukotriene C4 Synthesis Deficiency|Rofecoxib Action Pathway|Salicylate-sodium Action Pathway|Trisalicylate-choline Action Pathway|Acetaminophen  Action Pathway|Acetylsalicylic Acid Action Pathway,Eicosanoid synthesis,1,1808,952.1844623684883,
d3_5_feedback_with_lit_run1,D3.5,run1,feedback,with_lit,compound_only_enrich_mammalian_lm_pathway_WP167_seed8,Eicosanoid synthesis,lm_pathway:WP167,lipidmaps,Eicosanoid synthesis,True,True,1.0000000721685292,Eicosanoid synthesis,1.0000000721685292,1,Eicosanoid synthesis,1.0000000721685292,1,True,True,True,Eicosanoid synthesis|Eicosanoid metabolism via cyclooxygenases (COX)|Eicosanoid metabolism via lipoxygenases (LOX),Eicosanoid synthesis|Eicosanoid metabolism via cyclooxygenases (COX)|Eicosanoid metabolism via lipoxygenases (LOX)|Eicosanoid synthesis|Selenium micronutrient network|Leukotriene C4 Synthesis Deficiency|Rofecoxib Action Pathway|Salicylate-sodium Action Pathway|Trisalicylate-choline Action Pathway|Acetaminophen  Action Pathway,Eicosanoid synthesis|top pathway,2,2093,457.09959703311324,
d3_5_single_with_lit_run2,D3.5,run2,single,with_lit,compound_only_enrich_mammalian_RAMP_P_000000016_seed1,"Glycine, serine and threonine metabolism",RAMP_P_000000016,kegg,Typical pathway,False,False,0.4244311341916121,Metabolism of amino acids and derivatives,0.4350057962787407,2,"Trans-sulfuration, one-carbon metabolism and related pathways",0.4846051804909386,10,False,False,False,"Glycine, serine and threonine metabolism|Metabolism of amino acids and derivatives|3-Phosphoglycerate dehydrogenase deficiency","Glycine, serine and threonine metabolism|Metabolism of amino acids and derivatives|3-Phosphoglycerate dehydrogenase deficiency|Dihydropyrimidine Dehydrogenase Deficiency (DHPD)|Dimethylglycine Dehydrogenase Deficiency|Dimethylglycine Dehydrogenase Deficiency|Hyperglycinemia, non-ketotic|Non Ketotic Hyperglycinemia|Sarcosinemia|Trans-sulfuration, one-carbon metabolism and related pathways",Typical pathway|polyamine metabolism|sulfuration metabolism|melanin pathway|carbon cycle|methionine degradation|proline catabolism|donor cycle|polyamine signaling|proline metabolism,10,3230,58.07522288709879,
d3_5_single_with_lit_run2,D3.5,run2,single,with_lit,compound_only_enrich_mammalian_RAMP_P_000000016_seed2,"Glycine, serine and threonine metabolism",RAMP_P_000000016,kegg,indicated pathway,False,False,0.30325750832615306,3-Phosphoglycerate dehydrogenase deficiency,0.3065023956563877,2,"Trans-sulfuration, one-carbon metabolism and related pathways",0.41545197013052826,9,False,False,False,"Glycine, serine and threonine metabolism|3-Phosphoglycerate dehydrogenase deficiency|Dihydropyrimidine Dehydrogenase Deficiency (DHPD)","Glycine, serine and threonine metabolism|3-Phosphoglycerate dehydrogenase deficiency|Dihydropyrimidine Dehydrogenase Deficiency (DHPD)|Dimethylglycine Dehydrogenase Deficiency|Dimethylglycine Dehydrogenase Deficiency|Hyperglycinemia, non-ketotic|Non Ketotic Hyperglycinemia|Sarcosinemia|Trans-sulfuration, one-carbon metabolism and related pathways|Metabolism",indicated pathway|phosphatidylcholine biosynthesis|choline metabolism|methylation metabolism|energy metabolism|methylation cycle|Nucleotide metabolism|Altered phosphatidylcholine metabolism|glutathione pathway|Kennedy pathway,10,2884,14.254189070314169,
d3_5_single_with_lit_run2,D3.5,run2,single,with_lit,compound_only_enrich_mammalian_RAMP_P_000000398_seed0,Galactose Metabolism,RAMP_P_000000398,kegg,galactose metabolism,True,True,0.9999999832245213,Galactose Metabolism,0.9999999832245213,2,Galactose Metabolism,0.9999999832245213,2,True,True,True,Galactosemia|Galactose Metabolism|Galactose Metabolism,Galactosemia|Galactose Metabolism|Galactose Metabolism|Biochemical pathways: part I|Glycerophospholipid biosynthetic pathway|Glycerophospholipid biosynthesis|Phospholipid metabolism|MECP2 and associated Rett syndrome|GPCR downstream signalling|Orexin receptor pathway,galactose metabolism|lipid metabolism|inositol catabolism|inositol signaling|phospholipid biosynthesis|catecholamine metabolism|isoprenoid metabolism|polyol pathway|sterol biosynthesis|Leloir pathway|purine metabolism|hormone metabolism,12,3100,52.527222990989685,
d3_5_single_with_lit_run2,D3.5,run2,single,with_lit,compound_only_enrich_mammalian_RAMP_P_000053306_seed1,Pyrimidine metabolism,RAMP_P_000053306,wikipathways,Pyrimidine metabolism,True,True,0.9999999966934278,Pyrimidine metabolism,0.9999999966934278,1,Pyrimidine metabolism,0.9999999966934278,1,True,True,True,Pyrimidine metabolism|Beta Ureidopropionase Deficiency|Dihydropyrimidinase Deficiency,Pyrimidine metabolism|Beta Ureidopropionase Deficiency|Dihydropyrimidinase Deficiency|MNGIE (Mitochondrial Neurogastrointestinal Encephalopathy)|Pyrimidine metabolism|UMP Synthase Deficiency (Orotic Aciduria)|Nucleotide catabolism|Biomarkers for pyrimidine metabolism disorders|Pyrimidine catabolism|Pyrimidine metabolism and related diseases,Pyrimidine metabolism|pyrimidine catabolism|dehydrogenase pathway|arginine metabolism|uracil catabolism|pyrimidine biosynthesis|proline biosynthesis|urea cycle|accelerated degradation|nucleotide metabolism|The uracil degradation|nucleotide catabolism|phosphate metabolism|nitrogen metabolism,14,2104,25.474912278354168,
d3_5_single_with_lit_run2,D3.5,run2,single,with_lit,compound_only_enrich_mammalian_RAMP_P_000053306_seed7,Pyrimidine metabolism,RAMP_P_000053306,wikipathways,Pyrimidine metabolism,True,True,0.9999999966934278,Pyrimidine metabolism,0.9999999966934278,1,Pyrimidine metabolism,0.9999999966934278,1,True,True,True,Pyrimidine metabolism|Beta Ureidopropionase Deficiency|Dihydropyrimidinase Deficiency,Pyrimidine metabolism|Beta Ureidopropionase Deficiency|Dihydropyrimidinase Deficiency|MNGIE (Mitochondrial Neurogastrointestinal Encephalopathy)|Pyrimidine metabolism|UMP Synthase Deficiency (Orotic Aciduria)|Nucleotide catabolism|Pyrimidine catabolism|Metabolism of nucleotides|Biomarkers for pyrimidine metabolism disorders,Pyrimidine metabolism|Secondary pathway|pyrimidine degradation|thymine catabolism|nucleotide metabolism|phosphate pathway|impaired degradation|nucleotide catabolism|energy metabolism|redox metabolism,10,2385,24.091495951637626,
d3_5_single_with_lit_run2,D3.5,run2,single,with_lit,compound_only_enrich_mammalian_lm_pathway_WP167_seed0,Eicosanoid synthesis,lm_pathway:WP167,lipidmaps,acid metabolism,False,False,0.4193832374871163,Eicosanoid metabolism via lipoxygenases (LOX),0.4608412950962475,3,Acetylsalicylic Acid Action Pathway,0.47488220522667224,9,False,False,False,Eicosanoid synthesis|Eicosanoid metabolism via cyclooxygenases (COX)|Eicosanoid metabolism via lipoxygenases (LOX),Eicosanoid synthesis|Eicosanoid metabolism via cyclooxygenases (COX)|Eicosanoid metabolism via lipoxygenases (LOX)|Leukotriene C4 Synthesis Deficiency|Rofecoxib Action Pathway|Salicylate-sodium Action Pathway|Trisalicylate-choline Action Pathway|Acetaminophen  Action Pathway|Acetylsalicylic Acid Action Pathway|Antipyrine Action Pathway,acid metabolism|lipoxygenase pathway|indicating pathway|parallel pathway,4,2134,20.54585248604417,
d3_5_single_with_lit_run2,D3.5,run2,single,with_lit,compound_only_enrich_mammalian_lm_pathway_WP167_seed2,Eicosanoid synthesis,lm_pathway:WP167,lipidmaps,P450 epoxygenase pathway,False,False,0.5316167512555184,Eicosanoid metabolism via lipoxygenases (LOX),0.6924767350927301,3,Eicosanoid metabolism via lipoxygenases (LOX),0.6924767350927301,3,False,False,False,Eicosanoid synthesis|Eicosanoid metabolism via cyclooxygenases (COX)|Eicosanoid metabolism via lipoxygenases (LOX),Eicosanoid synthesis|Eicosanoid metabolism via cyclooxygenases (COX)|Eicosanoid metabolism via lipoxygenases (LOX)|Leukotriene C4 Synthesis Deficiency|Rofecoxib Action Pathway|Salicylate-sodium Action Pathway|Trisalicylate-choline Action Pathway|Acetaminophen  Action Pathway|Acetylsalicylic Acid Action Pathway|Antipyrine Action Pathway,P450 epoxygenase pathway|PPARγ-mediated anti-inflammatory signaling|neurotransmitter metabolism,3,1966,38.500076070427895,
d3_5_single_with_lit_run2,D3.5,run2,single,with_lit,compound_only_enrich_mammalian_lm_pathway_WP167_seed4,Eicosanoid synthesis,lm_pathway:WP167,lipidmaps,Arachidonic acid metabolism,False,False,0.6174947954949412,Eicosanoid metabolism via cyclooxygenases (COX),0.6940312115184618,2,Eicosanoid metabolism via cyclooxygenases (COX),0.6940312115184618,2,False,False,False,Eicosanoid synthesis|Eicosanoid metabolism via cyclooxygenases (COX)|Eicosanoid metabolism via lipoxygenases (LOX),Eicosanoid synthesis|Eicosanoid metabolism via cyclooxygenases (COX)|Eicosanoid metabolism via lipoxygenases (LOX)|Eicosanoid synthesis|Selenium micronutrient network|Leukotriene C4 Synthesis Deficiency|Rofecoxib Action Pathway|Salicylate-sodium Action Pathway|Trisalicylate-choline Action Pathway|Acetaminophen  Action Pathway,Arachidonic acid metabolism|leukotriene biosynthesis|immune signaling|nucleotide metabolism|pyrimidine degradation|separate pathway,6,2577,15.060429440811276,
d3_5_single_with_lit_run2,D3.5,run2,single,with_lit,compound_only_enrich_mammalian_lm_pathway_WP167_seed6,Eicosanoid synthesis,lm_pathway:WP167,lipidmaps,acid metabolism,False,False,0.4193832374871163,Eicosanoid metabolism via lipoxygenases (LOX),0.4608412950962475,3,Acetylsalicylic Acid Action Pathway,0.47488220522667224,10,False,False,False,Eicosanoid synthesis|Eicosanoid metabolism via cyclooxygenases (COX)|Eicosanoid metabolism via lipoxygenases (LOX),Eicosanoid synthesis|Eicosanoid metabolism via cyclooxygenases (COX)|Eicosanoid metabolism via lipoxygenases (LOX)|Eicosanoid synthesis|Leukotriene C4 Synthesis Deficiency|Rofecoxib Action Pathway|Salicylate-sodium Action Pathway|Trisalicylate-choline Action Pathway|Acetaminophen  Action Pathway|Acetylsalicylic Acid Action Pathway,acid metabolism|eicosanoid biosynthesis|glutathione metabolism|fructose metabolism,4,1919,26.472951779142022,
d3_5_single_with_lit_run2,D3.5,run2,single,with_lit,compound_only_enrich_mammalian_lm_pathway_WP167_seed8,Eicosanoid synthesis,lm_pathway:WP167,lipidmaps,5-Lipoxygenase pathway,False,False,0.5746894452464228,Eicosanoid metabolism via lipoxygenases (LOX),0.796293929450962,3,Eicosanoid metabolism via lipoxygenases (LOX),0.796293929450962,3,False,False,False,Eicosanoid synthesis|Eicosanoid metabolism via cyclooxygenases (COX)|Eicosanoid metabolism via lipoxygenases (LOX),Eicosanoid synthesis|Eicosanoid metabolism via cyclooxygenases (COX)|Eicosanoid metabolism via lipoxygenases (LOX)|Eicosanoid synthesis|Selenium micronutrient network|Leukotriene C4 Synthesis Deficiency|Rofecoxib Action Pathway|Salicylate-sodium Action Pathway|Trisalicylate-choline Action Pathway|Acetaminophen  Action Pathway,5-Lipoxygenase pathway|15-Lipoxygenase pathway|acid metabolism|5-LOX pathway|sulfur metabolism,5,2233,23.352841598913074,
d3_5_feedback_with_lit_run2,D3.5,run2,feedback,with_lit,compound_only_enrich_mammalian_RAMP_P_000000016_seed1,"Glycine, serine and threonine metabolism",RAMP_P_000000016,kegg,"Glycine, serine and threonine metabolism",True,True,1.000000153176198,"Glycine, serine and threonine metabolism",1.000000153176198,1,"Glycine, serine and threonine metabolism",1.000000153176198,1,True,True,True,"Glycine, serine and threonine metabolism|Metabolism of amino acids and derivatives|3-Phosphoglycerate dehydrogenase deficiency","Glycine, serine and threonine metabolism|Metabolism of amino acids and derivatives|3-Phosphoglycerate dehydrogenase deficiency|Dihydropyrimidine Dehydrogenase Deficiency (DHPD)|Dimethylglycine Dehydrogenase Deficiency|Dimethylglycine Dehydrogenase Deficiency|Hyperglycinemia, non-ketotic|Non Ketotic Hyperglycinemia|Sarcosinemia|Trans-sulfuration, one-carbon metabolism and related pathways","Glycine, serine and threonine metabolism|threonine metabolism|Metabolism of amino acids and derivatives|proline metabolism|top-ranked pathway|polyamine metabolism|acid metabolism|methyl-donor cycle|one-carbon metabolism|top-enriched pathway|The sole pathway",11,3710,1073.2823971081525,
d3_5_feedback_with_lit_run2,D3.5,run2,feedback,with_lit,compound_only_enrich_mammalian_RAMP_P_000000016_seed2,"Glycine, serine and threonine metabolism",RAMP_P_000000016,kegg,"Glycine, serine and threonine metabolism",True,True,1.000000153176198,"Glycine, serine and threonine metabolism",1.000000153176198,1,"Glycine, serine and threonine metabolism",1.000000153176198,1,True,True,True,"Glycine, serine and threonine metabolism|3-Phosphoglycerate dehydrogenase deficiency|Dihydropyrimidine Dehydrogenase Deficiency (DHPD)","Glycine, serine and threonine metabolism|3-Phosphoglycerate dehydrogenase deficiency|Dihydropyrimidine Dehydrogenase Deficiency (DHPD)|Dimethylglycine Dehydrogenase Deficiency|Dimethylglycine Dehydrogenase Deficiency|Hyperglycinemia, non-ketotic|Non Ketotic Hyperglycinemia|Sarcosinemia|Trans-sulfuration, one-carbon metabolism and related pathways|Metabolism","Glycine, serine and threonine metabolism|threonine metabolism|KEGG pathway|one-carbon metabolism|acid catabolism|as pathway|serine biosynthesis|methionine metabolism|dimethylglycine shunt|Hyperglycinemia, non-ketotic|Dimethylglycine Dehydrogenase Deficiency",11,1982,540.5965377241373,
d3_5_feedback_with_lit_run2,D3.5,run2,feedback,with_lit,compound_only_enrich_mammalian_RAMP_P_000000398_seed0,Galactose Metabolism,RAMP_P_000000398,kegg,Galactosemia disorder pathway,False,True,0.6602079365686627,Galactosemia,0.8341582338218934,1,Galactosemia,0.8341582338218934,1,False,True,True,Galactosemia|Galactose Metabolism|Galactose Metabolism,Galactosemia|Galactose Metabolism|Galactose Metabolism|Biochemical pathways: part I|Glycerophospholipid biosynthetic pathway|Glycerophospholipid biosynthesis|Phospholipid metabolism|MECP2 and associated Rett syndrome|GPCR downstream signalling|Orexin receptor pathway,Galactosemia disorder pathway|Galactosemia|Within galactose metabolism|oligosaccharide biosynthesis|Galactosemia pathway|Leloir pathway|galactose metabolism,7,2349,533.2637122347951,
d3_5_feedback_with_lit_run2,D3.5,run2,feedback,with_lit,compound_only_enrich_mammalian_RAMP_P_000053306_seed1,Pyrimidine metabolism,RAMP_P_000053306,wikipathways,Pyrimidine metabolism,True,True,0.9999999966934278,Pyrimidine metabolism,0.9999999966934278,1,Pyrimidine metabolism,0.9999999966934278,1,True,True,True,Pyrimidine metabolism|Beta Ureidopropionase Deficiency|Dihydropyrimidinase Deficiency,Pyrimidine metabolism|Beta Ureidopropionase Deficiency|Dihydropyrimidinase Deficiency|MNGIE (Mitochondrial Neurogastrointestinal Encephalopathy)|Pyrimidine metabolism|UMP Synthase Deficiency (Orotic Aciduria)|Nucleotide catabolism|Biomarkers for pyrimidine metabolism disorders|Pyrimidine catabolism|Pyrimidine metabolism and related diseases,Pyrimidine metabolism|top-ranked pathway|pyrimidine degradation|novo biosynthesis|methionine metabolism,5,1455,1250.0878653433174,
d3_5_feedback_with_lit_run2,D3.5,run2,feedback,with_lit,compound_only_enrich_mammalian_RAMP_P_000053306_seed7,Pyrimidine metabolism,RAMP_P_000053306,wikipathways,Pyrimidine metabolism,True,True,0.9999999966934278,Pyrimidine metabolism,0.9999999966934278,1,Pyrimidine metabolism,0.9999999966934278,1,True,True,True,Pyrimidine metabolism|Beta Ureidopropionase Deficiency|Dihydropyrimidinase Deficiency,Pyrimidine metabolism|Beta Ureidopropionase Deficiency|Dihydropyrimidinase Deficiency|MNGIE (Mitochondrial Neurogastrointestinal Encephalopathy)|Pyrimidine metabolism|UMP Synthase Deficiency (Orotic Aciduria)|Nucleotide catabolism|Pyrimidine catabolism|Metabolism of nucleotides|Biomarkers for pyrimidine metabolism disorders,Pyrimidine metabolism|as pathway|seven pathway|Beta Ureidopropionase Deficiency|Dihydropyrimidinase Deficiency|beyond pathway,6,2913,902.9078424610198,
d3_5_feedback_with_lit_run2,D3.5,run2,feedback,with_lit,compound_only_enrich_mammalian_lm_pathway_WP167_seed0,Eicosanoid synthesis,lm_pathway:WP167,lipidmaps,energy metabolism,False,False,0.33253878402512577,Eicosanoid metabolism via lipoxygenases (LOX),0.36874293251059204,3,Rofecoxib Action Pathway,0.37078561522917125,5,False,False,False,Eicosanoid synthesis|Eicosanoid metabolism via cyclooxygenases (COX)|Eicosanoid metabolism via lipoxygenases (LOX),Eicosanoid synthesis|Eicosanoid metabolism via cyclooxygenases (COX)|Eicosanoid metabolism via lipoxygenases (LOX)|Leukotriene C4 Synthesis Deficiency|Rofecoxib Action Pathway|Salicylate-sodium Action Pathway|Trisalicylate-choline Action Pathway|Acetaminophen  Action Pathway|Acetylsalicylic Acid Action Pathway|Antipyrine Action Pathway,energy metabolism|pro-resolving signaling|arachidonate metabolism,3,2156,1682.8073868956417,timeout_in_feedback_loop
d3_5_feedback_with_lit_run2,D3.5,run2,feedback,with_lit,compound_only_enrich_mammalian_lm_pathway_WP167_seed2,Eicosanoid synthesis,lm_pathway:WP167,lipidmaps,acid metabolism,False,False,0.4193832374871163,Eicosanoid metabolism via lipoxygenases (LOX),0.4608412950962475,3,Acetylsalicylic Acid Action Pathway,0.47488220522667224,9,False,False,False,Eicosanoid synthesis|Eicosanoid metabolism via cyclooxygenases (COX)|Eicosanoid metabolism via lipoxygenases (LOX),Eicosanoid synthesis|Eicosanoid metabolism via cyclooxygenases (COX)|Eicosanoid metabolism via lipoxygenases (LOX)|Leukotriene C4 Synthesis Deficiency|Rofecoxib Action Pathway|Salicylate-sodium Action Pathway|Trisalicylate-choline Action Pathway|Acetaminophen  Action Pathway|Acetylsalicylic Acid Action Pathway|Antipyrine Action Pathway,acid metabolism|Leukotriene C4 Synthesis Deficiency|Rofecoxib Action Pathway|Salicylate-sodium Action Pathway|Arachidonic Acid Metabolism pathway|immune signalling,6,2306,555.0018026009202,
d3_5_feedback_with_lit_run2,D3.5,run2,feedback,with_lit,compound_only_enrich_mammalian_lm_pathway_WP167_seed4,Eicosanoid synthesis,lm_pathway:WP167,lipidmaps,Eicosanoid synthesis,True,True,1.0000000721685292,Eicosanoid synthesis,1.0000000721685292,1,Eicosanoid synthesis,1.0000000721685292,1,True,True,True,Eicosanoid synthesis|Eicosanoid metabolism via cyclooxygenases (COX)|Eicosanoid metabolism via lipoxygenases (LOX),Eicosanoid synthesis|Eicosanoid metabolism via cyclooxygenases (COX)|Eicosanoid metabolism via lipoxygenases (LOX)|Eicosanoid synthesis|Selenium micronutrient network|Leukotriene C4 Synthesis Deficiency|Rofecoxib Action Pathway|Salicylate-sodium Action Pathway|Trisalicylate-choline Action Pathway|Acetaminophen  Action Pathway,Eicosanoid synthesis|Eicosanoid synthesis pathway|available pathway|lacks pathway,4,2522,726.980821184814,
d3_5_feedback_with_lit_run2,D3.5,run2,feedback,with_lit,compound_only_enrich_mammalian_lm_pathway_WP167_seed6,Eicosanoid synthesis,lm_pathway:WP167,lipidmaps,The top pathway,False,False,0.3808517686854789,Eicosanoid metabolism via cyclooxygenases (COX),0.4548546261901487,2,Acetaminophen  Action Pathway,0.5638163375674028,9,False,False,False,Eicosanoid synthesis|Eicosanoid metabolism via cyclooxygenases (COX)|Eicosanoid metabolism via lipoxygenases (LOX),Eicosanoid synthesis|Eicosanoid metabolism via cyclooxygenases (COX)|Eicosanoid metabolism via lipoxygenases (LOX)|Eicosanoid synthesis|Leukotriene C4 Synthesis Deficiency|Rofecoxib Action Pathway|Salicylate-sodium Action Pathway|Trisalicylate-choline Action Pathway|Acetaminophen  Action Pathway|Acetylsalicylic Acid Action Pathway,The top pathway|Eicosanoid synthesis|Eicosanoid Synthesis pathway,3,2189,753.229503525421,
d3_5_feedback_with_lit_run2,D3.5,run2,feedback,with_lit,compound_only_enrich_mammalian_lm_pathway_WP167_seed8,Eicosanoid synthesis,lm_pathway:WP167,lipidmaps,Eicosanoid synthesis,True,True,1.0000000721685292,Eicosanoid synthesis,1.0000000721685292,1,Eicosanoid synthesis,1.0000000721685292,1,True,True,True,Eicosanoid synthesis|Eicosanoid metabolism via cyclooxygenases (COX)|Eicosanoid metabolism via lipoxygenases (LOX),Eicosanoid synthesis|Eicosanoid metabolism via cyclooxygenases (COX)|Eicosanoid metabolism via lipoxygenases (LOX)|Eicosanoid synthesis|Selenium micronutrient network|Leukotriene C4 Synthesis Deficiency|Rofecoxib Action Pathway|Salicylate-sodium Action Pathway|Trisalicylate-choline Action Pathway|Acetaminophen  Action Pathway,Eicosanoid synthesis|top-ranked pathway|queried pathway|trans-sulfuration pathway|Selenium micronutrient network,5,2184,1141.7229679841548,timeout_in_feedback_loop
d3_5_single_with_lit_run3,D3.5,run3,single,with_lit,compound_only_enrich_mammalian_RAMP_P_000000016_seed1,"Glycine, serine and threonine metabolism",RAMP_P_000000016,kegg,urea cycle,False,False,0.42025980245618216,"Glycine, serine and threonine metabolism",0.42025980245618216,1,"Trans-sulfuration, one-carbon metabolism and related pathways",0.49496612720587113,10,False,False,False,"Glycine, serine and threonine metabolism|Metabolism of amino acids and derivatives|3-Phosphoglycerate dehydrogenase deficiency","Glycine, serine and threonine metabolism|Metabolism of amino acids and derivatives|3-Phosphoglycerate dehydrogenase deficiency|Dihydropyrimidine Dehydrogenase Deficiency (DHPD)|Dimethylglycine Dehydrogenase Deficiency|Dimethylglycine Dehydrogenase Deficiency|Hyperglycinemia, non-ketotic|Non Ketotic Hyperglycinemia|Sarcosinemia|Trans-sulfuration, one-carbon metabolism and related pathways",urea cycle|methylation cycle|ketoacid metabolism|threonine catabolism|ketoacid catabolism|oxide metabolism|Role in pathway|Signals accelerated catabolism|phospholipid metabolism|nitrate signaling,10,4512,70.45627660490572,
d3_5_single_with_lit_run3,D3.5,run3,single,with_lit,compound_only_enrich_mammalian_RAMP_P_000000016_seed2,"Glycine, serine and threonine metabolism",RAMP_P_000000016,kegg,Kennedy pathway,False,False,0.4191791293677972,3-Phosphoglycerate dehydrogenase deficiency,0.4549909916353947,2,"Trans-sulfuration, one-carbon metabolism and related pathways",0.4898137659396298,9,False,False,False,"Glycine, serine and threonine metabolism|3-Phosphoglycerate dehydrogenase deficiency|Dihydropyrimidine Dehydrogenase Deficiency (DHPD)","Glycine, serine and threonine metabolism|3-Phosphoglycerate dehydrogenase deficiency|Dihydropyrimidine Dehydrogenase Deficiency (DHPD)|Dimethylglycine Dehydrogenase Deficiency|Dimethylglycine Dehydrogenase Deficiency|Hyperglycinemia, non-ketotic|Non Ketotic Hyperglycinemia|Sarcosinemia|Trans-sulfuration, one-carbon metabolism and related pathways|Metabolism",Kennedy pathway|sulfuration pathway,2,2432,42.90910871140659,
d3_5_single_with_lit_run3,D3.5,run3,single,with_lit,compound_only_enrich_mammalian_RAMP_P_000000398_seed0,Galactose Metabolism,RAMP_P_000000398,kegg,Galactose metabolism,True,True,0.9999999675920971,Galactose Metabolism,0.9999999675920971,2,Galactose Metabolism,0.9999999675920971,2,True,True,True,Galactosemia|Galactose Metabolism|Galactose Metabolism,Galactosemia|Galactose Metabolism|Galactose Metabolism|Biochemical pathways: part I|Glycerophospholipid biosynthetic pathway|Glycerophospholipid biosynthesis|Phospholipid metabolism|MECP2 and associated Rett syndrome|GPCR downstream signalling|Orexin receptor pathway,Galactose metabolism|galactose catabolism|phospatidylinositol metabolism|phospholipid biosynthesis|Sterol biosynthesis|Galactose pathway|Sterol pathway|energy metabolism|Akt signaling|phosphatidylinositol signaling|RNA degradation,11,2104,39.422621101140976,
d3_5_single_with_lit_run3,D3.5,run3,single,with_lit,compound_only_enrich_mammalian_RAMP_P_000053306_seed1,Pyrimidine metabolism,RAMP_P_000053306,wikipathways,pyrimidine metabolism,True,True,1.0000000055842404,Pyrimidine metabolism,1.0000000055842404,1,Pyrimidine metabolism,1.0000000055842404,1,True,True,True,Pyrimidine metabolism|Beta Ureidopropionase Deficiency|Dihydropyrimidinase Deficiency,Pyrimidine metabolism|Beta Ureidopropionase Deficiency|Dihydropyrimidinase Deficiency|MNGIE (Mitochondrial Neurogastrointestinal Encephalopathy)|Pyrimidine metabolism|UMP Synthase Deficiency (Orotic Aciduria)|Nucleotide catabolism|Biomarkers for pyrimidine metabolism disorders|Pyrimidine catabolism|Pyrimidine metabolism and related diseases,pyrimidine metabolism|Pyrimidine degradation|catabolic pathway|arginine metabolism|pyrimidine catabolism|The uracil degradation|-alanine metabolism|thymidine degradation,8,2107,21.360470028594136,
d3_5_single_with_lit_run3,D3.5,run3,single,with_lit,compound_only_enrich_mammalian_RAMP_P_000053306_seed7,Pyrimidine metabolism,RAMP_P_000053306,wikipathways,pyrimidine metabolism,True,True,1.0000000055842404,Pyrimidine metabolism,1.0000000055842404,1,Pyrimidine metabolism,1.0000000055842404,1,True,True,True,Pyrimidine metabolism|Beta Ureidopropionase Deficiency|Dihydropyrimidinase Deficiency,Pyrimidine metabolism|Beta Ureidopropionase Deficiency|Dihydropyrimidinase Deficiency|MNGIE (Mitochondrial Neurogastrointestinal Encephalopathy)|Pyrimidine metabolism|UMP Synthase Deficiency (Orotic Aciduria)|Nucleotide catabolism|Pyrimidine catabolism|Metabolism of nucleotides|Biomarkers for pyrimidine metabolism disorders,pyrimidine metabolism|pyrimidine degradation|acid catabolism|phosphate pathway|Secondary pathway|hormone metabolism|likely pathway|pyrimidine biosynthesis|pyrimidine catabolism|indicating pathway|complete degradation|coordinated pathway|phospholipid biosynthesis|xenobiotic metabolism|carbon metabolism|pyrimidine pathway,16,2308,11.16374098137021,
d3_5_single_with_lit_run3,D3.5,run3,single,with_lit,compound_only_enrich_mammalian_lm_pathway_WP167_seed0,Eicosanoid synthesis,lm_pathway:WP167,lipidmaps,acid metabolism,False,False,0.4193832374871163,Eicosanoid metabolism via lipoxygenases (LOX),0.4608412950962475,3,Acetylsalicylic Acid Action Pathway,0.47488220522667224,9,False,False,False,Eicosanoid synthesis|Eicosanoid metabolism via cyclooxygenases (COX)|Eicosanoid metabolism via lipoxygenases (LOX),Eicosanoid synthesis|Eicosanoid metabolism via cyclooxygenases (COX)|Eicosanoid metabolism via lipoxygenases (LOX)|Leukotriene C4 Synthesis Deficiency|Rofecoxib Action Pathway|Salicylate-sodium Action Pathway|Trisalicylate-choline Action Pathway|Acetaminophen  Action Pathway|Acetylsalicylic Acid Action Pathway|Antipyrine Action Pathway,acid metabolism|Cytochrome P450 pathway|phospholipid metabolism|inflammatory signaling|suggests pathway,5,2282,17.08430188894272,
d3_5_single_with_lit_run3,D3.5,run3,single,with_lit,compound_only_enrich_mammalian_lm_pathway_WP167_seed2,Eicosanoid synthesis,lm_pathway:WP167,lipidmaps,acid catabolism,False,False,0.2999153494007476,Eicosanoid synthesis,0.2999153494007476,1,Acetylsalicylic Acid Action Pathway,0.44001330490811985,9,False,False,False,Eicosanoid synthesis|Eicosanoid metabolism via cyclooxygenases (COX)|Eicosanoid metabolism via lipoxygenases (LOX),Eicosanoid synthesis|Eicosanoid metabolism via cyclooxygenases (COX)|Eicosanoid metabolism via lipoxygenases (LOX)|Leukotriene C4 Synthesis Deficiency|Rofecoxib Action Pathway|Salicylate-sodium Action Pathway|Trisalicylate-choline Action Pathway|Acetaminophen  Action Pathway|Acetylsalicylic Acid Action Pathway|Antipyrine Action Pathway,acid catabolism|oxidative metabolism|AA metabolism,3,2916,114.59562363103032,
d3_5_single_with_lit_run3,D3.5,run3,single,with_lit,compound_only_enrich_mammalian_lm_pathway_WP167_seed4,Eicosanoid synthesis,lm_pathway:WP167,lipidmaps,acid metabolism,False,False,0.4193832374871163,Eicosanoid metabolism via lipoxygenases (LOX),0.4608412950962475,3,Eicosanoid metabolism via lipoxygenases (LOX),0.4608412950962475,3,False,False,False,Eicosanoid synthesis|Eicosanoid metabolism via cyclooxygenases (COX)|Eicosanoid metabolism via lipoxygenases (LOX),Eicosanoid synthesis|Eicosanoid metabolism via cyclooxygenases (COX)|Eicosanoid metabolism via lipoxygenases (LOX)|Eicosanoid synthesis|Selenium micronutrient network|Leukotriene C4 Synthesis Deficiency|Rofecoxib Action Pathway|Salicylate-sodium Action Pathway|Trisalicylate-choline Action Pathway|Acetaminophen  Action Pathway,acid metabolism|5-LOX pathway|can shunt|cell signaling|lipid-mediated signaling|Eicosanoid synthesis,6,2244,9.691619431599975,
d3_5_single_with_lit_run3,D3.5,run3,single,with_lit,compound_only_enrich_mammalian_lm_pathway_WP167_seed6,Eicosanoid synthesis,lm_pathway:WP167,lipidmaps,acid metabolism,False,False,0.4193832374871163,Eicosanoid metabolism via lipoxygenases (LOX),0.4608412950962475,3,Acetylsalicylic Acid Action Pathway,0.47488220522667224,10,False,False,False,Eicosanoid synthesis|Eicosanoid metabolism via cyclooxygenases (COX)|Eicosanoid metabolism via lipoxygenases (LOX),Eicosanoid synthesis|Eicosanoid metabolism via cyclooxygenases (COX)|Eicosanoid metabolism via lipoxygenases (LOX)|Eicosanoid synthesis|Leukotriene C4 Synthesis Deficiency|Rofecoxib Action Pathway|Salicylate-sodium Action Pathway|Trisalicylate-choline Action Pathway|Acetaminophen  Action Pathway|Acetylsalicylic Acid Action Pathway,acid metabolism|5-Lipoxygenase pathway|15-Lipoxygenase pathway|prostaglandin pathway|glutathione metabolism|distinct pathway|eicosanoid pathway,7,2020,16.46520891226828,
d3_5_single_with_lit_run3,D3.5,run3,single,with_lit,compound_only_enrich_mammalian_lm_pathway_WP167_seed8,Eicosanoid synthesis,lm_pathway:WP167,lipidmaps,salvage pathway,False,False,0.32663909103004396,Eicosanoid synthesis,0.32663909103004396,1,Rofecoxib Action Pathway,0.502141734403416,7,False,False,False,Eicosanoid synthesis|Eicosanoid metabolism via cyclooxygenases (COX)|Eicosanoid metabolism via lipoxygenases (LOX),Eicosanoid synthesis|Eicosanoid metabolism via cyclooxygenases (COX)|Eicosanoid metabolism via lipoxygenases (LOX)|Eicosanoid synthesis|Selenium micronutrient network|Leukotriene C4 Synthesis Deficiency|Rofecoxib Action Pathway|Salicylate-sodium Action Pathway|Trisalicylate-choline Action Pathway|Acetaminophen  Action Pathway,salvage pathway|Eicosanoid synthesis|thiopurine metabolism,3,2293,20.693381974473596,
d3_5_feedback_with_lit_run3,D3.5,run3,feedback,with_lit,compound_only_enrich_mammalian_RAMP_P_000000016_seed1,"Glycine, serine and threonine metabolism",RAMP_P_000000016,kegg,"Glycine, serine and threonine metabolism",True,True,1.000000153176198,"Glycine, serine and threonine metabolism",1.000000153176198,1,"Glycine, serine and threonine metabolism",1.000000153176198,1,True,True,True,"Glycine, serine and threonine metabolism|Metabolism of amino acids and derivatives|3-Phosphoglycerate dehydrogenase deficiency","Glycine, serine and threonine metabolism|Metabolism of amino acids and derivatives|3-Phosphoglycerate dehydrogenase deficiency|Dihydropyrimidine Dehydrogenase Deficiency (DHPD)|Dimethylglycine Dehydrogenase Deficiency|Dimethylglycine Dehydrogenase Deficiency|Hyperglycinemia, non-ketotic|Non Ketotic Hyperglycinemia|Sarcosinemia|Trans-sulfuration, one-carbon metabolism and related pathways","Glycine, serine and threonine metabolism|threonine metabolism|perturbed pathway|Metabolism of amino acids and derivatives|proline metabolism|nitrogen metabolism|Sarcosinemia|same pathway|glutathione biosynthesis|arginine metabolism|transsulfuration pathway",11,2837,648.496893228963,
d3_5_feedback_with_lit_run3,D3.5,run3,feedback,with_lit,compound_only_enrich_mammalian_RAMP_P_000000016_seed2,"Glycine, serine and threonine metabolism",RAMP_P_000000016,kegg,"Glycine, serine and threonine metabolism",True,True,1.000000153176198,"Glycine, serine and threonine metabolism",1.000000153176198,1,"Glycine, serine and threonine metabolism",1.000000153176198,1,True,True,True,"Glycine, serine and threonine metabolism|3-Phosphoglycerate dehydrogenase deficiency|Dihydropyrimidine Dehydrogenase Deficiency (DHPD)","Glycine, serine and threonine metabolism|3-Phosphoglycerate dehydrogenase deficiency|Dihydropyrimidine Dehydrogenase Deficiency (DHPD)|Dimethylglycine Dehydrogenase Deficiency|Dimethylglycine Dehydrogenase Deficiency|Hyperglycinemia, non-ketotic|Non Ketotic Hyperglycinemia|Sarcosinemia|Trans-sulfuration, one-carbon metabolism and related pathways|Metabolism","Glycine, serine and threonine metabolism|threonine metabolism|supported pathway|trans-sulfuration pathway|serine biosynthesis|Serine metabolism|Trans-sulfuration, one-carbon metabolism and related pathways|one-carbon metabolism|3-Phosphoglycerate dehydrogenase deficiency|Dimethylglycine Dehydrogenase Deficiency|folate metabolism|energy metabolism|purine metabolism",13,2993,856.4286296796054,
d3_5_feedback_with_lit_run3,D3.5,run3,feedback,with_lit,compound_only_enrich_mammalian_RAMP_P_000000398_seed0,Galactose Metabolism,RAMP_P_000000398,kegg,galactose metabolism,True,True,0.9999999832245213,Galactose Metabolism,0.9999999832245213,2,Galactose Metabolism,0.9999999832245213,2,True,True,True,Galactosemia|Galactose Metabolism|Galactose Metabolism,Galactosemia|Galactose Metabolism|Galactose Metabolism|Biochemical pathways: part I|Glycerophospholipid biosynthetic pathway|Glycerophospholipid biosynthesis|Phospholipid metabolism|MECP2 and associated Rett syndrome|GPCR downstream signalling|Orexin receptor pathway,galactose metabolism|Galactosemia|enriched pathway|glycerophospholipid biosynthesis|Leloir pathway|queried pathway,6,2187,942.5534941274673,
d3_5_feedback_with_lit_run3,D3.5,run3,feedback,with_lit,compound_only_enrich_mammalian_RAMP_P_000053306_seed1,Pyrimidine metabolism,RAMP_P_000053306,wikipathways,pyrimidine metabolism,True,True,1.0000000055842404,Pyrimidine metabolism,1.0000000055842404,1,Pyrimidine metabolism,1.0000000055842404,1,True,True,True,Pyrimidine metabolism|Beta Ureidopropionase Deficiency|Dihydropyrimidinase Deficiency,Pyrimidine metabolism|Beta Ureidopropionase Deficiency|Dihydropyrimidinase Deficiency|MNGIE (Mitochondrial Neurogastrointestinal Encephalopathy)|Pyrimidine metabolism|UMP Synthase Deficiency (Orotic Aciduria)|Nucleotide catabolism|Biomarkers for pyrimidine metabolism disorders|Pyrimidine catabolism|Pyrimidine metabolism and related diseases,pyrimidine metabolism|Beta Ureidopropionase Deficiency|Dihydropyrimidinase Deficiency|KEGG pyrimidine metabolism|pyrimidine catabolism,5,2327,936.4653048813343,
d3_5_feedback_with_lit_run3,D3.5,run3,feedback,with_lit,compound_only_enrich_mammalian_RAMP_P_000053306_seed7,Pyrimidine metabolism,RAMP_P_000053306,wikipathways,Pyrimidine metabolism,True,True,0.9999999966934278,Pyrimidine metabolism,0.9999999966934278,1,Pyrimidine metabolism,0.9999999966934278,1,True,True,True,Pyrimidine metabolism|Beta Ureidopropionase Deficiency|Dihydropyrimidinase Deficiency,Pyrimidine metabolism|Beta Ureidopropionase Deficiency|Dihydropyrimidinase Deficiency|MNGIE (Mitochondrial Neurogastrointestinal Encephalopathy)|Pyrimidine metabolism|UMP Synthase Deficiency (Orotic Aciduria)|Nucleotide catabolism|Pyrimidine catabolism|Metabolism of nucleotides|Biomarkers for pyrimidine metabolism disorders,Pyrimidine metabolism|The top-enriched pathway|nucleotide catabolism|independent pathway|that pathway,5,2051,858.9236274082214,
d3_5_feedback_with_lit_run3,D3.5,run3,feedback,with_lit,compound_only_enrich_mammalian_lm_pathway_WP167_seed0,Eicosanoid synthesis,lm_pathway:WP167,lipidmaps,Eicosanoid synthesis,True,True,1.0000000721685292,Eicosanoid synthesis,1.0000000721685292,1,Eicosanoid synthesis,1.0000000721685292,1,True,True,True,Eicosanoid synthesis|Eicosanoid metabolism via cyclooxygenases (COX)|Eicosanoid metabolism via lipoxygenases (LOX),Eicosanoid synthesis|Eicosanoid metabolism via cyclooxygenases (COX)|Eicosanoid metabolism via lipoxygenases (LOX)|Leukotriene C4 Synthesis Deficiency|Rofecoxib Action Pathway|Salicylate-sodium Action Pathway|Trisalicylate-choline Action Pathway|Acetaminophen  Action Pathway|Acetylsalicylic Acid Action Pathway|Antipyrine Action Pathway,Eicosanoid synthesis|enriched pathway|nucleotide metabolism,3,2166,498.62868271023035,
d3_5_feedback_with_lit_run3,D3.5,run3,feedback,with_lit,compound_only_enrich_mammalian_lm_pathway_WP167_seed2,Eicosanoid synthesis,lm_pathway:WP167,lipidmaps,Leukotriene C4 Synthesis Deficiency,False,False,0.34313065942708487,Eicosanoid metabolism via lipoxygenases (LOX),0.41064741964014584,3,Leukotriene C4 Synthesis Deficiency,0.9999999665652174,4,False,False,True,Eicosanoid synthesis|Eicosanoid metabolism via cyclooxygenases (COX)|Eicosanoid metabolism via lipoxygenases (LOX),Eicosanoid synthesis|Eicosanoid metabolism via cyclooxygenases (COX)|Eicosanoid metabolism via lipoxygenases (LOX)|Leukotriene C4 Synthesis Deficiency|Rofecoxib Action Pathway|Salicylate-sodium Action Pathway|Trisalicylate-choline Action Pathway|Acetaminophen  Action Pathway|Acetylsalicylic Acid Action Pathway|Antipyrine Action Pathway,Leukotriene C4 Synthesis Deficiency|Rofecoxib Action Pathway|SMPdb drug-action pathway|Acetylsalicylic Acid Action Pathway|Salicylate-sodium Action Pathway|acid signaling|Arachidonic Acid Metabolism pathway|Tyrosine metabolism|oxidative metabolism,9,2261,998.9311360903084,timeout_in_feedback_loop
d3_5_feedback_with_lit_run3,D3.5,run3,feedback,with_lit,compound_only_enrich_mammalian_lm_pathway_WP167_seed4,Eicosanoid synthesis,lm_pathway:WP167,lipidmaps,,False,False,,,,,,,,False,False,False,Eicosanoid synthesis|Eicosanoid metabolism via cyclooxygenases (COX)|Eicosanoid metabolism via lipoxygenases (LOX),Eicosanoid synthesis|Eicosanoid metabolism via cyclooxygenases (COX)|Eicosanoid metabolism via lipoxygenases (LOX)|Eicosanoid synthesis|Selenium micronutrient network|Leukotriene C4 Synthesis Deficiency|Rofecoxib Action Pathway|Salicylate-sodium Action Pathway|Trisalicylate-choline Action Pathway|Acetaminophen  Action Pathway,,0,0,918.1462938077748,
d3_5_feedback_with_lit_run3,D3.5,run3,feedback,with_lit,compound_only_enrich_mammalian_lm_pathway_WP167_seed6,Eicosanoid synthesis,lm_pathway:WP167,lipidmaps,Eicosanoid synthesis,True,True,1.0000000721685292,Eicosanoid synthesis,1.0000000721685292,1,Eicosanoid synthesis,1.0000000721685292,1,True,True,True,Eicosanoid synthesis|Eicosanoid metabolism via cyclooxygenases (COX)|Eicosanoid metabolism via lipoxygenases (LOX),Eicosanoid synthesis|Eicosanoid metabolism via cyclooxygenases (COX)|Eicosanoid metabolism via lipoxygenases (LOX)|Eicosanoid synthesis|Leukotriene C4 Synthesis Deficiency|Rofecoxib Action Pathway|Salicylate-sodium Action Pathway|Trisalicylate-choline Action Pathway|Acetaminophen  Action Pathway|Acetylsalicylic Acid Action Pathway,Eicosanoid synthesis|27-compound pathway|same pathway,3,2343,440.16547761671245,
d3_5_feedback_with_lit_run3,D3.5,run3,feedback,with_lit,compound_only_enrich_mammalian_lm_pathway_WP167_seed8,Eicosanoid synthesis,lm_pathway:WP167,lipidmaps,Eicosanoid synthesis,True,True,1.0000000721685292,Eicosanoid synthesis,1.0000000721685292,1,Eicosanoid synthesis,1.0000000721685292,1,True,True,True,Eicosanoid synthesis|Eicosanoid metabolism via cyclooxygenases (COX)|Eicosanoid metabolism via lipoxygenases (LOX),Eicosanoid synthesis|Eicosanoid metabolism via cyclooxygenases (COX)|Eicosanoid metabolism via lipoxygenases (LOX)|Eicosanoid synthesis|Selenium micronutrient network|Leukotriene C4 Synthesis Deficiency|Rofecoxib Action Pathway|Salicylate-sodium Action Pathway|Trisalicylate-choline Action Pathway|Acetaminophen  Action Pathway,Eicosanoid synthesis|cysteine metabolism|glutathione biosynthesis|No verified pathway|eicosanoid metabolism,5,1979,566.8956286162138,
