2026-05-07 11:22:35,842 INFO evaluation.sub6.run_sub6a: Sub-6A runner: 0 task_ids already in data/eval/sub6/v2_msclip_ablation/fused/sub6a_narratives.jsonl
2026-05-07 11:23:56,041 INFO common.gnps_loader: GNPS: loaded 622634 v0-usable records out of 985492 total
2026-05-07 11:23:59,344 INFO tools.library_search.model: ms-clip: auto-picked GPU 6 (free 24089 MiB)
2026-05-07 11:23:59,344 INFO tools.library_search.model: ms-clip: using CUDA_VISIBLE_DEVICES=6
2026-05-07 11:23:59,345 INFO tools.library_search.model: ms-clip: launching predict_smi (n_candidates=2)
2026-05-07 11:24:25,828 INFO tools.library_search.model: ms-clip: auto-picked GPU 6 (free 24089 MiB)
2026-05-07 11:24:25,828 INFO tools.library_search.model: ms-clip: using CUDA_VISIBLE_DEVICES=6
2026-05-07 11:24:25,828 INFO tools.library_search.model: ms-clip: launching predict_smi (n_candidates=4)
2026-05-07 11:24:37,684 INFO tools.library_search.model: ms-clip: auto-picked GPU 6 (free 24089 MiB)
2026-05-07 11:24:37,684 INFO tools.library_search.model: ms-clip: using CUDA_VISIBLE_DEVICES=6
2026-05-07 11:24:37,684 INFO tools.library_search.model: ms-clip: launching predict_smi (n_candidates=6)
2026-05-07 11:24:49,272 INFO tools.library_search.model: ms-clip: auto-picked GPU 6 (free 24089 MiB)
2026-05-07 11:24:49,272 INFO tools.library_search.model: ms-clip: using CUDA_VISIBLE_DEVICES=6
2026-05-07 11:24:49,272 INFO tools.library_search.model: ms-clip: launching predict_smi (n_candidates=12)
2026-05-07 11:25:00,421 WARNING tools.library_search.tool: ms-clip scoring failed, continuing with modcos only: Adduct '[M+NH3+H]+' is not in the ms-clip MSG ion vocabulary
2026-05-07 11:25:01,004 INFO tools.library_search.model: ms-clip: auto-picked GPU 6 (free 24089 MiB)
2026-05-07 11:25:01,005 INFO tools.library_search.model: ms-clip: using CUDA_VISIBLE_DEVICES=6
2026-05-07 11:25:01,005 INFO tools.library_search.model: ms-clip: launching predict_smi (n_candidates=1)
2026-05-07 11:25:12,505 INFO tools.library_search.model: ms-clip: auto-picked GPU 6 (free 24089 MiB)
2026-05-07 11:25:12,506 INFO tools.library_search.model: ms-clip: using CUDA_VISIBLE_DEVICES=6
2026-05-07 11:25:12,506 INFO tools.library_search.model: ms-clip: launching predict_smi (n_candidates=4)
2026-05-07 11:25:24,252 INFO tools.library_search.model: ms-clip: auto-picked GPU 6 (free 24089 MiB)
2026-05-07 11:25:24,253 INFO tools.library_search.model: ms-clip: using CUDA_VISIBLE_DEVICES=6
2026-05-07 11:25:24,253 INFO tools.library_search.model: ms-clip: launching predict_smi (n_candidates=11)
2026-05-07 11:25:36,653 INFO tools.library_search.model: ms-clip: auto-picked GPU 6 (free 24089 MiB)
2026-05-07 11:25:36,653 INFO tools.library_search.model: ms-clip: using CUDA_VISIBLE_DEVICES=6
2026-05-07 11:25:36,654 INFO tools.library_search.model: ms-clip: launching predict_smi (n_candidates=5)
2026-05-07 11:25:48,199 INFO tools.library_search.model: ms-clip: auto-picked GPU 6 (free 24089 MiB)
2026-05-07 11:25:48,199 INFO tools.library_search.model: ms-clip: using CUDA_VISIBLE_DEVICES=6
2026-05-07 11:25:48,199 INFO tools.library_search.model: ms-clip: launching predict_smi (n_candidates=6)
2026-05-07 11:26:00,081 INFO tools.library_search.model: ms-clip: auto-picked GPU 6 (free 24089 MiB)
2026-05-07 11:26:00,081 INFO tools.library_search.model: ms-clip: using CUDA_VISIBLE_DEVICES=6
2026-05-07 11:26:00,081 INFO tools.library_search.model: ms-clip: launching predict_smi (n_candidates=16)
2026-05-07 11:26:11,351 INFO tools.library_search.model: ms-clip: auto-picked GPU 6 (free 24089 MiB)
2026-05-07 11:26:11,351 INFO tools.library_search.model: ms-clip: using CUDA_VISIBLE_DEVICES=6
2026-05-07 11:26:11,352 INFO tools.library_search.model: ms-clip: launching predict_smi (n_candidates=4)
2026-05-07 11:26:22,955 INFO tools.library_search.model: ms-clip: auto-picked GPU 6 (free 24089 MiB)
2026-05-07 11:26:22,955 INFO tools.library_search.model: ms-clip: using CUDA_VISIBLE_DEVICES=6
2026-05-07 11:26:22,955 INFO tools.library_search.model: ms-clip: launching predict_smi (n_candidates=4)
2026-05-07 11:26:35,331 INFO tools.library_search.model: ms-clip: auto-picked GPU 6 (free 24089 MiB)
2026-05-07 11:26:35,332 INFO tools.library_search.model: ms-clip: using CUDA_VISIBLE_DEVICES=6
2026-05-07 11:26:35,332 INFO tools.library_search.model: ms-clip: launching predict_smi (n_candidates=4)
2026-05-07 11:26:46,533 WARNING tools.library_search.tool: ms-clip scoring failed, continuing with modcos only: Adduct '[M+NH3+H]+' is not in the ms-clip MSG ion vocabulary
2026-05-07 11:26:47,123 INFO tools.library_search.model: ms-clip: auto-picked GPU 6 (free 24089 MiB)
2026-05-07 11:26:47,123 INFO tools.library_search.model: ms-clip: using CUDA_VISIBLE_DEVICES=6
2026-05-07 11:26:47,124 INFO tools.library_search.model: ms-clip: launching predict_smi (n_candidates=12)
2026-05-07 11:26:59,018 INFO tools.library_search.model: ms-clip: auto-picked GPU 6 (free 24089 MiB)
2026-05-07 11:26:59,018 INFO tools.library_search.model: ms-clip: using CUDA_VISIBLE_DEVICES=6
2026-05-07 11:26:59,018 INFO tools.library_search.model: ms-clip: launching predict_smi (n_candidates=16)
2026-05-07 11:27:10,679 INFO tools.library_search.model: ms-clip: auto-picked GPU 6 (free 24089 MiB)
2026-05-07 11:27:10,679 INFO tools.library_search.model: ms-clip: using CUDA_VISIBLE_DEVICES=6
2026-05-07 11:27:10,680 INFO tools.library_search.model: ms-clip: launching predict_smi (n_candidates=12)
2026-05-07 11:27:22,455 INFO tools.library_search.model: ms-clip: auto-picked GPU 6 (free 24089 MiB)
2026-05-07 11:27:22,455 INFO tools.library_search.model: ms-clip: using CUDA_VISIBLE_DEVICES=6
2026-05-07 11:27:22,455 INFO tools.library_search.model: ms-clip: launching predict_smi (n_candidates=9)
2026-05-07 11:27:33,968 INFO tools.library_search.model: ms-clip: auto-picked GPU 6 (free 24089 MiB)
2026-05-07 11:27:33,969 INFO tools.library_search.model: ms-clip: using CUDA_VISIBLE_DEVICES=6
2026-05-07 11:27:33,969 INFO tools.library_search.model: ms-clip: launching predict_smi (n_candidates=2)
2026-05-07 11:27:45,385 INFO tools.library_search.model: ms-clip: auto-picked GPU 6 (free 24089 MiB)
2026-05-07 11:27:45,385 INFO tools.library_search.model: ms-clip: using CUDA_VISIBLE_DEVICES=6
2026-05-07 11:27:45,386 INFO tools.library_search.model: ms-clip: launching predict_smi (n_candidates=2)
2026-05-07 11:27:56,946 INFO tools.library_search.model: ms-clip: auto-picked GPU 6 (free 24089 MiB)
2026-05-07 11:27:56,946 INFO tools.library_search.model: ms-clip: using CUDA_VISIBLE_DEVICES=6
2026-05-07 11:27:56,947 INFO tools.library_search.model: ms-clip: launching predict_smi (n_candidates=19)
2026-05-07 11:28:09,684 INFO tools.library_search.model: ms-clip: auto-picked GPU 6 (free 24089 MiB)
2026-05-07 11:28:09,684 INFO tools.library_search.model: ms-clip: using CUDA_VISIBLE_DEVICES=6
2026-05-07 11:28:09,684 INFO tools.library_search.model: ms-clip: launching predict_smi (n_candidates=27)
2026-05-07 11:28:21,512 INFO tools.library_search.model: ms-clip: auto-picked GPU 6 (free 24089 MiB)
2026-05-07 11:28:21,513 INFO tools.library_search.model: ms-clip: using CUDA_VISIBLE_DEVICES=6
2026-05-07 11:28:21,513 INFO tools.library_search.model: ms-clip: launching predict_smi (n_candidates=4)
2026-05-07 11:28:32,950 INFO tools.library_search.model: ms-clip: auto-picked GPU 6 (free 24089 MiB)
2026-05-07 11:28:32,950 INFO tools.library_search.model: ms-clip: using CUDA_VISIBLE_DEVICES=6
2026-05-07 11:28:32,951 INFO tools.library_search.model: ms-clip: launching predict_smi (n_candidates=6)
2026-05-07 11:28:45,250 INFO tools.library_search.model: ms-clip: auto-picked GPU 6 (free 24089 MiB)
2026-05-07 11:28:45,251 INFO tools.library_search.model: ms-clip: using CUDA_VISIBLE_DEVICES=6
2026-05-07 11:28:45,251 INFO tools.library_search.model: ms-clip: launching predict_smi (n_candidates=2)
2026-05-07 11:28:56,842 INFO tools.library_search.model: ms-clip: auto-picked GPU 6 (free 24089 MiB)
2026-05-07 11:28:56,843 INFO tools.library_search.model: ms-clip: using CUDA_VISIBLE_DEVICES=6
2026-05-07 11:28:56,843 INFO tools.library_search.model: ms-clip: launching predict_smi (n_candidates=4)
2026-05-07 11:29:08,805 INFO tools.library_search.model: ms-clip: auto-picked GPU 6 (free 24089 MiB)
2026-05-07 11:29:08,805 INFO tools.library_search.model: ms-clip: using CUDA_VISIBLE_DEVICES=6
2026-05-07 11:29:08,805 INFO tools.library_search.model: ms-clip: launching predict_smi (n_candidates=12)
2026-05-07 11:29:20,239 INFO tools.library_search.model: ms-clip: auto-picked GPU 6 (free 24089 MiB)
2026-05-07 11:29:20,239 INFO tools.library_search.model: ms-clip: using CUDA_VISIBLE_DEVICES=6
2026-05-07 11:29:20,239 INFO tools.library_search.model: ms-clip: launching predict_smi (n_candidates=12)
2026-05-07 11:29:32,144 INFO tools.library_search.model: ms-clip: auto-picked GPU 6 (free 24089 MiB)
2026-05-07 11:29:32,145 INFO tools.library_search.model: ms-clip: using CUDA_VISIBLE_DEVICES=6
2026-05-07 11:29:32,145 INFO tools.library_search.model: ms-clip: launching predict_smi (n_candidates=9)
2026-05-07 11:29:44,286 INFO tools.library_search.model: ms-clip: auto-picked GPU 6 (free 24089 MiB)
2026-05-07 11:29:44,286 INFO tools.library_search.model: ms-clip: using CUDA_VISIBLE_DEVICES=6
2026-05-07 11:29:44,286 INFO tools.library_search.model: ms-clip: launching predict_smi (n_candidates=4)
2026-05-07 11:29:55,481 WARNING tools.library_search.tool: ms-clip scoring failed, continuing with modcos only: Adduct '[M+NH3+H]+' is not in the ms-clip MSG ion vocabulary
2026-05-07 11:29:56,094 INFO tools.library_search.model: ms-clip: auto-picked GPU 6 (free 24089 MiB)
2026-05-07 11:29:56,094 INFO tools.library_search.model: ms-clip: using CUDA_VISIBLE_DEVICES=6
2026-05-07 11:29:56,094 INFO tools.library_search.model: ms-clip: launching predict_smi (n_candidates=8)
2026-05-07 11:30:08,311 INFO tools.library_search.model: ms-clip: auto-picked GPU 6 (free 24089 MiB)
2026-05-07 11:30:08,311 INFO tools.library_search.model: ms-clip: using CUDA_VISIBLE_DEVICES=6
2026-05-07 11:30:08,311 INFO tools.library_search.model: ms-clip: launching predict_smi (n_candidates=9)
2026-05-07 11:30:20,407 INFO tools.library_search.model: ms-clip: auto-picked GPU 6 (free 24089 MiB)
2026-05-07 11:30:20,408 INFO tools.library_search.model: ms-clip: using CUDA_VISIBLE_DEVICES=6
2026-05-07 11:30:20,408 INFO tools.library_search.model: ms-clip: launching predict_smi (n_candidates=9)
2026-05-07 11:30:32,191 INFO tools.library_search.model: ms-clip: auto-picked GPU 6 (free 24089 MiB)
2026-05-07 11:30:32,191 INFO tools.library_search.model: ms-clip: using CUDA_VISIBLE_DEVICES=6
2026-05-07 11:30:32,191 INFO tools.library_search.model: ms-clip: launching predict_smi (n_candidates=4)
2026-05-07 11:30:44,298 INFO tools.library_search.model: ms-clip: auto-picked GPU 6 (free 24089 MiB)
2026-05-07 11:30:44,298 INFO tools.library_search.model: ms-clip: using CUDA_VISIBLE_DEVICES=6
2026-05-07 11:30:44,298 INFO tools.library_search.model: ms-clip: launching predict_smi (n_candidates=1)
2026-05-07 11:30:56,267 INFO tools.library_search.model: ms-clip: auto-picked GPU 6 (free 24089 MiB)
2026-05-07 11:30:56,267 INFO tools.library_search.model: ms-clip: using CUDA_VISIBLE_DEVICES=6
2026-05-07 11:30:56,267 INFO tools.library_search.model: ms-clip: launching predict_smi (n_candidates=4)
2026-05-07 11:31:08,623 INFO tools.library_search.model: ms-clip: auto-picked GPU 6 (free 24089 MiB)
2026-05-07 11:31:08,623 INFO tools.library_search.model: ms-clip: using CUDA_VISIBLE_DEVICES=6
2026-05-07 11:31:08,623 INFO tools.library_search.model: ms-clip: launching predict_smi (n_candidates=4)
2026-05-07 11:31:20,170 INFO tools.library_search.model: ms-clip: auto-picked GPU 6 (free 24089 MiB)
2026-05-07 11:31:20,170 INFO tools.library_search.model: ms-clip: using CUDA_VISIBLE_DEVICES=6
2026-05-07 11:31:20,170 INFO tools.library_search.model: ms-clip: launching predict_smi (n_candidates=9)
2026-05-07 11:31:31,628 WARNING tools.library_search.tool: ms-clip scoring failed, continuing with modcos only: Adduct '[M+NH3+H]+' is not in the ms-clip MSG ion vocabulary
2026-05-07 11:31:32,223 INFO tools.library_search.model: ms-clip: auto-picked GPU 6 (free 24089 MiB)
2026-05-07 11:31:32,223 INFO tools.library_search.model: ms-clip: using CUDA_VISIBLE_DEVICES=6
2026-05-07 11:31:32,223 INFO tools.library_search.model: ms-clip: launching predict_smi (n_candidates=7)
2026-05-07 11:31:43,963 INFO tools.library_search.model: ms-clip: auto-picked GPU 6 (free 24089 MiB)
2026-05-07 11:31:43,963 INFO tools.library_search.model: ms-clip: using CUDA_VISIBLE_DEVICES=6
2026-05-07 11:31:43,963 INFO tools.library_search.model: ms-clip: launching predict_smi (n_candidates=7)
2026-05-07 11:31:55,974 WARNING tools.library_search.tool: ms-clip scoring failed, continuing with modcos only: Adduct '[M+NH3+H]+' is not in the ms-clip MSG ion vocabulary
2026-05-07 11:31:56,555 INFO tools.library_search.model: ms-clip: auto-picked GPU 6 (free 24089 MiB)
2026-05-07 11:31:56,556 INFO tools.library_search.model: ms-clip: using CUDA_VISIBLE_DEVICES=6
2026-05-07 11:31:56,556 INFO tools.library_search.model: ms-clip: launching predict_smi (n_candidates=3)
2026-05-07 11:32:08,211 INFO tools.library_search.model: ms-clip: auto-picked GPU 6 (free 24089 MiB)
2026-05-07 11:32:08,211 INFO tools.library_search.model: ms-clip: using CUDA_VISIBLE_DEVICES=6
2026-05-07 11:32:08,211 INFO tools.library_search.model: ms-clip: launching predict_smi (n_candidates=2)
2026-05-07 11:32:19,809 WARNING tools.library_search.tool: ms-clip scoring failed, continuing with modcos only: Adduct '[M+NH3+H]+' is not in the ms-clip MSG ion vocabulary
2026-05-07 11:32:20,400 INFO tools.library_search.model: ms-clip: auto-picked GPU 6 (free 24089 MiB)
2026-05-07 11:32:20,400 INFO tools.library_search.model: ms-clip: using CUDA_VISIBLE_DEVICES=6
2026-05-07 11:32:20,400 INFO tools.library_search.model: ms-clip: launching predict_smi (n_candidates=8)
2026-05-07 11:32:32,418 INFO tools.library_search.model: ms-clip: auto-picked GPU 6 (free 24089 MiB)
2026-05-07 11:32:32,419 INFO tools.library_search.model: ms-clip: using CUDA_VISIBLE_DEVICES=6
2026-05-07 11:32:32,419 INFO tools.library_search.model: ms-clip: launching predict_smi (n_candidates=8)
2026-05-07 11:32:44,831 INFO tools.library_search.model: ms-clip: auto-picked GPU 6 (free 24089 MiB)
2026-05-07 11:32:44,831 INFO tools.library_search.model: ms-clip: using CUDA_VISIBLE_DEVICES=6
2026-05-07 11:32:44,831 INFO tools.library_search.model: ms-clip: launching predict_smi (n_candidates=4)
2026-05-07 11:32:56,646 INFO tools.library_search.model: ms-clip: auto-picked GPU 6 (free 24089 MiB)
2026-05-07 11:32:56,646 INFO tools.library_search.model: ms-clip: using CUDA_VISIBLE_DEVICES=6
2026-05-07 11:32:56,646 INFO tools.library_search.model: ms-clip: launching predict_smi (n_candidates=3)
2026-05-07 11:33:08,564 INFO tools.library_search.model: ms-clip: auto-picked GPU 6 (free 24089 MiB)
2026-05-07 11:33:08,564 INFO tools.library_search.model: ms-clip: using CUDA_VISIBLE_DEVICES=6
2026-05-07 11:33:08,564 INFO tools.library_search.model: ms-clip: launching predict_smi (n_candidates=6)
2026-05-07 11:33:20,122 INFO tools.library_search.model: ms-clip: auto-picked GPU 6 (free 24089 MiB)
2026-05-07 11:33:20,122 INFO tools.library_search.model: ms-clip: using CUDA_VISIBLE_DEVICES=6
2026-05-07 11:33:20,122 INFO tools.library_search.model: ms-clip: launching predict_smi (n_candidates=6)
2026-05-07 11:33:32,126 INFO tools.library_search.model: ms-clip: auto-picked GPU 6 (free 24089 MiB)
2026-05-07 11:33:32,127 INFO tools.library_search.model: ms-clip: using CUDA_VISIBLE_DEVICES=6
2026-05-07 11:33:32,127 INFO tools.library_search.model: ms-clip: launching predict_smi (n_candidates=12)
2026-05-07 11:33:43,850 INFO tools.library_search.model: ms-clip: auto-picked GPU 6 (free 24089 MiB)
2026-05-07 11:33:43,850 INFO tools.library_search.model: ms-clip: using CUDA_VISIBLE_DEVICES=6
2026-05-07 11:33:43,850 INFO tools.library_search.model: ms-clip: launching predict_smi (n_candidates=6)
2026-05-07 11:33:55,972 INFO tools.library_search.model: ms-clip: auto-picked GPU 6 (free 24089 MiB)
2026-05-07 11:33:55,972 INFO tools.library_search.model: ms-clip: using CUDA_VISIBLE_DEVICES=6
2026-05-07 11:33:55,972 INFO tools.library_search.model: ms-clip: launching predict_smi (n_candidates=14)
2026-05-07 11:34:07,498 INFO tools.library_search.model: ms-clip: auto-picked GPU 6 (free 24089 MiB)
2026-05-07 11:34:07,499 INFO tools.library_search.model: ms-clip: using CUDA_VISIBLE_DEVICES=6
2026-05-07 11:34:07,499 INFO tools.library_search.model: ms-clip: launching predict_smi (n_candidates=7)
2026-05-07 11:34:19,072 INFO tools.library_search.model: ms-clip: auto-picked GPU 6 (free 24089 MiB)
2026-05-07 11:34:19,072 INFO tools.library_search.model: ms-clip: using CUDA_VISIBLE_DEVICES=6
2026-05-07 11:34:19,072 INFO tools.library_search.model: ms-clip: launching predict_smi (n_candidates=2)
2026-05-07 11:34:30,462 WARNING tools.library_search.tool: ms-clip scoring failed, continuing with modcos only: Adduct '[M+NH3+H]+' is not in the ms-clip MSG ion vocabulary
2026-05-07 11:34:31,055 INFO tools.library_search.model: ms-clip: auto-picked GPU 6 (free 24089 MiB)
2026-05-07 11:34:31,055 INFO tools.library_search.model: ms-clip: using CUDA_VISIBLE_DEVICES=6
2026-05-07 11:34:31,055 INFO tools.library_search.model: ms-clip: launching predict_smi (n_candidates=4)
2026-05-07 11:34:42,679 INFO tools.library_search.model: ms-clip: auto-picked GPU 6 (free 24089 MiB)
2026-05-07 11:34:42,679 INFO tools.library_search.model: ms-clip: using CUDA_VISIBLE_DEVICES=6
2026-05-07 11:34:42,679 INFO tools.library_search.model: ms-clip: launching predict_smi (n_candidates=8)
2026-05-07 11:34:54,869 INFO tools.library_search.model: ms-clip: auto-picked GPU 6 (free 24089 MiB)
2026-05-07 11:34:54,870 INFO tools.library_search.model: ms-clip: using CUDA_VISIBLE_DEVICES=6
2026-05-07 11:34:54,870 INFO tools.library_search.model: ms-clip: launching predict_smi (n_candidates=9)
2026-05-07 11:35:06,465 INFO tools.library_search.model: ms-clip: auto-picked GPU 6 (free 24089 MiB)
2026-05-07 11:35:06,465 INFO tools.library_search.model: ms-clip: using CUDA_VISIBLE_DEVICES=6
2026-05-07 11:35:06,466 INFO tools.library_search.model: ms-clip: launching predict_smi (n_candidates=6)
2026-05-07 11:35:18,308 INFO tools.library_search.model: ms-clip: auto-picked GPU 6 (free 24089 MiB)
2026-05-07 11:35:18,309 INFO tools.library_search.model: ms-clip: using CUDA_VISIBLE_DEVICES=6
2026-05-07 11:35:18,309 INFO tools.library_search.model: ms-clip: launching predict_smi (n_candidates=9)
2026-05-07 11:35:29,964 INFO tools.library_search.model: ms-clip: auto-picked GPU 6 (free 24089 MiB)
2026-05-07 11:35:29,964 INFO tools.library_search.model: ms-clip: using CUDA_VISIBLE_DEVICES=6
2026-05-07 11:35:29,964 INFO tools.library_search.model: ms-clip: launching predict_smi (n_candidates=9)
2026-05-07 11:35:41,342 INFO tools.library_search.model: ms-clip: auto-picked GPU 6 (free 24089 MiB)
2026-05-07 11:35:41,342 INFO tools.library_search.model: ms-clip: using CUDA_VISIBLE_DEVICES=6
2026-05-07 11:35:41,342 INFO tools.library_search.model: ms-clip: launching predict_smi (n_candidates=1)
2026-05-07 11:35:52,875 INFO tools.library_search.model: ms-clip: auto-picked GPU 6 (free 24089 MiB)
2026-05-07 11:35:52,875 INFO tools.library_search.model: ms-clip: using CUDA_VISIBLE_DEVICES=6
2026-05-07 11:35:52,875 INFO tools.library_search.model: ms-clip: launching predict_smi (n_candidates=6)
2026-05-07 11:36:04,705 INFO tools.library_search.model: ms-clip: auto-picked GPU 6 (free 24089 MiB)
2026-05-07 11:36:04,706 INFO tools.library_search.model: ms-clip: using CUDA_VISIBLE_DEVICES=6
2026-05-07 11:36:04,706 INFO tools.library_search.model: ms-clip: launching predict_smi (n_candidates=9)
2026-05-07 11:36:17,223 INFO tools.library_search.model: ms-clip: auto-picked GPU 6 (free 24089 MiB)
2026-05-07 11:36:17,224 INFO tools.library_search.model: ms-clip: using CUDA_VISIBLE_DEVICES=6
2026-05-07 11:36:17,224 INFO tools.library_search.model: ms-clip: launching predict_smi (n_candidates=4)
2026-05-07 11:36:29,587 INFO tools.library_search.model: ms-clip: auto-picked GPU 6 (free 24089 MiB)
2026-05-07 11:36:29,587 INFO tools.library_search.model: ms-clip: using CUDA_VISIBLE_DEVICES=6
2026-05-07 11:36:29,587 INFO tools.library_search.model: ms-clip: launching predict_smi (n_candidates=2)
2026-05-07 11:36:41,005 INFO tools.library_search.model: ms-clip: auto-picked GPU 6 (free 24089 MiB)
2026-05-07 11:36:41,005 INFO tools.library_search.model: ms-clip: using CUDA_VISIBLE_DEVICES=6
2026-05-07 11:36:41,005 INFO tools.library_search.model: ms-clip: launching predict_smi (n_candidates=4)
2026-05-07 11:36:53,091 INFO tools.library_search.model: ms-clip: auto-picked GPU 6 (free 24089 MiB)
2026-05-07 11:36:53,091 INFO tools.library_search.model: ms-clip: using CUDA_VISIBLE_DEVICES=6
2026-05-07 11:36:53,092 INFO tools.library_search.model: ms-clip: launching predict_smi (n_candidates=8)
2026-05-07 11:37:04,650 INFO tools.library_search.model: ms-clip: auto-picked GPU 6 (free 24089 MiB)
2026-05-07 11:37:04,650 INFO tools.library_search.model: ms-clip: using CUDA_VISIBLE_DEVICES=6
2026-05-07 11:37:04,650 INFO tools.library_search.model: ms-clip: launching predict_smi (n_candidates=14)
2026-05-07 11:37:16,737 INFO tools.library_search.model: ms-clip: auto-picked GPU 6 (free 24089 MiB)
2026-05-07 11:37:16,737 INFO tools.library_search.model: ms-clip: using CUDA_VISIBLE_DEVICES=6
2026-05-07 11:37:16,737 INFO tools.library_search.model: ms-clip: launching predict_smi (n_candidates=4)
2026-05-07 11:37:28,487 INFO tools.library_search.model: ms-clip: auto-picked GPU 6 (free 24089 MiB)
2026-05-07 11:37:28,488 INFO tools.library_search.model: ms-clip: using CUDA_VISIBLE_DEVICES=6
2026-05-07 11:37:28,488 INFO tools.library_search.model: ms-clip: launching predict_smi (n_candidates=1)
2026-05-07 11:37:40,362 INFO tools.library_search.model: ms-clip: auto-picked GPU 6 (free 24089 MiB)
2026-05-07 11:37:40,362 INFO tools.library_search.model: ms-clip: using CUDA_VISIBLE_DEVICES=6
2026-05-07 11:37:40,363 INFO tools.library_search.model: ms-clip: launching predict_smi (n_candidates=3)
2026-05-07 11:37:52,610 INFO tools.library_search.model: ms-clip: auto-picked GPU 6 (free 24089 MiB)
2026-05-07 11:37:52,610 INFO tools.library_search.model: ms-clip: using CUDA_VISIBLE_DEVICES=6
2026-05-07 11:37:52,610 INFO tools.library_search.model: ms-clip: launching predict_smi (n_candidates=9)
2026-05-07 11:38:04,210 INFO tools.library_search.model: ms-clip: auto-picked GPU 6 (free 24089 MiB)
2026-05-07 11:38:04,211 INFO tools.library_search.model: ms-clip: using CUDA_VISIBLE_DEVICES=6
2026-05-07 11:38:04,211 INFO tools.library_search.model: ms-clip: launching predict_smi (n_candidates=12)
2026-05-07 11:38:16,173 INFO tools.library_search.model: ms-clip: auto-picked GPU 6 (free 24089 MiB)
2026-05-07 11:38:16,173 INFO tools.library_search.model: ms-clip: using CUDA_VISIBLE_DEVICES=6
2026-05-07 11:38:16,173 INFO tools.library_search.model: ms-clip: launching predict_smi (n_candidates=4)
2026-05-07 11:38:28,146 INFO tools.library_search.model: ms-clip: auto-picked GPU 6 (free 24089 MiB)
2026-05-07 11:38:28,146 INFO tools.library_search.model: ms-clip: using CUDA_VISIBLE_DEVICES=6
2026-05-07 11:38:28,146 INFO tools.library_search.model: ms-clip: launching predict_smi (n_candidates=4)
2026-05-07 11:38:39,374 INFO tools.library_search.model: ms-clip: auto-picked GPU 6 (free 24089 MiB)
2026-05-07 11:38:39,374 INFO tools.library_search.model: ms-clip: using CUDA_VISIBLE_DEVICES=6
2026-05-07 11:38:39,374 INFO tools.library_search.model: ms-clip: launching predict_smi (n_candidates=12)
2026-05-07 11:38:51,223 INFO tools.library_search.model: ms-clip: auto-picked GPU 6 (free 24089 MiB)
2026-05-07 11:38:51,224 INFO tools.library_search.model: ms-clip: using CUDA_VISIBLE_DEVICES=6
2026-05-07 11:38:51,224 INFO tools.library_search.model: ms-clip: launching predict_smi (n_candidates=2)
2026-05-07 11:39:02,820 INFO tools.library_search.model: ms-clip: auto-picked GPU 6 (free 24089 MiB)
2026-05-07 11:39:02,821 INFO tools.library_search.model: ms-clip: using CUDA_VISIBLE_DEVICES=6
2026-05-07 11:39:02,821 INFO tools.library_search.model: ms-clip: launching predict_smi (n_candidates=26)
2026-05-07 11:39:15,191 INFO tools.library_search.model: ms-clip: auto-picked GPU 6 (free 24089 MiB)
2026-05-07 11:39:15,192 INFO tools.library_search.model: ms-clip: using CUDA_VISIBLE_DEVICES=6
2026-05-07 11:39:15,192 INFO tools.library_search.model: ms-clip: launching predict_smi (n_candidates=12)
2026-05-07 11:39:26,835 WARNING tools.library_search.tool: ms-clip scoring failed, continuing with modcos only: Adduct '[M+NH3+H]+' is not in the ms-clip MSG ion vocabulary
2026-05-07 11:39:27,075 WARNING tools.library_search.tool: ms-clip scoring failed, continuing with modcos only: Adduct '[M+NH3+H]+' is not in the ms-clip MSG ion vocabulary
2026-05-07 11:39:27,668 INFO tools.library_search.model: ms-clip: auto-picked GPU 6 (free 24089 MiB)
2026-05-07 11:39:27,668 INFO tools.library_search.model: ms-clip: using CUDA_VISIBLE_DEVICES=6
2026-05-07 11:39:27,668 INFO tools.library_search.model: ms-clip: launching predict_smi (n_candidates=12)
2026-05-07 11:39:39,754 INFO tools.library_search.model: ms-clip: auto-picked GPU 6 (free 24089 MiB)
2026-05-07 11:39:39,754 INFO tools.library_search.model: ms-clip: using CUDA_VISIBLE_DEVICES=6
2026-05-07 11:39:39,754 INFO tools.library_search.model: ms-clip: launching predict_smi (n_candidates=4)
2026-05-07 11:39:51,530 INFO tools.library_search.model: ms-clip: auto-picked GPU 6 (free 24089 MiB)
2026-05-07 11:39:51,530 INFO tools.library_search.model: ms-clip: using CUDA_VISIBLE_DEVICES=6
2026-05-07 11:39:51,530 INFO tools.library_search.model: ms-clip: launching predict_smi (n_candidates=2)
2026-05-07 11:40:03,415 INFO tools.library_search.model: ms-clip: auto-picked GPU 6 (free 24089 MiB)
2026-05-07 11:40:03,415 INFO tools.library_search.model: ms-clip: using CUDA_VISIBLE_DEVICES=6
2026-05-07 11:40:03,415 INFO tools.library_search.model: ms-clip: launching predict_smi (n_candidates=12)
2026-05-07 11:40:15,253 INFO tools.library_search.model: ms-clip: auto-picked GPU 6 (free 24089 MiB)
2026-05-07 11:40:15,253 INFO tools.library_search.model: ms-clip: using CUDA_VISIBLE_DEVICES=6
2026-05-07 11:40:15,253 INFO tools.library_search.model: ms-clip: launching predict_smi (n_candidates=9)
2026-05-07 11:40:27,630 INFO tools.library_search.model: ms-clip: auto-picked GPU 6 (free 24089 MiB)
2026-05-07 11:40:27,630 INFO tools.library_search.model: ms-clip: using CUDA_VISIBLE_DEVICES=6
2026-05-07 11:40:27,630 INFO tools.library_search.model: ms-clip: launching predict_smi (n_candidates=2)
2026-05-07 11:40:40,028 INFO tools.library_search.model: ms-clip: auto-picked GPU 6 (free 24089 MiB)
2026-05-07 11:40:40,028 INFO tools.library_search.model: ms-clip: using CUDA_VISIBLE_DEVICES=6
2026-05-07 11:40:40,028 INFO tools.library_search.model: ms-clip: launching predict_smi (n_candidates=7)
2026-05-07 11:40:52,020 INFO tools.library_search.model: ms-clip: auto-picked GPU 6 (free 24089 MiB)
2026-05-07 11:40:52,020 INFO tools.library_search.model: ms-clip: using CUDA_VISIBLE_DEVICES=6
2026-05-07 11:40:52,020 INFO tools.library_search.model: ms-clip: launching predict_smi (n_candidates=9)
2026-05-07 11:41:04,057 INFO tools.library_search.model: ms-clip: auto-picked GPU 6 (free 24089 MiB)
2026-05-07 11:41:04,057 INFO tools.library_search.model: ms-clip: using CUDA_VISIBLE_DEVICES=6
2026-05-07 11:41:04,057 INFO tools.library_search.model: ms-clip: launching predict_smi (n_candidates=12)
2026-05-07 11:41:16,312 INFO tools.library_search.model: ms-clip: auto-picked GPU 6 (free 24089 MiB)
2026-05-07 11:41:16,312 INFO tools.library_search.model: ms-clip: using CUDA_VISIBLE_DEVICES=6
2026-05-07 11:41:16,312 INFO tools.library_search.model: ms-clip: launching predict_smi (n_candidates=16)
2026-05-07 11:41:28,403 INFO tools.library_search.model: ms-clip: auto-picked GPU 6 (free 24089 MiB)
2026-05-07 11:41:28,403 INFO tools.library_search.model: ms-clip: using CUDA_VISIBLE_DEVICES=6
2026-05-07 11:41:28,403 INFO tools.library_search.model: ms-clip: launching predict_smi (n_candidates=18)
2026-05-07 11:41:40,548 INFO tools.library_search.model: ms-clip: auto-picked GPU 6 (free 24089 MiB)
2026-05-07 11:41:40,549 INFO tools.library_search.model: ms-clip: using CUDA_VISIBLE_DEVICES=6
2026-05-07 11:41:40,549 INFO tools.library_search.model: ms-clip: launching predict_smi (n_candidates=21)
2026-05-07 11:41:52,638 INFO tools.library_search.model: ms-clip: auto-picked GPU 6 (free 24089 MiB)
2026-05-07 11:41:52,639 INFO tools.library_search.model: ms-clip: using CUDA_VISIBLE_DEVICES=6
2026-05-07 11:41:52,639 INFO tools.library_search.model: ms-clip: launching predict_smi (n_candidates=9)
2026-05-07 11:42:04,992 INFO tools.library_search.model: ms-clip: auto-picked GPU 6 (free 24089 MiB)
2026-05-07 11:42:04,992 INFO tools.library_search.model: ms-clip: using CUDA_VISIBLE_DEVICES=6
2026-05-07 11:42:04,992 INFO tools.library_search.model: ms-clip: launching predict_smi (n_candidates=7)
2026-05-07 11:42:16,835 INFO tools.library_search.model: ms-clip: auto-picked GPU 6 (free 24089 MiB)
2026-05-07 11:42:16,835 INFO tools.library_search.model: ms-clip: using CUDA_VISIBLE_DEVICES=6
2026-05-07 11:42:16,835 INFO tools.library_search.model: ms-clip: launching predict_smi (n_candidates=1)
2026-05-07 11:42:28,381 INFO tools.library_search.model: ms-clip: auto-picked GPU 6 (free 24089 MiB)
2026-05-07 11:42:28,381 INFO tools.library_search.model: ms-clip: using CUDA_VISIBLE_DEVICES=6
2026-05-07 11:42:28,381 INFO tools.library_search.model: ms-clip: launching predict_smi (n_candidates=3)
2026-05-07 11:42:40,529 INFO tools.library_search.model: ms-clip: auto-picked GPU 6 (free 24089 MiB)
2026-05-07 11:42:40,529 INFO tools.library_search.model: ms-clip: using CUDA_VISIBLE_DEVICES=6
2026-05-07 11:42:40,529 INFO tools.library_search.model: ms-clip: launching predict_smi (n_candidates=2)
2026-05-07 11:42:51,736 WARNING tools.library_search.tool: ms-clip scoring failed, continuing with modcos only: Adduct '[M+HCOOH-H]-' is not in the ms-clip MSG ion vocabulary
2026-05-07 11:42:52,355 INFO tools.library_search.model: ms-clip: auto-picked GPU 6 (free 24089 MiB)
2026-05-07 11:42:52,355 INFO tools.library_search.model: ms-clip: using CUDA_VISIBLE_DEVICES=6
2026-05-07 11:42:52,355 INFO tools.library_search.model: ms-clip: launching predict_smi (n_candidates=7)
2026-05-07 11:43:03,767 INFO tools.library_search.model: ms-clip: auto-picked GPU 6 (free 24089 MiB)
2026-05-07 11:43:03,767 INFO tools.library_search.model: ms-clip: using CUDA_VISIBLE_DEVICES=6
2026-05-07 11:43:03,767 INFO tools.library_search.model: ms-clip: launching predict_smi (n_candidates=4)
2026-05-07 11:43:15,180 INFO tools.library_search.model: ms-clip: auto-picked GPU 6 (free 24089 MiB)
2026-05-07 11:43:15,180 INFO tools.library_search.model: ms-clip: using CUDA_VISIBLE_DEVICES=6
2026-05-07 11:43:15,180 INFO tools.library_search.model: ms-clip: launching predict_smi (n_candidates=4)
2026-05-07 11:43:26,919 INFO tools.library_search.model: ms-clip: auto-picked GPU 6 (free 24089 MiB)
2026-05-07 11:43:26,919 INFO tools.library_search.model: ms-clip: using CUDA_VISIBLE_DEVICES=6
2026-05-07 11:43:26,919 INFO tools.library_search.model: ms-clip: launching predict_smi (n_candidates=4)
2026-05-07 11:43:38,727 INFO tools.library_search.model: ms-clip: auto-picked GPU 6 (free 24089 MiB)
2026-05-07 11:43:38,728 INFO tools.library_search.model: ms-clip: using CUDA_VISIBLE_DEVICES=6
2026-05-07 11:43:38,728 INFO tools.library_search.model: ms-clip: launching predict_smi (n_candidates=25)
2026-05-07 11:43:50,409 INFO tools.library_search.model: ms-clip: auto-picked GPU 6 (free 24089 MiB)
2026-05-07 11:43:50,409 INFO tools.library_search.model: ms-clip: using CUDA_VISIBLE_DEVICES=6
2026-05-07 11:43:50,410 INFO tools.library_search.model: ms-clip: launching predict_smi (n_candidates=9)
2026-05-07 11:44:01,799 INFO tools.library_search.model: ms-clip: auto-picked GPU 6 (free 24089 MiB)
2026-05-07 11:44:01,799 INFO tools.library_search.model: ms-clip: using CUDA_VISIBLE_DEVICES=6
2026-05-07 11:44:01,799 INFO tools.library_search.model: ms-clip: launching predict_smi (n_candidates=4)
2026-05-07 11:44:13,308 INFO tools.library_search.model: ms-clip: auto-picked GPU 6 (free 24089 MiB)
2026-05-07 11:44:13,309 INFO tools.library_search.model: ms-clip: using CUDA_VISIBLE_DEVICES=6
2026-05-07 11:44:13,309 INFO tools.library_search.model: ms-clip: launching predict_smi (n_candidates=12)
2026-05-07 11:44:24,814 INFO tools.library_search.model: ms-clip: auto-picked GPU 6 (free 24089 MiB)
2026-05-07 11:44:24,815 INFO tools.library_search.model: ms-clip: using CUDA_VISIBLE_DEVICES=6
2026-05-07 11:44:24,815 INFO tools.library_search.model: ms-clip: launching predict_smi (n_candidates=9)
2026-05-07 11:44:36,324 INFO tools.library_search.model: ms-clip: auto-picked GPU 6 (free 24089 MiB)
2026-05-07 11:44:36,324 INFO tools.library_search.model: ms-clip: using CUDA_VISIBLE_DEVICES=6
2026-05-07 11:44:36,324 INFO tools.library_search.model: ms-clip: launching predict_smi (n_candidates=8)
2026-05-07 11:44:48,067 INFO tools.library_search.model: ms-clip: auto-picked GPU 6 (free 24089 MiB)
2026-05-07 11:44:48,067 INFO tools.library_search.model: ms-clip: using CUDA_VISIBLE_DEVICES=6
2026-05-07 11:44:48,067 INFO tools.library_search.model: ms-clip: launching predict_smi (n_candidates=2)
2026-05-07 11:44:59,557 INFO tools.library_search.model: ms-clip: auto-picked GPU 6 (free 24089 MiB)
2026-05-07 11:44:59,557 INFO tools.library_search.model: ms-clip: using CUDA_VISIBLE_DEVICES=6
2026-05-07 11:44:59,557 INFO tools.library_search.model: ms-clip: launching predict_smi (n_candidates=2)
2026-05-07 11:45:11,065 INFO tools.library_search.model: ms-clip: auto-picked GPU 6 (free 24089 MiB)
2026-05-07 11:45:11,065 INFO tools.library_search.model: ms-clip: using CUDA_VISIBLE_DEVICES=6
2026-05-07 11:45:11,065 INFO tools.library_search.model: ms-clip: launching predict_smi (n_candidates=12)
2026-05-07 11:45:22,749 INFO tools.library_search.model: ms-clip: auto-picked GPU 6 (free 24089 MiB)
2026-05-07 11:45:22,750 INFO tools.library_search.model: ms-clip: using CUDA_VISIBLE_DEVICES=6
2026-05-07 11:45:22,750 INFO tools.library_search.model: ms-clip: launching predict_smi (n_candidates=4)
2026-05-07 11:45:34,761 INFO tools.library_search.model: ms-clip: auto-picked GPU 6 (free 24089 MiB)
2026-05-07 11:45:34,761 INFO tools.library_search.model: ms-clip: using CUDA_VISIBLE_DEVICES=6
2026-05-07 11:45:34,761 INFO tools.library_search.model: ms-clip: launching predict_smi (n_candidates=7)
2026-05-07 11:45:46,200 INFO tools.library_search.model: ms-clip: auto-picked GPU 6 (free 24089 MiB)
2026-05-07 11:45:46,201 INFO tools.library_search.model: ms-clip: using CUDA_VISIBLE_DEVICES=6
2026-05-07 11:45:46,201 INFO tools.library_search.model: ms-clip: launching predict_smi (n_candidates=1)
2026-05-07 11:45:57,756 INFO tools.library_search.model: ms-clip: auto-picked GPU 6 (free 24089 MiB)
2026-05-07 11:45:57,757 INFO tools.library_search.model: ms-clip: using CUDA_VISIBLE_DEVICES=6
2026-05-07 11:45:57,757 INFO tools.library_search.model: ms-clip: launching predict_smi (n_candidates=3)
2026-05-07 11:46:09,363 INFO tools.library_search.model: ms-clip: auto-picked GPU 6 (free 24089 MiB)
2026-05-07 11:46:09,363 INFO tools.library_search.model: ms-clip: using CUDA_VISIBLE_DEVICES=6
2026-05-07 11:46:09,363 INFO tools.library_search.model: ms-clip: launching predict_smi (n_candidates=3)
2026-05-07 11:46:21,016 INFO tools.library_search.model: ms-clip: auto-picked GPU 6 (free 24089 MiB)
2026-05-07 11:46:21,017 INFO tools.library_search.model: ms-clip: using CUDA_VISIBLE_DEVICES=6
2026-05-07 11:46:21,017 INFO tools.library_search.model: ms-clip: launching predict_smi (n_candidates=11)
2026-05-07 11:46:32,741 INFO tools.library_search.model: ms-clip: auto-picked GPU 6 (free 24089 MiB)
2026-05-07 11:46:32,741 INFO tools.library_search.model: ms-clip: using CUDA_VISIBLE_DEVICES=6
2026-05-07 11:46:32,742 INFO tools.library_search.model: ms-clip: launching predict_smi (n_candidates=1)
2026-05-07 11:46:44,253 INFO tools.library_search.model: ms-clip: auto-picked GPU 6 (free 24089 MiB)
2026-05-07 11:46:44,254 INFO tools.library_search.model: ms-clip: using CUDA_VISIBLE_DEVICES=6
2026-05-07 11:46:44,254 INFO tools.library_search.model: ms-clip: launching predict_smi (n_candidates=11)
2026-05-07 11:46:55,743 INFO tools.library_search.model: ms-clip: auto-picked GPU 6 (free 24089 MiB)
2026-05-07 11:46:55,743 INFO tools.library_search.model: ms-clip: using CUDA_VISIBLE_DEVICES=6
2026-05-07 11:46:55,743 INFO tools.library_search.model: ms-clip: launching predict_smi (n_candidates=1)
2026-05-07 11:47:07,276 INFO tools.library_search.model: ms-clip: auto-picked GPU 6 (free 24089 MiB)
2026-05-07 11:47:07,276 INFO tools.library_search.model: ms-clip: using CUDA_VISIBLE_DEVICES=6
2026-05-07 11:47:07,276 INFO tools.library_search.model: ms-clip: launching predict_smi (n_candidates=2)
2026-05-07 11:47:18,860 INFO tools.library_search.model: ms-clip: auto-picked GPU 6 (free 24089 MiB)
2026-05-07 11:47:18,860 INFO tools.library_search.model: ms-clip: using CUDA_VISIBLE_DEVICES=6
2026-05-07 11:47:18,860 INFO tools.library_search.model: ms-clip: launching predict_smi (n_candidates=8)
2026-05-07 11:47:30,404 INFO tools.library_search.model: ms-clip: auto-picked GPU 6 (free 24089 MiB)
2026-05-07 11:47:30,404 INFO tools.library_search.model: ms-clip: using CUDA_VISIBLE_DEVICES=6
2026-05-07 11:47:30,404 INFO tools.library_search.model: ms-clip: launching predict_smi (n_candidates=8)
2026-05-07 11:47:41,947 INFO tools.library_search.model: ms-clip: auto-picked GPU 6 (free 24089 MiB)
2026-05-07 11:47:41,947 INFO tools.library_search.model: ms-clip: using CUDA_VISIBLE_DEVICES=6
2026-05-07 11:47:41,947 INFO tools.library_search.model: ms-clip: launching predict_smi (n_candidates=4)
2026-05-07 11:47:53,436 INFO tools.library_search.model: ms-clip: auto-picked GPU 6 (free 24089 MiB)
2026-05-07 11:47:53,437 INFO tools.library_search.model: ms-clip: using CUDA_VISIBLE_DEVICES=6
2026-05-07 11:47:53,437 INFO tools.library_search.model: ms-clip: launching predict_smi (n_candidates=2)
2026-05-07 11:48:04,905 INFO tools.library_search.model: ms-clip: auto-picked GPU 6 (free 24089 MiB)
2026-05-07 11:48:04,905 INFO tools.library_search.model: ms-clip: using CUDA_VISIBLE_DEVICES=6
2026-05-07 11:48:04,905 INFO tools.library_search.model: ms-clip: launching predict_smi (n_candidates=3)
2026-05-07 11:48:16,393 INFO tools.library_search.model: ms-clip: auto-picked GPU 6 (free 24089 MiB)
2026-05-07 11:48:16,393 INFO tools.library_search.model: ms-clip: using CUDA_VISIBLE_DEVICES=6
2026-05-07 11:48:16,393 INFO tools.library_search.model: ms-clip: launching predict_smi (n_candidates=13)
2026-05-07 11:48:28,407 INFO tools.library_search.model: ms-clip: auto-picked GPU 6 (free 24089 MiB)
2026-05-07 11:48:28,407 INFO tools.library_search.model: ms-clip: using CUDA_VISIBLE_DEVICES=6
2026-05-07 11:48:28,408 INFO tools.library_search.model: ms-clip: launching predict_smi (n_candidates=1)
2026-05-07 11:48:39,895 INFO tools.library_search.model: ms-clip: auto-picked GPU 6 (free 24089 MiB)
2026-05-07 11:48:39,895 INFO tools.library_search.model: ms-clip: using CUDA_VISIBLE_DEVICES=6
2026-05-07 11:48:39,895 INFO tools.library_search.model: ms-clip: launching predict_smi (n_candidates=3)
2026-05-07 11:48:51,433 INFO tools.library_search.model: ms-clip: auto-picked GPU 6 (free 24089 MiB)
2026-05-07 11:48:51,433 INFO tools.library_search.model: ms-clip: using CUDA_VISIBLE_DEVICES=6
2026-05-07 11:48:51,433 INFO tools.library_search.model: ms-clip: launching predict_smi (n_candidates=7)
2026-05-07 11:49:02,800 INFO tools.library_search.model: ms-clip: auto-picked GPU 6 (free 24089 MiB)
2026-05-07 11:49:02,801 INFO tools.library_search.model: ms-clip: using CUDA_VISIBLE_DEVICES=6
2026-05-07 11:49:02,801 INFO tools.library_search.model: ms-clip: launching predict_smi (n_candidates=4)
2026-05-07 11:49:14,402 INFO tools.library_search.model: ms-clip: auto-picked GPU 6 (free 24089 MiB)
2026-05-07 11:49:14,402 INFO tools.library_search.model: ms-clip: using CUDA_VISIBLE_DEVICES=6
2026-05-07 11:49:14,402 INFO tools.library_search.model: ms-clip: launching predict_smi (n_candidates=15)
2026-05-07 11:49:25,989 INFO tools.library_search.model: ms-clip: auto-picked GPU 6 (free 24089 MiB)
2026-05-07 11:49:25,989 INFO tools.library_search.model: ms-clip: using CUDA_VISIBLE_DEVICES=6
2026-05-07 11:49:25,989 INFO tools.library_search.model: ms-clip: launching predict_smi (n_candidates=2)
2026-05-07 11:49:37,407 INFO tools.library_search.model: ms-clip: auto-picked GPU 6 (free 24089 MiB)
2026-05-07 11:49:37,408 INFO tools.library_search.model: ms-clip: using CUDA_VISIBLE_DEVICES=6
2026-05-07 11:49:37,408 INFO tools.library_search.model: ms-clip: launching predict_smi (n_candidates=5)
2026-05-07 11:49:48,925 INFO tools.library_search.model: ms-clip: auto-picked GPU 6 (free 24089 MiB)
2026-05-07 11:49:48,925 INFO tools.library_search.model: ms-clip: using CUDA_VISIBLE_DEVICES=6
2026-05-07 11:49:48,925 INFO tools.library_search.model: ms-clip: launching predict_smi (n_candidates=3)
2026-05-07 11:50:00,362 INFO tools.library_search.model: ms-clip: auto-picked GPU 6 (free 24089 MiB)
2026-05-07 11:50:00,362 INFO tools.library_search.model: ms-clip: using CUDA_VISIBLE_DEVICES=6
2026-05-07 11:50:00,363 INFO tools.library_search.model: ms-clip: launching predict_smi (n_candidates=13)
2026-05-07 11:50:11,901 INFO tools.library_search.model: ms-clip: auto-picked GPU 6 (free 24089 MiB)
2026-05-07 11:50:11,901 INFO tools.library_search.model: ms-clip: using CUDA_VISIBLE_DEVICES=6
2026-05-07 11:50:11,901 INFO tools.library_search.model: ms-clip: launching predict_smi (n_candidates=13)
2026-05-07 11:50:23,364 INFO tools.library_search.model: ms-clip: auto-picked GPU 6 (free 24089 MiB)
2026-05-07 11:50:23,364 INFO tools.library_search.model: ms-clip: using CUDA_VISIBLE_DEVICES=6
2026-05-07 11:50:23,365 INFO tools.library_search.model: ms-clip: launching predict_smi (n_candidates=7)
2026-05-07 11:50:34,867 INFO tools.library_search.model: ms-clip: auto-picked GPU 6 (free 24089 MiB)
2026-05-07 11:50:34,867 INFO tools.library_search.model: ms-clip: using CUDA_VISIBLE_DEVICES=6
2026-05-07 11:50:34,867 INFO tools.library_search.model: ms-clip: launching predict_smi (n_candidates=1)
2026-05-07 11:50:46,735 INFO tools.library_search.model: ms-clip: auto-picked GPU 6 (free 24089 MiB)
2026-05-07 11:50:46,735 INFO tools.library_search.model: ms-clip: using CUDA_VISIBLE_DEVICES=6
2026-05-07 11:50:46,735 INFO tools.library_search.model: ms-clip: launching predict_smi (n_candidates=20)
2026-05-07 11:50:59,608 INFO tools.library_search.model: ms-clip: auto-picked GPU 6 (free 24089 MiB)
2026-05-07 11:50:59,608 INFO tools.library_search.model: ms-clip: using CUDA_VISIBLE_DEVICES=6
2026-05-07 11:50:59,608 INFO tools.library_search.model: ms-clip: launching predict_smi (n_candidates=6)
2026-05-07 11:51:11,496 INFO tools.library_search.model: ms-clip: auto-picked GPU 6 (free 24089 MiB)
2026-05-07 11:51:11,496 INFO tools.library_search.model: ms-clip: using CUDA_VISIBLE_DEVICES=6
2026-05-07 11:51:11,496 INFO tools.library_search.model: ms-clip: launching predict_smi (n_candidates=4)
2026-05-07 11:51:23,052 INFO tools.library_search.model: ms-clip: auto-picked GPU 6 (free 24089 MiB)
2026-05-07 11:51:23,053 INFO tools.library_search.model: ms-clip: using CUDA_VISIBLE_DEVICES=6
2026-05-07 11:51:23,053 INFO tools.library_search.model: ms-clip: launching predict_smi (n_candidates=1)
2026-05-07 11:51:34,756 INFO tools.library_search.model: ms-clip: auto-picked GPU 6 (free 24089 MiB)
2026-05-07 11:51:34,756 INFO tools.library_search.model: ms-clip: using CUDA_VISIBLE_DEVICES=6
2026-05-07 11:51:34,757 INFO tools.library_search.model: ms-clip: launching predict_smi (n_candidates=1)
2026-05-07 11:51:46,210 INFO tools.library_search.model: ms-clip: auto-picked GPU 6 (free 24089 MiB)
2026-05-07 11:51:46,210 INFO tools.library_search.model: ms-clip: using CUDA_VISIBLE_DEVICES=6
2026-05-07 11:51:46,211 INFO tools.library_search.model: ms-clip: launching predict_smi (n_candidates=2)
2026-05-07 11:51:57,758 INFO tools.library_search.model: ms-clip: auto-picked GPU 6 (free 24089 MiB)
2026-05-07 11:51:57,758 INFO tools.library_search.model: ms-clip: using CUDA_VISIBLE_DEVICES=6
2026-05-07 11:51:57,758 INFO tools.library_search.model: ms-clip: launching predict_smi (n_candidates=5)
2026-05-07 11:52:09,743 INFO tools.library_search.model: ms-clip: auto-picked GPU 6 (free 24089 MiB)
2026-05-07 11:52:09,743 INFO tools.library_search.model: ms-clip: using CUDA_VISIBLE_DEVICES=6
2026-05-07 11:52:09,744 INFO tools.library_search.model: ms-clip: launching predict_smi (n_candidates=7)
2026-05-07 11:52:21,224 INFO tools.library_search.model: ms-clip: auto-picked GPU 6 (free 24089 MiB)
2026-05-07 11:52:21,224 INFO tools.library_search.model: ms-clip: using CUDA_VISIBLE_DEVICES=6
2026-05-07 11:52:21,224 INFO tools.library_search.model: ms-clip: launching predict_smi (n_candidates=3)
2026-05-07 11:52:32,648 INFO tools.library_search.model: ms-clip: auto-picked GPU 6 (free 24089 MiB)
2026-05-07 11:52:32,648 INFO tools.library_search.model: ms-clip: using CUDA_VISIBLE_DEVICES=6
2026-05-07 11:52:32,649 INFO tools.library_search.model: ms-clip: launching predict_smi (n_candidates=1)
2026-05-07 11:52:44,222 INFO tools.library_search.model: ms-clip: auto-picked GPU 6 (free 24089 MiB)
2026-05-07 11:52:44,222 INFO tools.library_search.model: ms-clip: using CUDA_VISIBLE_DEVICES=6
2026-05-07 11:52:44,222 INFO tools.library_search.model: ms-clip: launching predict_smi (n_candidates=5)
2026-05-07 11:52:55,850 INFO tools.library_search.model: ms-clip: auto-picked GPU 6 (free 24089 MiB)
2026-05-07 11:52:55,850 INFO tools.library_search.model: ms-clip: using CUDA_VISIBLE_DEVICES=6
2026-05-07 11:52:55,850 INFO tools.library_search.model: ms-clip: launching predict_smi (n_candidates=1)
2026-05-07 11:53:07,391 INFO tools.library_search.model: ms-clip: auto-picked GPU 6 (free 24089 MiB)
2026-05-07 11:53:07,391 INFO tools.library_search.model: ms-clip: using CUDA_VISIBLE_DEVICES=6
2026-05-07 11:53:07,391 INFO tools.library_search.model: ms-clip: launching predict_smi (n_candidates=4)
2026-05-07 11:53:18,976 INFO tools.library_search.model: ms-clip: auto-picked GPU 6 (free 24089 MiB)
2026-05-07 11:53:18,977 INFO tools.library_search.model: ms-clip: using CUDA_VISIBLE_DEVICES=6
2026-05-07 11:53:18,977 INFO tools.library_search.model: ms-clip: launching predict_smi (n_candidates=20)
2026-05-07 11:53:30,567 INFO tools.library_search.model: ms-clip: auto-picked GPU 6 (free 24089 MiB)
2026-05-07 11:53:30,567 INFO tools.library_search.model: ms-clip: using CUDA_VISIBLE_DEVICES=6
2026-05-07 11:53:30,567 INFO tools.library_search.model: ms-clip: launching predict_smi (n_candidates=20)
2026-05-07 11:53:42,159 INFO tools.library_search.model: ms-clip: auto-picked GPU 6 (free 24089 MiB)
2026-05-07 11:53:42,159 INFO tools.library_search.model: ms-clip: using CUDA_VISIBLE_DEVICES=6
2026-05-07 11:53:42,159 INFO tools.library_search.model: ms-clip: launching predict_smi (n_candidates=7)
2026-05-07 11:53:53,702 INFO tools.library_search.model: ms-clip: auto-picked GPU 6 (free 24089 MiB)
2026-05-07 11:53:53,702 INFO tools.library_search.model: ms-clip: using CUDA_VISIBLE_DEVICES=6
2026-05-07 11:53:53,702 INFO tools.library_search.model: ms-clip: launching predict_smi (n_candidates=1)
2026-05-07 11:54:05,133 INFO tools.library_search.model: ms-clip: auto-picked GPU 6 (free 24089 MiB)
2026-05-07 11:54:05,133 INFO tools.library_search.model: ms-clip: using CUDA_VISIBLE_DEVICES=6
2026-05-07 11:54:05,133 INFO tools.library_search.model: ms-clip: launching predict_smi (n_candidates=15)
2026-05-07 11:54:16,554 INFO tools.library_search.model: ms-clip: auto-picked GPU 6 (free 24089 MiB)
2026-05-07 11:54:16,554 INFO tools.library_search.model: ms-clip: using CUDA_VISIBLE_DEVICES=6
2026-05-07 11:54:16,554 INFO tools.library_search.model: ms-clip: launching predict_smi (n_candidates=2)
2026-05-07 11:54:27,995 INFO tools.library_search.model: ms-clip: auto-picked GPU 6 (free 24089 MiB)
2026-05-07 11:54:27,995 INFO tools.library_search.model: ms-clip: using CUDA_VISIBLE_DEVICES=6
2026-05-07 11:54:27,995 INFO tools.library_search.model: ms-clip: launching predict_smi (n_candidates=4)
2026-05-07 11:54:39,400 INFO tools.library_search.model: ms-clip: auto-picked GPU 6 (free 24089 MiB)
2026-05-07 11:54:39,401 INFO tools.library_search.model: ms-clip: using CUDA_VISIBLE_DEVICES=6
2026-05-07 11:54:39,401 INFO tools.library_search.model: ms-clip: launching predict_smi (n_candidates=3)
2026-05-07 11:54:51,289 WARNING tools.library_search.tool: ms-clip scoring failed, continuing with modcos only: Adduct '[M+HCOOH-H]-' is not in the ms-clip MSG ion vocabulary
2026-05-07 11:54:51,909 INFO tools.library_search.model: ms-clip: auto-picked GPU 6 (free 24089 MiB)
2026-05-07 11:54:51,909 INFO tools.library_search.model: ms-clip: using CUDA_VISIBLE_DEVICES=6
2026-05-07 11:54:51,909 INFO tools.library_search.model: ms-clip: launching predict_smi (n_candidates=5)
2026-05-07 11:55:03,516 INFO tools.library_search.model: ms-clip: auto-picked GPU 6 (free 24089 MiB)
2026-05-07 11:55:03,517 INFO tools.library_search.model: ms-clip: using CUDA_VISIBLE_DEVICES=6
2026-05-07 11:55:03,517 INFO tools.library_search.model: ms-clip: launching predict_smi (n_candidates=1)
2026-05-07 11:55:14,998 INFO tools.library_search.model: ms-clip: auto-picked GPU 6 (free 24089 MiB)
2026-05-07 11:55:14,998 INFO tools.library_search.model: ms-clip: using CUDA_VISIBLE_DEVICES=6
2026-05-07 11:55:14,998 INFO tools.library_search.model: ms-clip: launching predict_smi (n_candidates=21)
2026-05-07 11:55:27,090 INFO tools.library_search.model: ms-clip: auto-picked GPU 6 (free 24089 MiB)
2026-05-07 11:55:27,091 INFO tools.library_search.model: ms-clip: using CUDA_VISIBLE_DEVICES=6
2026-05-07 11:55:27,091 INFO tools.library_search.model: ms-clip: launching predict_smi (n_candidates=1)
2026-05-07 11:55:38,523 INFO tools.library_search.model: ms-clip: auto-picked GPU 6 (free 24089 MiB)
2026-05-07 11:55:38,523 INFO tools.library_search.model: ms-clip: using CUDA_VISIBLE_DEVICES=6
2026-05-07 11:55:38,523 INFO tools.library_search.model: ms-clip: launching predict_smi (n_candidates=1)
2026-05-07 11:55:49,887 INFO tools.library_search.model: ms-clip: auto-picked GPU 6 (free 24089 MiB)
2026-05-07 11:55:49,887 INFO tools.library_search.model: ms-clip: using CUDA_VISIBLE_DEVICES=6
2026-05-07 11:55:49,888 INFO tools.library_search.model: ms-clip: launching predict_smi (n_candidates=1)
2026-05-07 11:56:01,406 INFO tools.library_search.model: ms-clip: auto-picked GPU 6 (free 24089 MiB)
2026-05-07 11:56:01,406 INFO tools.library_search.model: ms-clip: using CUDA_VISIBLE_DEVICES=6
2026-05-07 11:56:01,407 INFO tools.library_search.model: ms-clip: launching predict_smi (n_candidates=4)
2026-05-07 11:56:13,307 INFO tools.library_search.model: ms-clip: auto-picked GPU 6 (free 24089 MiB)
2026-05-07 11:56:13,307 INFO tools.library_search.model: ms-clip: using CUDA_VISIBLE_DEVICES=6
2026-05-07 11:56:13,307 INFO tools.library_search.model: ms-clip: launching predict_smi (n_candidates=22)
2026-05-07 11:56:24,761 INFO tools.library_search.model: ms-clip: auto-picked GPU 6 (free 24089 MiB)
2026-05-07 11:56:24,761 INFO tools.library_search.model: ms-clip: using CUDA_VISIBLE_DEVICES=6
2026-05-07 11:56:24,761 INFO tools.library_search.model: ms-clip: launching predict_smi (n_candidates=1)
2026-05-07 11:56:36,309 INFO tools.library_search.model: ms-clip: auto-picked GPU 6 (free 24089 MiB)
2026-05-07 11:56:36,309 INFO tools.library_search.model: ms-clip: using CUDA_VISIBLE_DEVICES=6
2026-05-07 11:56:36,309 INFO tools.library_search.model: ms-clip: launching predict_smi (n_candidates=1)
2026-05-07 11:56:47,814 INFO tools.library_search.model: ms-clip: auto-picked GPU 6 (free 24089 MiB)
2026-05-07 11:56:47,814 INFO tools.library_search.model: ms-clip: using CUDA_VISIBLE_DEVICES=6
2026-05-07 11:56:47,814 INFO tools.library_search.model: ms-clip: launching predict_smi (n_candidates=6)
2026-05-07 11:56:59,324 INFO tools.library_search.model: ms-clip: auto-picked GPU 6 (free 24089 MiB)
2026-05-07 11:56:59,325 INFO tools.library_search.model: ms-clip: using CUDA_VISIBLE_DEVICES=6
2026-05-07 11:56:59,325 INFO tools.library_search.model: ms-clip: launching predict_smi (n_candidates=5)
2026-05-07 11:57:10,954 INFO tools.library_search.model: ms-clip: auto-picked GPU 6 (free 24089 MiB)
2026-05-07 11:57:10,955 INFO tools.library_search.model: ms-clip: using CUDA_VISIBLE_DEVICES=6
2026-05-07 11:57:10,955 INFO tools.library_search.model: ms-clip: launching predict_smi (n_candidates=5)
2026-05-07 11:57:22,746 INFO tools.library_search.model: ms-clip: auto-picked GPU 6 (free 24089 MiB)
2026-05-07 11:57:22,746 INFO tools.library_search.model: ms-clip: using CUDA_VISIBLE_DEVICES=6
2026-05-07 11:57:22,746 INFO tools.library_search.model: ms-clip: launching predict_smi (n_candidates=6)
2026-05-07 11:57:34,255 INFO tools.library_search.model: ms-clip: auto-picked GPU 6 (free 24089 MiB)
2026-05-07 11:57:34,256 INFO tools.library_search.model: ms-clip: using CUDA_VISIBLE_DEVICES=6
2026-05-07 11:57:34,256 INFO tools.library_search.model: ms-clip: launching predict_smi (n_candidates=3)
2026-05-07 11:57:45,621 INFO tools.library_search.model: ms-clip: auto-picked GPU 6 (free 24089 MiB)
2026-05-07 11:57:45,622 INFO tools.library_search.model: ms-clip: using CUDA_VISIBLE_DEVICES=6
2026-05-07 11:57:45,622 INFO tools.library_search.model: ms-clip: launching predict_smi (n_candidates=1)
2026-05-07 11:57:57,973 INFO tools.library_search.model: ms-clip: auto-picked GPU 6 (free 24089 MiB)
2026-05-07 11:57:57,973 INFO tools.library_search.model: ms-clip: using CUDA_VISIBLE_DEVICES=6
2026-05-07 11:57:57,973 INFO tools.library_search.model: ms-clip: launching predict_smi (n_candidates=3)
2026-05-07 11:58:09,764 INFO tools.library_search.model: ms-clip: auto-picked GPU 6 (free 24089 MiB)
2026-05-07 11:58:09,765 INFO tools.library_search.model: ms-clip: using CUDA_VISIBLE_DEVICES=6
2026-05-07 11:58:09,765 INFO tools.library_search.model: ms-clip: launching predict_smi (n_candidates=4)
2026-05-07 11:58:21,478 INFO tools.library_search.model: ms-clip: auto-picked GPU 6 (free 24089 MiB)
2026-05-07 11:58:21,478 INFO tools.library_search.model: ms-clip: using CUDA_VISIBLE_DEVICES=6
2026-05-07 11:58:21,478 INFO tools.library_search.model: ms-clip: launching predict_smi (n_candidates=24)
2026-05-07 11:58:33,046 INFO tools.library_search.model: ms-clip: auto-picked GPU 6 (free 24089 MiB)
2026-05-07 11:58:33,046 INFO tools.library_search.model: ms-clip: using CUDA_VISIBLE_DEVICES=6
2026-05-07 11:58:33,046 INFO tools.library_search.model: ms-clip: launching predict_smi (n_candidates=5)
2026-05-07 11:58:44,581 INFO tools.library_search.model: ms-clip: auto-picked GPU 6 (free 24089 MiB)
2026-05-07 11:58:44,582 INFO tools.library_search.model: ms-clip: using CUDA_VISIBLE_DEVICES=6
2026-05-07 11:58:44,582 INFO tools.library_search.model: ms-clip: launching predict_smi (n_candidates=1)
2026-05-07 11:58:56,265 INFO tools.library_search.model: ms-clip: auto-picked GPU 6 (free 24089 MiB)
2026-05-07 11:58:56,265 INFO tools.library_search.model: ms-clip: using CUDA_VISIBLE_DEVICES=6
2026-05-07 11:58:56,265 INFO tools.library_search.model: ms-clip: launching predict_smi (n_candidates=5)
2026-05-07 11:59:07,757 INFO tools.library_search.model: ms-clip: auto-picked GPU 6 (free 24089 MiB)
2026-05-07 11:59:07,758 INFO tools.library_search.model: ms-clip: using CUDA_VISIBLE_DEVICES=6
2026-05-07 11:59:07,758 INFO tools.library_search.model: ms-clip: launching predict_smi (n_candidates=3)
2026-05-07 11:59:20,113 INFO tools.library_search.model: ms-clip: auto-picked GPU 6 (free 24089 MiB)
2026-05-07 11:59:20,113 INFO tools.library_search.model: ms-clip: using CUDA_VISIBLE_DEVICES=6
2026-05-07 11:59:20,113 INFO tools.library_search.model: ms-clip: launching predict_smi (n_candidates=42)
2026-05-07 11:59:32,193 INFO tools.library_search.model: ms-clip: auto-picked GPU 6 (free 24089 MiB)
2026-05-07 11:59:32,194 INFO tools.library_search.model: ms-clip: using CUDA_VISIBLE_DEVICES=6
2026-05-07 11:59:32,194 INFO tools.library_search.model: ms-clip: launching predict_smi (n_candidates=42)
2026-05-07 11:59:43,671 INFO tools.library_search.model: ms-clip: auto-picked GPU 6 (free 24089 MiB)
2026-05-07 11:59:43,671 INFO tools.library_search.model: ms-clip: using CUDA_VISIBLE_DEVICES=6
2026-05-07 11:59:43,671 INFO tools.library_search.model: ms-clip: launching predict_smi (n_candidates=9)
2026-05-07 11:59:55,396 INFO tools.library_search.model: ms-clip: auto-picked GPU 6 (free 24089 MiB)
2026-05-07 11:59:55,397 INFO tools.library_search.model: ms-clip: using CUDA_VISIBLE_DEVICES=6
2026-05-07 11:59:55,397 INFO tools.library_search.model: ms-clip: launching predict_smi (n_candidates=8)
2026-05-07 12:00:07,234 INFO tools.library_search.model: ms-clip: auto-picked GPU 6 (free 24089 MiB)
2026-05-07 12:00:07,234 INFO tools.library_search.model: ms-clip: using CUDA_VISIBLE_DEVICES=6
2026-05-07 12:00:07,234 INFO tools.library_search.model: ms-clip: launching predict_smi (n_candidates=6)
2026-05-07 12:00:19,359 INFO tools.library_search.model: ms-clip: auto-picked GPU 6 (free 24089 MiB)
2026-05-07 12:00:19,359 INFO tools.library_search.model: ms-clip: using CUDA_VISIBLE_DEVICES=6
2026-05-07 12:00:19,359 INFO tools.library_search.model: ms-clip: launching predict_smi (n_candidates=5)
2026-05-07 12:00:30,644 WARNING tools.library_search.tool: ms-clip scoring failed, continuing with modcos only: Adduct '[M+NH3+H]+' is not in the ms-clip MSG ion vocabulary
2026-05-07 12:00:31,217 INFO tools.library_search.model: ms-clip: auto-picked GPU 6 (free 24089 MiB)
2026-05-07 12:00:31,217 INFO tools.library_search.model: ms-clip: using CUDA_VISIBLE_DEVICES=6
2026-05-07 12:00:31,217 INFO tools.library_search.model: ms-clip: launching predict_smi (n_candidates=3)
2026-05-07 12:00:42,881 INFO tools.library_search.model: ms-clip: auto-picked GPU 6 (free 24089 MiB)
2026-05-07 12:00:42,881 INFO tools.library_search.model: ms-clip: using CUDA_VISIBLE_DEVICES=6
2026-05-07 12:00:42,881 INFO tools.library_search.model: ms-clip: launching predict_smi (n_candidates=8)
2026-05-07 12:00:54,633 INFO tools.library_search.model: ms-clip: auto-picked GPU 6 (free 24089 MiB)
2026-05-07 12:00:54,633 INFO tools.library_search.model: ms-clip: using CUDA_VISIBLE_DEVICES=6
2026-05-07 12:00:54,633 INFO tools.library_search.model: ms-clip: launching predict_smi (n_candidates=1)
2026-05-07 12:01:05,733 WARNING tools.library_search.tool: ms-clip scoring failed, continuing with modcos only: Adduct '[M+NH3+H]+' is not in the ms-clip MSG ion vocabulary
2026-05-07 12:01:06,334 INFO tools.library_search.model: ms-clip: auto-picked GPU 6 (free 24089 MiB)
2026-05-07 12:01:06,334 INFO tools.library_search.model: ms-clip: using CUDA_VISIBLE_DEVICES=6
2026-05-07 12:01:06,334 INFO tools.library_search.model: ms-clip: launching predict_smi (n_candidates=16)
2026-05-07 12:01:17,965 INFO tools.library_search.model: ms-clip: auto-picked GPU 6 (free 24089 MiB)
2026-05-07 12:01:17,965 INFO tools.library_search.model: ms-clip: using CUDA_VISIBLE_DEVICES=6
2026-05-07 12:01:17,965 INFO tools.library_search.model: ms-clip: launching predict_smi (n_candidates=22)
2026-05-07 12:01:30,708 INFO tools.library_search.model: ms-clip: auto-picked GPU 6 (free 24089 MiB)
2026-05-07 12:01:30,708 INFO tools.library_search.model: ms-clip: using CUDA_VISIBLE_DEVICES=6
2026-05-07 12:01:30,708 INFO tools.library_search.model: ms-clip: launching predict_smi (n_candidates=1)
2026-05-07 12:01:43,213 INFO tools.library_search.model: ms-clip: auto-picked GPU 6 (free 24089 MiB)
2026-05-07 12:01:43,213 INFO tools.library_search.model: ms-clip: using CUDA_VISIBLE_DEVICES=6
2026-05-07 12:01:43,213 INFO tools.library_search.model: ms-clip: launching predict_smi (n_candidates=9)
2026-05-07 12:01:54,590 INFO tools.library_search.model: ms-clip: auto-picked GPU 6 (free 24089 MiB)
2026-05-07 12:01:54,590 INFO tools.library_search.model: ms-clip: using CUDA_VISIBLE_DEVICES=6
2026-05-07 12:01:54,590 INFO tools.library_search.model: ms-clip: launching predict_smi (n_candidates=15)
2026-05-07 12:02:06,330 INFO tools.library_search.model: ms-clip: auto-picked GPU 6 (free 24089 MiB)
2026-05-07 12:02:06,331 INFO tools.library_search.model: ms-clip: using CUDA_VISIBLE_DEVICES=6
2026-05-07 12:02:06,331 INFO tools.library_search.model: ms-clip: launching predict_smi (n_candidates=10)
2026-05-07 12:02:18,324 INFO tools.library_search.model: ms-clip: auto-picked GPU 6 (free 24089 MiB)
2026-05-07 12:02:18,325 INFO tools.library_search.model: ms-clip: using CUDA_VISIBLE_DEVICES=6
2026-05-07 12:02:18,325 INFO tools.library_search.model: ms-clip: launching predict_smi (n_candidates=2)
2026-05-07 12:02:29,847 INFO tools.library_search.model: ms-clip: auto-picked GPU 6 (free 24089 MiB)
2026-05-07 12:02:29,847 INFO tools.library_search.model: ms-clip: using CUDA_VISIBLE_DEVICES=6
2026-05-07 12:02:29,848 INFO tools.library_search.model: ms-clip: launching predict_smi (n_candidates=9)
2026-05-07 12:02:40,965 WARNING tools.library_search.tool: ms-clip scoring failed, continuing with modcos only: Adduct '[M+HCOOH-H]-' is not in the ms-clip MSG ion vocabulary
2026-05-07 12:02:41,565 INFO tools.library_search.model: ms-clip: auto-picked GPU 6 (free 24089 MiB)
2026-05-07 12:02:41,565 INFO tools.library_search.model: ms-clip: using CUDA_VISIBLE_DEVICES=6
2026-05-07 12:02:41,565 INFO tools.library_search.model: ms-clip: launching predict_smi (n_candidates=12)
2026-05-07 12:02:52,780 WARNING tools.library_search.model: ms-clip dropped SMILES Nc1n[n+]([O-])c2ccccc2[n+]1[O-]; emitting sentinel -1.0
2026-05-07 12:02:53,630 INFO tools.library_search.model: ms-clip: auto-picked GPU 6 (free 24089 MiB)
2026-05-07 12:02:53,630 INFO tools.library_search.model: ms-clip: using CUDA_VISIBLE_DEVICES=6
2026-05-07 12:02:53,631 INFO tools.library_search.model: ms-clip: launching predict_smi (n_candidates=2)
2026-05-07 12:03:05,066 INFO tools.library_search.model: ms-clip: auto-picked GPU 6 (free 24089 MiB)
2026-05-07 12:03:05,066 INFO tools.library_search.model: ms-clip: using CUDA_VISIBLE_DEVICES=6
2026-05-07 12:03:05,066 INFO tools.library_search.model: ms-clip: launching predict_smi (n_candidates=13)
2026-05-07 12:03:16,670 INFO tools.library_search.model: ms-clip: auto-picked GPU 6 (free 24089 MiB)
2026-05-07 12:03:16,671 INFO tools.library_search.model: ms-clip: using CUDA_VISIBLE_DEVICES=6
2026-05-07 12:03:16,671 INFO tools.library_search.model: ms-clip: launching predict_smi (n_candidates=12)
2026-05-07 12:03:27,378 WARNING tools.library_search.model: ms-clip dropped SMILES Nc1n[n+]([O-])c2ccccc2[n+]1[O-]; emitting sentinel -1.0
2026-05-07 12:03:28,224 INFO tools.library_search.model: ms-clip: auto-picked GPU 6 (free 24089 MiB)
2026-05-07 12:03:28,225 INFO tools.library_search.model: ms-clip: using CUDA_VISIBLE_DEVICES=6
2026-05-07 12:03:28,225 INFO tools.library_search.model: ms-clip: launching predict_smi (n_candidates=21)
2026-05-07 12:03:39,987 INFO tools.library_search.model: ms-clip: auto-picked GPU 6 (free 24089 MiB)
2026-05-07 12:03:39,987 INFO tools.library_search.model: ms-clip: using CUDA_VISIBLE_DEVICES=6
2026-05-07 12:03:39,987 INFO tools.library_search.model: ms-clip: launching predict_smi (n_candidates=9)
2026-05-07 12:03:52,548 INFO tools.library_search.model: ms-clip: auto-picked GPU 6 (free 24089 MiB)
2026-05-07 12:03:52,548 INFO tools.library_search.model: ms-clip: using CUDA_VISIBLE_DEVICES=6
2026-05-07 12:03:52,548 INFO tools.library_search.model: ms-clip: launching predict_smi (n_candidates=9)
2026-05-07 12:04:04,622 INFO tools.library_search.model: ms-clip: auto-picked GPU 6 (free 24089 MiB)
2026-05-07 12:04:04,622 INFO tools.library_search.model: ms-clip: using CUDA_VISIBLE_DEVICES=6
2026-05-07 12:04:04,622 INFO tools.library_search.model: ms-clip: launching predict_smi (n_candidates=2)
2026-05-07 12:04:16,074 INFO tools.library_search.model: ms-clip: auto-picked GPU 6 (free 24089 MiB)
2026-05-07 12:04:16,074 INFO tools.library_search.model: ms-clip: using CUDA_VISIBLE_DEVICES=6
2026-05-07 12:04:16,074 INFO tools.library_search.model: ms-clip: launching predict_smi (n_candidates=17)
2026-05-07 12:04:27,946 INFO tools.library_search.model: ms-clip: auto-picked GPU 6 (free 24089 MiB)
2026-05-07 12:04:27,946 INFO tools.library_search.model: ms-clip: using CUDA_VISIBLE_DEVICES=6
2026-05-07 12:04:27,946 INFO tools.library_search.model: ms-clip: launching predict_smi (n_candidates=22)
2026-05-07 12:04:38,994 WARNING tools.library_search.tool: ms-clip scoring failed, continuing with modcos only: Adduct '[M+HCOOH-H]-' is not in the ms-clip MSG ion vocabulary
2026-05-07 12:04:39,594 INFO tools.library_search.model: ms-clip: auto-picked GPU 6 (free 24089 MiB)
2026-05-07 12:04:39,594 INFO tools.library_search.model: ms-clip: using CUDA_VISIBLE_DEVICES=6
2026-05-07 12:04:39,594 INFO tools.library_search.model: ms-clip: launching predict_smi (n_candidates=12)
2026-05-07 12:04:50,230 WARNING tools.library_search.model: ms-clip dropped SMILES Nc1n[n+]([O-])c2ccccc2[n+]1[O-]; emitting sentinel -1.0
2026-05-07 12:04:51,098 INFO tools.library_search.model: ms-clip: auto-picked GPU 6 (free 24089 MiB)
2026-05-07 12:04:51,098 INFO tools.library_search.model: ms-clip: using CUDA_VISIBLE_DEVICES=6
2026-05-07 12:04:51,098 INFO tools.library_search.model: ms-clip: launching predict_smi (n_candidates=2)
2026-05-07 12:05:02,587 INFO tools.library_search.model: ms-clip: auto-picked GPU 6 (free 24089 MiB)
2026-05-07 12:05:02,587 INFO tools.library_search.model: ms-clip: using CUDA_VISIBLE_DEVICES=6
2026-05-07 12:05:02,587 INFO tools.library_search.model: ms-clip: launching predict_smi (n_candidates=15)
2026-05-07 12:05:15,162 INFO tools.library_search.model: ms-clip: auto-picked GPU 6 (free 24089 MiB)
2026-05-07 12:05:15,162 INFO tools.library_search.model: ms-clip: using CUDA_VISIBLE_DEVICES=6
2026-05-07 12:05:15,162 INFO tools.library_search.model: ms-clip: launching predict_smi (n_candidates=21)
2026-05-07 12:05:27,073 INFO tools.library_search.model: ms-clip: auto-picked GPU 6 (free 24089 MiB)
2026-05-07 12:05:27,073 INFO tools.library_search.model: ms-clip: using CUDA_VISIBLE_DEVICES=6
2026-05-07 12:05:27,073 INFO tools.library_search.model: ms-clip: launching predict_smi (n_candidates=2)
2026-05-07 12:05:38,549 INFO tools.library_search.model: ms-clip: auto-picked GPU 6 (free 24089 MiB)
2026-05-07 12:05:38,549 INFO tools.library_search.model: ms-clip: using CUDA_VISIBLE_DEVICES=6
2026-05-07 12:05:38,549 INFO tools.library_search.model: ms-clip: launching predict_smi (n_candidates=10)
2026-05-07 12:05:50,606 INFO tools.library_search.model: ms-clip: auto-picked GPU 6 (free 24089 MiB)
2026-05-07 12:05:50,606 INFO tools.library_search.model: ms-clip: using CUDA_VISIBLE_DEVICES=6
2026-05-07 12:05:50,606 INFO tools.library_search.model: ms-clip: launching predict_smi (n_candidates=9)
2026-05-07 12:06:02,186 INFO tools.library_search.model: ms-clip: auto-picked GPU 6 (free 24089 MiB)
2026-05-07 12:06:02,186 INFO tools.library_search.model: ms-clip: using CUDA_VISIBLE_DEVICES=6
2026-05-07 12:06:02,186 INFO tools.library_search.model: ms-clip: launching predict_smi (n_candidates=3)
2026-05-07 12:06:14,233 INFO tools.library_search.model: ms-clip: auto-picked GPU 6 (free 24089 MiB)
2026-05-07 12:06:14,234 INFO tools.library_search.model: ms-clip: using CUDA_VISIBLE_DEVICES=6
2026-05-07 12:06:14,234 INFO tools.library_search.model: ms-clip: launching predict_smi (n_candidates=9)
2026-05-07 12:06:27,640 INFO tools.library_search.model: ms-clip: auto-picked GPU 6 (free 24089 MiB)
2026-05-07 12:06:27,640 INFO tools.library_search.model: ms-clip: using CUDA_VISIBLE_DEVICES=6
2026-05-07 12:06:27,641 INFO tools.library_search.model: ms-clip: launching predict_smi (n_candidates=2)
2026-05-07 12:06:40,256 WARNING tools.library_search.tool: ms-clip scoring failed, continuing with modcos only: Adduct '[M+NH3+H]+' is not in the ms-clip MSG ion vocabulary
2026-05-07 12:06:40,861 INFO tools.library_search.model: ms-clip: auto-picked GPU 6 (free 24089 MiB)
2026-05-07 12:06:40,862 INFO tools.library_search.model: ms-clip: using CUDA_VISIBLE_DEVICES=6
2026-05-07 12:06:40,862 INFO tools.library_search.model: ms-clip: launching predict_smi (n_candidates=15)
2026-05-07 12:06:52,962 INFO tools.library_search.model: ms-clip: auto-picked GPU 6 (free 24089 MiB)
2026-05-07 12:06:52,962 INFO tools.library_search.model: ms-clip: using CUDA_VISIBLE_DEVICES=6
2026-05-07 12:06:52,962 INFO tools.library_search.model: ms-clip: launching predict_smi (n_candidates=3)
2026-05-07 12:07:04,504 INFO tools.library_search.model: ms-clip: auto-picked GPU 6 (free 24089 MiB)
2026-05-07 12:07:04,504 INFO tools.library_search.model: ms-clip: using CUDA_VISIBLE_DEVICES=6
2026-05-07 12:07:04,504 INFO tools.library_search.model: ms-clip: launching predict_smi (n_candidates=1)
2026-05-07 12:07:15,960 INFO tools.library_search.model: ms-clip: auto-picked GPU 6 (free 24089 MiB)
2026-05-07 12:07:15,961 INFO tools.library_search.model: ms-clip: using CUDA_VISIBLE_DEVICES=6
2026-05-07 12:07:15,961 INFO tools.library_search.model: ms-clip: launching predict_smi (n_candidates=9)
2026-05-07 12:07:27,573 INFO tools.library_search.model: ms-clip: auto-picked GPU 6 (free 24089 MiB)
2026-05-07 12:07:27,574 INFO tools.library_search.model: ms-clip: using CUDA_VISIBLE_DEVICES=6
2026-05-07 12:07:27,574 INFO tools.library_search.model: ms-clip: launching predict_smi (n_candidates=9)
2026-05-07 12:07:39,743 INFO tools.library_search.model: ms-clip: auto-picked GPU 6 (free 24089 MiB)
2026-05-07 12:07:39,743 INFO tools.library_search.model: ms-clip: using CUDA_VISIBLE_DEVICES=6
2026-05-07 12:07:39,743 INFO tools.library_search.model: ms-clip: launching predict_smi (n_candidates=2)
2026-05-07 12:07:51,178 INFO tools.library_search.model: ms-clip: auto-picked GPU 6 (free 24089 MiB)
2026-05-07 12:07:51,179 INFO tools.library_search.model: ms-clip: using CUDA_VISIBLE_DEVICES=6
2026-05-07 12:07:51,179 INFO tools.library_search.model: ms-clip: launching predict_smi (n_candidates=8)
2026-05-07 12:08:02,579 INFO tools.library_search.model: ms-clip: auto-picked GPU 6 (free 24089 MiB)
2026-05-07 12:08:02,580 INFO tools.library_search.model: ms-clip: using CUDA_VISIBLE_DEVICES=6
2026-05-07 12:08:02,580 INFO tools.library_search.model: ms-clip: launching predict_smi (n_candidates=6)
2026-05-07 12:08:14,020 INFO tools.library_search.model: ms-clip: auto-picked GPU 6 (free 24089 MiB)
2026-05-07 12:08:14,021 INFO tools.library_search.model: ms-clip: using CUDA_VISIBLE_DEVICES=6
2026-05-07 12:08:14,021 INFO tools.library_search.model: ms-clip: launching predict_smi (n_candidates=9)
2026-05-07 12:08:26,504 INFO tools.library_search.model: ms-clip: auto-picked GPU 6 (free 24089 MiB)
2026-05-07 12:08:26,504 INFO tools.library_search.model: ms-clip: using CUDA_VISIBLE_DEVICES=6
2026-05-07 12:08:26,505 INFO tools.library_search.model: ms-clip: launching predict_smi (n_candidates=22)
2026-05-07 12:08:38,723 INFO tools.library_search.model: ms-clip: auto-picked GPU 6 (free 24089 MiB)
2026-05-07 12:08:38,724 INFO tools.library_search.model: ms-clip: using CUDA_VISIBLE_DEVICES=6
2026-05-07 12:08:38,724 INFO tools.library_search.model: ms-clip: launching predict_smi (n_candidates=16)
2026-05-07 12:08:50,532 INFO tools.library_search.model: ms-clip: auto-picked GPU 6 (free 24089 MiB)
2026-05-07 12:08:50,532 INFO tools.library_search.model: ms-clip: using CUDA_VISIBLE_DEVICES=6
2026-05-07 12:08:50,532 INFO tools.library_search.model: ms-clip: launching predict_smi (n_candidates=6)
2026-05-07 12:09:01,929 INFO tools.library_search.model: ms-clip: auto-picked GPU 6 (free 24089 MiB)
2026-05-07 12:09:01,929 INFO tools.library_search.model: ms-clip: using CUDA_VISIBLE_DEVICES=6
2026-05-07 12:09:01,930 INFO tools.library_search.model: ms-clip: launching predict_smi (n_candidates=12)
2026-05-07 12:09:13,495 WARNING tools.library_search.model: ms-clip dropped SMILES Nc1n[n+]([O-])c2ccccc2[n+]1[O-]; emitting sentinel -1.0
2026-05-07 12:09:14,398 INFO tools.library_search.model: ms-clip: auto-picked GPU 6 (free 24089 MiB)
2026-05-07 12:09:14,398 INFO tools.library_search.model: ms-clip: using CUDA_VISIBLE_DEVICES=6
2026-05-07 12:09:14,398 INFO tools.library_search.model: ms-clip: launching predict_smi (n_candidates=16)
2026-05-07 12:09:25,850 INFO tools.library_search.model: ms-clip: auto-picked GPU 6 (free 24089 MiB)
2026-05-07 12:09:25,851 INFO tools.library_search.model: ms-clip: using CUDA_VISIBLE_DEVICES=6
2026-05-07 12:09:25,851 INFO tools.library_search.model: ms-clip: launching predict_smi (n_candidates=6)
2026-05-07 12:09:37,310 INFO tools.library_search.model: ms-clip: auto-picked GPU 6 (free 24089 MiB)
2026-05-07 12:09:37,310 INFO tools.library_search.model: ms-clip: using CUDA_VISIBLE_DEVICES=6
2026-05-07 12:09:37,310 INFO tools.library_search.model: ms-clip: launching predict_smi (n_candidates=2)
2026-05-07 12:09:48,757 INFO tools.library_search.model: ms-clip: auto-picked GPU 6 (free 24089 MiB)
2026-05-07 12:09:48,758 INFO tools.library_search.model: ms-clip: using CUDA_VISIBLE_DEVICES=6
2026-05-07 12:09:48,758 INFO tools.library_search.model: ms-clip: launching predict_smi (n_candidates=7)
2026-05-07 12:10:00,120 INFO tools.library_search.model: ms-clip: auto-picked GPU 6 (free 24089 MiB)
2026-05-07 12:10:00,120 INFO tools.library_search.model: ms-clip: using CUDA_VISIBLE_DEVICES=6
2026-05-07 12:10:00,120 INFO tools.library_search.model: ms-clip: launching predict_smi (n_candidates=18)
2026-05-07 12:10:16,262 INFO tools.library_search.model: ms-clip: auto-picked GPU 6 (free 24089 MiB)
2026-05-07 12:10:16,263 INFO tools.library_search.model: ms-clip: using CUDA_VISIBLE_DEVICES=6
2026-05-07 12:10:16,263 INFO tools.library_search.model: ms-clip: launching predict_smi (n_candidates=18)
2026-05-07 12:10:27,896 WARNING tools.library_search.tool: ms-clip scoring failed, continuing with modcos only: Adduct '[M+NH3+H]+' is not in the ms-clip MSG ion vocabulary
2026-05-07 12:10:28,486 INFO tools.library_search.model: ms-clip: auto-picked GPU 6 (free 24089 MiB)
2026-05-07 12:10:28,487 INFO tools.library_search.model: ms-clip: using CUDA_VISIBLE_DEVICES=6
2026-05-07 12:10:28,487 INFO tools.library_search.model: ms-clip: launching predict_smi (n_candidates=15)
2026-05-07 12:10:40,801 INFO tools.library_search.model: ms-clip: auto-picked GPU 6 (free 24089 MiB)
2026-05-07 12:10:40,801 INFO tools.library_search.model: ms-clip: using CUDA_VISIBLE_DEVICES=6
2026-05-07 12:10:40,801 INFO tools.library_search.model: ms-clip: launching predict_smi (n_candidates=12)
2026-05-07 12:10:51,488 WARNING tools.library_search.model: ms-clip dropped SMILES Nc1n[n+]([O-])c2ccccc2[n+]1[O-]; emitting sentinel -1.0
2026-05-07 12:10:52,366 INFO tools.library_search.model: ms-clip: auto-picked GPU 6 (free 24089 MiB)
2026-05-07 12:10:52,367 INFO tools.library_search.model: ms-clip: using CUDA_VISIBLE_DEVICES=6
2026-05-07 12:10:52,367 INFO tools.library_search.model: ms-clip: launching predict_smi (n_candidates=3)
2026-05-07 12:11:04,562 INFO tools.library_search.model: ms-clip: auto-picked GPU 6 (free 24089 MiB)
2026-05-07 12:11:04,563 INFO tools.library_search.model: ms-clip: using CUDA_VISIBLE_DEVICES=6
2026-05-07 12:11:04,563 INFO tools.library_search.model: ms-clip: launching predict_smi (n_candidates=5)
2026-05-07 12:11:16,282 INFO tools.library_search.model: ms-clip: auto-picked GPU 6 (free 24089 MiB)
2026-05-07 12:11:16,282 INFO tools.library_search.model: ms-clip: using CUDA_VISIBLE_DEVICES=6
2026-05-07 12:11:16,283 INFO tools.library_search.model: ms-clip: launching predict_smi (n_candidates=9)
2026-05-07 12:11:27,823 INFO tools.library_search.model: ms-clip: auto-picked GPU 6 (free 24089 MiB)
2026-05-07 12:11:27,823 INFO tools.library_search.model: ms-clip: using CUDA_VISIBLE_DEVICES=6
2026-05-07 12:11:27,824 INFO tools.library_search.model: ms-clip: launching predict_smi (n_candidates=13)
2026-05-07 12:11:39,332 INFO tools.library_search.model: ms-clip: auto-picked GPU 6 (free 24089 MiB)
2026-05-07 12:11:39,333 INFO tools.library_search.model: ms-clip: using CUDA_VISIBLE_DEVICES=6
2026-05-07 12:11:39,333 INFO tools.library_search.model: ms-clip: launching predict_smi (n_candidates=2)
2026-05-07 12:11:51,174 INFO tools.library_search.model: ms-clip: auto-picked GPU 6 (free 24089 MiB)
2026-05-07 12:11:51,174 INFO tools.library_search.model: ms-clip: using CUDA_VISIBLE_DEVICES=6
2026-05-07 12:11:51,175 INFO tools.library_search.model: ms-clip: launching predict_smi (n_candidates=18)
2026-05-07 12:12:02,545 INFO tools.library_search.model: ms-clip: auto-picked GPU 6 (free 24089 MiB)
2026-05-07 12:12:02,545 INFO tools.library_search.model: ms-clip: using CUDA_VISIBLE_DEVICES=6
2026-05-07 12:12:02,545 INFO tools.library_search.model: ms-clip: launching predict_smi (n_candidates=12)
2026-05-07 12:12:13,420 WARNING tools.library_search.model: ms-clip dropped SMILES Nc1n[n+]([O-])c2ccccc2[n+]1[O-]; emitting sentinel -1.0
2026-05-07 12:12:14,256 INFO tools.library_search.model: ms-clip: auto-picked GPU 6 (free 24089 MiB)
2026-05-07 12:12:14,256 INFO tools.library_search.model: ms-clip: using CUDA_VISIBLE_DEVICES=6
2026-05-07 12:12:14,256 INFO tools.library_search.model: ms-clip: launching predict_smi (n_candidates=15)
2026-05-07 12:12:26,761 INFO tools.library_search.model: ms-clip: auto-picked GPU 6 (free 24089 MiB)
2026-05-07 12:12:26,762 INFO tools.library_search.model: ms-clip: using CUDA_VISIBLE_DEVICES=6
2026-05-07 12:12:26,762 INFO tools.library_search.model: ms-clip: launching predict_smi (n_candidates=21)
2026-05-07 12:12:38,542 INFO tools.library_search.model: ms-clip: auto-picked GPU 6 (free 24089 MiB)
2026-05-07 12:12:38,542 INFO tools.library_search.model: ms-clip: using CUDA_VISIBLE_DEVICES=6
2026-05-07 12:12:38,542 INFO tools.library_search.model: ms-clip: launching predict_smi (n_candidates=12)
2026-05-07 12:12:49,867 WARNING tools.library_search.model: ms-clip dropped SMILES Nc1n[n+]([O-])c2ccccc2[n+]1[O-]; emitting sentinel -1.0
2026-05-07 12:12:50,717 INFO tools.library_search.model: ms-clip: auto-picked GPU 6 (free 24089 MiB)
2026-05-07 12:12:50,717 INFO tools.library_search.model: ms-clip: using CUDA_VISIBLE_DEVICES=6
2026-05-07 12:12:50,717 INFO tools.library_search.model: ms-clip: launching predict_smi (n_candidates=9)
2026-05-07 12:13:03,643 INFO tools.library_search.model: ms-clip: auto-picked GPU 6 (free 24089 MiB)
2026-05-07 12:13:03,643 INFO tools.library_search.model: ms-clip: using CUDA_VISIBLE_DEVICES=6
2026-05-07 12:13:03,643 INFO tools.library_search.model: ms-clip: launching predict_smi (n_candidates=12)
2026-05-07 12:13:15,514 WARNING tools.library_search.model: ms-clip dropped SMILES Nc1n[n+]([O-])c2ccccc2[n+]1[O-]; emitting sentinel -1.0
2026-05-07 12:13:16,366 INFO tools.library_search.model: ms-clip: auto-picked GPU 6 (free 24089 MiB)
2026-05-07 12:13:16,366 INFO tools.library_search.model: ms-clip: using CUDA_VISIBLE_DEVICES=6
2026-05-07 12:13:16,366 INFO tools.library_search.model: ms-clip: launching predict_smi (n_candidates=12)
2026-05-07 12:13:26,917 WARNING tools.library_search.model: ms-clip dropped SMILES Nc1n[n+]([O-])c2ccccc2[n+]1[O-]; emitting sentinel -1.0
2026-05-07 12:13:27,767 INFO tools.library_search.model: ms-clip: auto-picked GPU 6 (free 24089 MiB)
2026-05-07 12:13:27,767 INFO tools.library_search.model: ms-clip: using CUDA_VISIBLE_DEVICES=6
2026-05-07 12:13:27,767 INFO tools.library_search.model: ms-clip: launching predict_smi (n_candidates=17)
2026-05-07 12:13:40,070 INFO tools.library_search.model: ms-clip: auto-picked GPU 6 (free 24089 MiB)
2026-05-07 12:13:40,071 INFO tools.library_search.model: ms-clip: using CUDA_VISIBLE_DEVICES=6
2026-05-07 12:13:40,071 INFO tools.library_search.model: ms-clip: launching predict_smi (n_candidates=10)
2026-05-07 12:13:51,827 INFO tools.library_search.model: ms-clip: auto-picked GPU 6 (free 24089 MiB)
2026-05-07 12:13:51,828 INFO tools.library_search.model: ms-clip: using CUDA_VISIBLE_DEVICES=6
2026-05-07 12:13:51,828 INFO tools.library_search.model: ms-clip: launching predict_smi (n_candidates=17)
2026-05-07 12:14:03,289 INFO tools.library_search.model: ms-clip: auto-picked GPU 6 (free 24089 MiB)
2026-05-07 12:14:03,289 INFO tools.library_search.model: ms-clip: using CUDA_VISIBLE_DEVICES=6
2026-05-07 12:14:03,289 INFO tools.library_search.model: ms-clip: launching predict_smi (n_candidates=17)
2026-05-07 12:14:15,399 INFO tools.library_search.model: ms-clip: auto-picked GPU 6 (free 24089 MiB)
2026-05-07 12:14:15,399 INFO tools.library_search.model: ms-clip: using CUDA_VISIBLE_DEVICES=6
2026-05-07 12:14:15,399 INFO tools.library_search.model: ms-clip: launching predict_smi (n_candidates=13)
2026-05-07 12:14:27,297 INFO tools.library_search.model: ms-clip: auto-picked GPU 6 (free 24089 MiB)
2026-05-07 12:14:27,297 INFO tools.library_search.model: ms-clip: using CUDA_VISIBLE_DEVICES=6
2026-05-07 12:14:27,297 INFO tools.library_search.model: ms-clip: launching predict_smi (n_candidates=9)
2026-05-07 12:14:38,969 WARNING tools.library_search.tool: ms-clip scoring failed, continuing with modcos only: Adduct '[M+NH3+H]+' is not in the ms-clip MSG ion vocabulary
2026-05-07 12:14:39,557 INFO tools.library_search.model: ms-clip: auto-picked GPU 6 (free 24089 MiB)
2026-05-07 12:14:39,557 INFO tools.library_search.model: ms-clip: using CUDA_VISIBLE_DEVICES=6
2026-05-07 12:14:39,557 INFO tools.library_search.model: ms-clip: launching predict_smi (n_candidates=15)
2026-05-07 12:14:51,449 INFO tools.library_search.model: ms-clip: auto-picked GPU 6 (free 24089 MiB)
2026-05-07 12:14:51,449 INFO tools.library_search.model: ms-clip: using CUDA_VISIBLE_DEVICES=6
2026-05-07 12:14:51,449 INFO tools.library_search.model: ms-clip: launching predict_smi (n_candidates=24)
2026-05-07 12:15:03,898 INFO tools.library_search.model: ms-clip: auto-picked GPU 6 (free 24089 MiB)
2026-05-07 12:15:03,898 INFO tools.library_search.model: ms-clip: using CUDA_VISIBLE_DEVICES=6
2026-05-07 12:15:03,898 INFO tools.library_search.model: ms-clip: launching predict_smi (n_candidates=2)
2026-05-07 12:15:16,058 INFO tools.library_search.model: ms-clip: auto-picked GPU 6 (free 24089 MiB)
2026-05-07 12:15:16,058 INFO tools.library_search.model: ms-clip: using CUDA_VISIBLE_DEVICES=6
2026-05-07 12:15:16,059 INFO tools.library_search.model: ms-clip: launching predict_smi (n_candidates=13)
2026-05-07 12:15:27,961 INFO tools.library_search.model: ms-clip: auto-picked GPU 6 (free 24089 MiB)
2026-05-07 12:15:27,962 INFO tools.library_search.model: ms-clip: using CUDA_VISIBLE_DEVICES=6
2026-05-07 12:15:27,962 INFO tools.library_search.model: ms-clip: launching predict_smi (n_candidates=9)
2026-05-07 12:15:39,894 INFO tools.library_search.model: ms-clip: auto-picked GPU 6 (free 24089 MiB)
2026-05-07 12:15:39,895 INFO tools.library_search.model: ms-clip: using CUDA_VISIBLE_DEVICES=6
2026-05-07 12:15:39,895 INFO tools.library_search.model: ms-clip: launching predict_smi (n_candidates=12)
2026-05-07 12:15:50,550 WARNING tools.library_search.model: ms-clip dropped SMILES Nc1n[n+]([O-])c2ccccc2[n+]1[O-]; emitting sentinel -1.0
2026-05-07 12:15:51,420 INFO tools.library_search.model: ms-clip: auto-picked GPU 6 (free 24089 MiB)
2026-05-07 12:15:51,420 INFO tools.library_search.model: ms-clip: using CUDA_VISIBLE_DEVICES=6
2026-05-07 12:15:51,420 INFO tools.library_search.model: ms-clip: launching predict_smi (n_candidates=1)
2026-05-07 12:16:02,872 INFO tools.library_search.model: ms-clip: auto-picked GPU 6 (free 24089 MiB)
2026-05-07 12:16:02,873 INFO tools.library_search.model: ms-clip: using CUDA_VISIBLE_DEVICES=6
2026-05-07 12:16:02,873 INFO tools.library_search.model: ms-clip: launching predict_smi (n_candidates=2)
2026-05-07 12:16:14,725 INFO tools.library_search.model: ms-clip: auto-picked GPU 6 (free 24089 MiB)
2026-05-07 12:16:14,726 INFO tools.library_search.model: ms-clip: using CUDA_VISIBLE_DEVICES=6
2026-05-07 12:16:14,726 INFO tools.library_search.model: ms-clip: launching predict_smi (n_candidates=9)
2026-05-07 12:16:26,553 INFO tools.library_search.model: ms-clip: auto-picked GPU 6 (free 24089 MiB)
2026-05-07 12:16:26,553 INFO tools.library_search.model: ms-clip: using CUDA_VISIBLE_DEVICES=6
2026-05-07 12:16:26,553 INFO tools.library_search.model: ms-clip: launching predict_smi (n_candidates=18)
2026-05-07 12:16:39,280 INFO tools.library_search.model: ms-clip: auto-picked GPU 6 (free 24089 MiB)
2026-05-07 12:16:39,281 INFO tools.library_search.model: ms-clip: using CUDA_VISIBLE_DEVICES=6
2026-05-07 12:16:39,281 INFO tools.library_search.model: ms-clip: launching predict_smi (n_candidates=1)
2026-05-07 12:16:51,007 WARNING tools.library_search.tool: ms-clip scoring failed, continuing with modcos only: Adduct '[M+HCOOH-H]-' is not in the ms-clip MSG ion vocabulary
2026-05-07 12:16:51,660 INFO tools.library_search.model: ms-clip: auto-picked GPU 6 (free 24089 MiB)
2026-05-07 12:16:51,661 INFO tools.library_search.model: ms-clip: using CUDA_VISIBLE_DEVICES=6
2026-05-07 12:16:51,661 INFO tools.library_search.model: ms-clip: launching predict_smi (n_candidates=9)
2026-05-07 12:17:03,141 INFO tools.library_search.model: ms-clip: auto-picked GPU 6 (free 24089 MiB)
2026-05-07 12:17:03,141 INFO tools.library_search.model: ms-clip: using CUDA_VISIBLE_DEVICES=6
2026-05-07 12:17:03,142 INFO tools.library_search.model: ms-clip: launching predict_smi (n_candidates=1)
2026-05-07 12:17:14,418 WARNING tools.library_search.tool: ms-clip scoring failed, continuing with modcos only: Adduct '[M+NH3+H]+' is not in the ms-clip MSG ion vocabulary
2026-05-07 12:17:15,010 INFO tools.library_search.model: ms-clip: auto-picked GPU 6 (free 24089 MiB)
2026-05-07 12:17:15,010 INFO tools.library_search.model: ms-clip: using CUDA_VISIBLE_DEVICES=6
2026-05-07 12:17:15,010 INFO tools.library_search.model: ms-clip: launching predict_smi (n_candidates=15)
2026-05-07 12:17:26,419 INFO tools.library_search.model: ms-clip: auto-picked GPU 6 (free 24089 MiB)
2026-05-07 12:17:26,419 INFO tools.library_search.model: ms-clip: using CUDA_VISIBLE_DEVICES=6
2026-05-07 12:17:26,420 INFO tools.library_search.model: ms-clip: launching predict_smi (n_candidates=2)
2026-05-07 12:17:38,447 INFO tools.library_search.model: ms-clip: auto-picked GPU 6 (free 24089 MiB)
2026-05-07 12:17:38,447 INFO tools.library_search.model: ms-clip: using CUDA_VISIBLE_DEVICES=6
2026-05-07 12:17:38,448 INFO tools.library_search.model: ms-clip: launching predict_smi (n_candidates=10)
2026-05-07 12:17:50,397 INFO tools.library_search.model: ms-clip: auto-picked GPU 6 (free 24089 MiB)
2026-05-07 12:17:50,397 INFO tools.library_search.model: ms-clip: using CUDA_VISIBLE_DEVICES=6
2026-05-07 12:17:50,397 INFO tools.library_search.model: ms-clip: launching predict_smi (n_candidates=20)
2026-05-07 12:18:02,546 INFO tools.library_search.model: ms-clip: auto-picked GPU 6 (free 24089 MiB)
2026-05-07 12:18:02,547 INFO tools.library_search.model: ms-clip: using CUDA_VISIBLE_DEVICES=6
2026-05-07 12:18:02,547 INFO tools.library_search.model: ms-clip: launching predict_smi (n_candidates=21)
2026-05-07 12:18:14,275 INFO tools.library_search.model: ms-clip: auto-picked GPU 6 (free 24089 MiB)
2026-05-07 12:18:14,275 INFO tools.library_search.model: ms-clip: using CUDA_VISIBLE_DEVICES=6
2026-05-07 12:18:14,275 INFO tools.library_search.model: ms-clip: launching predict_smi (n_candidates=2)
2026-05-07 12:18:25,656 INFO tools.library_search.model: ms-clip: auto-picked GPU 6 (free 24089 MiB)
2026-05-07 12:18:25,657 INFO tools.library_search.model: ms-clip: using CUDA_VISIBLE_DEVICES=6
2026-05-07 12:18:25,657 INFO tools.library_search.model: ms-clip: launching predict_smi (n_candidates=7)
2026-05-07 12:18:37,204 INFO tools.library_search.model: ms-clip: auto-picked GPU 6 (free 24089 MiB)
2026-05-07 12:18:37,204 INFO tools.library_search.model: ms-clip: using CUDA_VISIBLE_DEVICES=6
2026-05-07 12:18:37,205 INFO tools.library_search.model: ms-clip: launching predict_smi (n_candidates=2)
2026-05-07 12:18:48,592 INFO tools.library_search.model: ms-clip: auto-picked GPU 6 (free 24089 MiB)
2026-05-07 12:18:48,592 INFO tools.library_search.model: ms-clip: using CUDA_VISIBLE_DEVICES=6
2026-05-07 12:18:48,592 INFO tools.library_search.model: ms-clip: launching predict_smi (n_candidates=15)
2026-05-07 12:19:00,839 INFO tools.library_search.model: ms-clip: auto-picked GPU 6 (free 24089 MiB)
2026-05-07 12:19:00,839 INFO tools.library_search.model: ms-clip: using CUDA_VISIBLE_DEVICES=6
2026-05-07 12:19:00,839 INFO tools.library_search.model: ms-clip: launching predict_smi (n_candidates=16)
2026-05-07 12:19:12,815 INFO tools.library_search.model: ms-clip: auto-picked GPU 6 (free 24089 MiB)
2026-05-07 12:19:12,815 INFO tools.library_search.model: ms-clip: using CUDA_VISIBLE_DEVICES=6
2026-05-07 12:19:12,815 INFO tools.library_search.model: ms-clip: launching predict_smi (n_candidates=2)
2026-05-07 12:19:24,415 INFO tools.library_search.model: ms-clip: auto-picked GPU 6 (free 24089 MiB)
2026-05-07 12:19:24,415 INFO tools.library_search.model: ms-clip: using CUDA_VISIBLE_DEVICES=6
2026-05-07 12:19:24,415 INFO tools.library_search.model: ms-clip: launching predict_smi (n_candidates=18)
2026-05-07 12:19:35,827 INFO tools.library_search.model: ms-clip: auto-picked GPU 6 (free 24089 MiB)
2026-05-07 12:19:35,827 INFO tools.library_search.model: ms-clip: using CUDA_VISIBLE_DEVICES=6
2026-05-07 12:19:35,827 INFO tools.library_search.model: ms-clip: launching predict_smi (n_candidates=3)
2026-05-07 12:19:47,495 INFO tools.library_search.model: ms-clip: auto-picked GPU 6 (free 24089 MiB)
2026-05-07 12:19:47,495 INFO tools.library_search.model: ms-clip: using CUDA_VISIBLE_DEVICES=6
2026-05-07 12:19:47,495 INFO tools.library_search.model: ms-clip: launching predict_smi (n_candidates=2)
2026-05-07 12:20:00,135 INFO tools.library_search.model: ms-clip: auto-picked GPU 6 (free 24089 MiB)
2026-05-07 12:20:00,135 INFO tools.library_search.model: ms-clip: using CUDA_VISIBLE_DEVICES=6
2026-05-07 12:20:00,135 INFO tools.library_search.model: ms-clip: launching predict_smi (n_candidates=9)
2026-05-07 12:20:12,014 INFO tools.library_search.model: ms-clip: auto-picked GPU 6 (free 24089 MiB)
2026-05-07 12:20:12,014 INFO tools.library_search.model: ms-clip: using CUDA_VISIBLE_DEVICES=6
2026-05-07 12:20:12,015 INFO tools.library_search.model: ms-clip: launching predict_smi (n_candidates=21)
2026-05-07 12:20:23,363 INFO tools.library_search.model: ms-clip: auto-picked GPU 6 (free 24089 MiB)
2026-05-07 12:20:23,363 INFO tools.library_search.model: ms-clip: using CUDA_VISIBLE_DEVICES=6
2026-05-07 12:20:23,363 INFO tools.library_search.model: ms-clip: launching predict_smi (n_candidates=15)
2026-05-07 12:20:34,695 INFO tools.library_search.model: ms-clip: auto-picked GPU 6 (free 24089 MiB)
2026-05-07 12:20:34,695 INFO tools.library_search.model: ms-clip: using CUDA_VISIBLE_DEVICES=6
2026-05-07 12:20:34,696 INFO tools.library_search.model: ms-clip: launching predict_smi (n_candidates=2)
2026-05-07 12:20:46,004 INFO tools.library_search.model: ms-clip: auto-picked GPU 6 (free 24089 MiB)
2026-05-07 12:20:46,004 INFO tools.library_search.model: ms-clip: using CUDA_VISIBLE_DEVICES=6
2026-05-07 12:20:46,004 INFO tools.library_search.model: ms-clip: launching predict_smi (n_candidates=2)
2026-05-07 12:20:57,637 WARNING tools.library_search.tool: ms-clip scoring failed, continuing with modcos only: Adduct '[M+NH3+H]+' is not in the ms-clip MSG ion vocabulary
2026-05-07 12:20:58,213 INFO tools.library_search.model: ms-clip: auto-picked GPU 6 (free 24089 MiB)
2026-05-07 12:20:58,214 INFO tools.library_search.model: ms-clip: using CUDA_VISIBLE_DEVICES=6
2026-05-07 12:20:58,214 INFO tools.library_search.model: ms-clip: launching predict_smi (n_candidates=5)
2026-05-07 12:21:09,763 INFO tools.library_search.model: ms-clip: auto-picked GPU 6 (free 24089 MiB)
2026-05-07 12:21:09,763 INFO tools.library_search.model: ms-clip: using CUDA_VISIBLE_DEVICES=6
2026-05-07 12:21:09,763 INFO tools.library_search.model: ms-clip: launching predict_smi (n_candidates=6)
2026-05-07 12:21:21,214 INFO tools.library_search.model: ms-clip: auto-picked GPU 6 (free 24089 MiB)
2026-05-07 12:21:21,215 INFO tools.library_search.model: ms-clip: using CUDA_VISIBLE_DEVICES=6
2026-05-07 12:21:21,215 INFO tools.library_search.model: ms-clip: launching predict_smi (n_candidates=15)
2026-05-07 12:21:33,627 INFO tools.library_search.model: ms-clip: auto-picked GPU 6 (free 24089 MiB)
2026-05-07 12:21:33,628 INFO tools.library_search.model: ms-clip: using CUDA_VISIBLE_DEVICES=6
2026-05-07 12:21:33,628 INFO tools.library_search.model: ms-clip: launching predict_smi (n_candidates=2)
2026-05-07 12:21:45,203 INFO tools.library_search.model: ms-clip: auto-picked GPU 6 (free 24089 MiB)
2026-05-07 12:21:45,203 INFO tools.library_search.model: ms-clip: using CUDA_VISIBLE_DEVICES=6
2026-05-07 12:21:45,203 INFO tools.library_search.model: ms-clip: launching predict_smi (n_candidates=12)
2026-05-07 12:21:55,679 WARNING tools.library_search.model: ms-clip dropped SMILES Nc1n[n+]([O-])c2ccccc2[n+]1[O-]; emitting sentinel -1.0
2026-05-07 12:21:56,516 INFO tools.library_search.model: ms-clip: auto-picked GPU 6 (free 24089 MiB)
2026-05-07 12:21:56,517 INFO tools.library_search.model: ms-clip: using CUDA_VISIBLE_DEVICES=6
2026-05-07 12:21:56,517 INFO tools.library_search.model: ms-clip: launching predict_smi (n_candidates=12)
2026-05-07 12:22:07,738 WARNING tools.library_search.model: ms-clip dropped SMILES Nc1n[n+]([O-])c2ccccc2[n+]1[O-]; emitting sentinel -1.0
2026-05-07 12:22:08,591 INFO tools.library_search.model: ms-clip: auto-picked GPU 6 (free 24089 MiB)
2026-05-07 12:22:08,591 INFO tools.library_search.model: ms-clip: using CUDA_VISIBLE_DEVICES=6
2026-05-07 12:22:08,591 INFO tools.library_search.model: ms-clip: launching predict_smi (n_candidates=7)
2026-05-07 12:22:20,037 INFO tools.library_search.model: ms-clip: auto-picked GPU 6 (free 24089 MiB)
2026-05-07 12:22:20,038 INFO tools.library_search.model: ms-clip: using CUDA_VISIBLE_DEVICES=6
2026-05-07 12:22:20,038 INFO tools.library_search.model: ms-clip: launching predict_smi (n_candidates=4)
2026-05-07 12:22:32,465 INFO tools.library_search.model: ms-clip: auto-picked GPU 6 (free 24089 MiB)
2026-05-07 12:22:32,465 INFO tools.library_search.model: ms-clip: using CUDA_VISIBLE_DEVICES=6
2026-05-07 12:22:32,465 INFO tools.library_search.model: ms-clip: launching predict_smi (n_candidates=17)
2026-05-07 12:22:44,506 INFO tools.library_search.model: ms-clip: auto-picked GPU 6 (free 24089 MiB)
2026-05-07 12:22:44,506 INFO tools.library_search.model: ms-clip: using CUDA_VISIBLE_DEVICES=6
2026-05-07 12:22:44,506 INFO tools.library_search.model: ms-clip: launching predict_smi (n_candidates=4)
2026-05-07 12:22:56,014 INFO tools.library_search.model: ms-clip: auto-picked GPU 6 (free 24089 MiB)
2026-05-07 12:22:56,015 INFO tools.library_search.model: ms-clip: using CUDA_VISIBLE_DEVICES=6
2026-05-07 12:22:56,015 INFO tools.library_search.model: ms-clip: launching predict_smi (n_candidates=1)
2026-05-07 12:23:08,051 INFO tools.library_search.model: ms-clip: auto-picked GPU 6 (free 24089 MiB)
2026-05-07 12:23:08,051 INFO tools.library_search.model: ms-clip: using CUDA_VISIBLE_DEVICES=6
2026-05-07 12:23:08,051 INFO tools.library_search.model: ms-clip: launching predict_smi (n_candidates=4)
2026-05-07 12:23:19,747 INFO tools.library_search.model: ms-clip: auto-picked GPU 6 (free 24089 MiB)
2026-05-07 12:23:19,748 INFO tools.library_search.model: ms-clip: using CUDA_VISIBLE_DEVICES=6
2026-05-07 12:23:19,748 INFO tools.library_search.model: ms-clip: launching predict_smi (n_candidates=2)
2026-05-07 12:23:31,244 INFO tools.library_search.model: ms-clip: auto-picked GPU 6 (free 24089 MiB)
2026-05-07 12:23:31,244 INFO tools.library_search.model: ms-clip: using CUDA_VISIBLE_DEVICES=6
2026-05-07 12:23:31,244 INFO tools.library_search.model: ms-clip: launching predict_smi (n_candidates=7)
2026-05-07 12:23:42,711 INFO tools.library_search.model: ms-clip: auto-picked GPU 6 (free 24089 MiB)
2026-05-07 12:23:42,711 INFO tools.library_search.model: ms-clip: using CUDA_VISIBLE_DEVICES=6
2026-05-07 12:23:42,711 INFO tools.library_search.model: ms-clip: launching predict_smi (n_candidates=9)
2026-05-07 12:23:54,166 INFO tools.library_search.model: ms-clip: auto-picked GPU 6 (free 24089 MiB)
2026-05-07 12:23:54,166 INFO tools.library_search.model: ms-clip: using CUDA_VISIBLE_DEVICES=6
2026-05-07 12:23:54,166 INFO tools.library_search.model: ms-clip: launching predict_smi (n_candidates=8)
2026-05-07 12:24:06,399 INFO tools.library_search.model: ms-clip: auto-picked GPU 6 (free 24089 MiB)
2026-05-07 12:24:06,399 INFO tools.library_search.model: ms-clip: using CUDA_VISIBLE_DEVICES=6
2026-05-07 12:24:06,399 INFO tools.library_search.model: ms-clip: launching predict_smi (n_candidates=22)
2026-05-07 12:24:18,222 INFO tools.library_search.model: ms-clip: auto-picked GPU 6 (free 24089 MiB)
2026-05-07 12:24:18,222 INFO tools.library_search.model: ms-clip: using CUDA_VISIBLE_DEVICES=6
2026-05-07 12:24:18,222 INFO tools.library_search.model: ms-clip: launching predict_smi (n_candidates=2)
2026-05-07 12:24:29,663 INFO tools.library_search.model: ms-clip: auto-picked GPU 6 (free 24089 MiB)
2026-05-07 12:24:29,664 INFO tools.library_search.model: ms-clip: using CUDA_VISIBLE_DEVICES=6
2026-05-07 12:24:29,664 INFO tools.library_search.model: ms-clip: launching predict_smi (n_candidates=10)
2026-05-07 12:24:41,069 INFO tools.library_search.model: ms-clip: auto-picked GPU 6 (free 24089 MiB)
2026-05-07 12:24:41,069 INFO tools.library_search.model: ms-clip: using CUDA_VISIBLE_DEVICES=6
2026-05-07 12:24:41,070 INFO tools.library_search.model: ms-clip: launching predict_smi (n_candidates=8)
2026-05-07 12:24:52,554 INFO tools.library_search.model: ms-clip: auto-picked GPU 6 (free 24089 MiB)
2026-05-07 12:24:52,554 INFO tools.library_search.model: ms-clip: using CUDA_VISIBLE_DEVICES=6
2026-05-07 12:24:52,554 INFO tools.library_search.model: ms-clip: launching predict_smi (n_candidates=15)
2026-05-07 12:25:04,693 WARNING tools.library_search.tool: ms-clip scoring failed, continuing with modcos only: Adduct '[M+NH3+H]+' is not in the ms-clip MSG ion vocabulary
2026-05-07 12:25:05,502 INFO tools.library_search.model: ms-clip: auto-picked GPU 6 (free 24089 MiB)
2026-05-07 12:25:05,503 INFO tools.library_search.model: ms-clip: using CUDA_VISIBLE_DEVICES=6
2026-05-07 12:25:05,503 INFO tools.library_search.model: ms-clip: launching predict_smi (n_candidates=41)
2026-05-07 12:25:17,056 INFO tools.library_search.model: ms-clip: auto-picked GPU 6 (free 24089 MiB)
2026-05-07 12:25:17,056 INFO tools.library_search.model: ms-clip: using CUDA_VISIBLE_DEVICES=6
2026-05-07 12:25:17,056 INFO tools.library_search.model: ms-clip: launching predict_smi (n_candidates=8)
2026-05-07 12:25:29,588 INFO tools.library_search.model: ms-clip: auto-picked GPU 6 (free 24089 MiB)
2026-05-07 12:25:29,588 INFO tools.library_search.model: ms-clip: using CUDA_VISIBLE_DEVICES=6
2026-05-07 12:25:29,588 INFO tools.library_search.model: ms-clip: launching predict_smi (n_candidates=6)
2026-05-07 12:25:41,000 INFO tools.library_search.model: ms-clip: auto-picked GPU 6 (free 24089 MiB)
2026-05-07 12:25:41,001 INFO tools.library_search.model: ms-clip: using CUDA_VISIBLE_DEVICES=6
2026-05-07 12:25:41,001 INFO tools.library_search.model: ms-clip: launching predict_smi (n_candidates=18)
2026-05-07 12:25:52,686 INFO tools.library_search.model: ms-clip: auto-picked GPU 6 (free 24089 MiB)
2026-05-07 12:25:52,686 INFO tools.library_search.model: ms-clip: using CUDA_VISIBLE_DEVICES=6
2026-05-07 12:25:52,686 INFO tools.library_search.model: ms-clip: launching predict_smi (n_candidates=21)
2026-05-07 12:26:04,187 INFO tools.library_search.model: ms-clip: auto-picked GPU 6 (free 24089 MiB)
2026-05-07 12:26:04,187 INFO tools.library_search.model: ms-clip: using CUDA_VISIBLE_DEVICES=6
2026-05-07 12:26:04,187 INFO tools.library_search.model: ms-clip: launching predict_smi (n_candidates=21)
2026-05-07 12:26:15,547 INFO tools.library_search.model: ms-clip: auto-picked GPU 6 (free 24089 MiB)
2026-05-07 12:26:15,547 INFO tools.library_search.model: ms-clip: using CUDA_VISIBLE_DEVICES=6
2026-05-07 12:26:15,547 INFO tools.library_search.model: ms-clip: launching predict_smi (n_candidates=3)
2026-05-07 12:26:27,762 INFO tools.library_search.model: ms-clip: auto-picked GPU 6 (free 24089 MiB)
2026-05-07 12:26:27,762 INFO tools.library_search.model: ms-clip: using CUDA_VISIBLE_DEVICES=6
2026-05-07 12:26:27,762 INFO tools.library_search.model: ms-clip: launching predict_smi (n_candidates=6)
2026-05-07 12:26:39,452 INFO tools.library_search.model: ms-clip: auto-picked GPU 6 (free 24089 MiB)
2026-05-07 12:26:39,452 INFO tools.library_search.model: ms-clip: using CUDA_VISIBLE_DEVICES=6
2026-05-07 12:26:39,452 INFO tools.library_search.model: ms-clip: launching predict_smi (n_candidates=3)
2026-05-07 12:26:51,739 INFO tools.library_search.model: ms-clip: auto-picked GPU 6 (free 24089 MiB)
2026-05-07 12:26:51,739 INFO tools.library_search.model: ms-clip: using CUDA_VISIBLE_DEVICES=6
2026-05-07 12:26:51,739 INFO tools.library_search.model: ms-clip: launching predict_smi (n_candidates=6)
2026-05-07 12:27:03,354 INFO tools.library_search.model: ms-clip: auto-picked GPU 6 (free 24089 MiB)
2026-05-07 12:27:03,355 INFO tools.library_search.model: ms-clip: using CUDA_VISIBLE_DEVICES=6
2026-05-07 12:27:03,355 INFO tools.library_search.model: ms-clip: launching predict_smi (n_candidates=42)
2026-05-07 12:27:14,455 WARNING tools.library_search.tool: ms-clip scoring failed, continuing with modcos only: Adduct '[M-H2O-H]-' is not in the ms-clip MSG ion vocabulary
2026-05-07 12:27:15,036 INFO tools.library_search.model: ms-clip: auto-picked GPU 6 (free 24089 MiB)
2026-05-07 12:27:15,036 INFO tools.library_search.model: ms-clip: using CUDA_VISIBLE_DEVICES=6
2026-05-07 12:27:15,036 INFO tools.library_search.model: ms-clip: launching predict_smi (n_candidates=3)
2026-05-07 12:27:26,467 INFO tools.library_search.model: ms-clip: auto-picked GPU 6 (free 24089 MiB)
2026-05-07 12:27:26,467 INFO tools.library_search.model: ms-clip: using CUDA_VISIBLE_DEVICES=6
2026-05-07 12:27:26,468 INFO tools.library_search.model: ms-clip: launching predict_smi (n_candidates=21)
2026-05-07 12:27:38,277 INFO tools.library_search.model: ms-clip: auto-picked GPU 6 (free 24089 MiB)
2026-05-07 12:27:38,277 INFO tools.library_search.model: ms-clip: using CUDA_VISIBLE_DEVICES=6
2026-05-07 12:27:38,277 INFO tools.library_search.model: ms-clip: launching predict_smi (n_candidates=14)
2026-05-07 12:27:50,098 INFO tools.library_search.model: ms-clip: auto-picked GPU 6 (free 24089 MiB)
2026-05-07 12:27:50,098 INFO tools.library_search.model: ms-clip: using CUDA_VISIBLE_DEVICES=6
2026-05-07 12:27:50,098 INFO tools.library_search.model: ms-clip: launching predict_smi (n_candidates=2)
2026-05-07 12:28:01,736 INFO tools.library_search.model: ms-clip: auto-picked GPU 6 (free 24089 MiB)
2026-05-07 12:28:01,737 INFO tools.library_search.model: ms-clip: using CUDA_VISIBLE_DEVICES=6
2026-05-07 12:28:01,737 INFO tools.library_search.model: ms-clip: launching predict_smi (n_candidates=2)
2026-05-07 12:28:13,107 INFO tools.library_search.model: ms-clip: auto-picked GPU 6 (free 24089 MiB)
2026-05-07 12:28:13,107 INFO tools.library_search.model: ms-clip: using CUDA_VISIBLE_DEVICES=6
2026-05-07 12:28:13,107 INFO tools.library_search.model: ms-clip: launching predict_smi (n_candidates=4)
2026-05-07 12:28:25,697 INFO tools.library_search.model: ms-clip: auto-picked GPU 6 (free 24089 MiB)
2026-05-07 12:28:25,698 INFO tools.library_search.model: ms-clip: using CUDA_VISIBLE_DEVICES=6
2026-05-07 12:28:25,698 INFO tools.library_search.model: ms-clip: launching predict_smi (n_candidates=4)
2026-05-07 12:28:37,038 INFO tools.library_search.model: ms-clip: auto-picked GPU 6 (free 24089 MiB)
2026-05-07 12:28:37,039 INFO tools.library_search.model: ms-clip: using CUDA_VISIBLE_DEVICES=6
2026-05-07 12:28:37,039 INFO tools.library_search.model: ms-clip: launching predict_smi (n_candidates=3)
2026-05-07 12:28:49,422 INFO tools.library_search.model: ms-clip: auto-picked GPU 6 (free 24089 MiB)
2026-05-07 12:28:49,423 INFO tools.library_search.model: ms-clip: using CUDA_VISIBLE_DEVICES=6
2026-05-07 12:28:49,423 INFO tools.library_search.model: ms-clip: launching predict_smi (n_candidates=6)
2026-05-07 12:29:01,618 INFO tools.library_search.model: ms-clip: auto-picked GPU 6 (free 24089 MiB)
2026-05-07 12:29:01,618 INFO tools.library_search.model: ms-clip: using CUDA_VISIBLE_DEVICES=6
2026-05-07 12:29:01,618 INFO tools.library_search.model: ms-clip: launching predict_smi (n_candidates=2)
2026-05-07 12:29:12,732 INFO tools.library_search.model: ms-clip: auto-picked GPU 6 (free 24089 MiB)
2026-05-07 12:29:12,733 INFO tools.library_search.model: ms-clip: using CUDA_VISIBLE_DEVICES=6
2026-05-07 12:29:12,733 INFO tools.library_search.model: ms-clip: launching predict_smi (n_candidates=4)
2026-05-07 12:29:25,119 INFO tools.library_search.model: ms-clip: auto-picked GPU 6 (free 24089 MiB)
2026-05-07 12:29:25,119 INFO tools.library_search.model: ms-clip: using CUDA_VISIBLE_DEVICES=6
2026-05-07 12:29:25,119 INFO tools.library_search.model: ms-clip: launching predict_smi (n_candidates=3)
2026-05-07 12:29:36,884 INFO tools.library_search.model: ms-clip: auto-picked GPU 6 (free 24089 MiB)
2026-05-07 12:29:36,884 INFO tools.library_search.model: ms-clip: using CUDA_VISIBLE_DEVICES=6
2026-05-07 12:29:36,884 INFO tools.library_search.model: ms-clip: launching predict_smi (n_candidates=12)
2026-05-07 12:29:49,139 INFO tools.library_search.model: ms-clip: auto-picked GPU 6 (free 24089 MiB)
2026-05-07 12:29:49,139 INFO tools.library_search.model: ms-clip: using CUDA_VISIBLE_DEVICES=6
2026-05-07 12:29:49,139 INFO tools.library_search.model: ms-clip: launching predict_smi (n_candidates=6)
2026-05-07 12:30:01,076 INFO tools.library_search.model: ms-clip: auto-picked GPU 6 (free 24089 MiB)
2026-05-07 12:30:01,076 INFO tools.library_search.model: ms-clip: using CUDA_VISIBLE_DEVICES=6
2026-05-07 12:30:01,076 INFO tools.library_search.model: ms-clip: launching predict_smi (n_candidates=4)
2026-05-07 12:30:12,495 INFO tools.library_search.model: ms-clip: auto-picked GPU 6 (free 24089 MiB)
2026-05-07 12:30:12,495 INFO tools.library_search.model: ms-clip: using CUDA_VISIBLE_DEVICES=6
2026-05-07 12:30:12,495 INFO tools.library_search.model: ms-clip: launching predict_smi (n_candidates=3)
2026-05-07 12:30:23,895 INFO tools.library_search.model: ms-clip: auto-picked GPU 6 (free 24089 MiB)
2026-05-07 12:30:23,895 INFO tools.library_search.model: ms-clip: using CUDA_VISIBLE_DEVICES=6
2026-05-07 12:30:23,895 INFO tools.library_search.model: ms-clip: launching predict_smi (n_candidates=6)
2026-05-07 12:30:35,388 INFO tools.library_search.model: ms-clip: auto-picked GPU 6 (free 24089 MiB)
2026-05-07 12:30:35,388 INFO tools.library_search.model: ms-clip: using CUDA_VISIBLE_DEVICES=6
2026-05-07 12:30:35,388 INFO tools.library_search.model: ms-clip: launching predict_smi (n_candidates=3)
2026-05-07 12:30:47,213 INFO tools.library_search.model: ms-clip: auto-picked GPU 6 (free 24089 MiB)
2026-05-07 12:30:47,214 INFO tools.library_search.model: ms-clip: using CUDA_VISIBLE_DEVICES=6
2026-05-07 12:30:47,214 INFO tools.library_search.model: ms-clip: launching predict_smi (n_candidates=1)
2026-05-07 12:30:59,410 INFO tools.library_search.model: ms-clip: auto-picked GPU 6 (free 24089 MiB)
2026-05-07 12:30:59,410 INFO tools.library_search.model: ms-clip: using CUDA_VISIBLE_DEVICES=6
2026-05-07 12:30:59,410 INFO tools.library_search.model: ms-clip: launching predict_smi (n_candidates=1)
2026-05-07 12:31:10,900 INFO tools.library_search.model: ms-clip: auto-picked GPU 6 (free 24089 MiB)
2026-05-07 12:31:10,901 INFO tools.library_search.model: ms-clip: using CUDA_VISIBLE_DEVICES=6
2026-05-07 12:31:10,901 INFO tools.library_search.model: ms-clip: launching predict_smi (n_candidates=3)
2026-05-07 12:31:22,832 INFO tools.library_search.model: ms-clip: auto-picked GPU 6 (free 24089 MiB)
2026-05-07 12:31:22,833 INFO tools.library_search.model: ms-clip: using CUDA_VISIBLE_DEVICES=6
2026-05-07 12:31:22,833 INFO tools.library_search.model: ms-clip: launching predict_smi (n_candidates=8)
2026-05-07 12:31:34,316 INFO tools.library_search.model: ms-clip: auto-picked GPU 6 (free 24089 MiB)
2026-05-07 12:31:34,316 INFO tools.library_search.model: ms-clip: using CUDA_VISIBLE_DEVICES=6
2026-05-07 12:31:34,316 INFO tools.library_search.model: ms-clip: launching predict_smi (n_candidates=6)
2026-05-07 12:31:45,710 INFO tools.library_search.model: ms-clip: auto-picked GPU 6 (free 24089 MiB)
2026-05-07 12:31:45,710 INFO tools.library_search.model: ms-clip: using CUDA_VISIBLE_DEVICES=6
2026-05-07 12:31:45,710 INFO tools.library_search.model: ms-clip: launching predict_smi (n_candidates=6)
2026-05-07 12:31:57,828 INFO tools.library_search.model: ms-clip: auto-picked GPU 6 (free 24089 MiB)
2026-05-07 12:31:57,828 INFO tools.library_search.model: ms-clip: using CUDA_VISIBLE_DEVICES=6
2026-05-07 12:31:57,828 INFO tools.library_search.model: ms-clip: launching predict_smi (n_candidates=9)
2026-05-07 12:32:09,250 INFO tools.library_search.model: ms-clip: auto-picked GPU 6 (free 24089 MiB)
2026-05-07 12:32:09,250 INFO tools.library_search.model: ms-clip: using CUDA_VISIBLE_DEVICES=6
2026-05-07 12:32:09,250 INFO tools.library_search.model: ms-clip: launching predict_smi (n_candidates=8)
2026-05-07 12:32:20,711 INFO tools.library_search.model: ms-clip: auto-picked GPU 6 (free 24089 MiB)
2026-05-07 12:32:20,711 INFO tools.library_search.model: ms-clip: using CUDA_VISIBLE_DEVICES=6
2026-05-07 12:32:20,711 INFO tools.library_search.model: ms-clip: launching predict_smi (n_candidates=3)
2026-05-07 12:32:32,820 INFO tools.library_search.model: ms-clip: auto-picked GPU 6 (free 24089 MiB)
2026-05-07 12:32:32,820 INFO tools.library_search.model: ms-clip: using CUDA_VISIBLE_DEVICES=6
2026-05-07 12:32:32,821 INFO tools.library_search.model: ms-clip: launching predict_smi (n_candidates=4)
2026-05-07 12:32:44,916 INFO tools.library_search.model: ms-clip: auto-picked GPU 6 (free 24089 MiB)
2026-05-07 12:32:44,916 INFO tools.library_search.model: ms-clip: using CUDA_VISIBLE_DEVICES=6
2026-05-07 12:32:44,916 INFO tools.library_search.model: ms-clip: launching predict_smi (n_candidates=3)
2026-05-07 12:32:56,630 INFO tools.library_search.model: ms-clip: auto-picked GPU 6 (free 24089 MiB)
2026-05-07 12:32:56,630 INFO tools.library_search.model: ms-clip: using CUDA_VISIBLE_DEVICES=6
2026-05-07 12:32:56,630 INFO tools.library_search.model: ms-clip: launching predict_smi (n_candidates=1)
2026-05-07 12:33:08,734 INFO tools.library_search.model: ms-clip: auto-picked GPU 6 (free 24089 MiB)
2026-05-07 12:33:08,734 INFO tools.library_search.model: ms-clip: using CUDA_VISIBLE_DEVICES=6
2026-05-07 12:33:08,734 INFO tools.library_search.model: ms-clip: launching predict_smi (n_candidates=2)
2026-05-07 12:33:20,338 INFO tools.library_search.model: ms-clip: auto-picked GPU 6 (free 24089 MiB)
2026-05-07 12:33:20,338 INFO tools.library_search.model: ms-clip: using CUDA_VISIBLE_DEVICES=6
2026-05-07 12:33:20,338 INFO tools.library_search.model: ms-clip: launching predict_smi (n_candidates=4)
2026-05-07 12:33:31,862 INFO tools.library_search.model: ms-clip: auto-picked GPU 6 (free 24089 MiB)
2026-05-07 12:33:31,863 INFO tools.library_search.model: ms-clip: using CUDA_VISIBLE_DEVICES=6
2026-05-07 12:33:31,863 INFO tools.library_search.model: ms-clip: launching predict_smi (n_candidates=4)
2026-05-07 12:33:43,254 INFO tools.library_search.model: ms-clip: auto-picked GPU 6 (free 24089 MiB)
2026-05-07 12:33:43,254 INFO tools.library_search.model: ms-clip: using CUDA_VISIBLE_DEVICES=6
2026-05-07 12:33:43,254 INFO tools.library_search.model: ms-clip: launching predict_smi (n_candidates=8)
2026-05-07 12:33:55,169 INFO tools.library_search.model: ms-clip: auto-picked GPU 6 (free 24089 MiB)
2026-05-07 12:33:55,169 INFO tools.library_search.model: ms-clip: using CUDA_VISIBLE_DEVICES=6
2026-05-07 12:33:55,169 INFO tools.library_search.model: ms-clip: launching predict_smi (n_candidates=2)
2026-05-07 12:34:07,527 INFO tools.library_search.model: ms-clip: auto-picked GPU 6 (free 24089 MiB)
2026-05-07 12:34:07,528 INFO tools.library_search.model: ms-clip: using CUDA_VISIBLE_DEVICES=6
2026-05-07 12:34:07,528 INFO tools.library_search.model: ms-clip: launching predict_smi (n_candidates=2)
2026-05-07 12:34:19,706 WARNING tools.library_search.tool: ms-clip scoring failed, continuing with modcos only: Adduct '[M+NH3+H]+' is not in the ms-clip MSG ion vocabulary
2026-05-07 12:34:20,317 INFO tools.library_search.model: ms-clip: auto-picked GPU 6 (free 24089 MiB)
2026-05-07 12:34:20,317 INFO tools.library_search.model: ms-clip: using CUDA_VISIBLE_DEVICES=6
2026-05-07 12:34:20,317 INFO tools.library_search.model: ms-clip: launching predict_smi (n_candidates=8)
2026-05-07 12:34:31,793 INFO tools.library_search.model: ms-clip: auto-picked GPU 6 (free 24089 MiB)
2026-05-07 12:34:31,793 INFO tools.library_search.model: ms-clip: using CUDA_VISIBLE_DEVICES=6
2026-05-07 12:34:31,793 INFO tools.library_search.model: ms-clip: launching predict_smi (n_candidates=1)
2026-05-07 12:34:43,226 INFO tools.library_search.model: ms-clip: auto-picked GPU 6 (free 24089 MiB)
2026-05-07 12:34:43,227 INFO tools.library_search.model: ms-clip: using CUDA_VISIBLE_DEVICES=6
2026-05-07 12:34:43,227 INFO tools.library_search.model: ms-clip: launching predict_smi (n_candidates=1)
2026-05-07 12:34:55,449 INFO tools.library_search.model: ms-clip: auto-picked GPU 6 (free 24089 MiB)
2026-05-07 12:34:55,449 INFO tools.library_search.model: ms-clip: using CUDA_VISIBLE_DEVICES=6
2026-05-07 12:34:55,449 INFO tools.library_search.model: ms-clip: launching predict_smi (n_candidates=1)
2026-05-07 12:35:06,878 INFO tools.library_search.model: ms-clip: auto-picked GPU 6 (free 24089 MiB)
2026-05-07 12:35:06,878 INFO tools.library_search.model: ms-clip: using CUDA_VISIBLE_DEVICES=6
2026-05-07 12:35:06,878 INFO tools.library_search.model: ms-clip: launching predict_smi (n_candidates=6)
2026-05-07 12:35:18,898 INFO tools.library_search.model: ms-clip: auto-picked GPU 6 (free 24089 MiB)
2026-05-07 12:35:18,898 INFO tools.library_search.model: ms-clip: using CUDA_VISIBLE_DEVICES=6
2026-05-07 12:35:18,898 INFO tools.library_search.model: ms-clip: launching predict_smi (n_candidates=1)
2026-05-07 12:35:30,286 INFO tools.library_search.model: ms-clip: auto-picked GPU 6 (free 24089 MiB)
2026-05-07 12:35:30,287 INFO tools.library_search.model: ms-clip: using CUDA_VISIBLE_DEVICES=6
2026-05-07 12:35:30,287 INFO tools.library_search.model: ms-clip: launching predict_smi (n_candidates=4)
2026-05-07 12:35:42,456 INFO tools.library_search.model: ms-clip: auto-picked GPU 6 (free 24089 MiB)
2026-05-07 12:35:42,456 INFO tools.library_search.model: ms-clip: using CUDA_VISIBLE_DEVICES=6
2026-05-07 12:35:42,456 INFO tools.library_search.model: ms-clip: launching predict_smi (n_candidates=8)
2026-05-07 12:35:53,883 INFO tools.library_search.model: ms-clip: auto-picked GPU 6 (free 24089 MiB)
2026-05-07 12:35:53,883 INFO tools.library_search.model: ms-clip: using CUDA_VISIBLE_DEVICES=6
2026-05-07 12:35:53,883 INFO tools.library_search.model: ms-clip: launching predict_smi (n_candidates=8)
2026-05-07 12:36:05,593 WARNING tools.library_search.tool: ms-clip scoring failed, continuing with modcos only: Adduct '[M+NH3+H]+' is not in the ms-clip MSG ion vocabulary
2026-05-07 12:36:06,185 INFO tools.library_search.model: ms-clip: auto-picked GPU 6 (free 24089 MiB)
2026-05-07 12:36:06,185 INFO tools.library_search.model: ms-clip: using CUDA_VISIBLE_DEVICES=6
2026-05-07 12:36:06,185 INFO tools.library_search.model: ms-clip: launching predict_smi (n_candidates=1)
2026-05-07 12:36:19,007 INFO tools.library_search.model: ms-clip: auto-picked GPU 6 (free 24089 MiB)
2026-05-07 12:36:19,008 INFO tools.library_search.model: ms-clip: using CUDA_VISIBLE_DEVICES=6
2026-05-07 12:36:19,008 INFO tools.library_search.model: ms-clip: launching predict_smi (n_candidates=1)
2026-05-07 12:36:30,830 INFO tools.library_search.model: ms-clip: auto-picked GPU 6 (free 24089 MiB)
2026-05-07 12:36:30,830 INFO tools.library_search.model: ms-clip: using CUDA_VISIBLE_DEVICES=6
2026-05-07 12:36:30,830 INFO tools.library_search.model: ms-clip: launching predict_smi (n_candidates=1)
2026-05-07 12:36:42,755 INFO tools.library_search.model: ms-clip: auto-picked GPU 6 (free 24089 MiB)
2026-05-07 12:36:42,755 INFO tools.library_search.model: ms-clip: using CUDA_VISIBLE_DEVICES=6
2026-05-07 12:36:42,755 INFO tools.library_search.model: ms-clip: launching predict_smi (n_candidates=8)
2026-05-07 12:36:54,844 INFO tools.library_search.model: ms-clip: auto-picked GPU 6 (free 24089 MiB)
2026-05-07 12:36:54,845 INFO tools.library_search.model: ms-clip: using CUDA_VISIBLE_DEVICES=6
2026-05-07 12:36:54,845 INFO tools.library_search.model: ms-clip: launching predict_smi (n_candidates=17)
2026-05-07 12:37:06,650 INFO tools.library_search.model: ms-clip: auto-picked GPU 6 (free 24089 MiB)
2026-05-07 12:37:06,650 INFO tools.library_search.model: ms-clip: using CUDA_VISIBLE_DEVICES=6
2026-05-07 12:37:06,650 INFO tools.library_search.model: ms-clip: launching predict_smi (n_candidates=1)
2026-05-07 12:37:19,110 INFO tools.library_search.model: ms-clip: auto-picked GPU 6 (free 24089 MiB)
2026-05-07 12:37:19,111 INFO tools.library_search.model: ms-clip: using CUDA_VISIBLE_DEVICES=6
2026-05-07 12:37:19,111 INFO tools.library_search.model: ms-clip: launching predict_smi (n_candidates=1)
2026-05-07 12:37:30,603 INFO tools.library_search.model: ms-clip: auto-picked GPU 6 (free 24089 MiB)
2026-05-07 12:37:30,603 INFO tools.library_search.model: ms-clip: using CUDA_VISIBLE_DEVICES=6
2026-05-07 12:37:30,603 INFO tools.library_search.model: ms-clip: launching predict_smi (n_candidates=12)
2026-05-07 12:37:42,289 INFO tools.library_search.model: ms-clip: auto-picked GPU 6 (free 24089 MiB)
2026-05-07 12:37:42,290 INFO tools.library_search.model: ms-clip: using CUDA_VISIBLE_DEVICES=6
2026-05-07 12:37:42,290 INFO tools.library_search.model: ms-clip: launching predict_smi (n_candidates=8)
2026-05-07 12:37:53,683 INFO tools.library_search.model: ms-clip: auto-picked GPU 6 (free 24089 MiB)
2026-05-07 12:37:53,683 INFO tools.library_search.model: ms-clip: using CUDA_VISIBLE_DEVICES=6
2026-05-07 12:37:53,683 INFO tools.library_search.model: ms-clip: launching predict_smi (n_candidates=1)
2026-05-07 12:38:05,278 INFO tools.library_search.model: ms-clip: auto-picked GPU 6 (free 24089 MiB)
2026-05-07 12:38:05,279 INFO tools.library_search.model: ms-clip: using CUDA_VISIBLE_DEVICES=6
2026-05-07 12:38:05,279 INFO tools.library_search.model: ms-clip: launching predict_smi (n_candidates=8)
2026-05-07 12:38:16,601 INFO tools.library_search.model: ms-clip: auto-picked GPU 6 (free 24089 MiB)
2026-05-07 12:38:16,601 INFO tools.library_search.model: ms-clip: using CUDA_VISIBLE_DEVICES=6
2026-05-07 12:38:16,601 INFO tools.library_search.model: ms-clip: launching predict_smi (n_candidates=1)
2026-05-07 12:38:28,287 INFO tools.library_search.model: ms-clip: auto-picked GPU 6 (free 24089 MiB)
2026-05-07 12:38:28,287 INFO tools.library_search.model: ms-clip: using CUDA_VISIBLE_DEVICES=6
2026-05-07 12:38:28,287 INFO tools.library_search.model: ms-clip: launching predict_smi (n_candidates=1)
2026-05-07 12:38:39,801 INFO tools.library_search.model: ms-clip: auto-picked GPU 6 (free 24089 MiB)
2026-05-07 12:38:39,802 INFO tools.library_search.model: ms-clip: using CUDA_VISIBLE_DEVICES=6
2026-05-07 12:38:39,802 INFO tools.library_search.model: ms-clip: launching predict_smi (n_candidates=6)
2026-05-07 12:38:52,531 INFO tools.library_search.model: ms-clip: auto-picked GPU 6 (free 24089 MiB)
2026-05-07 12:38:52,531 INFO tools.library_search.model: ms-clip: using CUDA_VISIBLE_DEVICES=6
2026-05-07 12:38:52,531 INFO tools.library_search.model: ms-clip: launching predict_smi (n_candidates=2)
2026-05-07 12:39:05,055 INFO tools.library_search.model: ms-clip: auto-picked GPU 6 (free 24089 MiB)
2026-05-07 12:39:05,056 INFO tools.library_search.model: ms-clip: using CUDA_VISIBLE_DEVICES=6
2026-05-07 12:39:05,056 INFO tools.library_search.model: ms-clip: launching predict_smi (n_candidates=8)
2026-05-07 12:39:16,700 INFO tools.library_search.model: ms-clip: auto-picked GPU 6 (free 24089 MiB)
2026-05-07 12:39:16,700 INFO tools.library_search.model: ms-clip: using CUDA_VISIBLE_DEVICES=6
2026-05-07 12:39:16,700 INFO tools.library_search.model: ms-clip: launching predict_smi (n_candidates=8)
2026-05-07 12:39:28,233 INFO tools.library_search.model: ms-clip: auto-picked GPU 6 (free 24089 MiB)
2026-05-07 12:39:28,233 INFO tools.library_search.model: ms-clip: using CUDA_VISIBLE_DEVICES=6
2026-05-07 12:39:28,233 INFO tools.library_search.model: ms-clip: launching predict_smi (n_candidates=1)
2026-05-07 12:39:40,274 INFO tools.library_search.model: ms-clip: auto-picked GPU 6 (free 24089 MiB)
2026-05-07 12:39:40,274 INFO tools.library_search.model: ms-clip: using CUDA_VISIBLE_DEVICES=6
2026-05-07 12:39:40,274 INFO tools.library_search.model: ms-clip: launching predict_smi (n_candidates=14)
2026-05-07 12:39:52,819 INFO tools.library_search.model: ms-clip: auto-picked GPU 6 (free 24089 MiB)
2026-05-07 12:39:52,819 INFO tools.library_search.model: ms-clip: using CUDA_VISIBLE_DEVICES=6
2026-05-07 12:39:52,819 INFO tools.library_search.model: ms-clip: launching predict_smi (n_candidates=4)
2026-05-07 12:40:04,210 INFO tools.library_search.model: ms-clip: auto-picked GPU 6 (free 24089 MiB)
2026-05-07 12:40:04,210 INFO tools.library_search.model: ms-clip: using CUDA_VISIBLE_DEVICES=6
2026-05-07 12:40:04,210 INFO tools.library_search.model: ms-clip: launching predict_smi (n_candidates=4)
2026-05-07 12:40:15,800 INFO tools.library_search.model: ms-clip: auto-picked GPU 6 (free 24089 MiB)
2026-05-07 12:40:15,800 INFO tools.library_search.model: ms-clip: using CUDA_VISIBLE_DEVICES=6
2026-05-07 12:40:15,800 INFO tools.library_search.model: ms-clip: launching predict_smi (n_candidates=4)
2026-05-07 12:40:28,141 INFO tools.library_search.model: ms-clip: auto-picked GPU 6 (free 24089 MiB)
2026-05-07 12:40:28,141 INFO tools.library_search.model: ms-clip: using CUDA_VISIBLE_DEVICES=6
2026-05-07 12:40:28,141 INFO tools.library_search.model: ms-clip: launching predict_smi (n_candidates=4)
2026-05-07 12:40:39,575 INFO tools.library_search.model: ms-clip: auto-picked GPU 6 (free 24089 MiB)
2026-05-07 12:40:39,575 INFO tools.library_search.model: ms-clip: using CUDA_VISIBLE_DEVICES=6
2026-05-07 12:40:39,575 INFO tools.library_search.model: ms-clip: launching predict_smi (n_candidates=8)
2026-05-07 12:40:52,019 INFO tools.library_search.model: ms-clip: auto-picked GPU 6 (free 24089 MiB)
2026-05-07 12:40:52,019 INFO tools.library_search.model: ms-clip: using CUDA_VISIBLE_DEVICES=6
2026-05-07 12:40:52,019 INFO tools.library_search.model: ms-clip: launching predict_smi (n_candidates=1)
2026-05-07 12:41:03,925 INFO tools.library_search.model: ms-clip: auto-picked GPU 6 (free 24089 MiB)
2026-05-07 12:41:03,925 INFO tools.library_search.model: ms-clip: using CUDA_VISIBLE_DEVICES=6
2026-05-07 12:41:03,925 INFO tools.library_search.model: ms-clip: launching predict_smi (n_candidates=8)
2026-05-07 12:41:18,227 INFO tools.library_search.model: ms-clip: auto-picked GPU 6 (free 24089 MiB)
2026-05-07 12:41:18,227 INFO tools.library_search.model: ms-clip: using CUDA_VISIBLE_DEVICES=6
2026-05-07 12:41:18,228 INFO tools.library_search.model: ms-clip: launching predict_smi (n_candidates=8)
2026-05-07 12:41:31,522 INFO tools.library_search.model: ms-clip: auto-picked GPU 6 (free 24089 MiB)
2026-05-07 12:41:31,522 INFO tools.library_search.model: ms-clip: using CUDA_VISIBLE_DEVICES=6
2026-05-07 12:41:31,523 INFO tools.library_search.model: ms-clip: launching predict_smi (n_candidates=6)
2026-05-07 12:41:43,535 INFO tools.library_search.model: ms-clip: auto-picked GPU 6 (free 24089 MiB)
2026-05-07 12:41:43,535 INFO tools.library_search.model: ms-clip: using CUDA_VISIBLE_DEVICES=6
2026-05-07 12:41:43,535 INFO tools.library_search.model: ms-clip: launching predict_smi (n_candidates=15)
2026-05-07 12:41:55,057 INFO tools.library_search.model: ms-clip: auto-picked GPU 6 (free 24089 MiB)
2026-05-07 12:41:55,057 INFO tools.library_search.model: ms-clip: using CUDA_VISIBLE_DEVICES=6
2026-05-07 12:41:55,057 INFO tools.library_search.model: ms-clip: launching predict_smi (n_candidates=11)
2026-05-07 12:42:06,639 INFO tools.library_search.model: ms-clip: auto-picked GPU 6 (free 24089 MiB)
2026-05-07 12:42:06,639 INFO tools.library_search.model: ms-clip: using CUDA_VISIBLE_DEVICES=6
2026-05-07 12:42:06,640 INFO tools.library_search.model: ms-clip: launching predict_smi (n_candidates=2)
2026-05-07 12:42:18,178 INFO tools.library_search.model: ms-clip: auto-picked GPU 6 (free 24089 MiB)
2026-05-07 12:42:18,178 INFO tools.library_search.model: ms-clip: using CUDA_VISIBLE_DEVICES=6
2026-05-07 12:42:18,178 INFO tools.library_search.model: ms-clip: launching predict_smi (n_candidates=2)
2026-05-07 12:42:30,734 INFO tools.library_search.model: ms-clip: auto-picked GPU 6 (free 24089 MiB)
2026-05-07 12:42:30,734 INFO tools.library_search.model: ms-clip: using CUDA_VISIBLE_DEVICES=6
2026-05-07 12:42:30,735 INFO tools.library_search.model: ms-clip: launching predict_smi (n_candidates=1)
2026-05-07 12:42:42,459 INFO tools.library_search.model: ms-clip: auto-picked GPU 6 (free 24089 MiB)
2026-05-07 12:42:42,459 INFO tools.library_search.model: ms-clip: using CUDA_VISIBLE_DEVICES=6
2026-05-07 12:42:42,459 INFO tools.library_search.model: ms-clip: launching predict_smi (n_candidates=8)
2026-05-07 12:42:54,314 INFO tools.library_search.model: ms-clip: auto-picked GPU 6 (free 24089 MiB)
2026-05-07 12:42:54,314 INFO tools.library_search.model: ms-clip: using CUDA_VISIBLE_DEVICES=6
2026-05-07 12:42:54,314 INFO tools.library_search.model: ms-clip: launching predict_smi (n_candidates=17)
2026-05-07 12:43:06,529 INFO tools.library_search.model: ms-clip: auto-picked GPU 6 (free 24089 MiB)
2026-05-07 12:43:06,530 INFO tools.library_search.model: ms-clip: using CUDA_VISIBLE_DEVICES=6
2026-05-07 12:43:06,530 INFO tools.library_search.model: ms-clip: launching predict_smi (n_candidates=2)
2026-05-07 12:43:18,495 INFO tools.library_search.model: ms-clip: auto-picked GPU 6 (free 24089 MiB)
2026-05-07 12:43:18,495 INFO tools.library_search.model: ms-clip: using CUDA_VISIBLE_DEVICES=6
2026-05-07 12:43:18,495 INFO tools.library_search.model: ms-clip: launching predict_smi (n_candidates=8)
2026-05-07 12:43:29,913 INFO tools.library_search.model: ms-clip: auto-picked GPU 6 (free 24089 MiB)
2026-05-07 12:43:29,914 INFO tools.library_search.model: ms-clip: using CUDA_VISIBLE_DEVICES=6
2026-05-07 12:43:29,914 INFO tools.library_search.model: ms-clip: launching predict_smi (n_candidates=3)
2026-05-07 12:43:42,771 INFO tools.library_search.model: ms-clip: auto-picked GPU 6 (free 24089 MiB)
2026-05-07 12:43:42,771 INFO tools.library_search.model: ms-clip: using CUDA_VISIBLE_DEVICES=6
2026-05-07 12:43:42,771 INFO tools.library_search.model: ms-clip: launching predict_smi (n_candidates=8)
2026-05-07 12:43:54,268 INFO tools.library_search.model: ms-clip: auto-picked GPU 6 (free 24089 MiB)
2026-05-07 12:43:54,268 INFO tools.library_search.model: ms-clip: using CUDA_VISIBLE_DEVICES=6
2026-05-07 12:43:54,268 INFO tools.library_search.model: ms-clip: launching predict_smi (n_candidates=1)
2026-05-07 12:44:06,142 INFO tools.library_search.model: ms-clip: auto-picked GPU 6 (free 24089 MiB)
2026-05-07 12:44:06,142 INFO tools.library_search.model: ms-clip: using CUDA_VISIBLE_DEVICES=6
2026-05-07 12:44:06,142 INFO tools.library_search.model: ms-clip: launching predict_smi (n_candidates=21)
2026-05-07 12:44:17,716 INFO tools.library_search.model: ms-clip: auto-picked GPU 6 (free 24089 MiB)
2026-05-07 12:44:17,716 INFO tools.library_search.model: ms-clip: using CUDA_VISIBLE_DEVICES=6
2026-05-07 12:44:17,716 INFO tools.library_search.model: ms-clip: launching predict_smi (n_candidates=2)
2026-05-07 12:44:29,401 INFO tools.library_search.model: ms-clip: auto-picked GPU 6 (free 24089 MiB)
2026-05-07 12:44:29,402 INFO tools.library_search.model: ms-clip: using CUDA_VISIBLE_DEVICES=6
2026-05-07 12:44:29,402 INFO tools.library_search.model: ms-clip: launching predict_smi (n_candidates=8)
2026-05-07 12:44:40,891 INFO tools.library_search.model: ms-clip: auto-picked GPU 6 (free 24089 MiB)
2026-05-07 12:44:40,891 INFO tools.library_search.model: ms-clip: using CUDA_VISIBLE_DEVICES=6
2026-05-07 12:44:40,891 INFO tools.library_search.model: ms-clip: launching predict_smi (n_candidates=8)
2026-05-07 12:44:52,216 INFO tools.library_search.model: ms-clip: auto-picked GPU 6 (free 24089 MiB)
2026-05-07 12:44:52,216 INFO tools.library_search.model: ms-clip: using CUDA_VISIBLE_DEVICES=6
2026-05-07 12:44:52,216 INFO tools.library_search.model: ms-clip: launching predict_smi (n_candidates=1)
2026-05-07 12:45:03,861 INFO tools.library_search.model: ms-clip: auto-picked GPU 6 (free 24089 MiB)
2026-05-07 12:45:03,861 INFO tools.library_search.model: ms-clip: using CUDA_VISIBLE_DEVICES=6
2026-05-07 12:45:03,861 INFO tools.library_search.model: ms-clip: launching predict_smi (n_candidates=1)
2026-05-07 12:45:15,571 INFO tools.library_search.model: ms-clip: auto-picked GPU 6 (free 24089 MiB)
2026-05-07 12:45:15,571 INFO tools.library_search.model: ms-clip: using CUDA_VISIBLE_DEVICES=6
2026-05-07 12:45:15,571 INFO tools.library_search.model: ms-clip: launching predict_smi (n_candidates=18)
2026-05-07 12:45:27,160 INFO tools.library_search.model: ms-clip: auto-picked GPU 6 (free 24089 MiB)
2026-05-07 12:45:27,161 INFO tools.library_search.model: ms-clip: using CUDA_VISIBLE_DEVICES=6
2026-05-07 12:45:27,161 INFO tools.library_search.model: ms-clip: launching predict_smi (n_candidates=3)
2026-05-07 12:45:38,735 INFO tools.library_search.model: ms-clip: auto-picked GPU 6 (free 24089 MiB)
2026-05-07 12:45:38,735 INFO tools.library_search.model: ms-clip: using CUDA_VISIBLE_DEVICES=6
2026-05-07 12:45:38,735 INFO tools.library_search.model: ms-clip: launching predict_smi (n_candidates=18)
2026-05-07 12:45:50,914 INFO tools.library_search.model: ms-clip: auto-picked GPU 6 (free 24089 MiB)
2026-05-07 12:45:50,914 INFO tools.library_search.model: ms-clip: using CUDA_VISIBLE_DEVICES=6
2026-05-07 12:45:50,915 INFO tools.library_search.model: ms-clip: launching predict_smi (n_candidates=14)
2026-05-07 12:46:02,708 INFO tools.library_search.model: ms-clip: auto-picked GPU 6 (free 24089 MiB)
2026-05-07 12:46:02,708 INFO tools.library_search.model: ms-clip: using CUDA_VISIBLE_DEVICES=6
2026-05-07 12:46:02,708 INFO tools.library_search.model: ms-clip: launching predict_smi (n_candidates=14)
2026-05-07 12:46:15,013 INFO tools.library_search.model: ms-clip: auto-picked GPU 6 (free 24089 MiB)
2026-05-07 12:46:15,014 INFO tools.library_search.model: ms-clip: using CUDA_VISIBLE_DEVICES=6
2026-05-07 12:46:15,014 INFO tools.library_search.model: ms-clip: launching predict_smi (n_candidates=8)
2026-05-07 12:46:27,149 INFO tools.library_search.model: ms-clip: auto-picked GPU 6 (free 24089 MiB)
2026-05-07 12:46:27,149 INFO tools.library_search.model: ms-clip: using CUDA_VISIBLE_DEVICES=6
2026-05-07 12:46:27,149 INFO tools.library_search.model: ms-clip: launching predict_smi (n_candidates=14)
2026-05-07 12:46:39,091 INFO tools.library_search.model: ms-clip: auto-picked GPU 6 (free 24089 MiB)
2026-05-07 12:46:39,091 INFO tools.library_search.model: ms-clip: using CUDA_VISIBLE_DEVICES=6
2026-05-07 12:46:39,091 INFO tools.library_search.model: ms-clip: launching predict_smi (n_candidates=20)
2026-05-07 12:46:51,038 INFO tools.library_search.model: ms-clip: auto-picked GPU 6 (free 24089 MiB)
2026-05-07 12:46:51,038 INFO tools.library_search.model: ms-clip: using CUDA_VISIBLE_DEVICES=6
2026-05-07 12:46:51,038 INFO tools.library_search.model: ms-clip: launching predict_smi (n_candidates=4)
2026-05-07 12:47:02,493 INFO tools.library_search.model: ms-clip: auto-picked GPU 6 (free 24089 MiB)
2026-05-07 12:47:02,493 INFO tools.library_search.model: ms-clip: using CUDA_VISIBLE_DEVICES=6
2026-05-07 12:47:02,493 INFO tools.library_search.model: ms-clip: launching predict_smi (n_candidates=3)
2026-05-07 12:47:13,982 INFO tools.library_search.model: ms-clip: auto-picked GPU 6 (free 24089 MiB)
2026-05-07 12:47:13,982 INFO tools.library_search.model: ms-clip: using CUDA_VISIBLE_DEVICES=6
2026-05-07 12:47:13,982 INFO tools.library_search.model: ms-clip: launching predict_smi (n_candidates=3)
2026-05-07 12:47:25,345 INFO tools.library_search.model: ms-clip: auto-picked GPU 6 (free 24089 MiB)
2026-05-07 12:47:25,345 INFO tools.library_search.model: ms-clip: using CUDA_VISIBLE_DEVICES=6
2026-05-07 12:47:25,345 INFO tools.library_search.model: ms-clip: launching predict_smi (n_candidates=13)
2026-05-07 12:47:35,909 INFO evaluation.sub6.run_sub6a: Sub-6A runner: processed 38 tasks this run
=== Sub-6A (library_search): data/benchmark/sub6/sub6a_e2e_tasks_v2.jsonl → data/eval/sub6/v2_msclip_ablation/fused/sub6a_narratives.jsonl (limit=None, top_k=20, mass_tolerance_ppm=10.0, libraries=('gnps', 'inhouse'), skip_narrative=True, narrative_llm=minimax, model=MiniMax-M2.7) ===
Sub-6A: processed 38 tasks, ok=0, fail=38
  e2e_enrich_mammalian_RAMP_P_000052855_seed196617997: id_acc=0.60 (6/10), id_t=203.4s, llm_t=0.0s, err='skip_narrative=True — narrative omitted'
  e2e_enrich_mammalian_RAMP_P_000000421_seed1580619361: id_acc=0.44 (4/9), id_t=93.8s, llm_t=0.0s, err='skip_narrative=True — narrative omitted'
  e2e_enrich_mammalian_RAMP_P_000000421_seed1859157923: id_acc=0.53 (8/15), id_t=154.4s, llm_t=0.0s, err='skip_narrative=True — narrative omitted'
  e2e_enrich_mammalian_RAMP_P_000000421_seed2579427706: id_acc=0.75 (9/12), id_t=119.9s, llm_t=0.0s, err='skip_narrative=True — narrative omitted'
  e2e_enrich_mammalian_RAMP_P_000000421_seed3624533572: id_acc=0.65 (11/17), id_t=178.2s, llm_t=0.0s, err='skip_narrative=True — narrative omitted'
  e2e_enrich_mammalian_RAMP_P_000000421_seed2148340335: id_acc=0.80 (12/15), id_t=177.8s, llm_t=0.0s, err='skip_narrative=True — narrative omitted'
  e2e_enrich_mammalian_RAMP_P_000000421_seed249229871: id_acc=0.69 (9/13), id_t=131.0s, llm_t=0.0s, err='skip_narrative=True — narrative omitted'
  e2e_enrich_mammalian_RAMP_P_000000421_seed2128485400: id_acc=0.69 (11/16), id_t=180.0s, llm_t=0.0s, err='skip_narrative=True — narrative omitted'
  e2e_enrich_mammalian_RAMP_P_000053042_seed409910564: id_acc=0.50 (6/12), id_t=139.6s, llm_t=0.0s, err='skip_narrative=True — narrative omitted'
  e2e_enrich_mammalian_RAMP_P_000000016_seed460379927: id_acc=1.00 (7/7), id_t=81.0s, llm_t=0.0s, err='skip_narrative=True — narrative omitted'
  e2e_enrich_mammalian_RAMP_P_000000016_seed1999069143: id_acc=0.83 (15/18), id_t=207.6s, llm_t=0.0s, err='skip_narrative=True — narrative omitted'
  e2e_enrich_mammalian_RAMP_P_000000016_seed3390457165: id_acc=0.96 (22/23), id_t=268.3s, llm_t=0.0s, err='skip_narrative=True — narrative omitted'
  e2e_enrich_mammalian_RAMP_P_000000016_seed1580958619: id_acc=0.75 (9/12), id_t=127.7s, llm_t=0.0s, err='skip_narrative=True — narrative omitted'
  e2e_enrich_mammalian_RAMP_P_000000016_seed2560580376: id_acc=0.71 (12/17), id_t=176.1s, llm_t=0.0s, err='skip_narrative=True — narrative omitted'
  e2e_enrich_mammalian_RAMP_P_000000016_seed1608939814: id_acc=0.67 (6/9), id_t=71.2s, llm_t=0.0s, err='skip_narrative=True — narrative omitted'
  e2e_enrich_mammalian_RAMP_P_000000398_seed2094104706: id_acc=0.56 (10/18), id_t=201.3s, llm_t=0.0s, err='skip_narrative=True — narrative omitted'
  e2e_enrich_mammalian_RAMP_P_000000398_seed3788203504: id_acc=0.29 (2/7), id_t=70.5s, llm_t=0.0s, err='skip_narrative=True — narrative omitted'
  e2e_enrich_mammalian_RAMP_P_000000398_seed3517837744: id_acc=0.50 (6/12), id_t=97.4s, llm_t=0.0s, err='skip_narrative=True — narrative omitted'
  e2e_enrich_mammalian_RAMP_P_000000398_seed4002032937: id_acc=0.67 (12/18), id_t=204.9s, llm_t=0.0s, err='skip_narrative=True — narrative omitted'
  e2e_enrich_mammalian_RAMP_P_000000398_seed1909797104: id_acc=0.57 (8/14), id_t=155.6s, llm_t=0.0s, err='skip_narrative=True — narrative omitted'
  e2e_enrich_mammalian_RAMP_P_000000398_seed498152030: id_acc=0.46 (6/13), id_t=143.5s, llm_t=0.0s, err='skip_narrative=True — narrative omitted'
  e2e_enrich_mammalian_RAMP_P_000000398_seed1887758724: id_acc=0.63 (12/19), id_t=200.9s, llm_t=0.0s, err='skip_narrative=True — narrative omitted'
  e2e_enrich_mammalian_RAMP_P_000000398_seed911202007: id_acc=0.38 (5/13), id_t=129.2s, llm_t=0.0s, err='skip_narrative=True — narrative omitted'
  e2e_enrich_mammalian_RAMP_P_000000398_seed3271204528: id_acc=0.62 (8/13), id_t=152.6s, llm_t=0.0s, err='skip_narrative=True — narrative omitted'
  e2e_enrich_mammalian_RAMP_P_000000398_seed2934282216: id_acc=0.25 (2/8), id_t=82.9s, llm_t=0.0s, err='skip_narrative=True — narrative omitted'
  e2e_enrich_mammalian_RAMP_P_000025682_seed2943283649: id_acc=0.47 (7/15), id_t=164.5s, llm_t=0.0s, err='skip_narrative=True — narrative omitted'
  e2e_enrich_mammalian_RAMP_P_000053306_seed2915906702: id_acc=0.78 (7/9), id_t=106.8s, llm_t=0.0s, err='skip_narrative=True — narrative omitted'
  e2e_enrich_mammalian_RAMP_P_000050099_seed1975252413: id_acc=1.00 (10/10), id_t=117.4s, llm_t=0.0s, err='skip_narrative=True — narrative omitted'
  e2e_enrich_mammalian_RAMP_P_000053306_seed1727925770: id_acc=0.69 (9/13), id_t=153.2s, llm_t=0.0s, err='skip_narrative=True — narrative omitted'
  e2e_enrich_mammalian_RAMP_P_000050021_seed2411785485: id_acc=0.60 (3/5), id_t=47.9s, llm_t=0.0s, err='skip_narrative=True — narrative omitted'
  e2e_enrich_mammalian_RAMP_P_000050021_seed363370268: id_acc=0.60 (6/10), id_t=95.4s, llm_t=0.0s, err='skip_narrative=True — narrative omitted'
  e2e_enrich_mammalian_RAMP_P_000050021_seed833794865: id_acc=0.89 (8/9), id_t=105.8s, llm_t=0.0s, err='skip_narrative=True — narrative omitted'
  e2e_enrich_mammalian_RAMP_P_000050021_seed4072755234: id_acc=0.86 (6/7), id_t=83.6s, llm_t=0.0s, err='skip_narrative=True — narrative omitted'
  e2e_enrich_mammalian_RAMP_P_000050021_seed717276092: id_acc=0.88 (7/8), id_t=95.1s, llm_t=0.0s, err='skip_narrative=True — narrative omitted'
  e2e_enrich_mammalian_RAMP_P_000050021_seed3320305144: id_acc=0.80 (8/10), id_t=123.0s, llm_t=0.0s, err='skip_narrative=True — narrative omitted'
  e2e_enrich_mammalian_RAMP_P_000050021_seed669730130: id_acc=0.75 (3/4), id_t=47.7s, llm_t=0.0s, err='skip_narrative=True — narrative omitted'
  e2e_enrich_mammalian_RAMP_P_000050021_seed1927381484: id_acc=0.50 (3/6), id_t=69.4s, llm_t=0.0s, err='skip_narrative=True — narrative omitted'
  e2e_enrich_mammalian_RAMP_P_000000106_seed2277080905: id_acc=0.92 (12/13), id_t=141.2s, llm_t=0.0s, err='skip_narrative=True — narrative omitted'
