claim_id,task_id_tail,claim_type,verifier_layer,attribution,w11_bucket,claim_text,rationale
v1:c000,an_RAMP_P_000000016_seed1,BIOLOGICAL,biological_sub6,verifier_gap,C1,"Three enrichment paradigms (RaMP multi-DB ORA, MetaboAnalystR KEGG PSEA, and Mummichog empirical-compound network analysis) converged on two interconnected metabolic modules",Three-method convergence on affected pathway is a cross-method consensus claim but the pathway_relationship layer cannot verify it without RaMP-DB access.
v1:c026,an_RAMP_P_000000016_seed1,PATHWAY_RELATIONSHIP,pathway_relationship,verifier_gap,C6,L-methionine is the one-carbon donor linking the serine/glycine cluster to the trans-sulfuration branch,L-methionine as one-carbon donor is a canonical biochemistry fact but the pathway_relationship layer cannot detect the required relationship keyword to verify it.
v1:c000,an_RAMP_P_000000016_seed2,PATHWAY_RELATIONSHIP,pathway_relationship,verifier_gap,C1,Three complementary pathway-analysis paradigms converge on two biological domains disrupted by the treatment,Three-method convergence on affected pathway is a cross-method consensus claim but the pathway_relationship layer cannot verify it without RaMP-DB access.
v1:c027,an_RAMP_P_000000016_seed2,FACTUAL,factual_sub6,both,C6,SAM (KEGG:C00019) is a driver metabolite of the one-carbon node,SAM is correctly identified by KEGG ID but the non-standard role descriptor 'driver metabolite' is interpretive and the factual_sub6 layer has no evidence to verify it.
v1:c031,an_RAMP_P_000000016_seed2,BIOLOGICAL,biological_sub6,both,C5,Phosphorylcholine (KEGG:C00588) is a driver metabolite of the lipid-signalling node,The biological mapping of sulfate to cysteine sulfation is interpretive and the biological_sub6 layer found no pathway phrase or ID to verify it.
v1:c032,an_RAMP_P_000000016_seed2,BIOLOGICAL,biological_sub6,verifier_gap,C4,Choline (KEGG:C00114) is a driver metabolite of the lipid-signalling node,Consistency statement about sulfate mapping aligning with cysteine cluster signal uses interpretive consistency language and the verify_sub6 layer has no evidence.
v1:c033,an_RAMP_P_000000016_seed2,FACTUAL,factual_sub6,both,C6,Lipoic acid (KEGG:C16241) is a trans-sulfuration intermediate,Lipoic acid is correctly identified by KEGG ID and the role as trans-sulfuration intermediate is a canonical biology claim but the factual_sub6 layer has no evidence to verify it.
v1:c035,an_RAMP_P_000000016_seed2,OTHER,verify_sub6,both,C5,Lipoic acid links the one-carbon and hydrogen-sulfide generation arms,Lipoic acid cross-pathway linking is biologically plausible but uses interpretive linking language and the verify_sub6 layer has no evidence to verify it.
v1:c036,an_RAMP_P_000000016_seed2,OTHER,verify_sub6,both,C5,L-cystathionine links the one-carbon and hydrogen-sulfide generation arms,L-cystathionine cross-pathway linking is biologically plausible but uses interpretive linking language and the verify_sub6 layer has no evidence to verify it.
v1:c041,an_RAMP_P_000000016_seed2,CONSISTENCY,verify_sub6,both,C5,"Biocytin, AMP, UMP and cholesterol are consistent with broader cellular-energy and membrane-remodelling disturbances",Treatment effect on one-carbon trafficking through glycine-serine-threonine cross-talk is interpretive biological role language and the biological_sub6 layer found no pathway phrase to verify.
v1:c042,an_RAMP_P_000000016_seed2,CONSISTENCY,verify_sub6,both,C5,"Biocytin, AMP, UMP and cholesterol do not drive the top-ranking enrichment",Treatment effect on one-carbon trafficking through cysteine transmethylation flux is interpretive biological role language and the biological_sub6 layer found no pathway phrase to verify.
v1:c000,an_RAMP_P_000000016_seed4,PATHWAY_RELATIONSHIP,pathway_relationship,verifier_gap,C1,"Three complementary enrichment paradigms converge on Glycine, serine and threonine metabolism as the dominant affected pathway",Three-method convergence on affected pathway is a cross-method consensus claim but the pathway_relationship layer cannot verify it without RaMP-DB access.
v1:c017,an_RAMP_P_000000016_seed4,BIOLOGICAL,biological_sub6,both,C8,All 14 pathway members retrieved by Mummichog were drawn from the input mass network,The specific count of 14 pathway members is a concrete numeric claim that cannot be verified and the biological_sub6 layer found no pathway phrase or ID to anchor it.
v1:c029,an_RAMP_P_000000016_seed4,GROUNDED,factual_sub6,producer_fault,C7,Sulfate (inorganic) is a differential feature,"The claim lacks any extractable KEGG, HMDB, CHEBI, or InChIKey identifier for inorganic sulfate, preventing factual verification by the factual_sub6 layer."
v1:c031,an_RAMP_P_000000016_seed4,BIOLOGICAL,biological_sub6,both,C5,Sulfate (inorganic) maps to cysteine sulfation,The biological mapping of sulfate to cysteine sulfation is interpretive and the biological_sub6 layer found no pathway phrase or ID to verify it.
v1:c032,an_RAMP_P_000000016_seed4,CONSISTENCY,verify_sub6,verifier_gap,C4,Sulfate mapping is consistent with the cysteine cluster signal,Consistency statement about sulfate mapping aligning with cysteine cluster signal uses interpretive consistency language and the verify_sub6 layer has no evidence.
v1:c039,an_RAMP_P_000000016_seed4,PATHWAY_RELATIONSHIP,pathway_relationship,verifier_gap,C5,"Glycine, serine and threonine metabolism and Cysteine and methionine metabolism are linked through shared intermediates",Pathway linking through shared intermediates is a legitimate biological relationship but the pathway_relationship layer cannot verify it without RaMP-DB access.
v1:c040,an_RAMP_P_000000016_seed4,GROUNDED,factual_sub6,verifier_gap,C1,"The convergence across ORA, KEGG-specific PSEA, and m/z-network paradigms provides robust evidence",Multi-method convergence as robust evidence is a cross-method consensus claim but the factual_sub6 layer cannot extract identifiers to verify the claim.
v1:c041,an_RAMP_P_000000016_seed4,PATHWAY_RELATIONSHIP,pathway_relationship,both,C5,The treatment perturbs one-carbon unit trafficking through glycine-serine-threonine cross-talk,Treatment effect on one-carbon trafficking through glycine-serine-threonine cross-talk is interpretive biological role language and the biological_sub6 layer found no pathway phrase to verify.
v1:c042,an_RAMP_P_000000016_seed4,BIOLOGICAL,biological_sub6,both,C5,The treatment perturbs one-carbon unit trafficking through cysteine transmethylation flux,Treatment effect on one-carbon trafficking through cysteine transmethylation flux is interpretive biological role language and the biological_sub6 layer found no pathway phrase to verify.
v1:c043,an_RAMP_P_000000016_seed4,BIOLOGICAL,biological_sub6,both,C3,The treatment perturbs one-carbon unit trafficking through downstream sulfur disposal via sulfate,Threshold claim lacks KEGG/HMDB ID for compound and uses unparseable MUMM: namespace; producer should include identifier and verifier cannot verify without resolution.
v1:c000,an_RAMP_P_000000016_seed6,PATHWAY_RELATIONSHIP,pathway_relationship,verifier_gap,C1,Three complementary pathway-analysis paradigms converge on amino-acid metabolic pathways as the dominant biological signal,Cross-method consensus claim is valid but pathway_relationship layer cannot access RaMP-DB to verify multi-method convergence.
v1:c017,an_RAMP_P_000000016_seed6,GROUNDED,factual_sub6,producer_fault,C7,Mummichog m/z-direct analysis identifies MUMM:glycine_serine_alanine_and_threonine_metabolism,Producer used non-canonical MUMM: namespace which factual_sub6 cannot parse; canonical KEGG/HMDB ID would enable verification.
v1:c018,an_RAMP_P_000000016_seed6,GROUNDED,factual_sub6,both,C3,MUMM:glycine_serine_alanine_and_threonine_metabolism has p = 0.00294,P-value is verifiable signal evidence but bound to unparseable MUMM: namespace; producer used wrong namespace format and verifier cannot verify even with identifier.
v1:c019,an_RAMP_P_000000016_seed6,FACTUAL,factual_sub6,both,C3,"MUMM:glycine_serine_alanine_and_threonine_metabolism has 8 compounds including glycine, L-serine, choline, L-threonine",Compound count is quantitative signal evidence but MUMM: namespace is non-canonical; producer fault in namespace choice and verifier cannot resolve.
v1:c020,an_RAMP_P_000000016_seed6,GROUNDED,factual_sub6,producer_fault,C7,Mummichog m/z-direct analysis identifies MUMM:methionine_and_cysteine_metabolism,Producer used non-canonical MUMM: namespace which factual_sub6 cannot parse; canonical KEGG/HMDB ID would enable verification.
v1:c021,an_RAMP_P_000000016_seed6,GROUNDED,factual_sub6,both,C3,MUMM:methionine_and_cysteine_metabolism has p = 0.00739,P-value is signal evidence but bound to unparseable MUMM: namespace; producer should use canonical format and verifier cannot verify.
v1:c022,an_RAMP_P_000000016_seed6,FACTUAL,factual_sub6,both,C3,"MUMM:methionine_and_cysteine_metabolism has 6 compounds including glycine, L-serine, adenosine",Compound count is quantitative signal evidence but MUMM: namespace is non-canonical; producer fault in namespace and verifier gap.
v1:c005,an_RAMP_P_000000016_seed7,SET_ENRICHMENT,set_enrichment,verifier_gap,C5,The methionine axis emerges as the primary driver,Set enrichment claim uses biological role language ('methionine axis') with no pathway ID; set_enrichment layer cannot map to canonical name.
v1:c029,an_RAMP_P_000000016_seed7,GROUNDED,factual_sub6,both,C9,S-adenosyl-L-methionine appears in the metabolites_hit lists of every tool,"Metabolite name-only claim lacks KEGG/HMDB ID that should have been included, and factual_sub6 has no name-lookup capability to verify even with explicit identifier."
v1:c030,an_RAMP_P_000000016_seed7,FACTUAL,factual_sub6,verifier_gap,C9,S-adenosyl-L-methionine has KEGG ID C00019,Claim includes KEGG ID C00019 which is verifiable but evidence field is empty indicating database access failed; verifier cannot confirm.
v1:c031,an_RAMP_P_000000016_seed7,GROUNDED,factual_sub6,both,C9,L-homocysteine appears in the metabolites_hit lists of every tool,"Metabolite name-only claim lacks KEGG/HMDB ID that should have been included, and factual_sub6 has no name-lookup to verify even with identifier."
v1:c032,an_RAMP_P_000000016_seed7,FACTUAL,factual_sub6,verifier_gap,C9,L-homocysteine has KEGG ID C00155,Claim includes KEGG ID C00155 which is verifiable but evidence field is empty indicating database access failed; verifier cannot confirm.
v1:c033,an_RAMP_P_000000016_seed7,BIOLOGICAL,biological_sub6,verifier_gap,C5,L-Threonine bridges the glycine/serine/threonine and methionine axes,Biological bridging claim is legitimate but biological_sub6 has no scope for free-text pathway role claims without pathway IDs.
v1:c035,an_RAMP_P_000000016_seed7,BIOLOGICAL,biological_sub6,verifier_gap,C5,Choline bridges the glycine/serine/threonine and methionine axes,Biological bridging claim is legitimate but biological_sub6 has no scope for free-text pathway role claims without pathway IDs.
v1:c037,an_RAMP_P_000000016_seed7,GROUNDED,factual_sub6,both,C9,15-HETE appears only in mummichog,"Metabolite name-only claim lacks KEGG/HMDB ID that should have been included, and factual_sub6 has no name-lookup to verify even with identifier."
v1:c039,an_RAMP_P_000000016_seed7,GROUNDED,factual_sub6,both,C9,8(S)-HPETE appears only in mummichog,"Metabolite name-only claim lacks KEGG/HMDB ID that should have been included, and factual_sub6 has no name-lookup to verify even with identifier."
v1:c041,an_RAMP_P_000000016_seed7,BIOLOGICAL,biological_sub6,verifier_gap,C5,15-HETE and 8(S)-HPETE are lipid-derived signals,Biological signal classification claim is legitimate but biological_sub6 has no scope for free-text biological role claims.
v1:c042,an_RAMP_P_000000016_seed7,GROUNDED,factual_sub6,both,C9,15-HETE and 8(S)-HPETE are detectable by m/z,"Grounded detection claim lacks KEGG/HMDB ID that should have been included, and factual_sub6 has no name-lookup to verify even with identifier."
v1:c043,an_RAMP_P_000000016_seed7,GROUNDED,factual_sub6,both,C3,15-HETE and 8(S)-HPETE are below the ORA threshold,Threshold claim lacks KEGG/HMDB ID for compound and uses unparseable MUMM: namespace; producer should include identifier and verifier cannot verify without resolution.
v1:c000,an_RAMP_P_000000016_seed9,OTHER,verify_sub6,producer_fault,C9,The differentially abundant metabolite set was analysed across three complementary paradigms,"The claim is a generic summary sentence that functions as meta‑filler and provides no verifiable identifiers, so ReAct should not have written it."
v1:c001,an_RAMP_P_000000016_seed9,GROUNDED,factual_sub6,verifier_gap,C9,"The three complementary paradigms are RaMP multi-DB ORA, MetaboAnalystR KEGG PSEA, and mummichog m/z-direct enrichment","The claim enumerates the three analysis methods but factual_sub6 cannot verify because no database identifiers were extracted, leaving a verifier gap."
v1:c020,an_RAMP_P_000000016_seed9,FACTUAL,factual_sub6,verifier_gap,C6,L-glutamic acid appears in RaMP,"The statement that L‑glutamic acid appears in RaMP is a factual claim derivable from the database, yet factual_sub6 lacks the required ID to verify it."
v1:c021,an_RAMP_P_000000016_seed9,FACTUAL,factual_sub6,verifier_gap,C6,Dihydrolipoate appears in RaMP,"The claim that dihydrolipoate appears in RaMP is factual and database‑checkable, but the verifier cannot confirm it without an extracted identifier."
v1:c034,an_RAMP_P_000000016_seed9,BIOLOGICAL,biological_sub6,both,C5,The converging signal implicates amino-acid metabolic reprogramming,"The claim interprets a convergence as amino‑acid metabolic reprogramming, which is a free‑text biological role statement out of v0 scope and also uncheckable by the biological layer."
v1:c035,an_RAMP_P_000000016_seed9,BIOLOGICAL,biological_sub6,both,C5,The converging signal implicates one-carbon/nitrogen metabolic reprogramming,"The claim attributes the converging signal to one‑carbon/nitrogen reprogramming, a biological implication that is out of scope and cannot be verified by the biological layer."
v1:c036,an_RAMP_P_000000016_seed9,BIOLOGICAL,biological_sub6,both,C5,There is secondary disruption of NADâº salvage through the niacinamide axis,"The statement describes a secondary disruption of NAD salvage via the niacinamide axis, which is a biological role claim that falls outside v0 verification and cannot be checked."
v1:c038,an_RAMP_P_000000016_seed9,GROUNDED,factual_sub6,verifier_gap,C9,Pyruvic acid signals were detected in the study,"The claim asserts that pyruvic acid signals were detected, but factual_sub6 cannot verify without an extracted identifier, leaving a gap."
v1:c039,an_RAMP_P_000000016_seed9,GROUNDED,factual_sub6,verifier_gap,C9,Oxoglutaric acid signals were detected in the study,"The claim reports detection of oxoglutaric acid signals, yet the verifier lacks a database identifier to confirm it."
v1:c040,an_RAMP_P_000000016_seed9,FACTUAL,factual_sub6,verifier_gap,C9,All five input metabolites with confirmed InChIKey first-blocks are structurally distinct,The claim about structural distinctness of the five metabolites is factual but unverifiable without the InChIKey identifiers that the verifier cannot extract.
v1:c041,an_RAMP_P_000000016_seed9,CONSISTENCY,verify_sub6,producer_fault,C9,There are no reconciliation conflicts,"The statement that there are no reconciliation conflicts is a meta‑filler lacking evidence, so ReAct should not have produced it."
v1:c042,an_RAMP_P_000000016_seed9,CONSISTENCY,verify_sub6,producer_fault,C9,The observed enrichment is driven by genuine biological co-abundance,"This claim attributes the observed enrichment to genuine biological co‑abundance without supporting evidence, functioning as an unsupported meta‑statement."
v1:c043,an_RAMP_P_000000016_seed9,CONSISTENCY,verify_sub6,producer_fault,C9,The observed enrichment is not driven by ID ambiguity,"The claim asserts that the enrichment is not driven by ID ambiguity, a generic consistency statement that provides no verifiable detail."
v1:c006,an_RAMP_P_000000106_seed0,FACTUAL,factual_sub6,producer_fault,C7,L-tyrosine has HMDB ID C00082,"The claim uses a KEGG‑style C‑prefix for an HMDB identifier, a namespace mis‑label that ReAct should not have written."
v1:c007,an_RAMP_P_000000106_seed0,FACTUAL,factual_sub6,producer_fault,C7,Norepinephrine has HMDB ID C00547,Attributing a C‑prefix ID to HMDB for norepinephrine is a namespace error that ReAct should not have produced.
v1:c008,an_RAMP_P_000000106_seed0,FACTUAL,factual_sub6,producer_fault,C7,Catechol has HMDB ID C15571,"The claim mislabels catechol with a C‑prefix HMDB ID, a clear namespace mistake that should not appear."
v1:c009,an_RAMP_P_000000106_seed0,FACTUAL,factual_sub6,verifier_gap,C6,Catechol is the protonated form of pyrocatechol,"The statement that catechol is the protonated form of pyrocatechol is a known chemical relationship, but factual_sub6 cannot verify it without identifiers."
v1:c010,an_RAMP_P_000000106_seed0,FACTUAL,factual_sub6,producer_fault,C7,L-homocysteine has HMDB ID C00155,Assigning a KEGG‑style C‑prefix ID to L‑homocysteine under HMDB is a namespace mislabel that ReAct should not have written.
v1:c012,an_RAMP_P_000000106_seed0,GROUNDED,factual_sub6,producer_fault,C8,,"The claim text is empty, representing a degenerate entry that ReAct should not have generated."
v1:c013,an_RAMP_P_000000106_seed0,GROUNDED,factual_sub6,producer_fault,C8,,"An empty claim text is a noise entry with no content, which ReAct should not produce."
v1:c014,an_RAMP_P_000000106_seed0,GROUNDED,factual_sub6,producer_fault,C7,L-tyrosine and norepinephrine are cornerstone compounds matching the RaMP hit list,"C02953 is a KEGG compound ID, not a molecular formula, indicating namespace confusion by the producer."
v1:c020,an_RAMP_P_000000106_seed0,FACTUAL,factual_sub6,producer_fault,C7,"5,6,7,8-tetrahydrobiopterin has HMDB ID C00272","C00272 is a KEGG-style compound ID, not an HMDB ID, indicating a namespace mislabel by the producer."
v1:c022,an_RAMP_P_000000106_seed0,GROUNDED,factual_sub6,verifier_gap,C1,No structural InChIKey conflicts were found across the five checked compounds,Negative structural consistency claim requires InChIKeys for the five compounds which the verifier cannot extract or verify.
v1:c023,an_RAMP_P_000000106_seed0,CONSISTENCY,verify_sub6,verifier_gap,C1,The cross-tool agreement reflects genuine biological overlap rather than namespace artefacts,Meta-claim about cross-tool agreement being biological rather than artefactual is unverifiable without cross-method consensus checking.
v1:c033,an_RAMP_P_000000106_seed0,BIOLOGICAL,biological_sub6,producer_fault,C8,,Empty claim text with BIOLOGICAL type indicates template fragment leak or missing content.
v1:c034,an_RAMP_P_000000106_seed0,GROUNDED,factual_sub6,producer_fault,C8,,Empty claim text is degenerate or noise with no verifiable content.
v1:c035,an_RAMP_P_000000106_seed0,BIOLOGICAL,biological_sub6,verifier_gap,C5,Homogentisic acid is consistent with being a downstream tyrosine catabolite,Biological role claim about being a downstream catabolite is out of v0 scope for biological_sub6 verification.
v1:c036,an_RAMP_P_000000106_seed0,FACTUAL,factual_sub6,producer_fault,C7,Homogentisic acid has HMDB ID C00544,"C00544 is a KEGG compound ID, not an HMDB ID, indicating wrong namespace assignment by the producer."
v1:c037,an_RAMP_P_000000106_seed0,CONSISTENCY,verify_sub6,verifier_gap,C3,Homogentisic acid did not register in the top-5 of any ORA or mummichog rank list,Absence from ORA and mummichog rank lists is signal evidence requiring access to computational method outputs.
v1:c038,an_RAMP_P_000000106_seed0,OTHER,verify_sub6,verifier_gap,C5,Treatment drives accumulation or depletion of key tyrosine-derived neurotransmitters,Directional biological effect claim about neurotransmitter accumulation/depletion is unverifiable without treatment effect data.
v1:c039,an_RAMP_P_000000106_seed0,OTHER,verify_sub6,verifier_gap,C5,Treatment drives accumulation or depletion of tyrosine-derived catabolic intermediates,Directional biological effect claim about catabolic intermediates is unverifiable without treatment effect data.
v1:c041,an_RAMP_P_000000106_seed0,OTHER,verify_sub6,verifier_gap,C5,Phenylalanine/tyrosine hydroxylase is a candidate enzyme node of the treatment effect,Candidate enzyme node identification requires experimental or computational evidence the verifier cannot access.
v1:c042,an_RAMP_P_000000106_seed0,GROUNDED,factual_sub6,verifier_gap,C6,Phenylalanine/tyrosine hydroxylase has EC number 1.14.16.1,"EC number 1.14.16.1 is a canonical enzyme fact but factual_sub6 layer checks compound identifiers, not enzyme classifications."
v1:c043,an_RAMP_P_000000106_seed0,GROUNDED,factual_sub6,verifier_gap,C6,Phenylalanine/tyrosine hydroxylase has gene symbol PAH,Gene symbol PAH is a canonical identifier but factual_sub6 layer does not parse gene symbols for verification.
v1:c044,an_RAMP_P_000000106_seed0,OTHER,verify_sub6,verifier_gap,C5,The aromatic amino acid decarboxylase step is a candidate enzyme node of the treatment effect,Candidate enzyme step identification is a mechanistic biological claim unverifiable without supporting evidence.
v1:c045,an_RAMP_P_000000106_seed0,PATHWAY_RELATIONSHIP,pathway_relationship,verifier_gap,C5,Tyrosine metabolism is upstream of dopamine synthesis,Upstream/downstream pathway relationship claim requires pathway database access that the verifier lacks.
v1:c012,an_RAMP_P_000000106_seed2,BIOLOGICAL,biological_sub6,verifier_gap,C6,"Multiple tyrosine-related disease maps from SMPDB share the same 2-hit catechol/3,4-dihydroxyphenylacetaldehyde set",Disease map comparison claims fall outside Sub-6 v0 scope due to absence of curated disease-pathway database.
v1:c013,an_RAMP_P_000000106_seed2,BIOLOGICAL,biological_sub6,verifier_gap,C7,Dihydrobiopterin is a confirmed member compound of MUMM:tyrosine_metabolism by mummichog compound overlap,MUMM namespace pathway membership claims are not parsed by biological_sub6 verifier layer.
v1:c014,an_RAMP_P_000000106_seed2,GROUNDED,factual_sub6,producer_fault,C7,Dihydrobiopterin has molecular formula C02953,"C02953 is a KEGG compound ID, not a molecular formula, indicating namespace confusion by the producer."
v1:c015,an_RAMP_P_000000106_seed2,BIOLOGICAL,biological_sub6,verifier_gap,C7,"3,4-dihydroxyphenylacetaldehyde is a confirmed member compound of MUMM:tyrosine_metabolism by mummichog compound overlap",MUMM namespace pathway membership claims are not parsed by biological_sub6 verifier layer.
v1:c016,an_RAMP_P_000000106_seed2,GROUNDED,factual_sub6,producer_fault,C7,"3,4-dihydroxyphenylacetaldehyde has molecular formula C04043","The claim incorrectly presents a KEGG compound ID as a molecular formula, a wrong‑namespace mislabel that the producer should not have written."
v1:c017,an_RAMP_P_000000106_seed2,BIOLOGICAL,biological_sub6,verifier_gap,C7,"5,6-dihydroxyindole is a confirmed member compound of MUMM:tyrosine_metabolism by mummichog compound overlap","The claim cites a MUMM pathway identifier that the verifier cannot parse, making the biological membership claim unverifiable."
v1:c018,an_RAMP_P_000000106_seed2,GROUNDED,factual_sub6,producer_fault,C7,"5,6-dihydroxyindole has molecular formula C05578","Like claim 1, this claim mislabels a KEGG ID as a molecular formula, a producer fault."
v1:c020,an_RAMP_P_000000106_seed2,FACTUAL,factual_sub6,verifier_gap,C6,Catechol is the standardized name for pyrocatechol,"The statement asserts a standard synonym for catechol, a known fact that the verifier cannot check due to missing identifier extraction."
v1:c021,an_RAMP_P_000000106_seed2,FACTUAL,factual_sub6,verifier_gap,C9,Catechol maps to KEGG:C15571,"The claim maps catechol to a KEGG ID, a factual assertion the verifier cannot confirm because no identifier was extracted."
v1:c022,an_RAMP_P_000000106_seed2,GROUNDED,factual_sub6,verifier_gap,C9,"Catechol and 3,4-dihydroxyphenylacetaldehyde are the shared hit pair","The claim identifies a specific shared hit pair without providing extractable IDs, leaving the verifier unable to verify."
v1:c027,an_RAMP_P_000000106_seed2,BIOLOGICAL,biological_sub6,verifier_gap,C5,Dihydrobiopterin is the tetrahydropterin cofactor for tyrosine hydroxylase,"The claim describes a cofactor relationship in a reaction step, which the verifier cannot verify due to lack of pathway context."
v1:c029,an_RAMP_P_000000106_seed2,GROUNDED,factual_sub6,producer_fault,C7,Eicosapentaenoic acid has molecular formula C06428,"This claim erroneously uses a KEGG ID as a molecular formula, a wrong‑namespace mislabel."
v1:c031,an_RAMP_P_000000106_seed2,FACTUAL,factual_sub6,verifier_gap,C6,Aspirin has standardized name acetylsalicylic acid,"The claim states a standard name synonym for aspirin, a canonical fact the verifier cannot check."
v1:c000,an_RAMP_P_000000106_seed3,PATHWAY_RELATIONSHIP,pathway_relationship,verifier_gap,C1,Three independent pathway-analysis paradigms converge on a cluster of tyrosine-derived metabolites,"The claim describes convergence of three complementary paradigms on a tyrosine‑related signal, a cross‑method consensus the verifier cannot verify."
v1:c002,an_RAMP_P_000000106_seed3,BIOLOGICAL,biological_sub6,verifier_gap,C3,ADHD and autism (ASD) pathways have FDR = 7.41e-09,"The claim provides an FDR statistic for disease pathways, a numeric signal the verifier cannot confirm."
v1:c003,an_RAMP_P_000000106_seed3,GROUNDED,factual_sub6,verifier_gap,C9,"The hit is driven by dopamine, L-tyrosine, tyramine, glycine, and uric acid","The claim lists five metabolites driving the hit without IDs, so the verifier cannot verify the assertion."
v1:c004,an_RAMP_P_000000106_seed3,BIOLOGICAL,biological_sub6,verifier_gap,C3,These metabolites hit 5 of 218 pathway members,"The claim gives a numeric proportion of pathway members hit, a statistical signal the verifier cannot verify."
v1:c008,an_RAMP_P_000000106_seed3,CONSISTENCY,verify_sub6,verifier_gap,C3,The metabolites have near-full overlap of the mapped input,"The claim reports a p‑value for a pathway from a mummichog analysis, a statistical signal the verifier cannot confirm due to missing identifier extraction."
v1:c009,an_RAMP_P_000000106_seed3,BIOLOGICAL,biological_sub6,verifier_gap,C1,"Dopamine, L-tyrosine, and tyramine co-occur in both the disease-domain hit (WP:WP5420) and the direct metabolic hit (MUMM:tyrosine_metabolism)","The claim notes co‑occurrence of metabolites across a disease pathway and a metabolic pathway, a cross‑method consensus the verifier cannot check."
v1:c010,an_RAMP_P_000000106_seed3,SET_ENRICHMENT,set_enrichment,verifier_gap,C9,There is selective perturbation of the tyrosine biosynthetic scaffold rather than broad metabolomic noise,"The claim makes a qualitative assertion about selective perturbation without a specific pathway identifier, leaving the verifier unable to evaluate."
v1:c012,an_RAMP_P_000000106_seed3,GROUNDED,factual_sub6,verifier_gap,C3,Na+/Cl- dependent neurotransmitter transporters have FDR = 3.82e-07,"The claim presents an FDR value for a biological process, a numeric signal the verifier cannot confirm."
v1:c013,an_RAMP_P_000000106_seed3,OTHER,verify_sub6,verifier_gap,C6,Dopamine and L-tyrosine have known roles as synaptic catecholamine precursors,"The claim states well‑established roles of metabolites as synaptic precursors, a literature fact the verifier cannot check."
v1:c000,an_RAMP_P_000000106_seed8,PATHWAY_RELATIONSHIP,pathway_relationship,verifier_gap,C1,Three complementary pathway-analysis paradigms converge on a dominant biological signal centred on tyrosine metabolism,"The claim describes convergence of three complementary paradigms on a tyrosine‑related signal, a cross‑method consensus the verifier cannot verify."
v1:c008,an_RAMP_P_000000106_seed8,GROUNDED,factual_sub6,verifier_gap,C3,Mummichog m/z-direct analysis reports p = 0.000420 for MUMM:tyrosine_metabolism,"The claim reports a p‑value for a pathway from a mummichog analysis, a statistical signal the verifier cannot confirm due to missing identifier extraction."
v1:c009,an_RAMP_P_000000106_seed8,GROUNDED,factual_sub6,producer_fault,C9,Mummichog m/z-direct analysis captures 12 input metabolites in MUMM:tyrosine_metabolism,"Free-text biological role claim is explicitly out of v0 scope per biological_sub6; no pathway phrase, ID, or concrete entity provided."
v1:c012,an_RAMP_P_000000106_seed8,FACTUAL,factual_sub6,verifier_gap,C5,"7,8-dihydrobiopterin has KEGG ID C02953",Pathway axis membership claim requires pathway DB lookup capability the verifier does not provide.
v1:c014,an_RAMP_P_000000106_seed8,BIOLOGICAL,biological_sub6,verifier_gap,C5,The SMPDB Alkaptonuria pathway has SMPDB ID SMP00169,Pathway axis membership claim requires pathway DB lookup capability the verifier does not provide.
v1:c018,an_RAMP_P_000000106_seed8,FACTUAL,factual_sub6,verifier_gap,C5,Catechol is the name returned by lookup_chebi for KEGG:C15571 pyrocatechol,Pathway axis membership claim requires pathway DB lookup capability the verifier does not provide.
v1:c019,an_RAMP_P_000000106_seed8,FACTUAL,factual_sub6,verifier_gap,C5,KEGG:C15571 corresponds to pyrocatechol,Pathway axis membership claim requires pathway DB lookup capability the verifier does not provide.
v1:c021,an_RAMP_P_000000106_seed8,FACTUAL,factual_sub6,verifier_gap,C9,2-oxobutanoate has KEGG ID C00109,Grounded claim provides no KEGG/HMDB/CHEBI identifier for L-Valine; verifier cannot verify without a canonical ID.
v1:c024,an_RAMP_P_000000106_seed8,CONSISTENCY,verify_sub6,verifier_gap,C1,Glycerol and 2-oxobutanoate are not replicated across paradigms,Cross-paradigm consistency claim requires paradigm-level replication data the verifier does not expose.
v1:c000,an_RAMP_P_000000141_seed0,PATHWAY_RELATIONSHIP,pathway_relationship,verifier_gap,C9,Three complementary enrichment paradigms converge on Tryptophan metabolism as the dominant altered pathway in the treatment group,Grounded claim provides no KEGG/HMDB/CHEBI identifiers for the nine metabolites; verifier cannot verify chemical coherence without canonical IDs.
v1:c009,an_RAMP_P_000000141_seed0,BIOLOGICAL,biological_sub6,producer_fault,C9,The metabolic shift is not an annotation artefact,"Free-text biological role claim is explicitly out of v0 scope per biological_sub6; no pathway phrase, ID, or concrete entity provided."
v1:c010,an_RAMP_P_000000141_seed0,BIOLOGICAL,biological_sub6,producer_fault,C9,The metabolic shift is a genuine mass-difference signal,"Free-text biological role claim is explicitly out of v0 scope per biological_sub6; no pathway phrase, ID, or concrete entity provided."
v1:c012,an_RAMP_P_000000141_seed0,OTHER,verify_sub6,verifier_gap,C5,The indole/serotonin axis includes tryptamine,Pathway axis membership claim requires pathway DB lookup capability the verifier does not provide.
v1:c013,an_RAMP_P_000000141_seed0,OTHER,verify_sub6,verifier_gap,C5,The indole/serotonin axis includes indoleacetaldehyde,Pathway axis membership claim requires pathway DB lookup capability the verifier does not provide.
v1:c014,an_RAMP_P_000000141_seed0,OTHER,verify_sub6,verifier_gap,C5,The indole/serotonin axis includes serotonin,Pathway axis membership claim requires pathway DB lookup capability the verifier does not provide.
v1:c015,an_RAMP_P_000000141_seed0,OTHER,verify_sub6,verifier_gap,C5,The indole/serotonin axis includes melatonin,Pathway axis membership claim requires pathway DB lookup capability the verifier does not provide.
v1:c016,an_RAMP_P_000000141_seed0,OTHER,verify_sub6,verifier_gap,C5,The kynurenine/QUIN axis includes 3-hydroxyanthranilic acid,Pathway axis membership claim requires pathway DB lookup capability the verifier does not provide.
v1:c017,an_RAMP_P_000000141_seed0,OTHER,verify_sub6,verifier_gap,C5,The kynurenine/QUIN axis includes quinolinic acid,Pathway axis membership claim requires pathway DB lookup capability the verifier does not provide.
v1:c018,an_RAMP_P_000000141_seed0,OTHER,verify_sub6,verifier_gap,C5,The kynurenine/QUIN axis includes 1-pyrroline-5-carboxylic acid,Pathway axis membership claim requires pathway DB lookup capability the verifier does not provide.
v1:c019,an_RAMP_P_000000141_seed0,OTHER,verify_sub6,verifier_gap,C5,The kynurenine/QUIN axis includes pyrroline hydroxycarboxylic acid,Pathway axis membership claim requires pathway DB lookup capability the verifier does not provide.
v1:c021,an_RAMP_P_000000141_seed0,GROUNDED,factual_sub6,verifier_gap,C9,L-Valine appears as a single-molecule outlier,Grounded claim provides no KEGG/HMDB/CHEBI identifier for L-Valine; verifier cannot verify without a canonical ID.
v1:c000,an_RAMP_P_000000141_seed1,GROUNDED,factual_sub6,verifier_gap,C9,Nine differentially abundant metabolites resolve to a chemically coherent set,Grounded claim provides no KEGG/HMDB/CHEBI identifiers for the nine metabolites; verifier cannot verify chemical coherence without canonical IDs.
v1:c001,an_RAMP_P_000000141_seed1,GROUNDED,factual_sub6,verifier_gap,C9,All nine metabolites have distinct InChIKey blocks,The claim about all nine metabolites having distinct InChIKey blocks cannot be verified because no identifiers were provided for the verifier to check.
v1:c010,an_RAMP_P_000000141_seed1,GROUNDED,factual_sub6,verifier_gap,C3,Mummichog m/z-direct activity identifies 8 matching compounds in the human_mfn empirical network,The claim that Mummichog identified eight matching compounds is a numeric result that the verifier cannot confirm due to missing identifiers.
v1:c013,an_RAMP_P_000000141_seed1,GROUNDED,factual_sub6,verifier_gap,C3,Tryptophan catabolism leading to NAD+ production has FDR = 1.10e-10,The reported FDR of 1.10e‑10 for tryptophan catabolism is a statistical value that the verifier cannot verify without supporting data.
v1:c028,an_RAMP_P_000000141_seed1,FACTUAL,factual_sub6,producer_fault,C7,L-tryptophan has HMDB ID C00078,The claim misattributes a KEGG identifier (C00078) to the HMDB namespace for L‑tryptophan.
v1:c030,an_RAMP_P_000000141_seed1,FACTUAL,factual_sub6,producer_fault,C7,Tryptamine has HMDB ID C00398,The claim misattributes a KEGG identifier (C00398) to the HMDB namespace for tryptamine.
v1:c032,an_RAMP_P_000000141_seed1,FACTUAL,factual_sub6,producer_fault,C7,Serotonin has HMDB ID C00780,The claim misattributes a KEGG identifier (C00780) to the HMDB namespace for serotonin.
v1:c033,an_RAMP_P_000000141_seed1,FACTUAL,factual_sub6,verifier_gap,C6,Melatonin is an acetyl-derivatised serotonin,The statement that melatonin is an acetyl‑derivatised serotonin is a known biochemical relationship that the verifier cannot confirm in v0 scope.
v1:c034,an_RAMP_P_000000141_seed1,FACTUAL,factual_sub6,producer_fault,C7,Melatonin has HMDB ID C01598,The claim misattributes a KEGG identifier (C01598) to the HMDB namespace for melatonin.
v1:c035,an_RAMP_P_000000141_seed1,BIOLOGICAL,biological_sub6,verifier_gap,C5,Quinolinic acid is a kynurenine-pathway intermediate,The assertion that quinolinic acid is a kynurenine‑pathway intermediate is a biological role claim that the verifier cannot verify in v0 scope.
v1:c036,an_RAMP_P_000000141_seed1,FACTUAL,factual_sub6,producer_fault,C7,Quinolinic acid has HMDB ID C03722,The claim misattributes a KEGG identifier (C03722) to the HMDB namespace for quinolinic acid.
v1:c037,an_RAMP_P_000000141_seed1,BIOLOGICAL,biological_sub6,verifier_gap,C5,3-hydroxyanthranilic acid is a kynurenine-pathway intermediate,The statement that 3‑hydroxyanthranilic acid is a kynurenine‑pathway intermediate is a biological role claim that the verifier cannot verify.
v1:c038,an_RAMP_P_000000141_seed1,FACTUAL,factual_sub6,producer_fault,C7,3-hydroxyanthranilic acid has HMDB ID C00632,The claim misattributes a KEGG identifier (C00632) to the HMDB namespace for 3‑hydroxyanthranilic acid.
v1:c040,an_RAMP_P_000000141_seed1,FACTUAL,factual_sub6,producer_fault,C7,3-sulfinoalanine has HMDB ID C00606,The claim misattributes a KEGG identifier (C00606) to the HMDB namespace for 3‑sulfinoalanine.
v1:c042,an_RAMP_P_000000141_seed1,FACTUAL,factual_sub6,producer_fault,C7,Putrescine has HMDB ID C00134,The claim misattributes a KEGG identifier (C00134) to the HMDB namespace for putrescine.
v1:c043,an_RAMP_P_000000141_seed1,BIOLOGICAL,biological_sub6,verifier_gap,C4,Putrescine likely arises from arginine decarboxylation,The hedged claim that putrescine likely arises from arginine decarboxylation cannot be verified by the biological layer.
v1:c045,an_RAMP_P_000000141_seed1,FACTUAL,factual_sub6,producer_fault,C7,L-Leucine has HMDB ID C00123,The claim misattributes a KEGG identifier (C00123) to the HMDB namespace for L‑leucine.
v1:c046,an_RAMP_P_000000141_seed1,GROUNDED,factual_sub6,verifier_gap,C1,The convergent signal across ORA and m/z-direct paradigms constitutes strong multi-method evidence,The claim that the convergent signal across ORA and m/z‑direct methods provides strong multi‑method evidence is a cross‑method consensus statement the verifier cannot check.
v1:c047,an_RAMP_P_000000141_seed1,OTHER,verify_sub6,verifier_gap,C6,ORA uses KEGG and WikiPathways databases,The factual claim that ORA uses KEGG and WikiPathways databases is a known methodological fact that the verifier cannot confirm.
v1:c048,an_RAMP_P_000000141_seed1,GROUNDED,factual_sub6,verifier_gap,C6,m/z-direct analysis uses Mummichog,The statement that m/z‑direct analysis uses Mummichog is a known methodological fact that the verifier cannot verify.
v1:c049,an_RAMP_P_000000141_seed1,GROUNDED,factual_sub6,verifier_gap,C3,FDR/p-value scores are at or below 1e-06 on a 9-compound input,The claim that FDR/p‑value scores are at or below 1e‑06 for a nine‑compound input provides numeric evidence that the verifier cannot confirm.
v1:c051,an_RAMP_P_000000141_seed1,SET_ENRICHMENT,set_enrichment,both,C5,Both the serotonin/melatonin neuroactive branch is perturbed,"Producer wrote an informal pathway branch name that the set_enrichment layer cannot map to any canonical pathway ID, and the verifier has no mechanism to handle non-standard pathway nomenclature."
v1:c052,an_RAMP_P_000000141_seed1,SET_ENRICHMENT,set_enrichment,both,C5,The kynurenine/NAD+ branch is perturbed,"Same as c051: informal branch name (kynurenine/NAD+) that the set_enrichment layer cannot canonicalize, creating both producer fault and verifier gap."
v1:c053,an_RAMP_P_000000141_seed1,BIOLOGICAL,biological_sub6,both,C5,"The perturbation is consistent with immune activation or indoleamine-2,3-dioxygenase activity","Biological mechanism interpretation claims are explicitly out of Sub-6 v0 scope, and even the strict form (connecting IDO activity to perturbation) would require external disease/clinical evidence the"
v1:c015,an_RAMP_P_000000141_seed2,BIOLOGICAL,biological_sub6,both,C5,Indoleacetaldehyde extends the metabolic reach into the kynurenine shunt.,"Producer asserts metabolic reach into a specific shunt without pathway identifiers, and biological_sub6 cannot verify pathway connectivity claims even with formal IDs."
v1:c016,an_RAMP_P_000000141_seed2,BIOLOGICAL,biological_sub6,both,C5,3-Hydroxyanthranilic acid extends the metabolic reach into the kynurenine shunt.,Same as c015: metabolite reach claim into kynurenine shunt without IDs; biological_sub6 cannot map such assertions to verifiable pathway data.
v1:c018,an_RAMP_P_000000141_seed2,OTHER,verify_sub6,verifier_gap,C5,Acrolein participates in downstream reactive metabolite interactions.,"The claim about downstream metabolite interactions is a legitimate biological assertion, but verify_sub6 has no mechanism to check metabolite relationship claims without database references."
v1:c025,an_RAMP_P_000000141_seed2,OTHER,verify_sub6,verifier_gap,C5,Doxycycline may act through off-target mechanisms not captured by the primary enrichment signal.,"Off-target mechanism speculation is reasonable inference, but no layer can verify drug mechanism claims without external pharmacology data."
v1:c026,an_RAMP_P_000000141_seed2,OTHER,verify_sub6,verifier_gap,C5,Milrinone may act through off-target mechanisms not captured by the primary enrichment signal.,Same as c025: milrinone off-target claim is plausible but unverifiable; no verifier layer handles drug mechanism claims.
v1:c027,an_RAMP_P_000000141_seed2,OTHER,verify_sub6,producer_fault,C8,,Empty claim text is degenerate input; producer should not emit empty claims regardless of claim_type.
v1:c000,an_RAMP_P_000000141_seed3,PATHWAY_RELATIONSHIP,pathway_relationship,verifier_gap,C1,Three complementary pathway-analysis tools converge on Tryptophan metabolism as the dominant biological signal in this differential metabolite set,"Cross-method consensus claim explicitly requires RaMP-DB access to verify convergence, but db_path is not supplied, making consensus unverifiable."
v1:c002,an_RAMP_P_000000141_seed3,GROUNDED,factual_sub6,verifier_gap,C3,RaMP-DB over-representation analysis has p-value 8.93Ã10â»Â¹Â¹,"The p-value is embedded verbatim in the claim text and could be checked, but factual_sub6 only looks for metabolite identifiers and cannot parse statistical citations."
v1:c003,an_RAMP_P_000000141_seed3,GROUNDED,factual_sub6,verifier_gap,C3,RaMP-DB over-representation analysis has FDR 1.42Ã10â»â¸,"FDR statistic is present in the claim text and technically checkable, but factual_sub6 lacks signal-verification capability for statistical citations."
v1:c004,an_RAMP_P_000000141_seed3,SET_ENRICHMENT,set_enrichment,both,C5,The enriched input metabolites span three interconnected branches of the tryptophan catabolic network,"Producer describes network topology without canonical pathway IDs, and set_enrichment cannot map informal 'tryptophan catabolic network' to a verdictable pathway."
v1:c005,an_RAMP_P_000000141_seed3,BIOLOGICAL,biological_sub6,producer_fault,C6,Serotonin is a member of the serotonin-melatonin branch,"Biological membership claims are explicitly out of v0 scope per evidence, so ReAct should not have produced this claim type for the biological_sub6 layer."
v1:c006,an_RAMP_P_000000141_seed3,BIOLOGICAL,biological_sub6,producer_fault,C6,Melatonin is a member of the serotonin-melatonin branch,Same as c005: melatonin membership claim falls outside Sub-6 v0 scope for biological role assertions.
v1:c007,an_RAMP_P_000000141_seed3,BIOLOGICAL,biological_sub6,producer_fault,C6,Indoleacetaldehyde is a member of the serotonin-melatonin branch,Same as c005: indoleacetaldehyde membership claim is a biological role assertion outside v0 scope.
v1:c008,an_RAMP_P_000000141_seed3,BIOLOGICAL,biological_sub6,producer_fault,C6,Tryptamine is a member of the serotonin-melatonin branch,Same as c005: tryptamine membership claim is a biological role assertion outside v0 scope.
v1:c009,an_RAMP_P_000000141_seed3,BIOLOGICAL,biological_sub6,producer_fault,C6,Quinolinic acid is a member of the kynurenine-NADâº branch,Same as c005: quinolinic acid membership claim is a biological role assertion outside v0 scope.
v1:c010,an_RAMP_P_000000141_seed3,BIOLOGICAL,biological_sub6,producer_fault,C6,3-hydroxyanthranilic acid is a member of the kynurenine-NADâº branch,Same as c005: 3-hydroxyanthranilic acid membership claim is a biological role assertion outside v0 scope.
v1:c011,an_RAMP_P_000000141_seed3,GROUNDED,factual_sub6,verifier_gap,C7,Mummichog m/z-direct activity independently ranked the Tryptophan network first,Mummichog results use LM:/MUMM: namespace which factual_sub6 cannot parse; the claim is verifiable in principle via mummichog output but no layer handles MUMM namespace pathway ranking claims.
v1:c012,an_RAMP_P_000000141_seed3,GROUNDED,factual_sub6,verifier_gap,C5,Mummichog m/z-direct activity has p-value 8.40Ã10â»âµ,"The claim identifies L-tryptophan as a driver metabolite, but the driver_metabolite layer cannot extract the necessary IDs to verify."
v1:c013,an_RAMP_P_000000141_seed3,BIOLOGICAL,biological_sub6,verifier_gap,C5,Mass-feature activity independently recovers the same metabolic topology,The claim describes a metabolic topology recovery that the biological_sub6 layer cannot verify due to lacking pathway identifiers.
v1:c014,an_RAMP_P_000000141_seed3,DRIVER_METABOLITE,driver_metabolite,verifier_gap,C5,Driver-metabolite analysis identifies L-tryptophan as the primary substrate entry point,"The claim identifies L-tryptophan as a driver substrate entry point, but the driver_metabolite layer cannot verify it due to missing driver IDs."
v1:c015,an_RAMP_P_000000141_seed3,BIOLOGICAL,biological_sub6,verifier_gap,C7,Serotonin and melatonin are downstream branch products via tryptophan 5-hydroxylase,"The claim uses the non-canonical MUMM namespace which the factual_sub6 layer cannot parse, making it a verifier gap."
v1:c016,an_RAMP_P_000000141_seed3,BIOLOGICAL,biological_sub6,verifier_gap,C5,N-carbamoyl-L-aspartic acid is not a member of the tryptophan network,"The claim identifies melatonin as a driver metabolite, but the driver_metabolite layer lacks the means to verify driver IDs."
v1:c017,an_RAMP_P_000000141_seed3,BIOLOGICAL,biological_sub6,verifier_gap,C5,O-phosphoethanolamine is not a member of the tryptophan network,"The claim asserts non-membership of a metabolite in a network, but the biological_sub6 layer cannot verify this due to lacking pathway identifiers."
v1:c018,an_RAMP_P_000000141_seed3,BIOLOGICAL,biological_sub6,verifier_gap,C1,N-carbamoyl-L-aspartic acid likely represents treatment-specific off-pathway perturbations,"The claim asserts L-tryptophan appears in at least two paradigm hit lists, implying cross-method consensus, but the factual_sub6 layer cannot verify due to missing identifiers."
v1:c019,an_RAMP_P_000000141_seed3,BIOLOGICAL,biological_sub6,verifier_gap,C1,O-phosphoethanolamine likely represents treatment-specific off-pathway perturbations,"The claim asserts serotonin appears in at least two paradigm hit lists, implying cross-method consensus, but the factual_sub6 layer cannot verify due to missing identifiers."
v1:c000,an_RAMP_P_000000141_seed4,PATHWAY_RELATIONSHIP,pathway_relationship,verifier_gap,C1,Three independent pathway-analysis paradigms converge on tryptophan metabolism as the dominant biological signal in the treatment group,"The claim asserts multi-tool convergence on a pathway, but the pathway_relationship layer cannot access the required database to verify."
v1:c005,an_RAMP_P_000000141_seed4,GROUNDED,factual_sub6,verifier_gap,C7,Mummichog m/z-direct network analysis returns MUMM:tryptophan_metabolism as top-1 with p = 0.0021,"The claim uses the non-canonical MUMM namespace which the factual_sub6 layer cannot parse, making it a verifier gap."
v1:c011,an_RAMP_P_000000141_seed4,PATHWAY_RELATIONSHIP,pathway_relationship,verifier_gap,C5,The serotonin-melatonin branch is the downstream effector,"The claim describes a downstream effector in a pathway, but the pathway_relationship layer cannot verify the endpoint relationship."
v1:c012,an_RAMP_P_000000141_seed4,DRIVER_METABOLITE,driver_metabolite,verifier_gap,C5,L-tryptophan is a driver metabolite for the primary tryptophan signal,"The claim identifies L-tryptophan as a driver metabolite, but the driver_metabolite layer cannot extract the necessary IDs to verify."
v1:c016,an_RAMP_P_000000141_seed4,DRIVER_METABOLITE,driver_metabolite,verifier_gap,C5,Melatonin is a driver metabolite for the primary tryptophan signal,"The claim identifies melatonin as a driver metabolite, but the driver_metabolite layer lacks the means to verify driver IDs."
v1:c018,an_RAMP_P_000000141_seed4,GROUNDED,factual_sub6,verifier_gap,C1,L-tryptophan is present across at least two paradigm hit lists,"The claim asserts L-tryptophan appears in at least two paradigm hit lists, implying cross-method consensus, but the factual_sub6 layer cannot verify due to missing identifiers."
v1:c019,an_RAMP_P_000000141_seed4,GROUNDED,factual_sub6,verifier_gap,C1,Serotonin is present across at least two paradigm hit lists,"The claim asserts serotonin appears in at least two paradigm hit lists, implying cross-method consensus, but the factual_sub6 layer cannot verify due to missing identifiers."
v1:c020,an_RAMP_P_000000141_seed4,GROUNDED,factual_sub6,verifier_gap,C1,Melatonin is present across at least two paradigm hit lists,"The claim asserts melatonin appears in at least two paradigm hit lists, implying cross-method consensus, but the factual_sub6 layer cannot verify due to missing identifiers."
v1:c021,an_RAMP_P_000000141_seed4,BIOLOGICAL,biological_sub6,verifier_gap,C5,Quinolinic acid appears in the kynurenine arm,"The claim describes a metabolite appearing in a specific pathway arm, but the biological_sub6 layer cannot verify due to missing pathway context."
v1:c022,an_RAMP_P_000000141_seed4,BIOLOGICAL,biological_sub6,verifier_gap,C5,Quinolinic acid appears in the tryptophan network,"The claim describes a metabolite appearing in a metabolic network, but the biological_sub6 layer cannot verify due to missing pathway identifiers."
v1:c000,an_RAMP_P_000000141_seed5,PATHWAY_RELATIONSHIP,pathway_relationship,verifier_gap,C1,Three complementary pathway-analysis tools converge on tryptophan metabolism as the dominant biological signal,"The claim asserts multi-tool convergence on a pathway, but the pathway_relationship layer cannot access the required database to verify."
v1:c015,an_RAMP_P_000000141_seed5,GROUNDED,factual_sub6,verifier_gap,C7,Mummichog m/z-direct activity on the human_mfn network ranks MUMM:tryptophan_metabolism first,"The claim uses the non-canonical MUMM namespace which the factual_sub6 layer cannot parse, making it a verifier gap."
v1:c016,an_RAMP_P_000000141_seed5,GROUNDED,factual_sub6,verifier_gap,C3,Mummichog reports p = 0.00286 for MUMM:tryptophan_metabolism,"P-value is legitimate statistical signal evidence but factual_sub6 only parses DB identifiers, not p-values."
v1:c017,an_RAMP_P_000000141_seed5,GROUNDED,factual_sub6,verifier_gap,C3,Mummichog reports 7 overlapping compounds for MUMM:tryptophan_metabolism,Count of overlapping compounds is numeric signal evidence but unverifiable by a layer that requires DB identifiers.
v1:c018,an_RAMP_P_000000141_seed5,GROUNDED,factual_sub6,verifier_gap,C3,Mummichog reports a 14-member reference set for MUMM:tryptophan_metabolism,Reference set size is numeric signal evidence but unverifiable without access to Mummichog tool output.
v1:c019,an_RAMP_P_000000141_seed5,OTHER,verify_sub6,verifier_gap,C6,Mummichog provides orthogonal empirical-compound confirmation,Qualitative orthogonal confirmation claim is legitimate but no verifier layer covers empirical-compound confirmation statements.
v1:c024,an_RAMP_P_000000141_seed5,GROUNDED,factual_sub6,verifier_gap,C1,"The converging evidence across ORA, KEGG PSEA, and m/z-network paradigms identifies coordinated perturbation of tryptophan catabolism",Cross-method consensus claim (ORA + KEGG PSEA + m/z-network convergence) requires consensus checking that no layer performs.
v1:c029,an_RAMP_P_000000141_seed5,FACTUAL,factual_sub6,verifier_gap,C5,Tryptophan 5-monooxygenase (EC 1.13.11.11) produces serotonin and melatonin from L-tryptophan,"Enzyme reaction claim has an EC number identifier, but factual_sub6 does not parse EC numbers or enzyme reaction data."
v1:c000,an_RAMP_P_000000141_seed6,PATHWAY_RELATIONSHIP,pathway_relationship,verifier_gap,C1,Three independent enrichment paradigms converge on Tryptophan metabolism as the dominant affected pathway,"Cross-method consensus statement requires RaMP-DB to count shared compounds, but no db_path was supplied to verify."
v1:c011,an_RAMP_P_000000141_seed6,DRIVER_METABOLITE,driver_metabolite,verifier_gap,C3,The signal is driven by eight tryptophan-derived metabolites,Count of driver metabolites ('eight') is signal evidence that no verifier layer can check against tool output.
v1:c021,an_RAMP_P_000000141_seed6,GROUNDED,factual_sub6,verifier_gap,C3,Tryptophan catabolism leading to NAD+ production has FDR 9.4e-11,"FDR value is statistical evidence but verifier layer only parses DB identifiers, not p-values or FDR thresholds."
v1:c026,an_RAMP_P_000000141_seed6,BIOLOGICAL,biological_sub6,verifier_gap,C9,3-hydroxyanthranilic acid and quinolinic acid are part of the kynurenine branch,"Biological branch membership claim has no pathway ID or extractor in biological_sub6, and such free-text role claims are outside v0 scope."
v1:c028,an_RAMP_P_000000141_seed6,BIOLOGICAL,biological_sub6,verifier_gap,C9,Tryptamine and serotonin and melatonin are part of the serotonin branch,"Biological branch membership claim has no pathway ID or extractor in biological_sub6, and such free-text role claims are outside v0 scope."
v1:c037,an_RAMP_P_000000141_seed6,GROUNDED,factual_sub6,verifier_gap,C9,Deoxyribose 1-phosphate and dihydrolipoate and acetylcholine and N-formyl-L-glutamic acid appear only in secondary hits,Specific metabolites are named but lack DB identifiers for verification; tool-resolution status cannot be checked.
v1:c038,an_RAMP_P_000000141_seed6,GROUNDED,factual_sub6,verifier_gap,C3,Secondary hits have marginal p-values above 0.05,P-value threshold claim ('above 0.05') is statistical signal evidence that no verifier layer parses.
v1:c039,an_RAMP_P_000000141_seed6,GROUNDED,factual_sub6,verifier_gap,C1,Secondary hits do not replicate across paradigms,Cross-paradigm replication claim requires multi-method comparison that no layer can verify.
v1:c040,an_RAMP_P_000000141_seed6,GROUNDED,factual_sub6,verifier_gap,C9,"2,3-epoxyaflatoxin B1 was not resolved by any tool",Negative factual claim about tool resolution lacks a DB identifier and tool-resolution status is outside verifier scope.
v1:c042,an_RAMP_P_000000141_seed6,GROUNDED,factual_sub6,verifier_gap,C9,"2,3-epoxyaflatoxin B1 remains unplaced",Negative factual claim about placement lacks a DB identifier for verification.
v1:c043,an_RAMP_P_000000141_seed6,GROUNDED,factual_sub6,verifier_gap,C9,All 11 resolved metabolites are distinct chemical entities,Distinctness claim is factual but verifier has no mechanism to confirm chemical distinctness of the 11 resolved metabolites.
v1:c044,an_RAMP_P_000000141_seed6,GROUNDED,factual_sub6,verifier_gap,C9,The 11 resolved metabolites have non-overlapping InChIKey first blocks,InChIKey first-block overlap claim requires chemical identity verification that factual_sub6 cannot perform.
v1:c045,an_RAMP_P_000000141_seed6,CONSISTENCY,verify_sub6,verifier_gap,C4,Non-overlapping InChIKey first blocks eliminate namespace artefacts as an explanation for the enrichment signal,Consistency/elimination claim requires causal reasoning about enrichment drivers that no verifier layer can assess.
v1:c001,an_RAMP_P_000000141_seed7,GROUNDED,factual_sub6,verifier_gap,C3,The FDR for the RaMP top hit is 1.08e-15,"FDR p-value is statistical evidence but verifier layer only parses DB identifiers, not significance metrics."
v1:c002,an_RAMP_P_000000141_seed7,SET_ENRICHMENT,set_enrichment,both,C3,The fold enrichment for the RaMP top hit is 857.8,"Claim provides a tool-derivable numeric fold enrichment value but lacks any pathway ID for anchoring, and the set_enrichment layer cannot verify numeric values even when ID is present."
v1:c012,an_RAMP_P_000000141_seed7,GROUNDED,factual_sub6,verifier_gap,C7,Mummichog m/z-network analysis returned MUMM:tryptophan_metabolism as rank 0,"MUMM: namespace is used but factual_sub6 verifier parses only KEGG/HMDB/CHEBI/InChIKey identifiers, so even the strict form with a mapped KEGG ID would be unverifiable."
v1:c013,an_RAMP_P_000000141_seed7,GROUNDED,factual_sub6,both,C3,The p-value for Mummichog MUMM:tryptophan_metabolism is 8.40e-05,"P-value is a verifiable numeric statistic from tool output but claim lacks a KEGG pathway ID for verification, and no layer verifies p-values directly."
v1:c014,an_RAMP_P_000000141_seed7,PATHWAY_RELATIONSHIP,pathway_relationship,verifier_gap,C1,Three methods converge on tryptophan catabolism as the primary affected pathway,"Cross-method consensus claim is tool-derivable but RaMP-DB cannot be opened without METAGENT_RAMP_PATH/db_path, preventing verification of method convergence."
v1:c027,an_RAMP_P_000000141_seed7,BIOLOGICAL,biological_sub6,both,C9,L-Proline maps to the urea-cycle route reported by Mummichog,"L-Proline biological mapping claim lacks any pathway phrase/ID or concrete verifiable entity, and biological_sub6 layer explicitly cannot parse free-text biological role claims in v0 scope."
v1:c028,an_RAMP_P_000000141_seed7,BIOLOGICAL,biological_sub6,producer_fault,C7,L-Proline maps to the arginine-and-proline metabolic route reported by Mummichog,"The claim self-references 'reported by Mummichog' (method self-reference) and uses a free-text pathway name 'arginine-and-proline metabolic route' without any pathway namespace identifier, making it b"
v1:c005,an_RAMP_P_000000141_seed8,GROUNDED,factual_sub6,verifier_gap,C3,Mummichog m/z-direct analysis ranked MUMM:tryptophan_metabolism first with p = 4.2Ã10â»â´,"The claim contains a proper MUMM namespace ID and a statistical p-value (signal evidence), but the factual_sub6 verifier cannot check MUMM namespace pathway claims; only KEGG/HMDB/CHEBI/InChIKey are i"
v1:c012,an_RAMP_P_000000141_seed8,FACTUAL,factual_sub6,both,C5,The driver metabolites span two parallel branches from the parent substrate L-tryptophan (CHEBI:16828),"The CHEBI identifier for L-tryptophan is extractable, but the biological claim about 'two parallel branches' and 'parent substrate' requires reaction-level pathway context (upstream/downstream interme"
v1:c013,an_RAMP_P_000000141_seed8,FACTUAL,factual_sub6,producer_fault,C6,L-tryptophan has CHEBI identifier 16828,"The claim explicitly contains the CHEBI identifier '(CHEBI:16828)' in the text itself, yet the verifier reports it cannot extract it—this is a clear producer/system failure to parse a directly present"
v1:c014,an_RAMP_P_000000141_seed8,FACTUAL,factual_sub6,both,C5,The kynurenine arm produces quinolinic acid (CHEBI:16675),"The CHEBI ID for quinolinic acid is present and checkable, but the production claim ('produces') is a reaction-step intermediate biology statement that would require KEGG REACTION data to verify direc"
v1:c015,an_RAMP_P_000000141_seed8,FACTUAL,factual_sub6,producer_fault,C6,Quinolinic acid has CHEBI identifier 16675,"The claim explicitly embeds CHEBI:16675, which the verifier should have parsed for factual_sub6 identifier extraction; the empty evidence field means this check never occurred, making the claim unveri"
v1:c016,an_RAMP_P_000000141_seed8,FACTUAL,factual_sub6,verifier_gap,C5,The kynurenine arm produces 3-hydroxyanthranilic acid (CHEBI:15793),"The claim asserts a biological production relationship (kynurenine arm → 3-HAO) with an embedded CHEBI:15793; the verifier layer has no pathway-step checking mechanism, so it cannot validate this inte"
v1:c017,an_RAMP_P_000000141_seed8,FACTUAL,factual_sub6,producer_fault,C6,3-Hydroxyanthranilic acid has CHEBI identifier 15793,"The claim explicitly embeds CHEBI:15793, which the verifier should have parsed for factual_sub6 identifier extraction; the empty evidence field means this check never occurred, making the claim unveri"
v1:c018,an_RAMP_P_000000141_seed8,FACTUAL,factual_sub6,verifier_gap,C5,The serotonin arm produces serotonin (CHEBI:28790),"The claim asserts a biological production relationship (serotonin arm → serotonin) with an embedded CHEBI:28790; the verifier layer has no pathway-step checking mechanism, so it cannot validate this i"
v1:c019,an_RAMP_P_000000141_seed8,FACTUAL,factual_sub6,producer_fault,C6,Serotonin has CHEBI identifier 28790,"The claim explicitly embeds CHEBI:28790, which the verifier should have parsed for factual_sub6 identifier extraction; the empty evidence field means this check never occurred, making the claim unveri"
v1:c020,an_RAMP_P_000000141_seed8,FACTUAL,factual_sub6,producer_fault,C7,The serotonin arm produces melatonin (CHEBI:16796),"ReAct attached CHEBI:16796 (serotonin) to melatonin, producing a wrong-namespace identifier that mislabels the metabolite."
v1:c021,an_RAMP_P_000000141_seed8,FACTUAL,factual_sub6,producer_fault,C7,Melatonin has CHEBI identifier 16796,"ReAct asserted melatonin has CHEBI:16796, which is factually incorrect; melatonin is CHEBI:2561, so the namespace ID is wrong."
v1:c022,an_RAMP_P_000000141_seed8,CONSISTENCY,verify_sub6,verifier_gap,C1,The simultaneous elevation of both arms suggests a global shift in tryptophan allocation,The cross-arm consistency statement is legitimate reasoning but no layer produced the underlying quantitative data needed to verify the elevation.
v1:c023,an_RAMP_P_000000141_seed8,BIOLOGICAL,biological_sub6,producer_fault,C5,"The shift in tryptophan allocation is consistent with activation of indoleamine 2,3-dioxygenase (IDO1)",ReAct made a free-text biological role claim about IDO1 that the biological layer explicitly rejected as out-of-v0-scope; the producer should not have written it.
v1:c024,an_RAMP_P_000000141_seed8,OTHER,verify_sub6,producer_fault,C9,The shift in tryptophan allocation is consistent with a pro-inflammatory tryptophan depletion signature,"The claim uses vague, non-canonical biological phrasing ('pro-inflammatory tryptophan depletion signature') with no tool output basis and no layer to verify it."
v1:c025,an_RAMP_P_000000141_seed8,FACTUAL,factual_sub6,verifier_gap,C7,3-Methyladenine (CHEBI:38635) likely reflects parallel purine perturbations,"CHEBI:38635 is explicitly in the text; factual_sub6 reports it cannot extract identifiers from claim text, so even the strict form is unverifiable."
v1:c026,an_RAMP_P_000000141_seed8,FACTUAL,factual_sub6,verifier_gap,C7,3-Methyladenine has CHEBI identifier 38635,"CHEBI identifier 38635 is present verbatim; verifier reports inability to extract from claim text, blocking any namespace validation."
v1:c027,an_RAMP_P_000000141_seed8,FACTUAL,factual_sub6,verifier_gap,C7,O-phosphoethanolamine (CHEBI:17553) likely reflects parallel phospholipid perturbations,CHEBI:17553 is explicitly in the text but factual_sub6 cannot parse identifiers from claim text to verify the compound.
v1:c028,an_RAMP_P_000000141_seed8,FACTUAL,factual_sub6,verifier_gap,C3,O-phosphoethanolamine has CHEBI identifier 17553,Molecular formula C15H22O3 is a factual numeric claim but no identifier is provided for factual_sub6 to verify.
v1:c029,an_RAMP_P_000000141_seed8,CONSISTENCY,verify_sub6,verifier_gap,C1,3-Methyladenine and O-phosphoethanolamine are not captured by the tryptophan-centric enrichment,Cross-method consistency claim about compound exclusion from tryptophan enrichment has no evidence and verify_sub6 provides no verification path.
v1:c000,an_RAMP_P_000000398_seed0,PATHWAY_RELATIONSHIP,pathway_relationship,verifier_gap,C1,Three pathway-enrichment paradigms converge on Galactose Metabolism as the dominant signal,Cross-method consensus claim about dominant pathway convergence cannot be verified without RaMP-DB access.
v1:c013,an_RAMP_P_000000398_seed0,GROUNDED,factual_sub6,verifier_gap,C3,Galactitol has molecular formula C6H12O6,Numeric molecular formula C6H12O6 is a checkable factual claim but no namespace ID is present to route to a database lookup.
v1:c015,an_RAMP_P_000000398_seed0,GROUNDED,factual_sub6,verifier_gap,C3,Myo-inositol has molecular formula C6H12O6,Molecular formula C6H12O6 is a verifiable numeric claim but no identifier in the claim for factual_sub6 to query.
v1:c019,an_RAMP_P_000000398_seed0,GROUNDED,factual_sub6,verifier_gap,C3,Glycerol has molecular formula C3H8O3,Molecular formula C3H8O3 is a checkable factual statement but lacks any namespace ID for external database verification.
v1:c023,an_RAMP_P_000000398_seed0,BIOLOGICAL,biological_sub6,verifier_gap,C6,"Myo-inositol, ethanolamine, and glycerol are shared membrane-lipid precursors",Biological role claim that metabolites are membrane-lipid precursors is declared out of biological_sub6 v0 scope with no disease/role checker available.
v1:c028,an_RAMP_P_000000398_seed0,GROUNDED,factual_sub6,verifier_gap,C3,2-Methoxyestradiol has molecular formula C15H22O3,Molecular formula C15H22O3 is a factual numeric claim but no identifier is provided for factual_sub6 to verify.
v1:c032,an_RAMP_P_000000398_seed0,GROUNDED,factual_sub6,verifier_gap,C3,Dopamine has molecular formula C8H11NO2,Molecular formula C8H11NO2 is a verifiable factual statement but lacks a namespace ID for database lookup.
v1:c000,an_RAMP_P_000000398_seed1,PATHWAY_RELATIONSHIP,pathway_relationship,verifier_gap,C1,Three pathway-enrichment paradigms converge on Galactose Metabolism as the dominant affected pathway,Cross-method consensus claim about dominant pathway convergence cannot be verified without RaMP-DB access.
v1:c001,an_RAMP_P_000000398_seed1,GROUNDED,factual_sub6,verifier_gap,C9,"The three paradigm types are RaMP multi-DB ORA, MetaboAnalystR KEGG PSEA, and mummichog m/z-direct activity",Method enumeration claim is factual but factual_sub6 lacks tool-reference data to verify the three paradigm types.
v1:c002,an_RAMP_P_000000398_seed1,GROUNDED,factual_sub6,verifier_gap,C9,RaMP ORA uses five input carbohydrates,Count claim about five input carbohydrates could be verified from analysis logs but no evidence provided and no layer checks it.
v1:c003,an_RAMP_P_000000398_seed1,GROUNDED,factual_sub6,verifier_gap,C9,"The five input carbohydrates are galactinol, sucrose, myo-inositol, galactitol, and glycerol",Concrete metabolite list claim is checkable but no identifier extraction mechanism and no verification path for tool output specifics.
v1:c004,an_RAMP_P_000000398_seed1,GROUNDED,factual_sub6,verifier_gap,C3,RaMP ORA produces an FDR of 1.22e-15,Statistical claim (FDR 1.22e-15) is a numeric signal that should be verifiable from RaMP output logs but no evidence and no signal verifier in pipeline.
v1:c005,an_RAMP_P_000000398_seed1,SET_ENRICHMENT,set_enrichment,verifier_gap,C3,RaMP ORA produces a fold-enrichment of 1801,Statistical fold-enrichment claim (1801) is a numeric signal but set_enrichment layer cannot map without pathway ID and no signal checker exists.
v1:c007,an_RAMP_P_000000398_seed1,BIOLOGICAL,biological_sub6,verifier_gap,C7,SMPDB:SMP00182 corresponds to Galactosemia,Disease-pathway mapping with SMPDB namespace falls outside Sub-6 v0 scope per evidence; disease/clinical-significance claims have no verifier.
v1:c010,an_RAMP_P_000000398_seed1,CONSISTENCY,verify_sub6,verifier_gap,C7,MetaboAnalystR PSEA uses the KEGG namespace,Namespace usage claim about MetaboAnalystR PSEA is a factual tool characteristic but no evidence provided and no method-spec verifier in pipeline.
v1:c011,an_RAMP_P_000000398_seed1,CONSISTENCY,verify_sub6,verifier_gap,C1,The same five compounds replicate the signal in MetaboAnalystR PSEA,"Claim asserts cross-method consistency (same five compounds replicate signal in MetaboAnalystR PSEA) but verifier lacks cross-method consensus verification, so it is a verifier gap."
v1:c012,an_RAMP_P_000000398_seed1,GROUNDED,factual_sub6,verifier_gap,C3,MetaboAnalystR PSEA produces a p-value of 9.53e-10,Claim provides a p-value (9.53e-10) that the verifier cannot verify due to missing entity identifier.
v1:c014,an_RAMP_P_000000398_seed1,FACTUAL,factual_sub6,verifier_gap,C6,mummichog uses empirical network analysis,Claim states a canonical methodological fact about mummichog (uses empirical network analysis) that the verifier cannot verify as it expects identifiers.
v1:c015,an_RAMP_P_000000398_seed1,GROUNDED,factual_sub6,verifier_gap,C3,mummichog produces a p-value of 5.88e-4,Claim provides a p-value (5.88e-4) that the verifier cannot verify due to missing entity identifier.
v1:c016,an_RAMP_P_000000398_seed1,GROUNDED,factual_sub6,verifier_gap,C7,mummichog targets MUMM:galactose_metabolism,"Claim includes a non-canonical MUMM namespace ID (MUMM:galactose_metabolism) that the verifier cannot parse, making it a namespace form claim."
v1:c017,an_RAMP_P_000000398_seed1,GROUNDED,factual_sub6,verifier_gap,C3,mummichog has an overlap of 10 out of 11 compounds,Claim provides a numeric overlap count (10 out of 11 compounds) that the verifier cannot verify due to missing entity identifier.
v1:c018,an_RAMP_P_000000398_seed1,GROUNDED,factual_sub6,verifier_gap,C9,The consensus driver set includes galactinol,"Claim names a metabolite (galactinol) without an ID, and the verifier lacks name lookup, so it cannot be verified."
v1:c020,an_RAMP_P_000000398_seed1,GROUNDED,factual_sub6,verifier_gap,C9,The consensus driver set includes sucrose,"Claim names a metabolite (sucrose) without an ID, and the verifier lacks name lookup, so it cannot be verified."
v1:c022,an_RAMP_P_000000398_seed1,GROUNDED,factual_sub6,verifier_gap,C9,The consensus driver set includes galactitol,"Claim names a metabolite (galactitol) without an ID, and the verifier lacks name lookup, so it cannot be verified."
v1:c025,an_RAMP_P_000000398_seed1,BIOLOGICAL,biological_sub6,verifier_gap,C5,myo-inositol and glycerol are branch intermediaries,"Claim asserts a biological role (branch intermediaries) for myo-inositol and glycerol, which is intermediate biology but the verifier cannot verify due to lack of structured pathway context."
v1:c031,an_RAMP_P_000000398_seed1,GROUNDED,factual_sub6,verifier_gap,C7,mummichog MUMM:glycerophospholipid_metabolism has a p-value of 0.0024,"Claim includes a non-canonical MUMM namespace ID (MUMM:glycerophospholipid_metabolism) that the verifier cannot parse, making it a namespace form claim."
v1:c033,an_RAMP_P_000000398_seed1,GROUNDED,factual_sub6,verifier_gap,C5,myo-inositol is a phosphatidylinositol head-group precursor,"Claim asserts a biological role (phosphatidylinositol head-group precursor) for myo-inositol, which is intermediate biology, but the verifier cannot verify due to missing ID."
v1:c036,an_RAMP_P_000000398_seed1,GROUNDED,factual_sub6,verifier_gap,C7,Acetylcholine only reaches the MUMM:glycerophospholipid_metabolism set via its choline moiety,"Claim includes a non-canonical MUMM namespace ID (MUMM:glycerophospholipid_metabolism) that the verifier cannot parse, making it a namespace form claim."
v1:c038,an_RAMP_P_000000398_seed1,GROUNDED,factual_sub6,verifier_gap,C3,"2,3-epoxyaflatoxin B1 remains below significance thresholds in all paradigms","Claim asserts a statistical result (remains below significance thresholds) for 2,3-epoxyaflatoxin B1, which is signal evidence, but the verifier cannot verify due to missing ID."
v1:c001,an_RAMP_P_000000398_seed2,BIOLOGICAL,biological_sub6,verifier_gap,C9,RaMP multi-database ORA ranked SMPDB:SMP00182 Galactosemia at rank 0,"Claim pertains to a disease pathway ranking (SMPDB:SMP00182 Galactosemia) that is outside Sub-6 v0 scope, so the verifier cannot verify."
v1:c002,an_RAMP_P_000000398_seed2,BIOLOGICAL,biological_sub6,verifier_gap,C3,RaMP multi-database ORA has FDR = 1.65e-12 for SMPDB:SMP00182 Galactosemia,"Claim provides an FDR statistic (1.65e-12) for a disease pathway, which is signal evidence, but the verifier cannot verify disease claims."
v1:c003,an_RAMP_P_000000398_seed2,BIOLOGICAL,biological_sub6,verifier_gap,C3,Five of thirty pathway members were detected in SMPDB:SMP00182 Galactosemia,"Claim provides a numeric count (five of thirty) of detected pathway members, which is signal evidence, but the verifier cannot verify disease claims."
v1:c004,an_RAMP_P_000000398_seed2,BIOLOGICAL,biological_sub6,verifier_gap,C9,Galactitol was detected in SMPDB:SMP00182 Galactosemia,"Claim asserts detection of a metabolite (galactitol) in a disease pathway, but the verifier cannot verify due to disease scope and lack of ID."
v1:c005,an_RAMP_P_000000398_seed2,BIOLOGICAL,biological_sub6,verifier_gap,C9,Myo-inositol was detected in SMPDB:SMP00182 Galactosemia,"Claim asserts detection of a metabolite (myo-inositol) in a disease pathway, but the verifier cannot verify due to disease scope and lack of ID."
v1:c006,an_RAMP_P_000000398_seed2,BIOLOGICAL,biological_sub6,verifier_gap,C9,Sucrose was detected in SMPDB:SMP00182 Galactosemia,"Claim asserts detection of a metabolite (sucrose) in a disease pathway, but the verifier cannot verify due to disease scope and lack of ID."
v1:c007,an_RAMP_P_000000398_seed2,BIOLOGICAL,biological_sub6,verifier_gap,C7,Galactinol was detected in SMPDB:SMP00182 Galactosemia,KEGG identifier is correctly formatted but layer fails to extract it; namespace format issue prevents verification.
v1:c008,an_RAMP_P_000000398_seed2,BIOLOGICAL,biological_sub6,verifier_gap,C7,Glycerol was detected in SMPDB:SMP00182 Galactosemia,KEGG identifier is correctly formatted but layer fails to extract it; namespace format issue prevents verification.
v1:c017,an_RAMP_P_000000398_seed2,GROUNDED,factual_sub6,verifier_gap,C7,Mummichog m/z-direct analysis ranked MUMM:galactose_metabolism at rank 4,MUMM pathway namespace is non-canonical and layer cannot extract KEGG/HMDB/Chebi identifiers from it.
v1:c018,an_RAMP_P_000000398_seed2,GROUNDED,factual_sub6,verifier_gap,C7,Mummichog m/z-direct analysis has p = 0.00328 for MUMM:galactose_metabolism,MUMM pathway namespace is non-canonical and layer cannot extract KEGG/HMDB/Chebi identifiers from it.
v1:c019,an_RAMP_P_000000398_seed2,GROUNDED,factual_sub6,verifier_gap,C7,MUMM:galactose_metabolism has an overlap of 10 of 11 compounds,MUMM pathway namespace is non-canonical and layer cannot extract KEGG/HMDB/Chebi identifiers from it.
v1:c020,an_RAMP_P_000000398_seed2,GROUNDED,factual_sub6,verifier_gap,C7,Galactitol appeared in every enriched result,Name-only metabolite reference without canonical identifier; layer cannot verify without KEGG/HMDB/Chebi ID.
v1:c021,an_RAMP_P_000000398_seed2,GROUNDED,factual_sub6,verifier_gap,C7,Myo-inositol appeared in every enriched result,Name-only metabolite reference without canonical identifier; layer cannot verify without KEGG/HMDB/Chebi ID.
v1:c022,an_RAMP_P_000000398_seed2,GROUNDED,factual_sub6,verifier_gap,C7,Sucrose appeared in every enriched result,Name-only metabolite reference without canonical identifier; layer cannot verify without KEGG/HMDB/Chebi ID.
v1:c023,an_RAMP_P_000000398_seed2,GROUNDED,factual_sub6,verifier_gap,C7,Galactinol appeared in every enriched result,Name-only metabolite reference without canonical identifier; layer cannot verify without KEGG/HMDB/Chebi ID.
v1:c024,an_RAMP_P_000000398_seed2,GROUNDED,factual_sub6,verifier_gap,C7,Glycerol appeared in every enriched result,Name-only metabolite reference without canonical identifier; layer cannot verify without KEGG/HMDB/Chebi ID.
v1:c025,an_RAMP_P_000000398_seed2,GROUNDED,factual_sub6,verifier_gap,C7,A secondary phospholipid signal appeared,Vague signal description with no canonical identifier; layer cannot verify without KEGG/HMDB/Chebi ID.
v1:c026,an_RAMP_P_000000398_seed2,GROUNDED,factual_sub6,verifier_gap,C7,Mummichog ranked MUMM:glycerophospholipid_metabolism at rank 2,MUMM pathway namespace is non-canonical and layer cannot extract KEGG/HMDB/Chebi identifiers from it.
v1:c027,an_RAMP_P_000000398_seed2,GROUNDED,factual_sub6,verifier_gap,C7,Mummichog has p = 0.00151 for MUMM:glycerophospholipid_metabolism,MUMM pathway namespace is non-canonical and layer cannot extract KEGG/HMDB/Chebi identifiers from it.
v1:c000,an_RAMP_P_000000398_seed3,PATHWAY_RELATIONSHIP,pathway_relationship,verifier_gap,C1,Three complementary pathway-enrichment paradigms converge on a single dominant signal: Galactose Metabolism (KEGG:hsa00052),Cross-method consensus claim requires RaMP-DB access which is unavailable due to unset METAGENT_RAMP_PATH.
v1:c006,an_RAMP_P_000000398_seed3,PATHWAY_RELATIONSHIP,pathway_relationship,verifier_gap,C1,Five shared input metabolites drive the enrichment across both ORA methods,Cross-method consensus claim requires RaMP-DB to count shared compounds which is unavailable due to unset METAGENT_RAMP_PATH.
v1:c007,an_RAMP_P_000000398_seed3,FACTUAL,factual_sub6,verifier_gap,C7,Sucrose has KEGG identifier C00089,KEGG identifier is correctly formatted but layer fails to extract it; namespace format issue prevents verification.
v1:c008,an_RAMP_P_000000398_seed3,FACTUAL,factual_sub6,verifier_gap,C7,Galactinol has KEGG identifier C01235,KEGG identifier is correctly formatted but layer fails to extract it; namespace format issue prevents verification.
v1:c009,an_RAMP_P_000000398_seed3,FACTUAL,factual_sub6,verifier_gap,C7,Galactitol has KEGG identifier C01697,KEGG identifier is correctly formatted but layer fails to extract it; namespace format issue prevents verification.
v1:c010,an_RAMP_P_000000398_seed3,FACTUAL,factual_sub6,verifier_gap,C7,Glycerol has KEGG identifier C00116,KEGG identifier is correctly formatted but layer fails to extract it; namespace format issue prevents verification.
v1:c011,an_RAMP_P_000000398_seed3,FACTUAL,factual_sub6,verifier_gap,C7,myo-inositol has KEGG identifier C00137,KEGG identifier is correctly formatted but layer fails to extract it; namespace format issue prevents verification.
v1:c014,an_RAMP_P_000000398_seed3,GROUNDED,factual_sub6,verifier_gap,C3,12 of 13 input metabolites are placed in the Mummichog empirical network,"The claim reports a count of metabolites placed in a network, a quantitative statistic that the verifier cannot verify without access to the Mummichog network mapping."
v1:c015,an_RAMP_P_000000398_seed3,GROUNDED,factual_sub6,verifier_gap,C3,The 12 of 13 input metabolites in the empirical network confirms signal reproducibility by mass-based annotation,"The claim interprets a count of metabolites as evidence of reproducibility, a statistical conclusion that the verifier cannot assess without the underlying network data."
v1:c017,an_RAMP_P_000000398_seed3,OTHER,verify_sub6,verifier_gap,C5,Sucrose is the primary dietary galactose donor,"The claim states a metabolic role for sucrose as a galactose donor, a biological function that the verifier cannot verify due to lack of coverage for such functional claims."
v1:c018,an_RAMP_P_000000398_seed3,OTHER,verify_sub6,verifier_gap,C5,Galactinol is the galactosyl donor for raffinose-family oligosaccharide synthesis,"The claim describes galactinol's role as a galactosyl donor in raffinose synthesis, a metabolic function outside the verifier's scope."
v1:c019,an_RAMP_P_000000398_seed3,OTHER,verify_sub6,verifier_gap,C5,Galactitol is the sorbitol-family downstream product of galactose reduction,"The claim identifies galactitol as a downstream product of galactose reduction, a pathway relationship that the verifier cannot verify."
v1:c021,an_RAMP_P_000000398_seed3,FACTUAL,factual_sub6,verifier_gap,C7,Aspirin (acetylsalicylic acid) has KEGG identifier C01405,"The claim associates aspirin with a specific KEGG identifier, a namespace fact that the verifier cannot verify without access to the KEGG database."
v1:c022,an_RAMP_P_000000398_seed3,FACTUAL,factual_sub6,verifier_gap,C7,Acetaminophen (paracetamol) has KEGG identifier C06804,"The claim links acetaminophen to a KEGG identifier, which the verifier cannot check due to lack of database access."
v1:c024,an_RAMP_P_000000398_seed3,GROUNDED,factual_sub6,verifier_gap,C3,Reactome Synthesis of Prostaglandins and Thromboxanes has FDR 2.9e-4,"The claim reports an FDR value for a Reactome pathway, a statistical metric that the verifier cannot verify without the enrichment analysis data."
v1:c026,an_RAMP_P_000000398_seed3,GROUNDED,factual_sub6,verifier_gap,C3,Aspirin ADME has FDR 1.8e-4,"The claim presents an FDR value for Aspirin ADME, a numeric statistic that the verifier cannot assess."
v1:c028,an_RAMP_P_000000398_seed3,FACTUAL,factual_sub6,verifier_gap,C7,Farnesyl pyrophosphate has KEGG identifier C00448,"The claim assigns a KEGG identifier to farnesyl pyrophosphate, a namespace claim that the verifier cannot verify."
v1:c029,an_RAMP_P_000000398_seed3,FACTUAL,factual_sub6,verifier_gap,C7,Ureidosuccinic acid has KEGG identifier C00438,"The claim provides a KEGG identifier for ureidosuccinic acid, which the verifier cannot check."
v1:c031,an_RAMP_P_000000398_seed3,FACTUAL,factual_sub6,verifier_gap,C2,Farnesyl pyrophosphate and ureidosuccinic acid lack cross-tool corroboration,"The claim notes a lack of cross-tool corroboration for two metabolites, a method disagreement that the verifier cannot resolve."
v1:c000,an_RAMP_P_000000398_seed4,PATHWAY_RELATIONSHIP,pathway_relationship,verifier_gap,C1,Four complementary pathway-enrichment paradigms converge on a single dominant biological theme,"The claim describes convergence of four pathway-enrichment methods on a single theme, a cross-method consensus that the verifier cannot verify without RaMP-DB access."
v1:c002,an_RAMP_P_000000398_seed4,BIOLOGICAL,biological_sub6,verifier_gap,C9,RaMP multi-database ORA returned Galactosemia as one of the top two hits,"The claim identifies Galactosemia as a top hit from RaMP, a disease-related result that falls outside the verifier's scope."
v1:c003,an_RAMP_P_000000398_seed4,BIOLOGICAL,biological_sub6,verifier_gap,C7,Galactosemia has SMPDB ID SMP00182,"The claim associates Galactosemia with an SMPDB identifier, a namespace reference that the verifier cannot verify due to lack of disease database coverage."
v1:c007,an_RAMP_P_000000398_seed4,GROUNDED,factual_sub6,verifier_gap,C3,The top two hits have FDR = 1.43 Ã 10â»Â¹Â¹,"The claim reports an FDR value for the top two hits, a numeric statistic that the verifier cannot verify."
v1:c008,an_RAMP_P_000000398_seed4,SET_ENRICHMENT,set_enrichment,verifier_gap,C3,"The top two hits have fold-enrichment > 1,300","The claim states a fold-enrichment value, a quantitative signal that the verifier cannot assess."
v1:c009,an_RAMP_P_000000398_seed4,GROUNDED,factual_sub6,verifier_gap,C3,Four driver metabolites are implicated,"The claim mentions four driver metabolites, a count that the verifier cannot verify without the driver analysis."
v1:c010,an_RAMP_P_000000398_seed4,DRIVER_METABOLITE,driver_metabolite,verifier_gap,C9,"The four driver metabolites are sucrose, galactitol, myo-inositol, and galactinol","The claim lists specific driver metabolites, a set membership statement that the verifier cannot verify."
v1:c013,an_RAMP_P_000000398_seed4,GROUNDED,factual_sub6,verifier_gap,C3,The top result has p-value = 3.25 Ã 10â»â·,"The claim reports a p-value for the top result, a statistical metric that the verifier cannot verify."
v1:c014,an_RAMP_P_000000398_seed4,GROUNDED,factual_sub6,verifier_gap,C9,The top result has rank 1,The claim is a meta-statement about result ranking that is legitimate but unverifiable by the factual layer due to lack of specific ranking data.
v1:c024,an_RAMP_P_000000398_seed4,FACTUAL,factual_sub6,verifier_gap,C9,16(R)-HETE has CHEBI ID 34162,"The claim asserts a specific CHEBI ID for a metabolite, which is a legitimate factual statement but the verifier cannot check it due to missing database support."
v1:c026,an_RAMP_P_000000398_seed4,OTHER,verify_sub6,verifier_gap,C6,Inositol lipids have a known role in membrane remodeling,"The claim describes a known biological role for inositol lipids, which is a canonical fact but out of scope for the verifier."
v1:c030,an_RAMP_P_000000398_seed4,OTHER,verify_sub6,verifier_gap,C9,There is a secondary perturbation of amino-acid handling,"The claim reports a secondary perturbation of amino-acid handling, which is a biological inference that the verifier cannot verify."
v1:c031,an_RAMP_P_000000398_seed4,GROUNDED,factual_sub6,verifier_gap,C9,The five galactose-axis compounds are structurally resolved,"The claim states that five galactose-axis compounds are structurally resolved, a factual claim that cannot be verified without explicit identifiers."
v1:c032,an_RAMP_P_000000398_seed4,CONSISTENCY,verify_sub6,verifier_gap,C9,The five galactose-axis compounds have no InChIKey conflicts,"The claim asserts no InChIKey conflicts among five compounds, a consistency statement that the verifier cannot check due to lack of ID data."
v1:c033,an_RAMP_P_000000398_seed4,CONSISTENCY,verify_sub6,verifier_gap,C9,The cross-tool consensus is internally consistent,The claim about cross-tool consensus being internally consistent is a meta-consistency claim that the verifier cannot assess.
v1:c034,an_RAMP_P_000000398_seed4,FACTUAL,factual_sub6,producer_fault,C7,Sucrose has HMDB ID C00089,"The claim incorrectly uses a KEGG-style ID (C00089) for an HMDB ID, a wrong-namespace mis-label."
v1:c036,an_RAMP_P_000000398_seed4,FACTUAL,factual_sub6,producer_fault,C7,Galactitol has HMDB ID C01697,"The claim incorrectly uses a KEGG-style ID (C01697) for an HMDB ID, a wrong-namespace mis-label."
v1:c037,an_RAMP_P_000000398_seed4,FACTUAL,factual_sub6,verifier_gap,C6,Galactinol is the raffinose-family donor,"The claim describes galactinol's role as a raffinose-family donor, a known biological function that the verifier cannot check."
v1:c038,an_RAMP_P_000000398_seed4,FACTUAL,factual_sub6,producer_fault,C7,Galactinol has HMDB ID C01235,"The claim incorrectly uses a KEGG-style ID (C01235) for an HMDB ID, a wrong-namespace mis-label."
v1:c039,an_RAMP_P_000000398_seed4,OTHER,verify_sub6,verifier_gap,C9,myo-inositol closes the inositol pool,"The claim describes myo-inositol's role in closing the inositol pool, a biological role statement that the verifier cannot verify."
v1:c041,an_RAMP_P_000000398_seed4,FACTUAL,factual_sub6,producer_fault,C7,myo-inositol has HMDB ID C00137,"The claim incorrectly uses a KEGG-style ID (C00137) for an HMDB ID, a wrong-namespace mis-label."
v1:c000,an_RAMP_P_000000398_seed5,PATHWAY_RELATIONSHIP,pathway_relationship,verifier_gap,C1,Three independent pathway-enrichment paradigms converge on Galactose Metabolism as the dominant perturbed pathway,"The claim cites convergence of three independent paradigms on a pathway, a cross-method consensus that the verifier cannot check due to missing database."
v1:c009,an_RAMP_P_000000398_seed5,BIOLOGICAL,biological_sub6,verifier_gap,C3,"Galactinol, sucrose, myo-inositol, and glycerol overlap 4 of 31 pathway members",The claim includes numeric evidence (4 of 31 pathway members) that the verifier cannot check due to lack of pathway context.
v1:c010,an_RAMP_P_000000398_seed5,BIOLOGICAL,biological_sub6,verifier_gap,C3,The same four metabolites independently hit Galactosemia at the same extreme significance,"The claim references extreme significance for a disease hit, a statistical signal that the verifier cannot check due to lack of disease database."
v1:c011,an_RAMP_P_000000398_seed5,BIOLOGICAL,biological_sub6,verifier_gap,C9,Galactosemia has SMPDB ID SMP00182,"The claim provides an SMPDB ID for a disease, which is out of scope for the verifier."
v1:c015,an_RAMP_P_000000398_seed5,OTHER,verify_sub6,verifier_gap,C9,The analysis is on the KEGG-human_mfn empirical network,"The claim references the KEGG-human_mfn network used in the analysis, a meta-statement that the verifier cannot verify."
v1:c019,an_RAMP_P_000000398_seed5,FACTUAL,factual_sub6,verifier_gap,C5,8(S)-HPETE is a 12-lipoxygenase product of arachidonic acid,The claim describes a reaction step (12-lipoxygenase product of arachidonic acid) that the verifier cannot check without IDs.
v1:c020,an_RAMP_P_000000398_seed5,FACTUAL,factual_sub6,verifier_gap,C5,8(S)-HPETE is a 12-lipoxygenase product,The claim describes a reaction step (12-lipoxygenase product) that the verifier cannot check without IDs.
v1:c021,an_RAMP_P_000000398_seed5,FACTUAL,factual_sub6,verifier_gap,C6,8(S)-HPETE is derived from arachidonic acid,Claim is accurate biochemistry but lacks the KEGG/CHEBI ID the verifier requires for checking.
v1:c022,an_RAMP_P_000000398_seed5,OTHER,verify_sub6,producer_fault,C8,This is consistent with a secondary oxidative-lipid signal,Vague hedged interpretive statement with no concrete entity and self-referential 'This' makes verification impossible.
v1:c024,an_RAMP_P_000000398_seed5,GROUNDED,factual_sub6,producer_fault,C8,Galactinol has molecular formula Î±-D-galactosyl-(1â3)-1D-myo-inositol,"Molecular formula text is garbled/corrupted with encoding artifacts, making verification impossible."
v1:c026,an_RAMP_P_000000398_seed5,OTHER,verify_sub6,verifier_gap,C5,Galactinol is not a generic sugar,Biological function claim about S-adenosylhomocysteine as methyl-donor falls outside verifier v0 scope for enzyme/pathway function.
v1:c027,an_RAMP_P_000000398_seed5,CONSISTENCY,verify_sub6,both,C1,"Sucrose, D-glucose, glycerol, and myo-inositol are simultaneously elevated",Simultaneous elevation of multiple metabolites implies cross-method consensus but no consensus checker exists for multi-metabolite co-elevation claims.
v1:c028,an_RAMP_P_000000398_seed5,BIOLOGICAL,biological_sub6,verifier_gap,C5,The simultaneous elevation is consistent with Leloir-pathway substrate accumulation,Biological pathway-level claim referencing Leloir-pathway substrate accumulation is out of v0 scope as no pathway ID exists in the claim.
v1:c029,an_RAMP_P_000000398_seed5,BIOLOGICAL,biological_sub6,verifier_gap,C5,The substrate accumulation occurs under conditions of perturbed galactokinase or galactose-1-phosphate uridylyltransferase activity,Enzyme activity perturbation claim involves intermediate biology and no pathway entity for the verifier to check.
v1:c033,an_RAMP_P_000000398_seed5,BIOLOGICAL,biological_sub6,verifier_gap,C6,The neurotransmitter-energy co-occurrence is not supported by the strong galactose-metabolism consensus,"Claim is factually accurate (5,6-EET is a cytochrome-P450 epoxide of arachidonic acid) but lacks InChIKey/CHEBI ID for verification."
v1:c001,an_RAMP_P_000000398_seed6,CONSISTENCY,verify_sub6,producer_fault,C8,These tools converged on two dominant biological themes,"Self-referential meta-filler with no concrete entities or metrics, merely stating vague convergence without specifics."
v1:c012,an_RAMP_P_000000398_seed6,GROUNDED,factual_sub6,producer_fault,C7,Sucrose has molecular formula C00089,"C00089 is a KEGG compound ID, not a molecular formula; namespace confusion between ID and formula representation."
v1:c013,an_RAMP_P_000000398_seed6,GROUNDED,factual_sub6,producer_fault,C7,myo-inositol has molecular formula C00137,"C00137 is a KEGG compound ID, not a molecular formula; wrong namespace prefix used for molecular formula claim."
v1:c014,an_RAMP_P_000000398_seed6,GROUNDED,factual_sub6,producer_fault,C7,galactitol has molecular formula C01697,"C01697 is a KEGG compound ID, not a molecular formula; namespace mislabel makes this a producer fault."
v1:c015,an_RAMP_P_000000398_seed6,GROUNDED,factual_sub6,producer_fault,C7,galactinol has molecular formula C01235,"C01235 is a KEGG compound ID, not a molecular formula; repeated pattern of ID-as-formula mislabeling."
v1:c016,an_RAMP_P_000000398_seed6,GROUNDED,factual_sub6,producer_fault,C7,Glycerol has molecular formula C00116,"C00116 is a KEGG compound ID, not a molecular formula; systematic namespace confusion in formula claims."
v1:c026,an_RAMP_P_000000398_seed6,OTHER,verify_sub6,verifier_gap,C5,S-adenosylhomocysteine acts as a methyl-group donor,Biological function claim about S-adenosylhomocysteine as methyl-donor falls outside verifier v0 scope for enzyme/pathway function.
v1:c032,an_RAMP_P_000000398_seed6,GROUNDED,factual_sub6,producer_fault,C7,"5,6-EET has molecular formula C14768","C14768 is a KEGG compound ID, not a molecular formula; systematic ID-as-formula error pattern."
v1:c033,an_RAMP_P_000000398_seed6,FACTUAL,factual_sub6,verifier_gap,C6,"5,6-EET is a cytochrome-P450 epoxide of arachidonic acid","Claim is factually accurate (5,6-EET is a cytochrome-P450 epoxide of arachidonic acid) but lacks InChIKey/CHEBI ID for verification."
v1:c039,an_RAMP_P_000000398_seed6,OTHER,verify_sub6,producer_fault,C8,The dysregulation may occur through altered methylation capacity,Hedged vague statement with self-referential 'The dysregulation' lacks specificity and no concrete mechanism is provided.
v1:c040,an_RAMP_P_000000398_seed6,BIOLOGICAL,biological_sub6,verifier_gap,C5,SAH is a shared methyl-donor hub between the carbohydrate branch and the lipid-membrane branch,Biological hub/hub-branch relationship claim is out of v0 scope with no pathway phrase or ID for verification.
v1:c041,an_RAMP_P_000000398_seed6,BIOLOGICAL,biological_sub6,verifier_gap,C5,The carbohydrate branch is the galactose-inositol branch,Biological branch definition/naming is out of v0 scope with no concrete pathway entity for the verifier to check.
v1:c000,an_RAMP_P_000000398_seed7,PATHWAY_RELATIONSHIP,pathway_relationship,verifier_gap,C1,The nine differentially abundant metabolites converge on galactose metabolism as the dominant affected pathway,Claim legitimately asserts metabolite convergence but verifier cannot access RaMP-DB to confirm shared compound counts.
v1:c005,an_RAMP_P_000000398_seed7,GROUNDED,factual_sub6,both,C1,Mummichog independently recovered the same functional module as MUMM:galactose_metabolism at rank 3 with p=0.00538,Claims cross-tool consensus with MUMM: namespace and p-value but verifier extracted no identifiers and no consensus checker exists for tool-vs-tool claims.
v1:c006,an_RAMP_P_000000398_seed7,GROUNDED,factual_sub6,both,C3,Mummichog recovered 11 overlapping compounds,Numeric claim about 11 overlapping compounds has no identifier extraction for verification.
v1:c007,an_RAMP_P_000000398_seed7,DRIVER_METABOLITE,driver_metabolite,producer_fault,C9,The five driver metabolites are sucrose,Driver metabolite claim has no driver_metabolite layer to extract analysis IDs and no evidence backing.
v1:c009,an_RAMP_P_000000398_seed7,DRIVER_METABOLITE,driver_metabolite,producer_fault,C9,The five driver metabolites are galactinol,Driver metabolite claim has no driver_metabolite layer to extract analysis IDs and no evidence backing.
v1:c011,an_RAMP_P_000000398_seed7,DRIVER_METABOLITE,driver_metabolite,producer_fault,C9,The five driver metabolites are galactitol,Driver metabolite claim has no driver_metabolite layer to extract analysis IDs and no evidence backing.
v1:c013,an_RAMP_P_000000398_seed7,DRIVER_METABOLITE,driver_metabolite,producer_fault,C9,The five driver metabolites are myo-inositol,Driver metabolite claim has no driver_metabolite layer to extract analysis IDs and no evidence backing.
v1:c015,an_RAMP_P_000000398_seed7,DRIVER_METABOLITE,driver_metabolite,producer_fault,C9,The five driver metabolites are glycerol,Driver metabolite claim has no driver_metabolite layer to extract analysis IDs and no evidence backing.
v1:c018,an_RAMP_P_000000398_seed7,BIOLOGICAL,biological_sub6,both,C5,Galactinol is the galactose donor to myo-inositol in the galactinol synthase reaction,Enzymatic reaction role claim has no pathway/entity for verifier and biological_sub6 does not cover free-text role claims.
v1:c019,an_RAMP_P_000000398_seed7,BIOLOGICAL,biological_sub6,both,C5,Sucrose feeds free galactose downstream,Upstream/downstream metabolic relationship claim has no pathway/entity for verifier and biological_sub6 does not cover free-text role claims.
v1:c020,an_RAMP_P_000000398_seed7,BIOLOGICAL,biological_sub6,both,C5,Galactitol is the polyol shunt product of galactose reduction,Reaction step role claim has no pathway/entity for verifier and biological_sub6 does not cover free-text role claims.
v1:c021,an_RAMP_P_000000398_seed7,PATHWAY_RELATIONSHIP,pathway_relationship,verifier_gap,C1,Glycerol appears as a shared intermediate between galactose and glycerophospholipid metabolism,Shared-intermediate pathway relationship claim cannot be verified without RaMP-DB access.
v1:c022,an_RAMP_P_000000398_seed7,BIOLOGICAL,biological_sub6,both,C9,Aspirin does not participate in the galactose cluster,Negative biological cluster participation claim has no pathway/ID for verification and biological_sub6 does not cover free-text role claims.
v1:c024,an_RAMP_P_000000398_seed7,BIOLOGICAL,biological_sub6,both,C9,Methionine sulfoxide does not participate in the galactose cluster,Negative biological cluster participation claim has no pathway/ID for verification and biological_sub6 does not cover free-text role claims.
v1:c026,an_RAMP_P_000000398_seed7,BIOLOGICAL,biological_sub6,both,C9,Allysine does not participate in the galactose cluster,Negative biological cluster participation claim has no pathway/ID for verification and biological_sub6 does not cover free-text role claims.
v1:c028,an_RAMP_P_000000398_seed7,GROUNDED,factual_sub6,both,C9,"Aspirin, methionine sulfoxide, and allysine drive separate Reactome hits for transport of small molecules",Reactome pathway hit claim has no identifiers extracted for verification and no pathway-ID coverage in factual_sub6.
v1:c030,an_RAMP_P_000000398_seed7,GROUNDED,factual_sub6,both,C9,"The aspirin, methionine sulfoxide, and allysine Reactome hits indicate a secondary effect",Biological interpretation claim has no identifiers extracted for verification and no biological-scope coverage in factual_sub6.
v1:c031,an_RAMP_P_000000398_seed7,GROUNDED,factual_sub6,both,C9,The InChIKey first-block clustering across the five galactose metabolites shows distinct connectivity clusters,Clustering analysis claim references InChIKey without extracted identifiers and no clustering-method coverage in factual_sub6.
v1:c032,an_RAMP_P_000000398_seed7,GROUNDED,factual_sub6,both,C9,The InChIKey first-block clustering rules out structural artefact,Structural artefact claim depends on clustering analysis but no identifier extraction or clustering-method coverage in factual_sub6.
v1:c033,an_RAMP_P_000000398_seed7,GROUNDED,factual_sub6,both,C9,The clustering confirms a true biological signal centred on galactose handling,Biological signal confirmation claim has no identifiers extracted and no biological interpretation coverage in factual_sub6.
v1:c000,an_RAMP_P_000000398_seed8,PATHWAY_RELATIONSHIP,pathway_relationship,verifier_gap,C1,Multi-paradigm pathway analysis converges on galactose-related metabolism as the dominant biological signal,"The claim asserts cross-method convergence on galactose metabolism, a legitimate cross-method consensus statement, but the pathway_relationship verifier cannot open RaMP-DB to verify shared compounds."
v1:c001,an_RAMP_P_000000398_seed8,GROUNDED,factual_sub6,verifier_gap,C3,The ten differentially abundant metabolites were analyzed,"The claim states a count of ten differentially abundant metabolites, a numeric signal that the factual_sub6 verifier cannot verify due to missing metabolite identifiers."
v1:c005,an_RAMP_P_000000398_seed8,GROUNDED,factual_sub6,verifier_gap,C3,The p-value is 0.00049,"The claim lists four metabolites driving enrichment, a numeric signal that the biological_sub6 verifier cannot verify due to disease context."
v1:c006,an_RAMP_P_000000398_seed8,GROUNDED,factual_sub6,verifier_gap,C3,Mummichog network analysis corroborates the finding,"The claim states a count of pathway members, a numeric signal that the biological_sub6 verifier cannot verify because disease claims are out of scope."
v1:c019,an_RAMP_P_000000398_seed8,BIOLOGICAL,biological_sub6,verifier_gap,C1,Galactitol is produced via aldose reductase (AKR1B1) from galactose,"The claim asserts convergence of two methods on galactose metabolism with shared compounds, a cross-method consensus that the pathway_relationship verifier cannot verify."
v1:c020,an_RAMP_P_000000398_seed8,FACTUAL,factual_sub6,verifier_gap,C6,Aldose reductase has gene name AKR1B1,"The claim states a canonical gene name for aldose reductase, a factual statement that the factual_sub6 verifier cannot verify because it expects metabolite identifiers."
v1:c021,an_RAMP_P_000000398_seed8,BIOLOGICAL,biological_sub6,verifier_gap,C5,Galactinol serves as a galactose-inositol donor through galactinol synthase (GolS),"The claim describes the enzymatic function of galactinol synthase, an intermediate biology statement that the biological_sub6 verifier cannot verify due to missing pathway context."
v1:c022,an_RAMP_P_000000398_seed8,FACTUAL,factual_sub6,verifier_gap,C6,Galactinol synthase has gene name GolS,"The claim provides a canonical gene name for galactinol synthase, a factual statement that the factual_sub6 verifier cannot verify because it expects metabolite identifiers."
v1:c023,an_RAMP_P_000000398_seed8,SET_ENRICHMENT,set_enrichment,verifier_gap,C5,These compounds are canonical readouts of perturbed galactose flux through the GALM/GALK/GALE axis,"The claim identifies galactinol as a driver metabolite, a specific biological role that the driver_metabolite verifier did not flag but cannot be verified due to empty evidence."
v1:c024,an_RAMP_P_000000398_seed8,GROUNDED,factual_sub6,verifier_gap,C1,"The convergence across ORA, m/z-direct, and network-diffusion paradigms strengthens the biological interpretation","The claim cites convergence across three analysis paradigms, a cross-method consensus statement that the factual_sub6 verifier cannot verify due to lack of metabolite identifiers."
v1:c025,an_RAMP_P_000000398_seed8,CONSISTENCY,verify_sub6,verifier_gap,C9,Treatment-group galactose handling is specifically altered,"The claim states a specific alteration in galactose handling for the treatment group, a qualitative biological statement that the verify_sub6 verifier did not flag but cannot be verified due to empty "
v1:c002,an_RAMP_P_000000398_seed9,BIOLOGICAL,biological_sub6,verifier_gap,C3,RaMP-ORA ranked Galactosemia as the second hit with FDR = 4.25Ã10â»Â¹Â¹,"The claim reports an FDR value for a disease rank, a statistical signal that the biological_sub6 verifier cannot verify because disease claims are out of scope."
v1:c004,an_RAMP_P_000000398_seed9,BIOLOGICAL,biological_sub6,verifier_gap,C6,Galactosemia has SMPDB ID SMP00182,"The claim provides a pathway ID for Galactosemia, a canonical fact that the biological_sub6 verifier cannot verify because disease-pathway DB is unavailable."
v1:c005,an_RAMP_P_000000398_seed9,BIOLOGICAL,biological_sub6,verifier_gap,C3,"Four metabolites (sucrose, myo-inositol, galactinol, glycerol) drove the enrichment of Galactose Metabolism and Galactosemia","The claim lists four metabolites driving enrichment, a numeric signal that the biological_sub6 verifier cannot verify due to disease context."
v1:c006,an_RAMP_P_000000398_seed9,BIOLOGICAL,biological_sub6,verifier_gap,C3,Galactose Metabolism and Galactosemia have 31 pathway members,"The claim states a count of pathway members, a numeric signal that the biological_sub6 verifier cannot verify because disease claims are out of scope."
v1:c007,an_RAMP_P_000000398_seed9,SET_ENRICHMENT,set_enrichment,verifier_gap,C3,Fold-enrichment is 1162 for the top hit,"The claim reports a fold-enrichment value, a statistical signal that the set_enrichment verifier cannot map to a pathway."
v1:c017,an_RAMP_P_000000398_seed9,FACTUAL,factual_sub6,producer_fault,C7,Deoxycytidine has HMDB ID C00881,"The claim uses HMDB ID C00881, which is a KEGG-style prefix and therefore a wrong-namespace mis-label, making this a producer fault."
v1:c018,an_RAMP_P_000000398_seed9,BIOLOGICAL,biological_sub6,verifier_gap,C5,Deoxycytidine appears to be a peripheral or off-pathway hit,"The claim describes Deoxycytidine as peripheral, a free-text biological role that the biological_sub6 verifier cannot verify."
v1:c019,an_RAMP_P_000000398_seed9,PATHWAY_RELATIONSHIP,pathway_relationship,verifier_gap,C1,The convergence of ORA and mummichog on galactose metabolism with six shared input compounds establishes this pathway as the primary affected system,"The claim asserts convergence of two methods on galactose metabolism with shared compounds, a cross-method consensus that the pathway_relationship verifier cannot verify."
v1:c023,an_RAMP_P_000000398_seed9,DRIVER_METABOLITE,driver_metabolite,verifier_gap,C5,Galactinol is a structurally specific driver that anchors the finding to raffinose-family oligosaccharide biochemistry,"The claim identifies galactinol as a driver metabolite, a specific biological role that the driver_metabolite verifier did not flag but cannot be verified due to empty evidence."
v1:c004,an_RAMP_P_000000421_seed1,GROUNDED,factual_sub6,verifier_gap,C3,The top hits had FDR of 4.97e-18,FDR statistic is tool-derivable numeric signal but factual_sub6 cannot extract identifiers to verify.
v1:c005,an_RAMP_P_000000421_seed1,GROUNDED,factual_sub6,verifier_gap,C3,The top hits had six overlapping steroids,Count of six overlapping steroids is tool-derivable numeric signal but factual_sub6 cannot extract identifiers to verify.
v1:c008,an_RAMP_P_000000421_seed1,CONSISTENCY,verify_sub6,verifier_gap,C3,Six steroids were involved in the MetaboAnalystR analysis,Count of six steroids in MetaboAnalystR analysis is tool-derivable but verifier has no mechanism to check tool-specific membership claims.
v1:c009,an_RAMP_P_000000421_seed1,CONSISTENCY,verify_sub6,verifier_gap,C5,DHEA was one of the six steroids,DHEA membership in steroid set is legitimate biological statement but verifier has no name-lookup to confirm the name against IDs.
v1:c010,an_RAMP_P_000000421_seed1,CONSISTENCY,verify_sub6,verifier_gap,C5,testosterone was one of the six steroids,Testosterone membership in steroid set is legitimate biological statement but verifier has no name-lookup to confirm the name against IDs.
v1:c011,an_RAMP_P_000000421_seed1,CONSISTENCY,verify_sub6,verifier_gap,C5,androstenedione was one of the six steroids,Androstenedione membership in steroid set is legitimate biological statement but verifier has no name-lookup to confirm the name against IDs.
v1:c012,an_RAMP_P_000000421_seed1,CONSISTENCY,verify_sub6,verifier_gap,C5,estrone was one of the six steroids,Estrone membership in steroid set is legitimate biological statement but verifier has no name-lookup to confirm the name against IDs.
v1:c013,an_RAMP_P_000000421_seed1,CONSISTENCY,verify_sub6,verifier_gap,C5,17Î²-estradiol was one of the six steroids,17β-estradiol membership in steroid set is legitimate biological statement but verifier has no name-lookup to confirm the name against IDs.
v1:c014,an_RAMP_P_000000421_seed1,CONSISTENCY,verify_sub6,verifier_gap,C5,17Î²-hydroxy-5Î±-androstan-3-one was one of the six steroids,17β-hydroxy-5α-androstan-3-one membership in steroid set is legitimate biological statement but verifier has no name-lookup to confirm the name against IDs.
v1:c015,an_RAMP_P_000000421_seed1,GROUNDED,factual_sub6,both,C7,Mummichog m/z direct activity ranked MUMM:androgen_and_estrogen_biosynthesis_and_metabolism at rank 0,"MUMM: prefix is a non-canonical namespace the factual_sub6 layer cannot parse, making the claim unverifiable by design and constituting a namespace_form error."
v1:c016,an_RAMP_P_000000421_seed1,GROUNDED,factual_sub6,both,C7,MUMM:androgen_and_estrogen_biosynthesis_and_metabolism had p-value of 8.40e-05,"MUMM: prefix is a non-canonical namespace the factual_sub6 layer cannot parse; p-value cannot be extracted without resolving the namespace, constituting a namespace_form error."
v1:c017,an_RAMP_P_000000421_seed1,GROUNDED,factual_sub6,verifier_gap,C3,14 matched compounds were identified,Count of 14 matched compounds is tool-derivable numeric signal but factual_sub6 cannot extract identifiers to verify.
v1:c018,an_RAMP_P_000000421_seed1,CONSISTENCY,verify_sub6,verifier_gap,C1,All six steroid inputs were among the matched compounds,Cross-method membership claim (input steroids in matched output compounds) is a consensus statement but verify_sub6 has no consensus-checker for input-output membership.
v1:c019,an_RAMP_P_000000421_seed1,SET_ENRICHMENT,set_enrichment,verifier_gap,C1,The cross-paradigm winner is the androgen-and-estrogen axis,Cross-paradigm consensus claim explicitly names a winner axis but set_enrichment layer cannot map to verdict without a pathway ID or canonical name.
v1:c022,an_RAMP_P_000000421_seed1,DRIVER_METABOLITE,driver_metabolite,both,C5,17Î²-estradiol is a steroid driver metabolite,"Driver-metabolite claim made with no extractor-found IDs, suggesting producer's classifier misrouted a non-driver claim and verifier has no driver-metabolite checker."
v1:c024,an_RAMP_P_000000421_seed1,DRIVER_METABOLITE,driver_metabolite,both,C5,androstenedione is a steroid driver metabolite,"Driver-metabolite claim made with no extractor-found IDs, suggesting producer's classifier misrouted a non-driver claim and verifier has no driver-metabolite checker."
v1:c026,an_RAMP_P_000000421_seed1,DRIVER_METABOLITE,driver_metabolite,both,C5,DHEA is a steroid driver metabolite,Driver-metabolite claim made without evidence of ID extraction; lack of evidence suggests unsupported driver status assertion.
v1:c027,an_RAMP_P_000000421_seed1,DRIVER_METABOLITE,driver_metabolite,both,C5,17Î²-hydroxy-5Î±-androstan-3-one is a steroid driver metabolite,"Driver-metabolite claim made with no extractor-found IDs, suggesting producer's classifier misrouted a non-driver claim and verifier has no driver-metabolite checker."
v1:c028,an_RAMP_P_000000421_seed1,CONSISTENCY,verify_sub6,producer_fault,C8,The six steroid driver metabolites were confirmed in the metabolites_hit rosters of RaMP,"Empty evidence field indicates no tool output was captured, and the claim reads as a self-referential consistency statement without any verifiable basis from RaMP."
v1:c029,an_RAMP_P_000000421_seed1,CONSISTENCY,verify_sub6,verifier_gap,C1,The six steroid driver metabolites were confirmed in the metabolites_hit rosters of MetaboAnalystR,Cross-paradigm confirmation claim references external RaMP rosters with no identifiers; verifier has no database-consultation mechanism to check consistency.
v1:c030,an_RAMP_P_000000421_seed1,GROUNDED,factual_sub6,verifier_gap,C7,MUMM:tyrosine_metabolism was a secondary hit,"The claim references a MUMM pathway ID that the factual_sub6 verifier cannot resolve, leaving the claim unverifiable."
v1:c031,an_RAMP_P_000000421_seed1,GROUNDED,factual_sub6,verifier_gap,C3,MUMM:tyrosine_metabolism had p-value of 0.028,"The claim presents a p-value, a numeric signal, but the verifier cannot parse the MUMM namespace to confirm it."
v1:c034,an_RAMP_P_000000421_seed1,FACTUAL,factual_sub6,verifier_gap,C9,Warfarin has compound ID C01541,"The claim provides a correct KEGG ID, yet the verifier fails to extract identifiers for verification."
v1:c035,an_RAMP_P_000000421_seed1,CONSISTENCY,verify_sub6,producer_fault,C9,Warfarin appears in the input set,"The claim is a self‑referential statement about input membership, which the producer should not emit."
v1:c036,an_RAMP_P_000000421_seed1,BIOLOGICAL,biological_sub6,verifier_gap,C4,Warfarin clinical relevance may involve CYP2C9-mediated drug-steroid interactions,"The claim uses hedging language about clinical relevance, but no disease‑pathway verifier is available in Sub‑6 v0."
v1:c000,an_RAMP_P_000000421_seed2,SET_ENRICHMENT,set_enrichment,verifier_gap,C9,The 10-compound differential set is anchored by five C19/C18 steroid hormones,"The set‑enrichment claim cannot be mapped to a pathway by the verifier, leaving it unverifiable."
v1:c001,an_RAMP_P_000000421_seed2,SET_ENRICHMENT,set_enrichment,verifier_gap,C1,These five C19/C18 steroid hormones were identified through cross-paradigm convergence,"The claim asserts cross‑method convergence, a consensus claim that no verifier layer can confirm."
v1:c013,an_RAMP_P_000000421_seed2,GROUNDED,factual_sub6,verifier_gap,C7,Mummichog m/z-direct analysis recovers MUMM:c21_steroid_hormone_biosynthesis_and_metabolism,The pathway recovery claim uses a MUMM identifier that the factual verifier cannot parse.
v1:c014,an_RAMP_P_000000421_seed2,GROUNDED,factual_sub6,verifier_gap,C3,MUMM:c21_steroid_hormone_biosynthesis_and_metabolism has rank 0,"The numeric rank claim is signal evidence, yet the verifier cannot verify the MUMM pathway."
v1:c015,an_RAMP_P_000000421_seed2,GROUNDED,factual_sub6,verifier_gap,C3,MUMM:c21_steroid_hormone_biosynthesis_and_metabolism has p = 0.00269,The p‑value claim provides statistical signal that the verifier cannot confirm due to the MUMM namespace.
v1:c016,an_RAMP_P_000000421_seed2,GROUNDED,factual_sub6,verifier_gap,C3,MUMM:c21_steroid_hormone_biosynthesis_and_metabolism has 10 of 10 input compounds overlapping,The overlap count is numeric signal evidence that the verifier cannot verify for a MUMM pathway.
v1:c017,an_RAMP_P_000000421_seed2,BIOLOGICAL,biological_sub6,verifier_gap,C9,Mummichog identifies thromboxane A2,"Free‑text biological identification of a molecule is out of verifier scope, leaving the claim unverifiable."
v1:c018,an_RAMP_P_000000421_seed2,BIOLOGICAL,biological_sub6,verifier_gap,C7,Thromboxane A2 is in MUMM:prostaglandin_formation_from_arachidonate,"The claim places a molecule in a MUMM pathway, but the verifier cannot parse the non‑canonical namespace."
v1:c019,an_RAMP_P_000000421_seed2,GROUNDED,factual_sub6,verifier_gap,C3,MUMM:prostaglandin_formation_from_arachidonate has rank 2,"Numeric rank claim is signal evidence, yet the verifier cannot handle the MUMM identifier."
v1:c020,an_RAMP_P_000000421_seed2,GROUNDED,factual_sub6,verifier_gap,C3,MUMM:prostaglandin_formation_from_arachidonate has p = 0.0219,The p‑value claim is statistical signal that remains unverifiable due to the MUMM namespace.
v1:c021,an_RAMP_P_000000421_seed2,BIOLOGICAL,biological_sub6,verifier_gap,C9,Mummichog identifies dehydroascorbic acid,"Free‑text identification of a metabolite is outside the verifier's scope, making the claim unverifiable."
v1:c022,an_RAMP_P_000000421_seed2,BIOLOGICAL,biological_sub6,verifier_gap,C7,Dehydroascorbic acid is in MUMM:ascorbate_vitamin_c_and_aldarate_metabolism,"The claim links a metabolite to a MUMM pathway, which the verifier cannot resolve."
v1:c023,an_RAMP_P_000000421_seed2,GROUNDED,factual_sub6,verifier_gap,C3,MUMM:ascorbate_vitamin_c_and_aldarate_metabolism has rank 3,Numeric rank claim is signal evidence that the verifier cannot confirm for a MUMM pathway.
v1:c024,an_RAMP_P_000000421_seed2,GROUNDED,factual_sub6,verifier_gap,C3,MUMM:ascorbate_vitamin_c_and_aldarate_metabolism has p = 0.0405,The p‑value is statistical signal that remains unverifiable due to the MUMM namespace.
v1:c025,an_RAMP_P_000000421_seed2,BIOLOGICAL,biological_sub6,verifier_gap,C7,Quinolinic acid appears in MUMM:vitamin_b3_nicotinate_and_nicotinamide_metabolism,"The claim references a MUMM pathway, which the verifier cannot parse, leaving the statement unverifiable."
v1:c026,an_RAMP_P_000000421_seed2,GROUNDED,factual_sub6,verifier_gap,C7,MUMM:vitamin_b3_nicotinate_and_nicotinamide_metabolism has rank 4,"The claim uses a MUMM: namespace that the factual_sub6 layer cannot parse, leaving the rank statement unverifiable."
v1:c027,an_RAMP_P_000000421_seed2,GROUNDED,factual_sub6,verifier_gap,C7,MUMM:vitamin_b3_nicotinate_and_nicotinamide_metabolism has p = 0.0509,The MUMM: pathway p‑value claim cannot be verified by factual_sub6 due to non‑canonical namespace.
v1:c028,an_RAMP_P_000000421_seed2,FACTUAL,factual_sub6,verifier_gap,C9,Thromboxane A2 maps to CHEBI:15627,Mapping Thromboxane A2 to a CHEBI ID is a factual claim that factual_sub6 did not verify.
v1:c029,an_RAMP_P_000000421_seed2,FACTUAL,factual_sub6,verifier_gap,C9,DHT maps to CHEBI:16330,The DHT‑to‑CHEBI mapping was not verified by the factual layer.
v1:c030,an_RAMP_P_000000421_seed2,FACTUAL,factual_sub6,verifier_gap,C4,CHEBI:16330 is 17Î²-hydroxy-5Î±-androstan-3-one,The statement that the direction of change was not specified conveys uncertainty that the layer could not verify.
v1:c031,an_RAMP_P_000000421_seed2,FACTUAL,factual_sub6,verifier_gap,C9,Testosterone maps to CHEBI:17347,The claim about the study capturing differential abundance was not verified.
v1:c032,an_RAMP_P_000000421_seed2,FACTUAL,factual_sub6,verifier_gap,C1,DHEA maps to CHEBI:28689,Describing a consensus signal as a coordinated perturbation of the C18/C19 steroid pool reflects cross‑method consensus that the set‑enrichment layer could not verify.
v1:c033,an_RAMP_P_000000421_seed2,FACTUAL,factual_sub6,verifier_gap,C9,Estradiol maps to CHEBI:16469,Estradiol's mapping to a CHEBI ID was not verified.
v1:c000,an_RAMP_P_000000421_seed3,PATHWAY_RELATIONSHIP,pathway_relationship,verifier_gap,C1,Three complementary pathway-analysis paradigms converge on systemic perturbation of androgen and estrogen metabolism,The claim of convergence across three pathway‑analysis paradigms reflects cross‑method consensus that the pathway‑relationship layer could not check.
v1:c004,an_RAMP_P_000000421_seed3,GROUNDED,factual_sub6,verifier_gap,C3,RaMP-DB multi-database ORA hit all five steroid hormones,The statement that RaMP‑DB hit all five steroid hormones provides a count that the factual layer cannot verify.
v1:c005,an_RAMP_P_000000421_seed3,GROUNDED,factual_sub6,verifier_gap,C6,"The five steroid hormones are estrone, dehydroepiandrosterone, testosterone, estradiol, and 17Î²-hydroxy-5Î±-androstan-3-one",Enumerating the five steroid hormones states a canonical set that the factual layer did not verify.
v1:c014,an_RAMP_P_000000421_seed3,GROUNDED,factual_sub6,verifier_gap,C1,MetaboAnalystR KEGG-specific PSEA confirmed the same five steroid metabolites,The claim that MetaboAnalystR confirmed the same five metabolites indicates cross‑method agreement that the layer could not verify.
v1:c017,an_RAMP_P_000000421_seed3,BIOLOGICAL,biological_sub6,verifier_gap,C3,All five input steroids are present among the 11 pathway members in the Mummichog result,Presence of the five steroids among the 11 pathway members is a numeric overlap that the biological layer could not verify.
v1:c018,an_RAMP_P_000000421_seed3,GROUNDED,factual_sub6,verifier_gap,C3,The Mummichog result has a perfect overlap of 11/11,A perfect 11/11 overlap is a numeric claim that the factual layer could not verify.
v1:c019,an_RAMP_P_000000421_seed3,GROUNDED,factual_sub6,verifier_gap,C9,Guanidoacetic acid is the sixth input,Identifying Guanidoacetic acid as the sixth input is a factual statement the layer did not verify.
v1:c023,an_RAMP_P_000000421_seed3,GROUNDED,factual_sub6,verifier_gap,C9,Guanidoacetic acid is not a driver,The claim that Guanidoacetic acid is not a driver was not verified.
v1:c024,an_RAMP_P_000000421_seed3,GROUNDED,factual_sub6,verifier_gap,C9,N-Acetylgalactosamine mapped to N-acetyl-D-glucosamine,Mapping N‑Acetylgalactosamine to N‑acetyl‑D‑glucosamine is a factual mapping the layer did not verify.
v1:c030,an_RAMP_P_000000421_seed3,GROUNDED,factual_sub6,verifier_gap,C4,The direction of change (up or down) was not specified,The statement that the direction of change was not specified conveys uncertainty that the layer could not verify.
v1:c031,an_RAMP_P_000000421_seed3,GROUNDED,factual_sub6,verifier_gap,C9,The study captures differential abundance,The claim about the study capturing differential abundance was not verified.
v1:c032,an_RAMP_P_000000421_seed3,SET_ENRICHMENT,set_enrichment,verifier_gap,C1,The consensus signal is a coordinated perturbation of the C18/C19 steroid pool,Describing a consensus signal as a coordinated perturbation of the C18/C19 steroid pool reflects cross‑method consensus that the set‑enrichment layer could not verify.
v1:c033,an_RAMP_P_000000421_seed3,BIOLOGICAL,biological_sub6,verifier_gap,C5,The coordinated perturbation is consistent with altered aromatase activity,"The claim makes a free-text biological role assertion about aromatase activity that falls outside the scope of the biological_sub6 verifier, which lacks pathway or entity data to check it."
v1:c034,an_RAMP_P_000000421_seed3,BIOLOGICAL,biological_sub6,verifier_gap,C5,The coordinated perturbation is consistent with altered hydroxysteroid dehydrogenase activity,The claim about hydroxysteroid dehydrogenase activity is a free-text biological role statement beyond the verifier's coverage.
v1:c000,an_RAMP_P_000000421_seed4,PATHWAY_RELATIONSHIP,pathway_relationship,verifier_gap,C1,Three pathway-enrichment paradigms converge on steroid hormone metabolism as the dominant affected pathway in the treatment group,"The claim describes convergence of three enrichment methods on a pathway, but the verifier cannot access the RaMP database to confirm shared compounds, making it a verifier gap."
v1:c006,an_RAMP_P_000000421_seed4,BIOLOGICAL,biological_sub6,verifier_gap,C6,SMPDB:SMP00356 corresponds to 17-Beta Hydroxysteroid Dehydrogenase III Deficiency,"The claim links a pathway ID to a disease, a clinical-significance statement that the biological_sub6 layer explicitly excludes from v0 scope."
v1:c012,an_RAMP_P_000000421_seed4,CONSISTENCY,verify_sub6,verifier_gap,C1,MetaboAnalystR involves the identical six steroids,"The claim asserts that MetaboAnalystR shares the same six steroids as another method, a cross-method consistency statement that the verify_sub6 layer cannot assess due to missing evidence."
v1:c013,an_RAMP_P_000000421_seed4,GROUNDED,factual_sub6,producer_fault,C7,Mummichog m/z-direct activity ranks MUMM:c21_steroid_hormone_biosynthesis_and_metabolism first,"The claim mislabels a KEGG compound ID (C00951) as an HMDB ID, a wrong-namespace error that the producer should not have written."
v1:c014,an_RAMP_P_000000421_seed4,GROUNDED,factual_sub6,verifier_gap,C7,MUMM:c21_steroid_hormone_biosynthesis_and_metabolism has p-value of 8.40e-05,"The claim uses a MUMM namespace identifier that the factual_sub6 verifier does not parse, leaving the ranking unverified."
v1:c015,an_RAMP_P_000000421_seed4,GROUNDED,factual_sub6,verifier_gap,C7,MUMM:c21_steroid_hormone_biosynthesis_and_metabolism involves 15 compounds,"The claim reports a p-value for a MUMM pathway, but the verifier cannot extract the non-canonical MUMM ID to check the statistic."
v1:c016,an_RAMP_P_000000421_seed4,GROUNDED,factual_sub6,verifier_gap,C7,Mummichog m/z-direct activity ranks MUMM:androgen_and_estrogen_biosynthesis_and_metabolism second,"The claim ranks a MUMM pathway second, yet the verifier cannot handle the MUMM namespace to confirm the ordering."
v1:c017,an_RAMP_P_000000421_seed4,GROUNDED,factual_sub6,verifier_gap,C7,MUMM:androgen_and_estrogen_biosynthesis_and_metabolism has p-value of 7.56e-04,The claim provides a p-value for a MUMM pathway that the verifier cannot verify due to the non-standard namespace.
v1:c018,an_RAMP_P_000000421_seed4,GROUNDED,factual_sub6,verifier_gap,C7,MUMM:androgen_and_estrogen_biosynthesis_and_metabolism involves 14 compounds,The claim states a compound count for a MUMM pathway that the verifier cannot confirm because it does not recognize MUMM identifiers.
v1:c020,an_RAMP_P_000000421_seed4,DRIVER_METABOLITE,driver_metabolite,verifier_gap,C9,17Î²-estradiol is a driver metabolite,"The claim labels 17β-estradiol as a driver metabolite, but the driver_metabolite layer cannot extract the name to verify this classification."
v1:c021,an_RAMP_P_000000421_seed4,FACTUAL,factual_sub6,producer_fault,C7,17Î²-estradiol maps to HMDB ID C00951,"The claim attributes a KEGG ID (C00951) to 17β-estradiol under the HMDB namespace, a clear namespace mismatch."
v1:c023,an_RAMP_P_000000421_seed4,FACTUAL,factual_sub6,producer_fault,C7,Estrone maps to HMDB ID C00468,"The claim assigns a KEGG ID (C00468) to estrone while claiming it is an HMDB ID, a namespace error."
v1:c024,an_RAMP_P_000000421_seed4,DRIVER_METABOLITE,driver_metabolite,verifier_gap,C9,Androstenedione is a driver metabolite,"The claim identifies androstenedione as a driver metabolite, but the verifier cannot confirm this status due to lack of driver-compound extraction."
v1:c025,an_RAMP_P_000000421_seed4,FACTUAL,factual_sub6,producer_fault,C7,Androstenedione maps to HMDB ID C00280,"The claim maps androstenedione to HMDB ID C00280, which is actually a KEGG identifier, a wrong-namespace mislabel."
v1:c027,an_RAMP_P_000000421_seed4,FACTUAL,factual_sub6,producer_fault,C7,Testosterone maps to HMDB ID C00535,"The claim claims HMDB ID C00535 for testosterone, but C00535 is a KEGG ID, a namespace mismatch."
v1:c029,an_RAMP_P_000000421_seed4,FACTUAL,factual_sub6,producer_fault,C7,Dehydroepiandrosterone maps to HMDB ID C01227,"The claim maps dehydroepiandrosterone to HMDB ID C01227, which is a KEGG ID, a namespace error."
v1:c030,an_RAMP_P_000000421_seed4,DRIVER_METABOLITE,driver_metabolite,verifier_gap,C9,Dihydrotestosterone is a driver metabolite,"The claim labels dihydrotestosterone as a driver metabolite, yet the verifier cannot extract the name to verify this role."
v1:c031,an_RAMP_P_000000421_seed4,FACTUAL,factual_sub6,producer_fault,C7,Dihydrotestosterone maps to HMDB ID C03917,"The claim maps dihydrotestosterone to HMDB ID C03917, which is actually a KEGG ID, a namespace mislabel."
v1:c032,an_RAMP_P_000000421_seed4,BIOLOGICAL,biological_sub6,verifier_gap,C5,N-acetylgalactosamine hits only the glycan-degradation mummichog subnetworks,"Claim is a free-text biological statement about subnetwork hits that the biological_sub6 layer cannot verify, indicating a verifier gap (C5)."
v1:c033,an_RAMP_P_000000421_seed4,FACTUAL,factual_sub6,verifier_gap,C6,N-acetylgalactosamine maps to HMDB ID C01074,"Claim includes an HMDB ID mapping that the factual_sub6 layer cannot parse, making it unverifiable and thus a verifier gap (C6)."
v1:c034,an_RAMP_P_000000421_seed4,CONSISTENCY,verify_sub6,verifier_gap,C9,Coumarin is absent from every steroid enrichment result,"Claim asserts absence of a metabolite across results, which the verify_sub6 layer cannot confirm, indicating a verifier gap (C9)."
v1:c035,an_RAMP_P_000000421_seed4,FACTUAL,factual_sub6,verifier_gap,C6,Coumarin maps to HMDB ID C05851,"Claim includes an HMDB ID mapping that the factual_sub6 layer cannot parse, so it is a verifier gap (C6)."
v1:c036,an_RAMP_P_000000421_seed4,CONSISTENCY,verify_sub6,verifier_gap,C9,Xanthine is absent from every steroid enrichment result,"Claim asserts absence of a metabolite across results, which the verify_sub6 layer cannot verify, indicating a verifier gap (C9)."
v1:c037,an_RAMP_P_000000421_seed4,FACTUAL,factual_sub6,verifier_gap,C6,Xanthine maps to HMDB ID C00385,"Claim includes an HMDB ID mapping that the factual_sub6 layer cannot parse, so it is a verifier gap (C6)."
v1:c006,an_RAMP_P_000000421_seed5,GROUNDED,factual_sub6,verifier_gap,C3,Testosterone is one of five steroid metabolites mapped as hits,"Claim states a metabolite is among five hits, a numeric count that the factual_sub6 layer cannot verify, indicating a verifier gap (C3)."
v1:c007,an_RAMP_P_000000421_seed5,GROUNDED,factual_sub6,verifier_gap,C3,17Î²-estradiol is one of five steroid metabolites mapped as hits,"Claim states a metabolite is among five hits, a numeric count that the factual_sub6 layer cannot verify, indicating a verifier gap (C3)."
v1:c008,an_RAMP_P_000000421_seed5,GROUNDED,factual_sub6,verifier_gap,C3,Estrone is one of five steroid metabolites mapped as hits,"Claim states a metabolite is among five hits, a numeric count that the factual_sub6 layer cannot verify, indicating a verifier gap (C3)."
v1:c009,an_RAMP_P_000000421_seed5,GROUNDED,factual_sub6,verifier_gap,C3,17Î²-hydroxy-5Î±-androstan-3-one is one of five steroid metabolites mapped as hits,"Claim states a metabolite is among five hits, a numeric count that the factual_sub6 layer cannot verify, indicating a verifier gap (C3)."
v1:c010,an_RAMP_P_000000421_seed5,GROUNDED,factual_sub6,verifier_gap,C3,Dehydroepiandrosterone is one of five steroid metabolites mapped as hits,"Claim states a metabolite is among five hits, a numeric count that the factual_sub6 layer cannot verify, indicating a verifier gap (C3)."
v1:c011,an_RAMP_P_000000421_seed5,FACTUAL,factual_sub6,verifier_gap,C6,17Î²-hydroxy-5Î±-androstan-3-one has common name dihydrotestosterone,"Claim links a compound to its common name, a factual mapping that the factual_sub6 layer cannot verify, indicating a verifier gap (C6)."
v1:c012,an_RAMP_P_000000421_seed5,DRIVER_METABOLITE,driver_metabolite,verifier_gap,C3,The same five compounds were the driver set for 17-Beta Hydroxysteroid Dehydrogenase III Deficiency,"Claim lists five compounds as the driver set for a disease, a numeric statement that the driver_metabolite layer cannot verify, indicating a verifier gap (C3)."
v1:c013,an_RAMP_P_000000421_seed5,DRIVER_METABOLITE,driver_metabolite,verifier_gap,C3,The same five compounds were the driver set for Aromatase deficiency,"Claim lists five compounds as the driver set for a disease, a numeric statement that the driver_metabolite layer cannot verify, indicating a verifier gap (C3)."
v1:c015,an_RAMP_P_000000421_seed5,GROUNDED,factual_sub6,verifier_gap,C3,17-Beta Hydroxysteroid Dehydrogenase III Deficiency has FDR < 1e-12,"Claim provides an FDR statistic for a disease, a numeric evidence that the factual_sub6 layer cannot verify, indicating a verifier gap (C3)."
v1:c016,an_RAMP_P_000000421_seed5,GROUNDED,factual_sub6,verifier_gap,C3,Aromatase deficiency has FDR < 1e-12,"Claim provides an FDR statistic for a disease, a numeric evidence that the factual_sub6 layer cannot verify, indicating a verifier gap (C3)."
v1:c017,an_RAMP_P_000000421_seed5,BIOLOGICAL,biological_sub6,verifier_gap,C3,Metabolism of steroid hormones has FDR < 1e-12,"Claim provides an FDR statistic for a pathway, a numeric evidence that the biological_sub6 layer cannot verify, indicating a verifier gap (C3)."
v1:c018,an_RAMP_P_000000421_seed5,GROUNDED,factual_sub6,verifier_gap,C7,run_mummichog independently returned MUMM:androgen_and_estrogen_biosynthesis_and_metabolism at rank-0,"Claim references a MUMM pathway ID and rank, which the factual_sub6 layer does not parse, indicating a verifier gap (C7)."
v1:c019,an_RAMP_P_000000421_seed5,GROUNDED,factual_sub6,verifier_gap,C7,MUMM:androgen_and_estrogen_biosynthesis_and_metabolism has p = 8.4e-05,"Claim includes a MUMM pathway ID and a p-value, neither of which the factual_sub6 layer can verify, indicating a verifier gap (C7)."
v1:c020,an_RAMP_P_000000421_seed5,GROUNDED,factual_sub6,verifier_gap,C3,13/13 network members were matched from the input in mummichog analysis,"Claim states a count of matched network members, a numeric detail that the factual_sub6 layer cannot verify, indicating a verifier gap (C3)."
v1:c021,an_RAMP_P_000000421_seed5,GROUNDED,factual_sub6,verifier_gap,C3,The mummichog analysis covered all five steroid metabolites plus two additional inferred analogues,The claim reports a count of metabolites covered by mummichog but factual_sub6 lacks identifiers to verify the count.
v1:c022,an_RAMP_P_000000421_seed5,GROUNDED,factual_sub6,verifier_gap,C3,The mummichog overlap score is 13/13,The overlap score is a numeric metric that the verifier cannot check without extracted identifiers.
v1:c025,an_RAMP_P_000000421_seed5,GROUNDED,factual_sub6,verifier_gap,C3,run_metaboanalystr_psea had the same five steroids as hits,"The statement cites the number of steroids shared by run_metaboanalystr_psea, which the verifier cannot confirm due to missing IDs."
v1:c026,an_RAMP_P_000000421_seed5,CONSISTENCY,verify_sub6,verifier_gap,C1,The three-way consensus establishes the steroid cluster as the primary biological event,"The claim asserts a three‑way consensus about the steroid cluster, a cross‑method agreement that verify_sub6 cannot evaluate."
v1:c027,an_RAMP_P_000000421_seed5,BIOLOGICAL,biological_sub6,verifier_gap,C7,S-adenosylhomocysteine was captured by MUMM:urea_cycle_amino_group_metabolism,"The biological claim links S‑adenosylhomocysteine to a MUMM pathway, a non‑canonical namespace that biological_sub6 cannot parse."
v1:c028,an_RAMP_P_000000421_seed5,BIOLOGICAL,biological_sub6,verifier_gap,C7,Spermidine was captured by MUMM:urea_cycle_amino_group_metabolism,"The biological claim links Spermidine to a MUMM pathway, a non‑canonical namespace that biological_sub6 cannot parse."
v1:c029,an_RAMP_P_000000421_seed5,GROUNDED,factual_sub6,verifier_gap,C7,MUMM:urea_cycle_amino_group_metabolism has rank-2,"The pathway rank uses a MUMM identifier, which factual_sub6 cannot verify without the corresponding ID."
v1:c030,an_RAMP_P_000000421_seed5,GROUNDED,factual_sub6,verifier_gap,C7,MUMM:urea_cycle_amino_group_metabolism has p = 0.025,"The p‑value claim references a MUMM pathway, a non‑canonical namespace that factual_sub6 cannot verify."
v1:c031,an_RAMP_P_000000421_seed5,BIOLOGICAL,biological_sub6,verifier_gap,C7,Tetrahydrobiopterin was captured by MUMM:tyrosine_metabolism,"The biological claim connects Tetrahydrobiopterin to a MUMM pathway, a namespace that biological_sub6 cannot handle."
v1:c032,an_RAMP_P_000000421_seed5,GROUNDED,factual_sub6,verifier_gap,C7,MUMM:tyrosine_metabolism has rank-3,"The rank claim involves a MUMM pathway, which the verifier cannot confirm without the identifier."
v1:c033,an_RAMP_P_000000421_seed5,GROUNDED,factual_sub6,verifier_gap,C7,MUMM:tyrosine_metabolism has p = 0.025,"The p‑value claim is tied to a MUMM pathway, a non‑canonical namespace that factual_sub6 cannot verify."
v1:c034,an_RAMP_P_000000421_seed5,OTHER,verify_sub6,producer_fault,C5,There is a secondary perturbation in methyltransferase activity,"The statement speculates a perturbation in methyltransferase activity without any supporting tool output, constituting a hallucination."
v1:c035,an_RAMP_P_000000421_seed5,OTHER,verify_sub6,producer_fault,C9,There is a secondary perturbation in aromatic amino-acid cofactor homeostasis,"The claim asserts a perturbation in aromatic amino‑acid cofactor homeostasis with no evidence, a pure fabrication."
v1:c036,an_RAMP_P_000000421_seed5,GROUNDED,factual_sub6,verifier_gap,C9,InChIKey reconciliation confirmed all eight inputs are structurally unambiguous,The reconciliation claim is factual but cannot be verified by factual_sub6 due to lack of extracted InChIKeys.
v1:c037,an_RAMP_P_000000421_seed5,GROUNDED,factual_sub6,verifier_gap,C9,Each of the eight inputs maps to a single 14-char InChIKey block,The claim about mapping to a single 14‑char InChIKey block is a factual statement that the verifier cannot check without identifiers.
v1:c038,an_RAMP_P_000000421_seed5,GROUNDED,factual_sub6,verifier_gap,C9,There are no name-to-structure conflicts among the eight inputs,The statement that there are no name‑to‑structure conflicts is a factual claim that factual_sub6 cannot verify.
v1:c039,an_RAMP_P_000000421_seed5,CONSISTENCY,verify_sub6,verifier_gap,C1,"The convergence across ORA (RaMP, MetaboAnalystR) and network-diffusion (mummichog) methods exceeds the single-tool baseline","The claim describes cross‑method convergence that exceeds a baseline, a consensus statement that verify_sub6 cannot evaluate."
v1:c000,an_RAMP_P_000000421_seed6,PATHWAY_RELATIONSHIP,pathway_relationship,verifier_gap,C1,Three pathway-enrichment paradigms converge on the androgen-and-estrogen metabolic axis,The assertion of three pathway‑enrichment paradigms converging on a metabolic axis relies on cross‑method agreement that the verifier cannot check.
v1:c001,an_RAMP_P_000000421_seed6,BIOLOGICAL,biological_sub6,verifier_gap,C9,RaMP multi-database ORA returned SMPDB:SMP00356 17-Beta Hydroxysteroid Dehydrogenase III Deficiency at rank 1,"The disease‑pathway result is outside Sub‑6 v0 scope, making the claim unverifiable by biological_sub6."
v1:c002,an_RAMP_P_000000421_seed6,BIOLOGICAL,biological_sub6,verifier_gap,C3,SMPDB:SMP00356 17-Beta Hydroxysteroid Dehydrogenase III Deficiency has FDR 5.74e-15,"The claim includes a numeric FDR value for a disease pathway, a statistical metric that biological_sub6 cannot verify due to scope limitations."
v1:c003,an_RAMP_P_000000421_seed6,BIOLOGICAL,biological_sub6,both,C9,SMPDB:SMP00356 17-Beta Hydroxysteroid Dehydrogenase III Deficiency has 5 matched steroid inputs out of 27 pathway members,"ReAct made a disease/clinical-significance claim (SMPDB pathway deficiency) despite the system having no curated disease-pathway DB, and even a tightened version citing SMPDB ID alone would remain unv"
v1:c008,an_RAMP_P_000000421_seed6,GROUNDED,factual_sub6,both,C7,Mummichog m/z-direct activity returned MUMM:androgen_and_estrogen_biosynthesis_and_metabolism with p-value 8.40e-05,"ReAct used MUMM namespace for the pathway identifier; factual_sub6 only parses KEGG/HMDB/CHEBI/InChIKey, so the p-value is unverifiable regardless of tightened form."
v1:c009,an_RAMP_P_000000421_seed6,GROUNDED,factual_sub6,both,C7,MUMM:androgen_and_estrogen_biosynthesis_and_metabolism has 11/11 network overlap,"ReAct used MUMM namespace; factual_sub6 cannot extract a canonical identifier and has no MUMM parser, so overlap ratio is unverifiable even with tighter phrasing."
v1:c010,an_RAMP_P_000000421_seed6,BIOLOGICAL,biological_sub6,both,C7,MUMM:androgen_and_estrogen_biosynthesis_and_metabolism includes all five steroid inputs,MetaboAnalystR KEGG PSEA claim has no KEGG IDs; factual_sub6 cannot parse 'KEGG PSEA' without identifiers and has no name-lookup fallback.
v1:c011,an_RAMP_P_000000421_seed6,GROUNDED,factual_sub6,both,C7,Mummichog returned MUMM:c21_steroid_hormone_biosynthesis_and_metabolism with p-value 8.40e-05,ReAct used MUMM namespace for pathway and provided no KEGG/HMDB/CHEBI identifier; factual_sub6 has no MUMM handler and cannot verify the p-value.
v1:c012,an_RAMP_P_000000421_seed6,GROUNDED,factual_sub6,both,C9,MUMM:c21_steroid_hormone_biosynthesis_and_metabolism has 12/12 overlap,ReAct omitted the pathway name and provided only a p-value with garbled encoding; factual_sub6 cannot verify statistical evidence without a verifiably linked identifier.
v1:c017,an_RAMP_P_000000421_seed6,FACTUAL,factual_sub6,both,C9,Butanone and sulindac have distinct chemical scaffolds,'Marginal secondary hit' is a significance qualifier; factual_sub6 cannot verify caffeine's status without a canonical identifier linking to the result.
v1:c020,an_RAMP_P_000000421_seed6,BIOLOGICAL,biological_sub6,both,C9,The five steroid inputs appear as substrates and products across the mapped reactions,'Not a namespace artefact' is a negative assertion with no identifiers or tool output provided; factual_sub6 cannot verify without concrete evidence.
v1:c000,an_RAMP_P_000000421_seed8,PATHWAY_RELATIONSHIP,pathway_relationship,both,C9,Three pathway-analysis paradigms converge on a single dominant biological signal,"Cross-method consensus claim but METAGENT_RAMP_PATH is unset and no db_path supplied; verifier cannot open RaMP-DB to verify convergence, and even tightened form lacks a consensus checker."
v1:c001,an_RAMP_P_000000421_seed8,BIOLOGICAL,biological_sub6,both,C9,The dominant biological signal is dysregulation of C21-steroid hormone biosynthesis and metabolism,ReAct wrote a disease/clinical-significance claim (dysregulation) that falls outside Sub-6 v0 scope with no curated disease-pathway DB available; even explicit SMPDB IDs would remain unverifiable.
v1:c007,an_RAMP_P_000000421_seed8,GROUNDED,factual_sub6,both,C7,"The six input steroids are DHEA, androstenedione, testosterone, DHT, estrone, and estradiol",ReAct provided compound names only; factual_sub6 cannot extract KEGG/HMDB/CHEBI/InChIKey identifiers and has no name-lookup to verify the six steroids.
v1:c010,an_RAMP_P_000000421_seed8,FACTUAL,factual_sub6,both,C7,MetaboAnalystR KEGG PSEA covered the same six steroids,MetaboAnalystR KEGG PSEA claim has no KEGG IDs; factual_sub6 cannot parse 'KEGG PSEA' without identifiers and has no name-lookup fallback.
v1:c012,an_RAMP_P_000000421_seed8,GROUNDED,factual_sub6,both,C9,Mummichog m/z-direct activity analysis returned p = 8.4Ã10â»âµ for the top hit,ReAct omitted the pathway name and provided only a p-value with garbled encoding; factual_sub6 cannot verify statistical evidence without a verifiably linked identifier.
v1:c013,an_RAMP_P_000000421_seed8,BIOLOGICAL,biological_sub6,both,C9,Mummichog m/z-direct activity analysis matched 14 of 14 pathway metabolites,Claim has no pathway phrase/ID for biological_sub6 to verify against; 14/14 overlap ratio is a free-text biological role claim out of v0 scope.
v1:c016,an_RAMP_P_000000421_seed8,GROUNDED,factual_sub6,both,C9,Caffeine had p = 0.049,Caffeine appears as free text with no identifier; factual_sub6 cannot extract KEGG/HMDB/CHEBI/InChIKey to verify the p-value.
v1:c017,an_RAMP_P_000000421_seed8,GROUNDED,factual_sub6,both,C9,Caffeine was a marginal secondary hit,'Marginal secondary hit' is a significance qualifier; factual_sub6 cannot verify caffeine's status without a canonical identifier linking to the result.
v1:c018,an_RAMP_P_000000421_seed8,FACTUAL,factual_sub6,both,C9,All six steroid compounds share structurally distinct InChIKey first-blocks,InChIKey first-blocks cited but no InChIKey strings provided; factual_sub6 cannot verify structural distinctness without extracted identifiers.
v1:c019,an_RAMP_P_000000421_seed8,FACTUAL,factual_sub6,both,C9,The InChIKey first-blocks were confirmed by reconcile_inchikey with no connectivity conflicts,reconcile_inchikey confirmation cited with no InChIKey strings or tool output shown; factual_sub6 cannot verify without extracted identifiers or trace output.
v1:c020,an_RAMP_P_000000421_seed8,FACTUAL,factual_sub6,both,C9,The six steroid compounds are not a namespace artefact,'Not a namespace artefact' is a negative assertion with no identifiers or tool output provided; factual_sub6 cannot verify without concrete evidence.
v1:c021,an_RAMP_P_000000421_seed8,CONSISTENCY,verify_sub6,both,C9,The treatment group exhibits coordinated differential abundance across the entire steroidogenesis axis,Consistency claim about coordinated differential abundance across a biological axis; verify_sub6 has no evidence and no mechanism to assess biological consistency relationships.
v1:c022,an_RAMP_P_000000421_seed8,PATHWAY_RELATIONSHIP,pathway_relationship,both,C5,The steroidogenesis axis spans from DHEA through downstream androgens and estrogens,"Biological activation claim ('simultaneously activates the arachidonic acid cascade') is a reaction-step statement that biological_sub6 cannot verify due to missing pathway phrase/ID, and ReAct lacks "
v1:c023,an_RAMP_P_000000421_seed8,BIOLOGICAL,biological_sub6,verifier_gap,C5,"The coordinated differential abundance is consistent with perturbation of CYP17A1, aromatase (CYP19A1), or 5Î±-reductase activities","Enzyme activity perturbation claim cites specific enzyme names (CYP17A1, CYP19A1, 5α-reductase) but biological_sub6 explicitly marks free-text biological role claims out of v0 scope."
v1:c024,an_RAMP_P_000000421_seed8,GROUNDED,factual_sub6,both,C3,Sucrose did not reach significance in any paradigm,"Non-significance claim is a statistical statement (signal_evidence) with no p-value/fold data, yet even as a strict factual claim about Sucrose, the verifier has no name-to-ID lookup for the metabolit"
v1:c025,an_RAMP_P_000000421_seed8,GROUNDED,factual_sub6,both,C3,4-hydroxyglutamic acid did not reach significance in any paradigm,"Non-significance claim requires statistical evidence absent from the claim, and 4-hydroxyglutamic acid lacks any namespace ID for verifier lookup even in tightened form."
v1:c026,an_RAMP_P_000000421_seed8,GROUNDED,factual_sub6,producer_fault,C8,,Empty claim text is degenerate boilerplate with no content for any verifier layer to assess.
v1:c027,an_RAMP_P_000000421_seed8,GROUNDED,factual_sub6,both,C3,N-hydroxy-4-aminobiphenyl did not reach significance in any paradigm,"Non-significance claim requires statistical evidence the claim does not provide, and N-hydroxy-4-aminobiphenyl has no namespace ID for verifier lookup even in a strict factual form."
v1:c002,an_RAMP_P_000025682_seed2,BIOLOGICAL,biological_sub6,both,C6,All 13 mapped input metabolites are present in the arachidonic acid metabolic network,"Set membership claim ('all 13 mapped input metabolites are present') is self-referential and biological_sub6 has no pathway phrase/ID to verify, making it both a producer issue and outside verifier sc"
v1:c003,an_RAMP_P_000025682_seed2,GROUNDED,factual_sub6,both,C6,The input set contains six eicosanoid-family metabolites,"Self-referential set membership claim that the verifier cannot verify due to missing namespace identifiers, and ReAct should not be echoing input-set membership in generated text."
v1:c008,an_RAMP_P_000025682_seed2,FACTUAL,factual_sub6,producer_fault,C7,thromboxane A2 has KEGG ID C02198,"ReAct asserts KEGG ID C02198 for thromboxane A2 without tool-output basis; the empty evidence field indicates the verifier ran but found no confirmation, making this a hallucinated namespace ID."
v1:c009,an_RAMP_P_000025682_seed2,FACTUAL,factual_sub6,producer_fault,C7,all-trans-4-hydroxyretinoic acid has KEGG ID C16677,"ReAct asserts KEGG ID C16677 for all-trans-4-hydroxyretinoic acid without tool-output basis; the empty evidence field indicates no verifier confirmation, making this a hallucinated namespace ID."
v1:c010,an_RAMP_P_000025682_seed2,GROUNDED,factual_sub6,both,C6,8(S)-HPETE is one of the six eicosanoid metabolites in the input set,Set membership claim ('8(S)-HPETE is one of the six eicosanoid metabolites') is self-referential and the verifier cannot extract a KEGG/HMDB/CHEBI ID from the short name to verify even a tightened fac
v1:c011,an_RAMP_P_000025682_seed2,GROUNDED,factual_sub6,both,C6,16(R)-HETE is one of the six eicosanoid metabolites in the input set,Set membership claim ('16(R)-HETE is one of the six eicosanoid metabolites') is self-referential and the verifier cannot extract a KEGG/HMDB/CHEBI ID from the short name to verify even a tightened fac
v1:c012,an_RAMP_P_000025682_seed2,GROUNDED,factual_sub6,both,C6,19(S)-HETE is one of the six eicosanoid metabolites in the input set,Set membership claim ('19(S)-HETE is one of the six eicosanoid metabolites') is self-referential and the verifier cannot extract a KEGG/HMDB/CHEBI ID from the short name to verify even a tightened fac
v1:c013,an_RAMP_P_000025682_seed2,GROUNDED,factual_sub6,both,C6,"11,12,15-THETA is one of the six eicosanoid metabolites in the input set","Set membership claim ('11,12,15-THETA is one of the six eicosanoid metabolites') is self-referential and the verifier cannot extract a KEGG/HMDB/CHEBI ID from the short name to verify even a tightened"
v1:c014,an_RAMP_P_000025682_seed2,GROUNDED,factual_sub6,both,C6,thromboxane A2 is one of the six eicosanoid metabolites in the input set,Set membership claim ('thromboxane A2 is one of the six eicosanoid metabolites') is self-referential and the verifier cannot extract a KEGG/HMDB/CHEBI ID from the short name to verify even a tightened
v1:c015,an_RAMP_P_000025682_seed2,GROUNDED,factual_sub6,producer_fault,C6,all-trans-4-hydroxyretinoic acid is one of the six eicosanoid metabolites in the input set,"all-trans-4-hydroxyretinoic acid is a retinoid, not an eicosanoid, making this a false self-referential set membership claim that ReAct should not have generated."
v1:c016,an_RAMP_P_000025682_seed2,BIOLOGICAL,biological_sub6,verifier_gap,C5,The six metabolites are confirmed members of the MUMM:arachidonic_acid_metabolism pathway via the mummichog metabolites_hit list,"MUMM:arachidonic_acid_metabolism pathway claim uses a non-canonical MUMM namespace that biological_sub6 explicitly cannot parse, leaving the claim unverifiable."
v1:c018,an_RAMP_P_000025682_seed2,BIOLOGICAL,biological_sub6,verifier_gap,C3,Signaling by Nuclear Receptors was enriched at FDR=0.00145,Statistical enrichment claim with FDR p-value is cited as signal_evidence but biological_sub6 has no consensus checker for pathway enrichment statistics and marks it out of scope.
v1:c021,an_RAMP_P_000025682_seed2,GROUNDED,factual_sub6,verifier_gap,C1,The m/z-direct top-1 hit and the RaMP top-1 Reactome hit converge,Cross-method convergence claim ('m/z-direct top-1 hit and RaMP top-1 Reactome hit converge') lacks any consensus-checking mechanism in factual_sub6 to verify method agreement.
v1:c022,an_RAMP_P_000025682_seed2,BIOLOGICAL,biological_sub6,both,C5,The treatment response simultaneously activates the arachidonic acid cascade,"Biological activation claim ('simultaneously activates the arachidonic acid cascade') is a reaction-step statement that biological_sub6 cannot verify due to missing pathway phrase/ID, and ReAct lacks "
v1:c023,an_RAMP_P_000025682_seed2,BIOLOGICAL,biological_sub6,verifier_gap,C5,The treatment response perturbs nuclear-receptor-mediated transcriptional regulation,Claim describes a biological mechanism (transcriptional regulation) but lacks concrete pathway/entity identifiers that biological_sub6 can parse.
v1:c025,an_RAMP_P_000025682_seed2,GROUNDED,factual_sub6,producer_fault,C7,8(S)-HPETE has rank among the six overlapping eicosanoids,"Metabolite 8(S)-HPETE is named without any KEGG/HMDB/CHEBI/InChIKey identifier, leaving the verifier with only a name that cannot be looked up."
v1:c000,an_RAMP_P_000050021_seed0,GROUNDED,factual_sub6,verifier_gap,C3,Three enrichment tools produced convergent results across ORA and m/z-direct paradigms,Statistical count claim (ten metabolites) cites numeric signal evidence with no signal verifier available in factual_sub6.
v1:c005,an_RAMP_P_000050021_seed0,BIOLOGICAL,biological_sub6,both,C5,L-cysteine and 3-hydroxyanthranilic acid are the sole hits for Autism (ASD) pathway,"Claim includes a biological role (sole hits) and a specific disease pathway name (Autism/ASD) that biological_sub6 cannot parse, and even a tightened form with a canonical pathway ID would still lack "
v1:c007,an_RAMP_P_000050021_seed0,GROUNDED,factual_sub6,both,C5,Coumarin and L-cysteine co-hit Biological oxidations,"Claim lacks the MUMM: namespace prefix for 'Biological oxidations' making it unverifiable, and biological_sub6 has no parser for free-text pathway roles."
v1:c015,an_RAMP_P_000050021_seed0,FACTUAL,factual_sub6,producer_fault,C7,Dihydrobiopterin has HMDB ID C02953,"Claim explicitly states an HMDB ID with C02953, but C-prefix is a KEGG COMPOUND namespace identifier, constituting a wrong-namespace mislabel."
v1:c032,an_RAMP_P_000050021_seed0,OTHER,verify_sub6,verifier_gap,C5,The convergent signal has a secondary biopterin/tryptophan branch,Claim describes a branch relationship in biopterin/tryptophan metabolism but lacks concrete entities for biological_sub6 to verify.
v1:c000,an_RAMP_P_000050021_seed1,GROUNDED,factual_sub6,verifier_gap,C3,Ten differentially abundant metabolites were analyzed,Statistical count claim (ten metabolites) cites numeric signal evidence with no signal verifier available in factual_sub6.
v1:c002,an_RAMP_P_000050021_seed1,GROUNDED,factual_sub6,both,C7,MUMM:bile_acid_biosynthesis ranked first in mummichog m/z-direct paradigm,"Claim uses MUMM namespace for pathway which biological_sub6 cannot parse, and the ranking result is also unverifiable by factual_sub6."
v1:c003,an_RAMP_P_000050021_seed1,GROUNDED,factual_sub6,both,C7,MUMM:bile_acid_biosynthesis has p=0.018 in mummichog,"MUMM pathway reference prevents factual_sub6 from parsing, and p-value exists with no statistical signal verifier to check the 0.018 claim."
v1:c004,an_RAMP_P_000050021_seed1,GROUNDED,factual_sub6,both,C7,Cholesterol is the sole input hit of MUMM:bile_acid_biosynthesis,"Claim uses MUMM namespace for the pathway reference which factual_sub6 does not parse, leaving the sole-input relationship unverifiable."
v1:c008,an_RAMP_P_000050021_seed1,GROUNDED,factual_sub6,both,C7,MUMM:squalene_and_cholesterol_biosynthesis ranked 9 in mummichog,"MUMM namespace in pathway rank claim is not parseable by factual_sub6, making the ranking position unverifiable."
v1:c010,an_RAMP_P_000050021_seed1,PATHWAY_RELATIONSHIP,pathway_relationship,verifier_gap,C1,Both mummichog and MetaboAnalystR converge on a cholesterol-centric sterol axis,Claim explicitly states cross-method consensus (mummichog and MetaboAnalystR convergence) but the pathway_relationship layer lacks RaMP-DB access to verify shared compounds.
v1:c014,an_RAMP_P_000050021_seed1,BIOLOGICAL,biological_sub6,verifier_gap,C5,The sterol axis extends to lipid-handling processes,Biological relationship claim (sterol axis extending to lipid processes) lacks concrete pathway entity identifiers that biological_sub6 can verify.
v1:c016,an_RAMP_P_000050021_seed1,BIOLOGICAL,biological_sub6,both,C7,4-Pyridoxic acid is a member of MUMM:vitamin_b6_pyridoxine_metabolism,"Claim includes MUMM pathway membership reference that biological_sub6 cannot parse, and the membership relationship has no verification layer."
v1:c017,an_RAMP_P_000050021_seed1,GROUNDED,factual_sub6,both,C7,MUMM:vitamin_b6_pyridoxine_metabolism ranked 5 in mummichog,"MUMM pathway ranking is unverifiable by factual_sub6 as the namespace is not parsed, and ranking position lacks supporting evidence from any layer."
v1:c018,an_RAMP_P_000050021_seed1,GROUNDED,factual_sub6,both,C7,MUMM:vitamin_b6_pyridoxine_metabolism has p=0.031 in mummichog,"Statistical p-value claim uses MUMM pathway namespace that factual_sub6 cannot parse, and no signal verifier exists for the 0.031 value."
v1:c027,an_RAMP_P_000050021_seed1,DRIVER_METABOLITE,driver_metabolite,both,C4,Coumarin is the driver of xenobiotic perturbation,Causal 'driver' language is vague and unqualified (no quantitative support) while the driver_metabolite layer has no evidence of perturbation mechanism.
v1:c028,an_RAMP_P_000050021_seed1,BIOLOGICAL,biological_sub6,both,C7,Coumarin is a direct member of MUMM:xenobiotics_metabolism,"MUMM pathway membership claim is unverifiable by biological_sub6 which cannot parse the namespace, and no layer establishes direct participation."
v1:c029,an_RAMP_P_000050021_seed1,GROUNDED,factual_sub6,both,C7,MUMM:xenobiotics_metabolism ranked 3 in mummichog,"MUMM pathway ranking claim uses a namespace that factual_sub6 does not parse, leaving the rank-3 position unverifiable."
v1:c030,an_RAMP_P_000050021_seed1,GROUNDED,factual_sub6,verifier_gap,C3,MUMM:xenobiotics_metabolism has p=0.031 in mummichog,"The p-value claim is legitimate statistical evidence, but the MUMM: namespace prevents the verifier from parsing the pathway name, leaving no mechanism to check even a tightened version."
v1:c035,an_RAMP_P_000050021_seed1,GROUNDED,factual_sub6,verifier_gap,C1,"A convergence of the cholesterol-centered sterol axis with perturbed vitamin B6 catabolism is observed across ORA, m/z-direct, and KEGG-specific paradigms","Cross-method convergence across ORA, m/z-direct, and KEGG paradigms is a legitimate multi-method consensus claim with no consensus-checking layer available."
v1:c036,an_RAMP_P_000050021_seed1,GROUNDED,factual_sub6,verifier_gap,C1,"A convergence of the cholesterol-centered sterol axis with secondary purine signals is observed across ORA, m/z-direct, and KEGG-specific paradigms","Cross-method convergence across ORA, m/z-direct, and KEGG paradigms is a legitimate multi-method consensus claim with no consensus-checking layer available."
v1:c037,an_RAMP_P_000050021_seed1,GROUNDED,factual_sub6,verifier_gap,C1,"A convergence of the cholesterol-centered sterol axis with xenobiotic functionalisation is observed across ORA, m/z-direct, and KEGG-specific paradigms","Cross-method convergence across ORA, m/z-direct, and KEGG paradigms is a legitimate multi-method consensus claim with no consensus-checking layer available."
v1:c002,an_RAMP_P_000050021_seed2,GROUNDED,factual_sub6,verifier_gap,C3,Biological oxidations has FDR=1.24e-6,FDR statistical evidence is legitimate but no identifier (KEGG/HMDB/CHEBI) is provided so the verifier cannot look up the associated pathway result.
v1:c003,an_RAMP_P_000050021_seed2,GROUNDED,factual_sub6,verifier_gap,C3,"RaMP multi-database ORA identified four compounds: coumarin, 3-aminopropanal, 6-methylthiopurine, and glutathione",FDR statistical evidence is legitimate but no pathway identifier enables the verifier to look up the associated Reactome result.
v1:c008,an_RAMP_P_000050021_seed2,GROUNDED,factual_sub6,verifier_gap,C3,Mummichog m/z-direct network analysis identified glutathione and hypotaurine as the overlapping compounds,Compound overlap from mummichog analysis is legitimate but no cross-method consensus checker exists to verify the shared compounds.
v1:c009,an_RAMP_P_000050021_seed2,GROUNDED,factual_sub6,both,C1,Mummichog m/z-direct network analysis represents a direct cross-paradigm replication,"Cross-paradigm replication claim has valid semantics and is a legitimate multi-method statement, but no verifier layer can check cross-paradigm agreement even if tightened."
v1:c013,an_RAMP_P_000050021_seed2,GROUNDED,factual_sub6,verifier_gap,C3,MetaboAnalystR KEGG PSEA identified hypotaurine as the sole driver metabolite,Driver metabolite identification is a legitimate grounded claim but lacks identifiers enabling external database verification.
v1:c014,an_RAMP_P_000050021_seed2,CONSISTENCY,verify_sub6,both,C3,"Hypotaurine, beta-mercaptoethanol, 6-methylthiopurine, and glutathione show simultaneous perturbation",Simultaneous perturbation is a legitimate multi-compound claim but name-only references prevent verification and no name-lookup layer exists.
v1:c015,an_RAMP_P_000050021_seed2,CONSISTENCY,verify_sub6,both,C6,These perturbed compounds are all sulfur-containing,Sulfur-containing property is a known biochemical fact but name-only references prevent verification and no property-lookup layer exists.
v1:c018,an_RAMP_P_000050021_seed2,GROUNDED,factual_sub6,verifier_gap,C3,Azathioprine ADME has FDR=1.38e-4,FDR statistical evidence for azathioprine ADME is legitimate but no identifier enables the verifier to cross-check the result against external data.
v1:c019,an_RAMP_P_000050021_seed2,BIOLOGICAL,biological_sub6,both,C5,Azathioprine ADME links 6-methylthiopurine and glutathione through S-methyltransferase and glutathione S-transferase reactions,Biological mechanism linking compounds via enzyme reactions is a legitimate intermediate biology claim but no pathway phrase or ID is provided and the biological_sub6 layer cannot verify even a tighte
v1:c020,an_RAMP_P_000050021_seed2,CONSISTENCY,verify_sub6,both,C6,"Benzo[a]pyrene-7,8-dihydrodiol-9,10-oxide is present alongside coumarin",Co-presence of compounds is a legitimate canonical fact type but name-only references prevent verification and no consensus layer exists.
v1:c021,an_RAMP_P_000050021_seed2,BIOLOGICAL,biological_sub6,both,C6,"Benzo[a]pyrene-7,8-dihydrodiol-9,10-oxide is a DNA-damaging carcinogen metabolite",DNA-damaging carcinogen characterization is a known literature fact but disease/clinical-significance claims are outside v0 scope and no biological entity checker exists.
v1:c022,an_RAMP_P_000050021_seed2,BIOLOGICAL,biological_sub6,both,C5,Oxidative stress from xenobiotic exposure may be the upstream trigger driving glutathione consumption,Upstream/downstream mechanistic hypothesis is a legitimate intermediate biology claim but no pathway phrase or ID is provided and the biological_sub6 layer cannot verify even a tightened form.
v1:c000,an_RAMP_P_000050021_seed4,PATHWAY_RELATIONSHIP,pathway_relationship,both,C1,Three independent enrichment paradigms converge on oxidative and xenobiotic metabolism as the dominant biological axis,Convergence claim across three paradigms is a legitimate multi-method consensus statement but the pathway_relationship layer cannot open RaMP-DB to verify shared compounds.
v1:c001,an_RAMP_P_000050021_seed4,GROUNDED,factual_sub6,verifier_gap,C6,RaMP multi-database ORA identifies Reactome Biological Oxidations as the top hit,RaMP ORA top pathway identification is a legitimate canonical fact but no pathway identifier is extracted for the verifier to cross-check.
v1:c003,an_RAMP_P_000050021_seed4,GROUNDED,factual_sub6,verifier_gap,C3,Reactome Biological Oxidations has FDR = 0.00186,FDR statistical evidence is legitimate but no pathway identifier enables the verifier to look up the associated Reactome result.
v1:c005,an_RAMP_P_000050021_seed4,FACTUAL,factual_sub6,producer_fault,C7,L-cysteine has ChEBI ID 17561,"The ID 17561 is a KEGG-format identifier (C-prefix) presented as a ChEBI ID, constituting a wrong-namespace mislabeling that ReAct should not have written."
v1:c006,an_RAMP_P_000050021_seed4,FACTUAL,factual_sub6,both,C3,Coumarin has ChEBI ID 28794,"The claim uses loose phrasing for a biological p‑value without a concrete pathway identifier, so both producer and verifier cannot resolve it."
v1:c007,an_RAMP_P_000050021_seed4,GROUNDED,factual_sub6,verifier_gap,C1,This result aligns with mummichog m/z-direct analysis,"The claim asserts alignment with mummichog output, a cross-method consensus that the verifier cannot verify."
v1:c011,an_RAMP_P_000050021_seed4,DRIVER_METABOLITE,driver_metabolite,verifier_gap,C5,Coumarin is the sole resolved input compound driving the xenobiotics cluster,"The claim lists Methimazole and coumarin as hits within the xenobiotics module, an intermediate biology statement the verifier cannot confirm."
v1:c025,an_RAMP_P_000050021_seed4,GROUNDED,factual_sub6,verifier_gap,C5,Coumarin functions as the primary m/z-based driver through the xenobiotics cluster,"The claim describes Coumarin as the primary m/z‑based driver through the xenobiotics cluster, an intermediate biology statement the verifier cannot verify."
v1:c029,an_RAMP_P_000050021_seed4,GROUNDED,factual_sub6,verifier_gap,C3,Methimazole does not individually meet the overlap threshold for strict ORA significance,The claim about Methimazole not meeting the overlap threshold for strict ORA significance is numeric evidence the verifier cannot check.
v1:c031,an_RAMP_P_000050021_seed4,GROUNDED,factual_sub6,verifier_gap,C3,Pyrocatechol does not individually meet the overlap threshold for strict ORA significance,The claim about Pyrocatechol not meeting the overlap threshold for strict ORA significance is numeric evidence the verifier cannot check.
v1:c033,an_RAMP_P_000050021_seed4,OTHER,verify_sub6,verifier_gap,C4,Methimazole and pyrocatechol are consistent with network-proximal contributors to oxidative stress responses,"The claim uses hedged language about Methimazole and pyrocatechol being consistent with contributors to oxidative stress, an uncertainty qualifier beyond verifier scope."
v1:c000,an_RAMP_P_000050021_seed5,GROUNDED,factual_sub6,verifier_gap,C3,Three enrichment tools were run on ten metabolites in KEGG namespace,"The claim provides numeric counts of three enrichment tools and ten metabolites, a signal evidence the verifier cannot verify."
v1:c001,an_RAMP_P_000050021_seed5,GROUNDED,factual_sub6,verifier_gap,C9,"The three enrichment tools are RaMP multi-database ORA, Mummichog m/z-direct, and MetaboAnalystR KEGG PSEA","The claim enumerates the three enrichment tool names as factual statements, which do not fit other categories and the verifier cannot confirm."
v1:c006,an_RAMP_P_000050021_seed5,GROUNDED,factual_sub6,both,C3,RaMP hits at ranks 2â5 include Reactome damaged-pyrimidine cleavage,"The claim uses loose phrasing for a biological p‑value without a concrete pathway identifier, so both producer and verifier cannot resolve it."
v1:c008,an_RAMP_P_000050021_seed5,GROUNDED,factual_sub6,producer_fault,C8,RaMP hits at ranks 2â5 include Reactome deprecation,"The phrase “Reactome deprecation” is nonsensical and appears to be a noise fragment, indicating a producer error."
v1:c010,an_RAMP_P_000050021_seed5,GROUNDED,factual_sub6,verifier_gap,C5,RaMP hits at ranks 2â5 include base-excision repair AP-site formation,"The claim names a specific DNA repair pathway, an intermediate biology statement the verifier cannot confirm."
v1:c012,an_RAMP_P_000050021_seed5,GROUNDED,factual_sub6,verifier_gap,C5,RaMP hits at ranks 2â5 include base-excision repair,"The claim names the base‑excision repair pathway, an intermediate biology statement the verifier cannot confirm."
v1:c014,an_RAMP_P_000050021_seed5,GROUNDED,factual_sub6,verifier_gap,C5,"All four RaMP hits share 5,6-dihydrouracil as the sole driver compound","The claim identifies 5,6‑dihydrouracil as the sole driver compound for all four RaMP hits, a biological role the verifier cannot verify."
v1:c019,an_RAMP_P_000050021_seed5,GROUNDED,factual_sub6,verifier_gap,C1,MetaboAnalystR shares the same hit as RaMP,"The claim asserts cross‑tool consistency between MetaboAnalystR and RaMP, a cross‑method consensus the verifier cannot check."
v1:c037,an_RAMP_P_000050021_seed5,SET_ENRICHMENT,set_enrichment,verifier_gap,C1,The convergent signal across three independent detection paradigms points to selective disruption of pyrimidine base-excision repair as the dominant biological response,"The claim describes convergence across three detection paradigms pointing to a dominant biological response, a cross‑method consensus the verifier cannot map to a pathway ID."
v1:c011,an_RAMP_P_000050021_seed6,GROUNDED,factual_sub6,verifier_gap,C5,Methimazole and coumarin appear as hits within the xenobiotics module,"The claim lists Methimazole and coumarin as hits within the xenobiotics module, an intermediate biology statement the verifier cannot confirm."
v1:c017,an_RAMP_P_000050021_seed6,GROUNDED,factual_sub6,verifier_gap,C3,The cross-paradigm analysis examined nine differentially abundant metabolites,"The claim provides a numeric count of nine differentially abundant metabolites, a signal evidence the verifier cannot verify."
v1:c002,an_RAMP_P_000050021_seed7,GROUNDED,factual_sub6,verifier_gap,C3,Eight metabolites span amino acid biochemistry,"The claim states that eight metabolites span amino‑acid biochemistry, a numeric count the verifier cannot verify."
v1:c006,an_RAMP_P_000050021_seed7,BIOLOGICAL,biological_sub6,both,C3,Metabolism has p-value less than 0.05,"The claim uses loose phrasing for a biological p‑value without a concrete pathway identifier, so both producer and verifier cannot resolve it."
v1:c007,an_RAMP_P_000050021_seed7,GROUNDED,factual_sub6,producer_fault,C7,N-hydroxy-4-aminobiphenyl drove hits in Phase I biotransformation routes,"Producer wrote compound name without providing any checkable identifier (InChIKey/HMDB/KEGG/CHEBI), so verifier cannot verify the role in biotransformation."
v1:c008,an_RAMP_P_000050021_seed7,GROUNDED,factual_sub6,producer_fault,C7,"Benzo[a]pyrene-7,8-dihydrodiol-9,10-oxide drove hits in Phase I biotransformation routes","Producer wrote compound name without providing any checkable identifier, so claim cannot be verified."
v1:c009,an_RAMP_P_000050021_seed7,GROUNDED,factual_sub6,producer_fault,C7,Coumarin drove hits in Phase I biotransformation routes,"Producer wrote compound name without providing any checkable identifier, so claim cannot be verified."
v1:c013,an_RAMP_P_000050021_seed7,GROUNDED,factual_sub6,producer_fault,C7,Leukotriene A4 appeared only in the m/z-direct Mummichog network,"Producer wrote compound name without providing any checkable identifier, so claim cannot be verified."
v1:c017,an_RAMP_P_000050021_seed7,GROUNDED,factual_sub6,verifier_gap,C3,Leukotriene A4 was confirmed by query_pathway_members to contain this compound as a canonical precursor,Claim cites p-value for MUMM:arachidonic_acid_metabolism pathway but MUMM namespace is not parseable by any verifier layer.
v1:c018,an_RAMP_P_000050021_seed7,CONSISTENCY,verify_sub6,producer_fault,C7,Two biological stories emerged from the analysis,Producer wrote compound name without providing any checkable identifier.
v1:c021,an_RAMP_P_000050021_seed7,FACTUAL,factual_sub6,both,C7,All eight metabolites resolved to distinct InChIKey first-block clusters,Producer omitted checkable identifier AND MUMM namespace is not parseable by any verifier layer.
v1:c022,an_RAMP_P_000050021_seed7,GROUNDED,factual_sub6,producer_fault,C7,The eight metabolites have no structural conflicts,Producer wrote compound name without providing any checkable identifier.
v1:c023,an_RAMP_P_000050021_seed7,GROUNDED,factual_sub6,producer_fault,C7,The signal is not a namespace artifact,Producer wrote compound name without providing any checkable identifier.
v1:c002,an_RAMP_P_000050021_seed8,OTHER,verify_sub6,producer_fault,C8,The biological story is centred on polyamine homeostasis,Claim is vague thematic statement with no verifiable specifics.
v1:c014,an_RAMP_P_000050021_seed8,OTHER,verify_sub6,verifier_gap,C5,CYP-mediated monooxygenation chemistry activates coumarin,Claim involves CYP enzyme chemistry which biological_sub6 does not cover; mechanism-level claims are out of v0 scope.
v1:c015,an_RAMP_P_000050021_seed8,GROUNDED,factual_sub6,producer_fault,C7,A parallel m/z-directed mummichog analysis was performed,Producer references Mummichog tool without providing identifiers; MUMM namespace is not parseable by verifier layers.
v1:c017,an_RAMP_P_000050021_seed8,GROUNDED,factual_sub6,verifier_gap,C3,MUMM:arachidonic_acid_metabolism has p = 0.014,Claim cites p-value for MUMM:arachidonic_acid_metabolism pathway but MUMM namespace is not parseable by any verifier layer.
v1:c018,an_RAMP_P_000050021_seed8,GROUNDED,factual_sub6,producer_fault,C7,20-Hydroxyeicosatetraenoic acid is the input compound,Producer wrote compound name without providing any checkable identifier.
v1:c019,an_RAMP_P_000050021_seed8,FACTUAL,factual_sub6,verifier_gap,C6,20-Hydroxyeicosatetraenoic acid is abbreviated as 20-HETE,"Claim is a standard abbreviation mapping verifiable via canonical literature, but verifier lacks name-lookup capability."
v1:c021,an_RAMP_P_000050021_seed8,BIOLOGICAL,biological_sub6,both,C7,20-Hydroxyeicosatetraenoic acid is a direct member of MUMM:arachidonic_acid_metabolism,Producer omitted checkable identifier AND MUMM namespace is not parseable by any verifier layer.
v1:c022,an_RAMP_P_000050021_seed8,GROUNDED,factual_sub6,producer_fault,C7,Inferred HETE/EET congeners include 5-HETE,Producer wrote compound name without providing any checkable identifier.
v1:c023,an_RAMP_P_000050021_seed8,GROUNDED,factual_sub6,producer_fault,C7,Inferred HETE/EET congeners include 15-HETE,Producer wrote compound name without providing any checkable identifier.
v1:c024,an_RAMP_P_000050021_seed8,GROUNDED,factual_sub6,producer_fault,C7,"Inferred HETE/EET congeners include 8,9-EET",Producer wrote compound name without providing any checkable identifier.
v1:c025,an_RAMP_P_000050021_seed8,GROUNDED,factual_sub6,producer_fault,C7,"Inferred HETE/EET congeners include 11,12-EET",Producer wrote compound name without providing any checkable identifier.
v1:c026,an_RAMP_P_000050021_seed8,GROUNDED,factual_sub6,producer_fault,C9,"Inferred HETE/EET congeners include 14,15-EET","Claim uses 'EET congener' phrasing without any KEGG/HMDB/CHEBI identifier, and the verifier has no mechanism to parse or ground such free-text metabolite references."
v1:c027,an_RAMP_P_000050021_seed8,GROUNDED,factual_sub6,producer_fault,C9,MUMM:xenobiotics_metabolism was surfaced as a secondary hit,MUMM namespace leaked into claim text; factual_sub6 layer cannot parse MUMM identifiers and has no path to verify a 'secondary hit' without a concrete KEGG/Reactome ID.
v1:c028,an_RAMP_P_000050021_seed8,GROUNDED,factual_sub6,both,C3,MUMM:xenobiotics_metabolism has p = 0.038,p-value included (C3 signal) but MUMM namespace cannot be resolved even to a pathway name; verifier has no schema to check statistical claims against a pathway context.
v1:c029,an_RAMP_P_000050021_seed8,BIOLOGICAL,biological_sub6,both,C5,MUMM:xenobiotics_metabolism links coumarin to detoxification circuitry,"Biological role claim (C5) linking coumarin to detoxification via a MUMM pathway; biological_sub6 cannot parse MUMM namespaces, and the free-text linkage is out of v0 scope regardless."
v1:c036,an_RAMP_P_000050021_seed8,FACTUAL,factual_sub6,producer_fault,C9,PAO oxidations are visible across RaMP,'PAO oxidations visible across RaMP' is a bare assertion without KEGG/Reactome entity identifier; no mechanism exists in factual_sub6 to verify a non-entity 'visibility' claim.
v1:c037,an_RAMP_P_000050021_seed8,FACTUAL,factual_sub6,producer_fault,C9,Polyamine interconversion is visible across RaMP,'Polyamine interconversion visible across RaMP' is a bare assertion without a pathway or enzyme identifier; factual_sub6 has no route to verify free-text biological process claims.
v1:c040,an_RAMP_P_000050021_seed8,OTHER,verify_sub6,producer_fault,C9,Spironolactone produces aldosterone-receptor antagonism,Spironolactone mechanism claim (OTHER type) has no evidence cited and no verifier layer covers drug-target clinical assertions; no identifier provided for verification.
v1:c041,an_RAMP_P_000050021_seed8,OTHER,verify_sub6,producer_fault,C9,Aldosterone-receptor antagonism produces a distinct clinical-metabolomics signature,"Clinical-metabolomics signature claim is out of biological_sub6 v0 scope; no pathway or entity identifier supplied, and the causal chain is unverifiable without supporting data."
v1:c043,an_RAMP_P_000050021_seed8,DRIVER_METABOLITE,driver_metabolite,producer_fault,C1,Coumarin is a consistent driver across ORA and mummichog,Cites multi-method agreement (ORA and mummichog) on coumarin as a driver metabolite; cross-method consensus claim cannot be verified without access to both method outputs.
v1:c046,an_RAMP_P_000050021_seed8,SET_ENRICHMENT,set_enrichment,producer_fault,C3,Putrescine has very high fold-enrichment,Contains a fold-enrichment qualifier (C3 signal) but no pathway ID or name to anchor the claim; set_enrichment layer cannot map the claim to a verdict without context.
v1:c047,an_RAMP_P_000050021_seed8,GROUNDED,factual_sub6,producer_fault,C9,The 20-HETE signal is unique to the mummichog m/z layer,"Uniqueness claim about the 20-HETE signal lacks any KEGG/HMDB/CHEBI identifier; 'm/z layer' is a method qualifier not a verifiable entity, and factual_sub6 cannot ground the claim."
v1:c048,an_RAMP_P_000050021_seed8,OTHER,verify_sub6,producer_fault,C8,Network-aware methods have value for lipid mediators,Method-value statement written as an exported conclusion without citing tool outputs; this is a meta-filler opinion (C8) that should not have been produced in the claims stream.
v1:c000,an_RAMP_P_000050021_seed9,PATHWAY_RELATIONSHIP,pathway_relationship,verifier_gap,C1,Three complementary pathway-analysis paradigms converge on disrupted xenobiotic metabolism as the dominant biological signal in the treatment group,"Convergence claim (C1) across three paradigms is legitimate and tool-derivable, but path relationship layer cannot access RaMP database because METAGENT_RAMP_PATH is unset; claim is sound, verifier si"
v1:c003,an_RAMP_P_000050021_seed9,GROUNDED,factual_sub6,producer_fault,C9,RaMP ORA identifies Xenobiotics driven by coumarin as the sole hit metabolite,'RaMP ORA identifies Xenobiotics driven by coumarin' is a tool-output claim without any KEGG/HMDB/CHEBI identifier; factual_sub6 has no InChIKey to verify the result.
v1:c008,an_RAMP_P_000050021_seed9,BIOLOGICAL,biological_sub6,producer_fault,C9,Gentisic acid anchors a secondary iron-homeostasis cluster,Gentisic acid biological role claim ('anchors iron-homeostasis cluster') is free-text biological framing that biological_sub6 cannot parse; out of v0 scope for the layer.
v1:c009,an_RAMP_P_000050021_seed9,FACTUAL,factual_sub6,producer_fault,C9,"Gentisic acid has chemical name 2,5-dihydroxybenzoic acid","Chemical name '2,5-dihydroxybenzoic acid' given as free text without an InChIKey; factual_sub6 requires canonical identifiers for chemical name verification."
v1:c010,an_RAMP_P_000050021_seed9,FACTUAL,factual_sub6,both,C6,Gentisic acid has CHEBI identifier CHEBI:17189,"Well-formed canonical fact with a CHEBI identifier (C6) — the claim is verifiable in principle, but ReAct produced it without invoking the chemical lookup layer, and factual_sub6 has no lookup mechani"
v1:c016,an_RAMP_P_000050021_seed9,SET_ENRICHMENT,set_enrichment,producer_fault,C3,Aspirin ADME has FDR 7.17Ã10â»Â³,FDR p-value (C3 signal) provided for 'Aspirin ADME' but no pathway ID or name in the claim; set_enrichment layer cannot map to a verdict without canonical pathway context.
v1:c017,an_RAMP_P_000050021_seed9,GROUNDED,factual_sub6,producer_fault,C9,"InChIKey reconciliation confirms that coumarin, benzo[a]pyrene diol epoxide I, and 2,5-dihydroxybenzoic acid are three structurally distinct entities",InChIKey reconciliation claim omits actual InChIKeys for the three named compounds; factual_sub6 cannot verify structural distinctness without the identifiers being present.
v1:c018,an_RAMP_P_000050021_seed9,GROUNDED,factual_sub6,producer_fault,C9,InChIKey reconciliation confirms there are no name-to-structure disagreements,Reconciliation claim references no InChIKeys in the text; factual_sub6 cannot verify the absence of name-to-structure disagreements without identifiers to compare.
v1:c000,an_RAMP_P_000050096_seed6,PATHWAY_RELATIONSHIP,pathway_relationship,verifier_gap,C1,Three independent pathway-enrichment paradigms converge on tyrosine metabolism,Cross-method convergence claim is legitimate and tool-derivable but verifier cannot check due to RaMP-DB unavailability.
v1:c002,an_RAMP_P_000050096_seed6,BIOLOGICAL,biological_sub6,both,C9,RaMP-DB ORA returned SMPDB disease-pathway clusters as its top-6 hits,Disease-pathway claim is out of Sub-6 v0 scope AND no disease DB is available to verify even with tightened phrasing.
v1:c003,an_RAMP_P_000050096_seed6,GROUNDED,factual_sub6,both,C7,The top-6 hits include Alkaptonuria,Disease name 'Alkaptonuria' lacks a canonical identifier and factual_sub6 has no disease-name lookup to compensate.
v1:c004,an_RAMP_P_000050096_seed6,GROUNDED,factual_sub6,both,C7,The top-6 hits include Tyrosinemia Type I,Disease name 'Tyrosinemia Type I' lacks a canonical identifier and factual_sub6 has no disease-name lookup to compensate.
v1:c005,an_RAMP_P_000050096_seed6,GROUNDED,factual_sub6,both,C7,The top-6 hits include Hawkinsinuria,Disease name 'Hawkinisinuria' lacks a canonical identifier and factual_sub6 has no disease-name lookup to compensate.
v1:c006,an_RAMP_P_000050096_seed6,GROUNDED,factual_sub6,both,C7,The top-6 hits include Monoamine oxidase-A deficiency,Disease name 'Monoamine oxidase-A deficiency' lacks a canonical identifier and factual_sub6 has no disease-name lookup to compensate.
v1:c007,an_RAMP_P_000050096_seed6,GROUNDED,factual_sub6,both,C7,The top-6 hits share the same four-compound roster,"Compound-set overlap claim lacks any compound identifiers for the four-member roster, making verification impossible."
v1:c008,an_RAMP_P_000050096_seed6,GROUNDED,factual_sub6,both,C3,The top-6 hits have FDR = 1.12e-09,Statistical FDR value is signal evidence but no pathway ID or canonical name is provided to map the claim to a verdict.
v1:c009,an_RAMP_P_000050096_seed6,SET_ENRICHMENT,set_enrichment,both,C3,The top-6 hits have fold-enrichment = 590.6,Statistical fold-enrichment is signal evidence but no pathway ID or canonical name is provided to map the claim to a verdict.
v1:c012,an_RAMP_P_000050096_seed6,BIOLOGICAL,biological_sub6,both,C5,Mummichog m/z-direct activity scored the MUMM:tyrosine_metabolism pathway top,"Pathway association claim references MUMM namespace which biological_sub6 does not parse, and no concrete entity is verifiable."
v1:c013,an_RAMP_P_000050096_seed6,GROUNDED,factual_sub6,both,C3,Mummichog m/z-direct activity has p = 0.0016,Statistical p-value is signal evidence but no KEGG/HMDB/CHEBI/InChIKey identifier can be extracted for verification.
v1:c014,an_RAMP_P_000050096_seed6,GROUNDED,factual_sub6,both,C7,Mummichog m/z-direct activity shows complete 11-compound overlap against the 11-member input cluster,"Compound-overlap claim lacks compound identifiers and no canonical name appears verbatim, preventing mapping to a verdict."
v1:c016,an_RAMP_P_000050096_seed6,GROUNDED,factual_sub6,both,C3,MetaboAnalystR PSEA has p = 6.058e-06,Statistical p-value is signal evidence but no KEGG/HMDB/CHEBI/InChIKey identifier can be extracted for verification.
v1:c017,an_RAMP_P_000050096_seed6,GROUNDED,factual_sub6,both,C7,MetaboAnalystR PSEA hits L-tyrosine,Metabolite hit 'L-tyrosine' lacks a canonical identifier and factual_sub6 cannot verify without KEGG/HMDB/CHEBI/InChIKey.
v1:c018,an_RAMP_P_000050096_seed6,GROUNDED,factual_sub6,both,C7,MetaboAnalystR PSEA hits norepinephrine,Metabolite hit 'norepinephrine' lacks a canonical identifier and factual_sub6 cannot verify without KEGG/HMDB/CHEBI/InChIKey.
v1:c019,an_RAMP_P_000050096_seed6,GROUNDED,factual_sub6,both,C7,"MetaboAnalystR PSEA hits 3,4-dihydroxyphenylacetaldehyde","Metabolite hit '3,4-dihydroxyphenylacetaldehyde' lacks a canonical identifier and factual_sub6 cannot verify without KEGG/HMDB/CHEBI/InChIKey."
v1:c020,an_RAMP_P_000050096_seed6,GROUNDED,factual_sub6,both,C7,MetaboAnalystR PSEA hits fumaric acid,Metabolite hit 'fumaric acid' lacks a canonical identifier and factual_sub6 cannot verify without KEGG/HMDB/CHEBI/InChIKey.
v1:c021,an_RAMP_P_000050096_seed6,GROUNDED,factual_sub6,both,C7,The three-tool consensus driver set includes L-tyrosine,Consensus driver 'L-tyrosine' lacks a canonical identifier and factual_sub6 cannot verify without KEGG/HMDB/CHEBI/InChIKey.
v1:c022,an_RAMP_P_000050096_seed6,GROUNDED,factual_sub6,both,C7,"The three-tool consensus driver set includes 3,4-dihydroxyphenylacetaldehyde","Consensus driver '3,4-dihydroxyphenylacetaldehyde' lacks a canonical identifier and factual_sub6 cannot verify without KEGG/HMDB/CHEBI/InChIKey."
v1:c023,an_RAMP_P_000050096_seed6,GROUNDED,factual_sub6,both,C7,The three-tool consensus driver set includes fumaric acid,Consensus driver 'fumaric acid' lacks a canonical identifier and factual_sub6 cannot verify without KEGG/HMDB/CHEBI/InChIKey.
v1:c024,an_RAMP_P_000050096_seed6,GROUNDED,factual_sub6,producer_fault,C7,The three-tool consensus driver set includes norepinephrine,Claim lacks ChEBI/KEGG/HMDB identifier for norepinephrine; such biological claims require canonical identifiers for verification.
v1:c029,an_RAMP_P_000050096_seed6,BIOLOGICAL,biological_sub6,verifier_gap,C9,SMPDB disease hits include Alkaptonuria,Disease/hit claim outside Sub-6 v0 scope; no curated disease-pathway DB available to verify.
v1:c030,an_RAMP_P_000050096_seed6,BIOLOGICAL,biological_sub6,verifier_gap,C9,SMPDB disease hits include Tyrosinemia Type I,Disease/hit claim outside Sub-6 v0 scope; no curated disease-pathway DB available to verify.
v1:c031,an_RAMP_P_000050096_seed6,BIOLOGICAL,biological_sub6,verifier_gap,C9,SMPDB disease hits include Dopamine beta-hydroxylase deficiency pathway,Disease/pathway hit claim outside Sub-6 v0 scope; no curated disease-pathway DB available to verify.
v1:c032,an_RAMP_P_000050096_seed6,OTHER,verify_sub6,producer_fault,C5,The treatment recapitulates a functional block in the aromatic amino acid catabolic arm,Claim asserts a functional block mechanism but provides no evidence to support the biological relationship.
v1:c033,an_RAMP_P_000050096_seed6,PATHWAY_RELATIONSHIP,pathway_relationship,producer_fault,C5,Tyrosine metabolism is upstream of dopamine synthesis,Pathway relationship claim (upstream/downstream) has no evidence to verify the metabolic connection between tyrosine and dopamine.
v1:c001,an_RAMP_P_000050099_seed6,GROUNDED,factual_sub6,producer_fault,C7,RaMP multi-database over-representation analysis returned Pyrimidine catabolism as the top hit,RaMP ORA result claim lacks any KEGG/HMDB/CHEBI identifier for the pathway hit; canonical IDs are needed for verification.
v1:c003,an_RAMP_P_000050099_seed6,GROUNDED,factual_sub6,verifier_gap,C3,Pyrimidine catabolism had an FDR of 1.12Ã10â»Â¹â°,Statistical FDR p-value claim cannot be verified; no signal verifier layer checks quantitative results.
v1:c005,an_RAMP_P_000050099_seed6,GROUNDED,factual_sub6,producer_fault,C7,Pyrimidine catabolism implicated four input metabolites,Metabolite count claim for pyrimidine catabolism lacks KEGG/HMDB/CHEBI identifiers for the four metabolites.
v1:c006,an_RAMP_P_000050099_seed6,FACTUAL,factual_sub6,verifier_gap,C9,"5,6-dihydrouracil has ChEBI identifier 15901","ChEBI ID 15901 for 5,6-dihydrouracil is provided but factual_sub6 cannot verify even explicit identifiers."
v1:c007,an_RAMP_P_000050099_seed6,FACTUAL,factual_sub6,producer_fault,C8,,Claim text is empty or degenerate; no content to verify.
v1:c008,an_RAMP_P_000050099_seed6,FACTUAL,factual_sub6,producer_fault,C8,,Claim text is empty or degenerate; no content to verify.
v1:c009,an_RAMP_P_000050099_seed6,FACTUAL,factual_sub6,verifier_gap,C9,3-ureidoisobutyric acid has ChEBI identifier 1670,ChEBI ID 1670 for 3-ureidoisobutyric acid is provided but factual_sub6 cannot verify even explicit identifiers.
v1:c012,an_RAMP_P_000050099_seed6,GROUNDED,factual_sub6,verifier_gap,C3,The m/z-direct mummichog algorithm had a p-value of 0.0015,Statistical p-value claim (0.0015) cannot be verified; no signal verifier layer checks quantitative method results.
v1:c013,an_RAMP_P_000050099_seed6,GROUNDED,factual_sub6,verifier_gap,C3,The m/z-direct mummichog algorithm mapped seven metabolites,Count claim (seven metabolites mapped) cannot be verified; no layer checks algorithmic output counts.
v1:c014,an_RAMP_P_000050099_seed6,DRIVER_METABOLITE,driver_metabolite,producer_fault,C7,"5,6-dihydrothymine is an additional driver metabolite beyond the four found by ORA","Driver metabolite claim lacks ChEBI/KEGG/HMDB identifier for 5,6-dihydrothymine; biological role claims require canonical IDs."
v1:c015,an_RAMP_P_000050099_seed6,FACTUAL,factual_sub6,verifier_gap,C9,"5,6-dihydrothymine has ChEBI identifier 27468","ChEBI ID 27468 for 5,6-dihydrothymine is provided but factual_sub6 cannot verify even explicit identifiers."
v1:c021,an_RAMP_P_000050099_seed6,FACTUAL,factual_sub6,verifier_gap,C9,Guanidoacetic acid has ChEBI identifier 16344,ChEBI ID 16344 for guanidoacetic acid is provided but factual_sub6 cannot verify even explicit identifiers.
v1:c022,an_RAMP_P_000050099_seed6,FACTUAL,factual_sub6,verifier_gap,C9,Oxalic acid has ChEBI identifier 16995,ChEBI ID 16995 for oxalic acid is provided but factual_sub6 cannot verify even explicit identifiers.
v1:c023,an_RAMP_P_000050099_seed6,DRIVER_METABOLITE,driver_metabolite,verifier_gap,C5,Guanidoacetic acid and oxalic acid did not contribute to the primary pyrimidine signal,Claim about metabolite contribution to a primary signal involves pathway/biological causality assessment no layer can verify.
v1:c025,an_RAMP_P_000050099_seed6,GROUNDED,factual_sub6,producer_fault,C7,InChIKey reconciliation confirmed that all seven input compounds are structurally distinct,"KEGG identifier C05851 for Coumarin is in the claim text; factual_sub6 should verify directly, not report extraction failure as reason for unverifiability."
v1:c026,an_RAMP_P_000050099_seed6,GROUNDED,factual_sub6,verifier_gap,C9,InChIKey reconciliation ruled out any namespace artefacts,"Meta-commentary about namespace artefact checking; the verifier cannot access the data to validate, yet the claim is procedurally legitimate."
v1:c029,an_RAMP_P_000050099_seed6,PATHWAY_RELATIONSHIP,pathway_relationship,producer_fault,C8,,Empty claim text is a degenerate output; ReAct should not emit empty GROUNDED claims.
v1:c030,an_RAMP_P_000050099_seed6,PATHWAY_RELATIONSHIP,pathway_relationship,verifier_gap,C5,The four shared driver metabolites form a coherent catabolic block,"Pathway_relationship layer cannot open RaMP-DB to check shared compound counts, making biological block inference unverifiable."
v1:c031,an_RAMP_P_000050099_seed6,PATHWAY_RELATIONSHIP,pathway_relationship,verifier_gap,C5,The four shared driver metabolites are consistent with increased degradation of pyrimidine nucleosides and their downstream catabolites,"Biological interpretation of shared metabolites requires RaMP-DB access for pathway enrichment verification, which is unavailable."
v1:c014,an_RAMP_P_000052855_seed0,GROUNDED,factual_sub6,producer_fault,C3,Mummichog m/z-direct analysis returns p-value 0.000252,Statistical p-value claim (0.000252) is a concrete signal evidence fact that factual_sub6 should verify directly without requiring identifier extraction.
v1:c015,an_RAMP_P_000052855_seed0,GROUNDED,factual_sub6,producer_fault,C3,Mummichog m/z-direct analysis has 11 matched metabolites,Count claim (11 matched metabolites) is signal evidence that factual_sub6 can verify without identifier lookup; failure to check is a producer gap.
v1:c016,an_RAMP_P_000052855_seed0,GROUNDED,factual_sub6,verifier_gap,C9,The three non-steroid compounds are secondary hits,Classification claim (secondary hits) references tool output but factual_sub6 cannot parse Mummichog result metadata to verify.
v1:c023,an_RAMP_P_000052855_seed0,GROUNDED,factual_sub6,producer_fault,C3,Menadione did not reach significance in any paradigm,Significance negation is signal evidence that factual_sub6 should verify by checking Mummichog results; not a database identifier issue.
v1:c024,an_RAMP_P_000052855_seed0,PATHWAY_RELATIONSHIP,pathway_relationship,verifier_gap,C5,The five steroid driver metabolites converge on steroid hormone biosynthesis and metabolism,Convergence claim on steroid biosynthesis requires RaMP-DB pathway membership checks unavailable due to unset METAGENT_RAMP_PATH.
v1:c000,an_RAMP_P_000053042_seed9,PATHWAY_RELATIONSHIP,pathway_relationship,verifier_gap,C1,Three complementary pathway-analysis paradigms converge on C21-steroid hormone biosynthesis and metabolism as the dominant affected pathway,Cross-method consensus claim about three paradigms converging on a pathway cannot be verified without RaMP-DB access for shared-compound counts.
v1:c004,an_RAMP_P_000053042_seed9,FACTUAL,factual_sub6,producer_fault,C7,Testosterone has KEGG identifier C00535,KEGG identifier C00535 is explicitly present in the claim text; factual_sub6 should parse and verify the identifier directly rather than report extraction failure.
v1:c005,an_RAMP_P_000053042_seed9,FACTUAL,factual_sub6,producer_fault,C7,Androstenedione has KEGG identifier C00280,KEGG identifier C00280 is explicitly in the claim; factual_sub6 parser failure to extract and verify constitutes a producer fault.
v1:c006,an_RAMP_P_000053042_seed9,FACTUAL,factual_sub6,producer_fault,C7,Dihydrotestosterone has KEGG identifier C03917,KEGG identifier C03917 appears verbatim in the claim; factual_sub6 should verify it without reporting extraction failure.
v1:c007,an_RAMP_P_000053042_seed9,FACTUAL,factual_sub6,producer_fault,C7,Dehydroepiandrosterone has KEGG identifier C01227,KEGG identifier C01227 is embedded in the claim text; factual_sub6 verifier should directly check it despite reported extraction failure.
v1:c008,an_RAMP_P_000053042_seed9,FACTUAL,factual_sub6,producer_fault,C7,Estrone has KEGG identifier C00468,KEGG identifier C00468 is explicitly stated; factual_sub6 layer should parse and validate the namespace ID rather than fail extraction.
v1:c017,an_RAMP_P_000053042_seed9,BIOLOGICAL,biological_sub6,verifier_gap,C9,The five driver metabolites annotate to WP:WP2263 (Androgen receptor network in prostate cancer),"Disease-pathway annotation (WP2263, prostate cancer) falls outside Sub-6 v0 scope per evidence; biological_sub6 has no disease-DB to verify."
v1:c025,an_RAMP_P_000053042_seed9,FACTUAL,factual_sub6,producer_fault,C7,Coumarin has KEGG identifier C05851,"KEGG identifier C05851 for Coumarin is in the claim text; factual_sub6 should verify directly, not report extraction failure as reason for unverifiability."
v1:c028,an_RAMP_P_000053042_seed9,CONSISTENCY,verify_sub6,producer_fault,C9,Coumarin does not co-enrich with the steroid cluster,Co-enrichment consistency claim lacks verifier evidence entirely; verify_sub6 layer has no basis to check clustering results.
v1:c035,an_RAMP_P_000053042_seed9,BIOLOGICAL,biological_sub6,verifier_gap,C5,The treatment perturbation is consistent with affecting steroidogenic flux,Biological mechanism claim (steroidogenic flux) is free-text and outside v0 scope; biological_sub6 has no verifier for mechanistic role claims.
v1:c004,an_RAMP_P_000053306_seed1,GROUNDED,factual_sub6,producer_fault,C3,The top hit has FDR = 1.74Ã10â»Â¹â°,"The FDR value is text-encoding garbled (Ã— for ×), suggesting ReAct should have rendered/cleaned the Unicode, and the numeric p-value claim with no metabolite ID cannot be verified."
v1:c005,an_RAMP_P_000053306_seed1,GROUNDED,factual_sub6,verifier_gap,C3,The top hit captured four metabolites,The claim asserts a count of four captured metabolites but provides no metabolite identifiers for the verifier to cross-check against the input set.
v1:c006,an_RAMP_P_000053306_seed1,GROUNDED,factual_sub6,producer_fault,C8,,"Claim text is empty; no substantive claim was generated, making this pure noise."
v1:c007,an_RAMP_P_000053306_seed1,FACTUAL,factual_sub6,verifier_gap,C9,,"The subject '2\'-deoxyuridine' is not present in the differential_metabolites or curated_hmdb_mammalian datasets, so the verifier cannot verify the claimed InChIKey even though the identifier is state"
v1:c008,an_RAMP_P_000053306_seed1,GROUNDED,factual_sub6,producer_fault,C8,,"Claim text is empty; no substantive claim was generated, making this pure noise."
v1:c009,an_RAMP_P_000053306_seed1,GROUNDED,factual_sub6,producer_fault,C8,,"Claim text is empty; no substantive claim was generated, making this pure noise."
v1:c011,an_RAMP_P_000053306_seed1,GROUNDED,factual_sub6,producer_fault,C8,,"Claim text is empty; no substantive claim was generated, making this pure noise."
v1:c012,an_RAMP_P_000053306_seed1,GROUNDED,factual_sub6,verifier_gap,C9,"5,6-dihydrouracil is one of the four captured metabolites","The claim asserts set membership for '5,6-dihydrouracil' without providing an InChIKey or other identifier for the verifier to validate membership in the captured four-metabolite set."
v1:c013,an_RAMP_P_000053306_seed1,FACTUAL,factual_sub6,both,C9,"5,6-dihydrouracil has InChIKey OIVLITBTBDPEFK-UHFFFAOYSA-N",The InChIKey is present but no evidence field confirms verification was attempted or succeeded; the claim is checkable yet the empty evidence leaves uncertainty about whether the producer verified bef
v1:c014,an_RAMP_P_000053306_seed1,GROUNDED,factual_sub6,verifier_gap,C9,"5,6-dihydrouracil has molecular formula C4H6N2O2","The molecular formula claim has no InChIKey or namespace ID attached, so factual_sub6 cannot look up 5,6-dihydrouracil's formula to verify."
v1:c015,an_RAMP_P_000053306_seed1,GROUNDED,factual_sub6,verifier_gap,C9,N-carbamoyl-Î²-alanine is one of the four captured metabolites,The claim asserts set membership for 'N-carbamoyl-β-alanine' without providing an InChIKey or other identifier for the verifier to validate membership in the captured four-metabolite set.
v1:c016,an_RAMP_P_000053306_seed1,FACTUAL,factual_sub6,both,C9,N-carbamoyl-Î²-alanine has InChIKey JSJWCHRYRHKBBW-UHFFFAOYSA-N,The InChIKey is present but no evidence field confirms verification was attempted or succeeded; the claim is checkable yet the empty evidence leaves uncertainty about whether the producer verified bef
v1:c017,an_RAMP_P_000053306_seed1,GROUNDED,factual_sub6,verifier_gap,C9,N-carbamoyl-Î²-alanine has molecular formula C4H8N2O3,"The molecular formula claim has no InChIKey or namespace ID attached, so factual_sub6 cannot look up N-carbamoyl-β-alanine's formula to verify."
v1:c019,an_RAMP_P_000053306_seed1,GROUNDED,factual_sub6,verifier_gap,C5,Pyrimidine catabolism appeared as a rank-0 hit,The claim is an intermediate-biology pathway role statement ('Pyrimidine catabolism appeared as a rank-0 hit') but biological_sub6 confirms no pathway ID/phrase is present and free-text biological rol
v1:c022,an_RAMP_P_000053306_seed1,GROUNDED,factual_sub6,producer_fault,C3,The four-molecule set achieved p = 4.47Ã10â»â¶ in the KEGG-only PSEA,"The p-value is text-encoding garbled (Ã— for ×), suggesting ReAct should have rendered/cleaned the Unicode, and the numeric statistical claim with no pathway ID cannot be verified."
v1:c026,an_RAMP_P_000053306_seed1,BIOLOGICAL,biological_sub6,verifier_gap,C5,Mummichog m/z-direct matched 13 of 14 pathway compounds,Biological_sub6 found no pathway phrase/ID and no concrete entity to verify; free-text Mummichog-specific biological role claims are out of v0 scope even in tightened form.
v1:c027,an_RAMP_P_000053306_seed1,GROUNDED,factual_sub6,verifier_gap,C9,CDP was absent from the ORA input list,"CDP is referenced by name only with no InChIKey/KEGG ID, so the verifier cannot cross-check whether it was in the ORA input list."
v1:c028,an_RAMP_P_000053306_seed1,GROUNDED,factual_sub6,verifier_gap,C9,CDP was detected via mass-matching,"CDP is referenced by name only with no InChIKey/KEGG ID, so the verifier cannot cross-check the mass-matching detection claim."
v1:c030,an_RAMP_P_000053306_seed1,GROUNDED,factual_sub6,verifier_gap,C9,CDP has molecular formula C9H15N3O11P2,"CDP is referenced by name only with no InChIKey/KEGG ID, so the verifier cannot look up the molecular formula to verify the stated C9H15N3O11P2."
v1:c031,an_RAMP_P_000053306_seed1,GROUNDED,factual_sub6,verifier_gap,C9,Deoxyribose 1-phosphate was absent from the ORA input list,"'Deoxyribose 1-phosphate' is referenced by name only with no InChIKey/KEGG ID, so the verifier cannot cross-check whether it was in the ORA input list."
v1:c032,an_RAMP_P_000053306_seed1,GROUNDED,factual_sub6,producer_fault,C3,Deoxyribose 1-phosphate was detected via mass-matching,Detection claim is valid but ReAct failed to include a chemical identifier for verification.
v1:c034,an_RAMP_P_000053306_seed1,GROUNDED,factual_sub6,producer_fault,C3,Deoxyribose 1-phosphate has molecular formula C5H11O7P,Molecular formula is verifiable chemical data but claim lacks an identifier for checking.
v1:c035,an_RAMP_P_000053306_seed1,BIOLOGICAL,biological_sub6,verifier_gap,C5,Spironolactone did not appear in any pyrimidine-pathway hit,Free-text biological role claim (absence from pathway) is outside v0 scope per biological_sub6.
v1:c037,an_RAMP_P_000053306_seed1,BIOLOGICAL,biological_sub6,verifier_gap,C5,1-pyrroline-5-carboxylic acid did not appear in any pyrimidine-pathway hit,Free-text biological role claim (absence from pathway) is outside v0 scope per biological_sub6.
v1:c039,an_RAMP_P_000053306_seed1,GROUNDED,factual_sub6,producer_fault,C3,1-pyrroline-5-carboxylic acid has molecular formula C5H9NO2,Molecular formula claim is verifiable but lacks an identifier for checking.
v1:c040,an_RAMP_P_000053306_seed1,BIOLOGICAL,biological_sub6,verifier_gap,C5,Methionine sulfoxide did not appear in any pyrimidine-pathway hit,Free-text biological role claim (absence from pathway) is outside v0 scope per biological_sub6.
v1:c042,an_RAMP_P_000053306_seed1,GROUNDED,factual_sub6,producer_fault,C3,Methionine sulfoxide has molecular formula C5H11NO3S,Molecular formula claim is verifiable but lacks an identifier for checking.
v1:c043,an_RAMP_P_000053306_seed1,CONSISTENCY,verify_sub6,both,C1,"Spironolactone, 1-pyrroline-5-carboxylic acid, and methionine sulfoxide are treatment-specific signals orthogonal to the core pyrimidine enrichment",Cross-method consensus claim about treatment-specific signals with biological significance; verify_sub6 has no cross-method checker and biological significance is outside scope.
v1:c044,an_RAMP_P_000053306_seed1,GROUNDED,factual_sub6,both,C1,"The convergent evidence across ORA, PSEA, and m/z-direct establishes pyrimidine catabolism and salvage as the primary biological axis perturbed in the treatment condition",Multi-method convergence claim about biological perturbation; factual_sub6 cannot verify even the strict form and cross-method consensus is not checkable.
v1:c000,an_RAMP_P_000053306_seed7,PATHWAY_RELATIONSHIP,pathway_relationship,verifier_gap,C1,Three pathway-analysis paradigms converge on pyrimidine metabolism as the dominant signal,Pathway convergence claim requires RaMP-DB which is not configured; cannot verify.
v1:c003,an_RAMP_P_000053306_seed7,GROUNDED,factual_sub6,producer_fault,C3,RaMP-DB ORA returned Pyrimidine catabolism at FDR = 1.14e-10,Statistical evidence (FDR p-value) is legitimate but claim lacks identifier for verification; factual_sub6 cannot check.
v1:c005,an_RAMP_P_000053306_seed7,DRIVER_METABOLITE,driver_metabolite,both,C6,"5,6-dihydrouracil is a driver metabolite",Driver metabolite designation lacks identifier and driver_metabolite verifier has no name-lookup to check even with ID.
v1:c006,an_RAMP_P_000053306_seed7,FACTUAL,factual_sub6,producer_fault,C7,"5,6-dihydrouracil has HMDB ID C00429",HMDB ID C00429 is a namespace identifier but the verifier failed to extract any ID from claim text.
v1:c007,an_RAMP_P_000053306_seed7,GROUNDED,factual_sub6,producer_fault,C3,"5,6-dihydrouracil has molecular formula C4H6N2O2",Molecular formula claim is verifiable but lacks an identifier for checking.
v1:c008,an_RAMP_P_000053306_seed7,DRIVER_METABOLITE,driver_metabolite,producer_fault,C8,,Empty claim is degenerate and should not have been produced.
v1:c009,an_RAMP_P_000053306_seed7,FACTUAL,factual_sub6,producer_fault,C8,,Empty claim is degenerate and should not have been produced.
v1:c010,an_RAMP_P_000053306_seed7,GROUNDED,factual_sub6,producer_fault,C8,,Empty claim is degenerate and should not have been produced.
v1:c012,an_RAMP_P_000053306_seed7,FACTUAL,factual_sub6,producer_fault,C8,,Empty claim is degenerate and should not have been produced.
v1:c013,an_RAMP_P_000053306_seed7,GROUNDED,factual_sub6,producer_fault,C8,,Empty claim is degenerate and should not have been produced.
v1:c015,an_RAMP_P_000053306_seed7,FACTUAL,factual_sub6,producer_fault,C7,N-carbamoyl-beta-alanine has HMDB ID C02642,HMDB ID C02642 is a namespace identifier but the verifier failed to extract any ID from claim text.
v1:c016,an_RAMP_P_000053306_seed7,FACTUAL,factual_sub6,verifier_gap,C6,N-carbamoyl-beta-alanine is ureidopropionic acid,"The claim states a known chemical synonym that is verifiable if an identifier were present, but the verifier cannot extract an ID to check it."
v1:c017,an_RAMP_P_000053306_seed7,GROUNDED,factual_sub6,verifier_gap,C9,N-carbamoyl-beta-alanine has molecular formula C4H8N2O3,"The molecular formula is a factual chemical property that could be verified with an identifier, yet none was extracted for checking."
v1:c019,an_RAMP_P_000053306_seed7,BIOLOGICAL,biological_sub6,verifier_gap,C9,The same four metabolites drove SMPDB:SMP00172 (Beta Ureidopropionase Deficiency),"Disease‑pathway associations fall outside Sub‑6 v0 scope, leaving the verifier unable to check the claim."
v1:c020,an_RAMP_P_000053306_seed7,SET_ENRICHMENT,set_enrichment,verifier_gap,C3,Fold-enrichment values are 593-772,Fold‑enrichment values are numeric statistics that the verifier cannot map to a pathway for lack of an ID.
v1:c021,an_RAMP_P_000053306_seed7,GROUNDED,factual_sub6,verifier_gap,C3,Raw p-values are below 1e-10,Raw p‑values are statistical evidence that the verifier cannot verify without supporting context.
v1:c022,an_RAMP_P_000053306_seed7,GROUNDED,factual_sub6,verifier_gap,C7,Mummichog m/z-direct activity confirmed MUMM:pyrimidine_metabolism,"The claim uses the MUMM namespace which the factual layer does not parse, preventing verification."
v1:c023,an_RAMP_P_000053306_seed7,GROUNDED,factual_sub6,verifier_gap,C7,MUMM:pyrimidine_metabolism is at rank 0,Rank information tied to a MUMM pathway cannot be verified by the factual layer.
v1:c024,an_RAMP_P_000053306_seed7,GROUNDED,factual_sub6,verifier_gap,C7,MUMM:pyrimidine_metabolism has 13 overlapping compounds from the 14-member empirical network module,"Overlap counts for a MUMM pathway lack parser support, making the claim unverifiable."
v1:c026,an_RAMP_P_000053306_seed7,FACTUAL,factual_sub6,producer_fault,C7,CDP has HMDB ID C00112,"The claim mislabels a KEGG ID as an HMDB ID, a clear producer error."
v1:c028,an_RAMP_P_000053306_seed7,FACTUAL,factual_sub6,producer_fault,C7,deoxyribose 1-phosphate has HMDB ID C00672,"Again a KEGG‑style ID is incorrectly tagged as HMDB, a producer mistake."
v1:c035,an_RAMP_P_000053306_seed7,OTHER,verify_sub6,verifier_gap,C5,The deoxy-nucleoside cluster and deoxyribose 1-phosphate together suggest disrupted deoxy-NTP pool maintenance,"This interpretation links metabolites to a disrupted biological process, which the biological layer cannot verify without a pathway phrase."
v1:c037,an_RAMP_P_000053306_seed7,BIOLOGICAL,biological_sub6,verifier_gap,C5,Disrupted deoxy-NTP pool maintenance is consistent with nucleotide salvage impairment,"The statement connects one biological process to another, exceeding the verifier’s scope for free‑text biological role claims."
v1:c001,an_lm_pathway_WP167_seed0,BIOLOGICAL,biological_sub6,verifier_gap,C9,RaMP multi-database ORA returned SMPDB:SMP00353 (Leukotriene C4 Synthesis Deficiency) as rank 0,"A disease‑pathway result is outside Sub‑6’s disease scope, so the verifier cannot check it."
v1:c006,an_lm_pathway_WP167_seed0,GROUNDED,factual_sub6,verifier_gap,C7,Mummichog m/z-direct analysis ranked MUMM:arachidonic_acid_metabolism first,"The MUMM namespace is not supported by the factual verifier, preventing check of the ranking claim."
v1:c007,an_lm_pathway_WP167_seed0,GROUNDED,factual_sub6,verifier_gap,C7,MUMM:arachidonic_acid_metabolism has p = 0.00101,A p‑value attached to a MUMM pathway cannot be verified because MUMM IDs are not parsed.
v1:c008,an_lm_pathway_WP167_seed0,GROUNDED,factual_sub6,verifier_gap,C7,Mummichog m/z-direct analysis reports a 13-compound overlap on the 13-member MFN arachidonic-acid reference set,"Overlap counts for a MUMM reference set lack verifier support, making the claim unverifiable."
v1:c011,an_lm_pathway_WP167_seed0,BIOLOGICAL,biological_sub6,verifier_gap,C3,MetaboAnalystR KEGG-specific ORA hits 5 of 5 pathway compounds,The claim presents a numeric count of pathway hits that the verifier cannot confirm without a pathway identifier.
v1:c012,an_lm_pathway_WP167_seed0,GROUNDED,factual_sub6,verifier_gap,C3,CDP is a confirmed outlier,Outlier status is a derived classification that the factual verifier cannot check without an identifier.
v1:c014,an_lm_pathway_WP167_seed0,GROUNDED,factual_sub6,verifier_gap,C3,CDP contributes only to lower-ranked Mummichog outputs,Ranking information for CDP’s contribution is numeric and unverifiable due to missing context.
v1:c015,an_lm_pathway_WP167_seed0,DRIVER_METABOLITE,driver_metabolite,verifier_gap,C9,The six driver lipids include arachidonic acid,A list of driver lipids is a factual result that the verifier cannot verify without supporting evidence.
v1:c016,an_lm_pathway_WP167_seed0,DRIVER_METABOLITE,driver_metabolite,verifier_gap,C9,The six driver lipids include 15-deoxy-PGJ2,"Claim about structural similarity across metabolites cannot be verified by the factual sub6 layer, creating a gap."
v1:c017,an_lm_pathway_WP167_seed0,DRIVER_METABOLITE,driver_metabolite,verifier_gap,C1,The six driver lipids include 15-HETE,"The claim cites multi-method convergence, a cross-method consensus statement the set_enrichment layer cannot verify due to missing pathway ID."
v1:c018,an_lm_pathway_WP167_seed0,DRIVER_METABOLITE,driver_metabolite,verifier_gap,C5,The six driver lipids include 5-HETE,Pathway relationship claim comparing two branches cannot be verified by the pathway_relationship layer due to missing recognized keywords.
v1:c020,an_lm_pathway_WP167_seed0,DRIVER_METABOLITE,driver_metabolite,verifier_gap,C9,The six driver lipids include leukotriene A4,"Negative claim about a metabolite's contribution cannot be verified by factual sub6, resulting in a gap."
v1:c021,an_lm_pathway_WP167_seed0,FACTUAL,factual_sub6,verifier_gap,C5,The six driver lipids are all C20 polyunsaturated fatty-acid derivatives or downstream products of the cyclooxygenase/lipoxygenase enzymatic branch,"The claim describes the enzymatic origin of driver lipids, a biological relationship the verifier cannot check due to missing identifiers."
v1:c004,an_lm_pathway_WP167_seed1,GROUNDED,factual_sub6,verifier_gap,C3,The false-discovery rate was identified by multi-database over-representation analysis (RaMP-DB),"Statistical evidence (FDR p-value) is presented, but the verifier cannot extract identifiers to confirm the value, creating a gap."
v1:c011,an_lm_pathway_WP167_seed1,BIOLOGICAL,biological_sub6,verifier_gap,C5,5-HETE is a 5-LOX product,"Biological role claim linking metabolite to enzyme is out of v0 scope for the verifier, leaving a gap."
v1:c012,an_lm_pathway_WP167_seed1,BIOLOGICAL,biological_sub6,verifier_gap,C5,15-HETE is a 15-LOX product,"Biological role claim linking metabolite to enzyme is out of v0 scope for the verifier, leaving a gap."
v1:c013,an_lm_pathway_WP167_seed1,BIOLOGICAL,biological_sub6,verifier_gap,C5,Leukotriene A4 is a 5-LOX/epoxide hydrolase product,"Biological role claim linking metabolite to enzyme is out of v0 scope for the verifier, leaving a gap."
v1:c014,an_lm_pathway_WP167_seed1,BIOLOGICAL,biological_sub6,verifier_gap,C5,15-deoxy-PGJ2 is a cyclooxygenase dehydration product,"Biological role claim linking metabolite to enzyme is out of v0 scope for the verifier, leaving a gap."
v1:c015,an_lm_pathway_WP167_seed1,GROUNDED,factual_sub6,verifier_gap,C9,The five driver metabolites were independently verified as eicosanoid-class compounds,"The claim asserts independent verification of metabolite class, which the verifier cannot confirm due to lack of identifiers."
v1:c016,an_lm_pathway_WP167_seed1,GROUNDED,factual_sub6,verifier_gap,C9,The five driver metabolites share the same InChIKey first-block within their respective cross-tool reconciliations,"Claim about structural similarity across metabolites cannot be verified by the factual sub6 layer, creating a gap."
v1:c017,an_lm_pathway_WP167_seed1,SET_ENRICHMENT,set_enrichment,verifier_gap,C1,"The convergence across ORA, network-activity, and KEGG-specific methods indicates a treatment-induced dysregulation of the oxidative eicosanoid branch","The claim cites multi-method convergence, a cross-method consensus statement the set_enrichment layer cannot verify due to missing pathway ID."
v1:c018,an_lm_pathway_WP167_seed1,PATHWAY_RELATIONSHIP,pathway_relationship,verifier_gap,C5,The convergence indicates the dysregulation is of the oxidative eicosanoid branch rather than the enzymatic prostaglandin branch,Pathway relationship claim comparing two branches cannot be verified by the pathway_relationship layer due to missing recognized keywords.
v1:c019,an_lm_pathway_WP167_seed1,GROUNDED,factual_sub6,verifier_gap,C9,Methylmalonic acid did not contribute to the eicosanoid signal,"Negative claim about a metabolite's contribution cannot be verified by factual sub6, resulting in a gap."
v1:c020,an_lm_pathway_WP167_seed1,GROUNDED,factual_sub6,verifier_gap,C9,6-methylmercaptopurine did not contribute to the eicosanoid signal,"Negative claim about a metabolite's contribution cannot be verified by factual sub6, resulting in a gap."
v1:c003,an_lm_pathway_WP167_seed2,GROUNDED,factual_sub6,verifier_gap,C9,Eicosanoid synthesis is ranked first by RaMP multi-DB ORA,"Ranking claim cannot be verified by factual sub6, leaving a verification gap."
v1:c004,an_lm_pathway_WP167_seed2,GROUNDED,factual_sub6,verifier_gap,C3,Eicosanoid synthesis has FDR 3.11e-15,"Statistical evidence (FDR p-value) is presented, but the verifier cannot extract identifiers to confirm the value, creating a gap."
v1:c005,an_lm_pathway_WP167_seed2,GROUNDED,factual_sub6,verifier_gap,C3,Eicosanoid synthesis has a 27-member curated roster,"Numeric count of roster members is provided as signal evidence, but the verifier cannot verify due to lack of identifiers."
v1:c006,an_lm_pathway_WP167_seed2,GROUNDED,factual_sub6,verifier_gap,C9,Arachidonic acid is in the input set,"Membership claim about a metabolite in the input set cannot be verified by factual sub6, resulting in a gap."
v1:c007,an_lm_pathway_WP167_seed2,GROUNDED,factual_sub6,both,C9,5-HETE is in the input set,Name-only membership claim cannot be verified; no name-to-pathway lookup exists in any available layer.
v1:c008,an_lm_pathway_WP167_seed2,GROUNDED,factual_sub6,both,C9,"15-deoxy-delta-12,14-prostaglandin J2 is in the input set",Name-only membership claim cannot be verified; no name-to-pathway lookup exists in any available layer.
v1:c009,an_lm_pathway_WP167_seed2,GROUNDED,factual_sub6,both,C9,15-HETE is in the input set,Producer wrote self-referential input-set claim; verifier lacks name-to-membership lookup so cannot verify either the strict form or even with IDs.
v1:c010,an_lm_pathway_WP167_seed2,GROUNDED,factual_sub6,both,C9,Leukotriene A4 is in the input set,Producer wrote self-referential input-set claim; verifier lacks name-to-membership lookup so cannot verify either the strict form or even with IDs.
v1:c017,an_lm_pathway_WP167_seed2,GROUNDED,factual_sub6,both,C9,Arachidonic acid is in the input set,Disease/clinical-significance claim declared outside Sub-6 v0 scope; no curated disease-pathway DB is available to verifier.
v1:c018,an_lm_pathway_WP167_seed2,GROUNDED,factual_sub6,both,C3,Leukotriene A4 is in the input set,FDR statistic present (signal evidence) but factual_sub6 has no signal verifier and no ID extraction resolves verification; disease name also outside scope.
v1:c019,an_lm_pathway_WP167_seed2,GROUNDED,factual_sub6,both,C9,15-HETE is in the input set,Consistency claim (same five eicosanoid members) has no evidence and no layer provides consensus checking for inter-pathway member consistency.
v1:c020,an_lm_pathway_WP167_seed2,GROUNDED,factual_sub6,both,C9,5-HETE is in the input set,Producer wrote self-referential input-set claim; verifier lacks name-to-membership lookup so cannot verify either the strict form or even with IDs.
v1:c024,an_lm_pathway_WP167_seed2,DRIVER_METABOLITE,driver_metabolite,verifier_gap,C5,Arachidonic acid and leukotriene A4 form the backbone driver pair spanning COX and LOX branches of the eicosanoid cascade,"Claim describes backbone driver pair spanning COX/LOX branches (intermediate biology); mechanism layer does not parse this pathway structure claim, so verifier cannot check."
v1:c000,an_lm_pathway_WP167_seed3,PATHWAY_RELATIONSHIP,pathway_relationship,verifier_gap,C9,The nine significantly different metabolites converge on eicosanoid biosynthesis and arachidonic acid metabolism,Pathway convergence claim cannot be verified because RaMP-DB is unavailable (METAGENT_RAMP_PATH not set and no db_path supplied).
v1:c002,an_lm_pathway_WP167_seed3,GROUNDED,factual_sub6,both,C3,Eicosanoid synthesis has FDR=9.71e-14,"Producer included exact FDR statistic (signal evidence) but factual_sub6 has no signal-verifier for p/FDR values, and no ID extraction resolves the gap."
v1:c003,an_lm_pathway_WP167_seed3,FACTUAL,factual_sub6,both,C9,Five of nine input metabolites are members of Eicosanoid synthesis,Name-only metabolite count claim cannot be verified; no name-to-pathway lookup exists in any available layer.
v1:c004,an_lm_pathway_WP167_seed3,FACTUAL,factual_sub6,both,C9,15-HETE is a member of Eicosanoid synthesis,Name-only membership claim cannot be verified; no name-to-pathway lookup exists in any available layer.
v1:c005,an_lm_pathway_WP167_seed3,FACTUAL,factual_sub6,both,C9,5-HETE is a member of Eicosanoid synthesis,Name-only membership claim cannot be verified; no name-to-pathway lookup exists in any available layer.
v1:c006,an_lm_pathway_WP167_seed3,FACTUAL,factual_sub6,both,C9,"15-deoxy-d-12,14-PGJ2 is a member of Eicosanoid synthesis",Name-only membership claim cannot be verified; no name-to-pathway lookup exists in any available layer.
v1:c007,an_lm_pathway_WP167_seed3,FACTUAL,factual_sub6,both,C9,Arachidonic acid is a member of Eicosanoid synthesis,Name-only membership claim cannot be verified; no name-to-pathway lookup exists in any available layer.
v1:c008,an_lm_pathway_WP167_seed3,FACTUAL,factual_sub6,both,C9,Leukotriene A4 is a member of Eicosanoid synthesis,Name-only membership claim cannot be verified; no name-to-pathway lookup exists in any available layer.
v1:c017,an_lm_pathway_WP167_seed3,BIOLOGICAL,biological_sub6,both,C9,SMPDB returns Leukotriene C4 Synthesis Deficiency (SMPDB:SMP00353) as a significant drug-pathway entry,Disease/clinical-significance claim declared outside Sub-6 v0 scope; no curated disease-pathway DB is available to verifier.
v1:c018,an_lm_pathway_WP167_seed3,GROUNDED,factual_sub6,both,C3,Leukotriene C4 Synthesis Deficiency has FDR=2.54e-13,FDR statistic present (signal evidence) but factual_sub6 has no signal verifier and no ID extraction resolves verification; disease name also outside scope.
v1:c019,an_lm_pathway_WP167_seed3,CONSISTENCY,verify_sub6,both,C9,Leukotriene C4 Synthesis Deficiency involves the same five eicosanoid members,Consistency claim (same five eicosanoid members) has no evidence and no layer provides consensus checking for inter-pathway member consistency.
v1:c020,an_lm_pathway_WP167_seed3,DRIVER_METABOLITE,driver_metabolite,verifier_gap,C9,Arachidonic acid is the driver metabolite,"The claim states a driver metabolite conclusion but no supporting evidence or verification output was provided, leaving it unverifiable."
v1:c022,an_lm_pathway_WP167_seed3,BIOLOGICAL,biological_sub6,verifier_gap,C5,5-lipoxygenase converts arachidonic acid to 5-HETE,"The enzymatic conversion claim lacks a pathway ID or database reference, preventing the verifier from confirming the reaction."
v1:c024,an_lm_pathway_WP167_seed3,BIOLOGICAL,biological_sub6,verifier_gap,C5,5-lipoxygenase converts arachidonic acid to leukotriene A4,"The enzymatic conversion claim lacks a pathway ID or database reference, preventing the verifier from confirming the reaction."
v1:c026,an_lm_pathway_WP167_seed3,BIOLOGICAL,biological_sub6,verifier_gap,C5,15-lipoxygenase produces 15-HETE,"The enzymatic conversion claim lacks a pathway ID or database reference, preventing the verifier from confirming the reaction."
v1:c028,an_lm_pathway_WP167_seed3,BIOLOGICAL,biological_sub6,verifier_gap,C5,"COX/PGHS enzymes yield 15-deoxy-d-12,14-PGJ2","The enzymatic conversion claim lacks a pathway ID or database reference, preventing the verifier from confirming the reaction."
v1:c033,an_lm_pathway_WP167_seed3,BIOLOGICAL,biological_sub6,verifier_gap,C5,Membrane lipid remodelling releases arachidonic acid,"The biological process claim lacks verifiable pathway data, so it remains unverifiable."
v1:c034,an_lm_pathway_WP167_seed3,FACTUAL,factual_sub6,verifier_gap,C9,N-acetylgalactosamine does not intersect the eicosanoid core,"The claim asserts a metabolite's lack of intersection with a pathway but provides no identifier, so verification cannot be performed."
v1:c039,an_lm_pathway_WP167_seed3,OTHER,verify_sub6,verifier_gap,C2,2-ketobutyric acid does not replicate across paradigms,"The claim asserts non-replication across paradigms, but without supporting data or verification output, it remains unverifiable."
v1:c041,an_lm_pathway_WP167_seed3,OTHER,verify_sub6,verifier_gap,C2,4-hydroxybenzoic acid does not replicate across paradigms,"The claim asserts non-replication across paradigms, but without supporting data or verification output, it remains unverifiable."
v1:c000,an_lm_pathway_WP167_seed4,PATHWAY_RELATIONSHIP,pathway_relationship,verifier_gap,C1,Three complementary pathway-analysis paradigms converge on eicosanoid synthesis,The claim asserts multi-method convergence but verification failed due to missing database path.
v1:c001,an_lm_pathway_WP167_seed4,GROUNDED,factual_sub6,verifier_gap,C3,RaMP multi-database ORA places Eicosanoid synthesis at rank 0,"The numeric rank claim is not verifiable without identifier data, yet the claim itself is a signal evidence."
v1:c003,an_lm_pathway_WP167_seed4,GROUNDED,factual_sub6,verifier_gap,C3,Eicosanoid synthesis has FDR = 3.11e-15,The FDR statistic claim cannot be verified without supporting identifiers.
v1:c005,an_lm_pathway_WP167_seed4,BIOLOGICAL,biological_sub6,verifier_gap,C3,5 of 27 pathway members were hit in the RaMP analysis,"The claim provides a numeric count of pathway hits but lacks pathway ID, so verification is impossible."
v1:c012,an_lm_pathway_WP167_seed4,CONSISTENCY,verify_sub6,verifier_gap,C9,The five driver metabolites share distinct InChIKey first-blocks across five clusters,The claim asserts structural distinctness across clusters but verification details are absent.
v1:c013,an_lm_pathway_WP167_seed4,CONSISTENCY,verify_sub6,verifier_gap,C9,The five driver metabolites are five structurally unique compounds,The claim states structural uniqueness without verification output.
v1:c015,an_lm_pathway_WP167_seed4,BIOLOGICAL,biological_sub6,verifier_gap,C1,Arachidonic acid is the shared upstream substrate for all three methods,The claim asserts a shared substrate across three methods but lacks pathway IDs for verification.
v1:c017,an_lm_pathway_WP167_seed4,FACTUAL,factual_sub6,verifier_gap,C9,15(S)-HETE has KEGG ID C04742,The claim provides a KEGG ID for a metabolite but verification evidence is absent.
v1:c018,an_lm_pathway_WP167_seed4,FACTUAL,factual_sub6,verifier_gap,C9,5(S)-HETE has KEGG ID C04805,The claim provides a KEGG ID for a metabolite but verification evidence is absent.
v1:c019,an_lm_pathway_WP167_seed4,FACTUAL,factual_sub6,verifier_gap,C9,"15-deoxy-delta-12,14-prostaglandin J2 has KEGG ID C14717",The claim provides a KEGG ID for a metabolite but verification evidence is absent.
v1:c021,an_lm_pathway_WP167_seed4,BIOLOGICAL,biological_sub6,verifier_gap,C5,The treatment perturbation reflects coordinated dysregulation of the cyclooxygenase branch of arachidonic acid metabolism,"The claim describes coordinated dysregulation of a metabolic branch, but disease/clinical claims are outside v0 scope and cannot be verified."
v1:c022,an_lm_pathway_WP167_seed4,BIOLOGICAL,biological_sub6,verifier_gap,C5,The treatment perturbation reflects coordinated dysregulation of the lipoxygenase branch of arachidonic acid metabolism,The claim describes a disease‑related dysregulation of a metabolic branch that the biological_sub6 layer cannot verify due to lack of a curated disease‑pathway database.
v1:c023,an_lm_pathway_WP167_seed4,BIOLOGICAL,biological_sub6,verifier_gap,C9,There is no cross-branch contradiction in the arachidonic acid metabolism dysregulation,"The claim asserts the absence of a cross‑branch inconsistency, a relationship the biological_sub6 layer cannot verify without a disease‑pathway database."
v1:c024,an_lm_pathway_WP167_seed4,CONSISTENCY,verify_sub6,verifier_gap,C9,The enrichment signal is not attributable to namespace artefacts,"The claim denies namespace artefacts as the source of the enrichment signal, a negative assertion the verify_sub6 layer cannot confirm."
v1:c025,an_lm_pathway_WP167_seed4,CONSISTENCY,verify_sub6,verifier_gap,C9,The enrichment signal is not attributable to structural ambiguity,"The claim denies structural ambiguity as the source of the enrichment signal, a negative assertion the verify_sub6 layer cannot confirm."
v1:c000,an_lm_pathway_WP167_seed5,PATHWAY_RELATIONSHIP,pathway_relationship,verifier_gap,C1,Three complementary pathway-enrichment paradigms converge on arachidonic acid metabolism as the dominant biological signal in this differential metabolomics dataset,"The claim cites convergence of three enrichment methods on a single pathway, a cross‑method consensus the pathway_relationship layer cannot verify without access to RaMP‑DB."
v1:c002,an_lm_pathway_WP167_seed5,GROUNDED,factual_sub6,verifier_gap,C3,RaMP multi-DB ORA ranked eicosanoid synthesis at FDR = 6.84 Ã 10â»Â¹â´,"The claim reports an FDR statistic for eicosanoid synthesis ranking, a numeric signal the factual_sub6 layer cannot verify without a parsed identifier."
v1:c004,an_lm_pathway_WP167_seed5,BIOLOGICAL,biological_sub6,verifier_gap,C3,RaMP multi-DB ORA hit five of 27 pathway members from the 7-metabolite input,"The claim quantifies a pathway hit count (5 of 27), a statistical signal the biological_sub6 layer cannot verify without a pathway identifier."
v1:c005,an_lm_pathway_WP167_seed5,GROUNDED,factual_sub6,producer_fault,C7,Mummichog m/z-direct activity (run_mummichog) ranked MUMM:arachidonic_acid_metabolism as the top network hit,"The claim uses a non‑canonical MUMM namespace for the pathway, a wrong‑namespace mislabel that the factual_sub6 layer cannot parse."
v1:c007,an_lm_pathway_WP167_seed5,GROUNDED,factual_sub6,verifier_gap,C3,Mummichog m/z-direct activity identified 11 overlapping compounds including all five lipid input species,"The claim provides a count of overlapping compounds (11) and inclusion of all five lipids, a numeric signal the factual_sub6 layer cannot verify without identifiers."
v1:c010,an_lm_pathway_WP167_seed5,GROUNDED,factual_sub6,verifier_gap,C3,Four input metabolites were mapped in MetaboAnalystR KEGG PSEA analysis,"The claim reports a mapping count (four metabolites) in a KEGG PSEA analysis, a statistical fact the factual_sub6 layer cannot verify without identifiers."
v1:c011,an_lm_pathway_WP167_seed5,GROUNDED,factual_sub6,both,C9,Arachidonic acid was mapped as an input metabolite in the MetaboAnalystR analysis,"The claim references a metabolite by name only and lacks an identifier, a partial producer issue that the factual_sub6 layer cannot verify."
v1:c012,an_lm_pathway_WP167_seed5,GROUNDED,factual_sub6,both,C9,LTA4 was mapped as an input metabolite in the MetaboAnalystR analysis,"The claim references a metabolite by name only and lacks an identifier, a partial producer issue that the factual_sub6 layer cannot verify."
v1:c013,an_lm_pathway_WP167_seed5,GROUNDED,factual_sub6,both,C9,15-HETE was mapped as an input metabolite in the MetaboAnalystR analysis,"The claim references a metabolite by name only and lacks an identifier, a partial producer issue that the factual_sub6 layer cannot verify."
v1:c014,an_lm_pathway_WP167_seed5,GROUNDED,factual_sub6,both,C9,5-HETE was mapped as an input metabolite in the MetaboAnalystR analysis,"The claim references a metabolite by name only and lacks an identifier, a partial producer issue that the factual_sub6 layer cannot verify."
v1:c015,an_lm_pathway_WP167_seed5,BIOLOGICAL,biological_sub6,producer_fault,C5,5-HETE belongs to the 5-lipoxygenase arm,"The claim makes a free‑text biological role statement about a metabolite's pathway arm, which is out of scope for Sub‑6 v0."
v1:c016,an_lm_pathway_WP167_seed5,BIOLOGICAL,biological_sub6,producer_fault,C5,LTA4 belongs to the 5-lipoxygenase arm,"The claim makes a free‑text biological role statement about a metabolite's pathway arm, which is out of scope for Sub‑6 v0."
v1:c017,an_lm_pathway_WP167_seed5,BIOLOGICAL,biological_sub6,producer_fault,C5,15-HETE belongs to the 12/15-lipoxygenase arm,"The claim makes a free‑text biological role statement about a metabolite's pathway arm, which is out of scope for Sub‑6 v0."
v1:c018,an_lm_pathway_WP167_seed5,BIOLOGICAL,biological_sub6,producer_fault,C5,15d-PGJ2 belongs to the 12/15-lipoxygenase arm,"The claim makes a free‑text biological role statement about a metabolite's pathway arm, which is out of scope for Sub‑6 v0."
v1:c019,an_lm_pathway_WP167_seed5,GROUNDED,factual_sub6,verifier_gap,C9,The 5-lipoxygenase arm and the 12/15-lipoxygenase arm are both represented in the analysis,"The claim asserts presence of both pathway arms in the analysis, a factual statement the factual_sub6 layer cannot verify without identifiers."
v1:c020,an_lm_pathway_WP167_seed5,PATHWAY_RELATIONSHIP,pathway_relationship,verifier_gap,C5,The 5-lipoxygenase arm and the 12/15-lipoxygenase arm both branch from the same arachidonic acid substrate,"The claim describes a branching relationship from a common substrate, an intermediate‑biology statement the pathway_relationship layer cannot confirm without a recognized keyword."
v1:c021,an_lm_pathway_WP167_seed5,BIOLOGICAL,biological_sub6,both,C5,Arachidonic acid is released from membrane phospholipids,Claim describes a biological release step but is out-of-scope for verification and lacks required pathway details.
v1:c026,an_lm_pathway_WP167_seed5,GROUNDED,factual_sub6,verifier_gap,C6,Arachidonic acid has molecular formula C20H32O2,"Claim states a molecular formula without providing an identifier, preventing verification."
v1:c027,an_lm_pathway_WP167_seed5,GROUNDED,factual_sub6,verifier_gap,C6,LTA4 has molecular formula C20H30O2,"Claim states a molecular formula without providing an identifier, preventing verification."
v1:c028,an_lm_pathway_WP167_seed5,GROUNDED,factual_sub6,verifier_gap,C6,15-HETE has molecular formula C20H32O2,"Claim states a molecular formula without providing an identifier, preventing verification."
v1:c029,an_lm_pathway_WP167_seed5,GROUNDED,factual_sub6,verifier_gap,C6,5-HETE has molecular formula C20H32O2,"Claim states a molecular formula without providing an identifier, preventing verification."
v1:c030,an_lm_pathway_WP167_seed5,GROUNDED,factual_sub6,verifier_gap,C6,15d-PGJ2 has molecular formula C18H28O2,"Claim states a molecular formula without providing an identifier, preventing verification."
v1:c031,an_lm_pathway_WP167_seed5,GROUNDED,factual_sub6,verifier_gap,C9,InChIKey reconciliation confirmed all seven input compounds are structurally distinct entities,Claim asserts structural distinctness from reconciliation but lacks an identifier for verification.
v1:c032,an_lm_pathway_WP167_seed5,GROUNDED,factual_sub6,verifier_gap,C9,InChIKey reconciliation confirmed no connectivity conflicts exist among the seven input compounds,Claim asserts absence of connectivity conflicts but lacks an identifier for verification.
v1:c033,an_lm_pathway_WP167_seed5,GROUNDED,factual_sub6,verifier_gap,C9,InChIKey reconciliation ruled out namespace artefacts,Claim asserts ruling out namespace artefacts but lacks an identifier for verification.
v1:c036,an_lm_pathway_WP167_seed5,OTHER,verify_sub6,verifier_gap,C4,Losartan likely represents a treatment-specific off-target or background signal,"Claim speculates about a drug's off-target status using hedged language, exceeding verifier scope."
v1:c037,an_lm_pathway_WP167_seed5,OTHER,verify_sub6,verifier_gap,C4,Glycolaldehyde likely represents a treatment-specific off-target or background signal,"Claim speculates about a metabolite's off-target status using hedged language, exceeding verifier scope."
v1:c001,an_lm_pathway_WP167_seed6,GROUNDED,factual_sub6,verifier_gap,C3,Eicosanoid synthesis has FDR=3.16e-13,"Claim cites a false discovery rate without a supporting identifier, creating a verification gap."
v1:c004,an_lm_pathway_WP167_seed6,DRIVER_METABOLITE,driver_metabolite,verifier_gap,C9,The same five metabolites independently drove the top mummichog network-diffusion result,Claim asserts driver metabolite role without verification evidence.
v1:c005,an_lm_pathway_WP167_seed6,OTHER,verify_sub6,verifier_gap,C1,The top mummichog result establishes convergent evidence across paradigms,Claim claims convergent evidence across methods but lacks a consensus verification mechanism.
v1:c006,an_lm_pathway_WP167_seed6,BIOLOGICAL,biological_sub6,both,C7,The 11-member MUMM:arachidonic_acid_metabolism pathway was identified by mummichog with p=0.0032,"Claim uses a non-canonical MUMM pathway ID and a p-value, which the verifier cannot parse."
v1:c007,an_lm_pathway_WP167_seed6,DRIVER_METABOLITE,driver_metabolite,verifier_gap,C9,The five eicosanoid input compounds are driver members of the arachidonic_acid_metabolism module,Claim asserts driver membership in a module without verification evidence.
v1:c008,an_lm_pathway_WP167_seed6,GROUNDED,factual_sub6,verifier_gap,C9,MetaboAnalystR KEGG PSEA confirmed arachidonic acid and its derivatives as the top hit,Claim reports a confirmation from a specific tool but lacks identifiers for verification.
v1:c010,an_lm_pathway_WP167_seed6,GROUNDED,factual_sub6,verifier_gap,C9,Acetylcysteine did not map to the eicosanoid cluster,Claim states a negative mapping result without verification data.
v1:c011,an_lm_pathway_WP167_seed6,GROUNDED,factual_sub6,verifier_gap,C9,Fructose 1-phosphate did not map to the eicosanoid cluster,Claim states a negative mapping result without verification data.
v1:c012,an_lm_pathway_WP167_seed6,GROUNDED,factual_sub6,verifier_gap,C9,Dopamine did not map to the eicosanoid cluster,Claim states a negative mapping result without verification data.
v1:c003,an_lm_pathway_WP167_seed7,PATHWAY_RELATIONSHIP,pathway_relationship,verifier_gap,C3,Three independent pathway-analysis tools converge on arachidonic acid as the dominant signal,The raw p‑value for a pathway cannot be verified due to missing identifiers.
v1:c013,an_lm_pathway_WP167_seed7,FACTUAL,factual_sub6,verifier_gap,C9,"15-deoxy-ÎÂ¹Â²,Â¹â´-PGJ2 maps to KEGG:C14717","The mapping of a metabolite name to a KEGG ID requires the KEGG database which is not available to the verifier, preventing confirmation."
v1:c018,an_lm_pathway_WP167_seed7,GROUNDED,factual_sub6,verifier_gap,C7,Mummichog independently returns MUMM:arachidonic_acid_metabolism,"The claim uses the non‑canonical MUMM namespace which the factual_sub6 layer cannot parse, so verification fails."
v1:c019,an_lm_pathway_WP167_seed7,GROUNDED,factual_sub6,verifier_gap,C3,MUMM:arachidonic_acid_metabolism has p=5.04Ã10â»â´,The p‑value for a MUMM‑namespaced pathway cannot be verified because the layer lacks the necessary identifiers.
v1:c020,an_lm_pathway_WP167_seed7,GROUNDED,factual_sub6,verifier_gap,C3,MUMM:arachidonic_acid_metabolism has 11 matched nodes,The count of matched nodes for a MUMM pathway cannot be verified due to missing identifier extraction.
v1:c021,an_lm_pathway_WP167_seed7,GROUNDED,factual_sub6,verifier_gap,C9,MUMM:arachidonic_acid_metabolism fully overlaps the input set,The overlap statement for a MUMM pathway cannot be verified without parseable identifiers.
v1:c028,an_lm_pathway_WP167_seed7,GROUNDED,factual_sub6,verifier_gap,C5,Prostaglandin formation from arachidonate is a secondary Mummichog hit,The reaction claim about prostaglandin formation cannot be verified as the layer does not handle the necessary pathway or reaction data.
v1:c029,an_lm_pathway_WP167_seed7,GROUNDED,factual_sub6,verifier_gap,C3,Prostaglandin formation from arachidonate has p=0.025,The p‑value for prostaglandin formation cannot be verified due to lack of pathway identifiers.
v1:c031,an_lm_pathway_WP167_seed7,GROUNDED,factual_sub6,verifier_gap,C9,Leukotriene C4 Synthesis Deficiency has rank 1,"Disease ranking claims are outside Sub‑6 v0 scope, so the verifier cannot check them."
v1:c032,an_lm_pathway_WP167_seed7,BIOLOGICAL,biological_sub6,verifier_gap,C9,SMPDB Rofecoxib Action Pathway and Leukotriene C4 Synthesis Deficiency both share the identical five-driver metabolite set,Shared metabolite set between disease pathways cannot be verified as disease‑related claims are out of scope.
v1:c033,an_lm_pathway_WP167_seed7,BIOLOGICAL,biological_sub6,verifier_gap,C9,There is convergence across drug-action and metabolic-dysfunction annotations,High‑level convergence claims about drug action and metabolic dysfunction are not covered by the verifier.
v1:c034,an_lm_pathway_WP167_seed7,GROUNDED,factual_sub6,verifier_gap,C9,Thiosulfate did not reach significance in any tool,The statement that thiosulfate did not reach significance cannot be verified due to missing metabolite identifiers.
v1:c035,an_lm_pathway_WP167_seed7,GROUNDED,factual_sub6,verifier_gap,C9,Methylmalonic acid did not reach significance in any tool,"Similar to thiosulfate, the non‑significance claim for methylmalonic acid cannot be verified."
v1:c036,an_lm_pathway_WP167_seed7,GROUNDED,factual_sub6,verifier_gap,C9,5-Androstenediol did not reach significance in any tool,The non‑significance claim for 5‑androstenediol cannot be verified due to lack of identifiers.
v1:c037,an_lm_pathway_WP167_seed7,GROUNDED,factual_sub6,verifier_gap,C9,Xanthine did not reach significance in any tool,The non‑significance claim for xanthine cannot be verified for lack of identifiers.
v1:c000,an_lm_pathway_WP167_seed8,GROUNDED,factual_sub6,producer_fault,C9,The eight differentially abundant metabolites were analysed across three complementary enrichment paradigms,This meta‑filler statement about the analysis workflow is not a verifiable factual claim and represents a producer fault.
v1:c001,an_lm_pathway_WP167_seed8,GROUNDED,factual_sub6,verifier_gap,C9,RaMP multi-database ORA identified Eicosanoid synthesis as the top-ranked hit,The claim about RaMP identifying a top hit cannot be verified due to lack of pathway identifiers.
v1:c002,an_lm_pathway_WP167_seed8,GROUNDED,factual_sub6,verifier_gap,C3,Eicosanoid synthesis has FDR 6.18e-14,The FDR value for a pathway cannot be verified without parseable identifiers.
v1:c003,an_lm_pathway_WP167_seed8,GROUNDED,factual_sub6,verifier_gap,C3,Eicosanoid synthesis has raw p-value 4.41e-16,The raw p‑value for a pathway cannot be verified due to missing identifiers.
v1:c004,an_lm_pathway_WP167_seed8,GROUNDED,factual_sub6,verifier_gap,C3,Five metabolites overlapped the 27-member roster of Eicosanoid synthesis,The overlap count between metabolites and a pathway cannot be verified for lack of identifiers.
v1:c005,an_lm_pathway_WP167_seed8,GROUNDED,factual_sub6,verifier_gap,C3,"The five metabolites are leukotriene A4, arachidonic acid, 15-deoxy-delta-12,14-prostaglandin J2, 5-HETE, and 15-HETE","The claim reports a raw p‑value for a pathway, yet the verifier cannot validate statistical metrics, resulting in a verifier gap."
v1:c008,an_lm_pathway_WP167_seed8,BIOLOGICAL,biological_sub6,verifier_gap,C5,The five metabolites share an arachidonate substrate,"The claim makes a free‑text biological role statement about substrate sharing, which is out of v0 scope for the biological layer, leaving a verifier gap."
v1:c012,an_lm_pathway_WP167_seed8,GROUNDED,factual_sub6,verifier_gap,C9,The 11 compounds include prostaglandin B1 and leukotriene B4,"The claim describes the method used but the verifier has no layer to confirm method details, leading to a verifier gap."
v1:c018,an_lm_pathway_WP167_seed8,GROUNDED,factual_sub6,both,C9,Mercaptopurine did not map to either enriched cluster,"The claim references Mercaptopurine by name without IDs, and the verifier cannot map it, indicating both a producer omission and a verifier gap."
v1:c019,an_lm_pathway_WP167_seed8,BIOLOGICAL,biological_sub6,both,C3,Mercaptopurine represents a pharmacodynamic outlier,"The claim gives a count of matching metabolites without IDs, so both producer and verifier cannot verify the count."
v1:c020,an_lm_pathway_WP167_seed8,GROUNDED,factual_sub6,both,C9,Mercaptopurine was not captured by the curated libraries used,"The claim mentions a metabolite by name without an ID, and the verifier cannot confirm recovery, indicating both a producer omission and a verifier gap."
v1:c000,an_lm_pathway_WP167_seed9,PATHWAY_RELATIONSHIP,pathway_relationship,verifier_gap,C1,Three complementary enrichment paradigms converge on a single dominant biological theme,"The claim cites convergence of multiple enrichment methods, but the required RaMP database is unavailable, leaving the claim unverifiable due to a verifier gap."
v1:c001,an_lm_pathway_WP167_seed9,SET_ENRICHMENT,set_enrichment,both,C6,The dominant biological theme is the arachidonic acid eicosanoid cascade,"The claim names a pathway without providing a pathway ID, and the verifier cannot map the canonical name, indicating both a producer omission and a verifier gap."
v1:c004,an_lm_pathway_WP167_seed9,GROUNDED,factual_sub6,verifier_gap,C3,Eicosanoid synthesis has FDR of 6.97e-14,"The claim presents a statistical FDR value for a pathway, but the verifier lacks a signal verifier to check statistical evidence, creating a verifier gap."
v1:c005,an_lm_pathway_WP167_seed9,GROUNDED,factual_sub6,verifier_gap,C3,Eicosanoid synthesis has a raw p-value of 4.41e-16,"The claim reports a raw p‑value for a pathway, yet the verifier cannot validate statistical metrics, resulting in a verifier gap."
v1:c006,an_lm_pathway_WP167_seed9,FACTUAL,factual_sub6,both,C3,Five of the seven input metabolites map to Eicosanoid synthesis,"The claim includes a numeric count of mapped metabolites but lacks IDs for the metabolites, so both producer and verifier cannot verify the mapping."
v1:c012,an_lm_pathway_WP167_seed9,GROUNDED,factual_sub6,verifier_gap,C9,Mummichog m/z-direct network analysis was performed on the human_mfn empirical-compound library,"The claim describes the method used but the verifier has no layer to confirm method details, leading to a verifier gap."
v1:c013,an_lm_pathway_WP167_seed9,CONSISTENCY,verify_sub6,verifier_gap,C1,Mummichog analysis confirms the RaMP finding,"The claim asserts cross‑method consistency without supporting evidence, and the verifier cannot check consensus, indicating a verifier gap."
v1:c016,an_lm_pathway_WP167_seed9,CONSISTENCY,verify_sub6,verifier_gap,C1,All five input lipids are included in the 11-metabolite overlap,"The claim states overlap of lipids across methods, but the verifier lacks consensus checking, resulting in a verifier gap."
v1:c019,an_lm_pathway_WP167_seed9,GROUNDED,factual_sub6,both,C3,Four matching metabolites are recovered by MetaboAnalystR KEGG PSEA,"The claim gives a count of matching metabolites without IDs, so both producer and verifier cannot verify the count."
v1:c020,an_lm_pathway_WP167_seed9,GROUNDED,factual_sub6,both,C9,Arachidonic acid is recovered by MetaboAnalystR KEGG PSEA,"The claim mentions a metabolite by name without an ID, and the verifier cannot confirm recovery, indicating both a producer omission and a verifier gap."
v1:c021,an_lm_pathway_WP167_seed9,GROUNDED,factual_sub6,both,C9,LTA4 is recovered by MetaboAnalystR KEGG PSEA,"The claim references LTA4 by name only, lacking an ID and name lookup, so both producer and verifier cannot verify."
v1:c022,an_lm_pathway_WP167_seed9,GROUNDED,factual_sub6,both,C9,15-HETE is recovered by MetaboAnalystR KEGG PSEA,"The claim lists 15‑HETE by name without an ID, preventing verification due to missing identifier and lack of name lookup."
v1:c023,an_lm_pathway_WP167_seed9,GROUNDED,factual_sub6,both,C9,5-HETE is recovered by MetaboAnalystR KEGG PSEA,"The claim cites 5‑HETE by name only, and the verifier cannot check it, indicating both producer and verifier limitations."
v1:c026,an_lm_pathway_WP167_seed9,GROUNDED,factual_sub6,both,C5,Prostaglandin formation from arachidonate is ranked 4 in Mummichog analysis,"The claim describes a reaction step with a rank but provides no reaction ID, so both producer omission and verifier gap prevent verification."
v1:c027,an_lm_pathway_WP167_seed9,GROUNDED,factual_sub6,verifier_gap,C3,Prostaglandin formation from arachidonate has p-value 0.0345,"Specific p-value constitutes signal evidence, but factual_sub6 lacks identifiers (KEGG reaction, PubChem ID) needed to anchor the claim to a verifiable source, leaving the precise statistic uncheckabl"
