spectrum_id,candidate_smiles,candidate_name,is_correct,rank_after_rerank,modcos,predicted_cosine,predicted_in_exp_pct,sirius_match,mass_match
sub6a-gnps-CCMSLIB00000005503,Cc1ccc(C=C2C(=O)C3(C)CCC2C3(C)C)cc1,4-Methylbenzylidene camphor,0,1,0.7580602863503573,0.3052787563558086,,1.0,1.0
sub6a-gnps-CCMSLIB00000005503,CC12CCC3c4ccc(O)cc4CCC3C1CCC2O,Epiestradiol CollisionEnergy:102040,1,2,0.9788445998208868,0.39829455850171636,7.894736842105263,0.0,0.0
sub6a-gnps-CCMSLIB00000078060,CC12CC(O)C3C(CC=C4CC(=O)CCC43C)C1CCC2=O,"4-Androsten-11beta-ol-3,17-dione",0,1,0.44549309473953336,0.24441752303321154,4.25531914893617,0.0,1.0
sub6a-gnps-CCMSLIB00000078060,CC12CCC(=O)C=C1CCC1C2C(=O)CC2(C)C(O)CCC12,11-Ketotestosterone,0,2,0.43510274823292294,0.16743307230587323,,0.0,1.0
sub6a-gnps-CCMSLIB00000078060,CC12CCC3C(CCC4C(=O)C(=O)CCC43C)C1CCC2=O,Formestane,0,3,0.40107373769205784,0.1645546061429612,,0.0,1.0
sub6a-gnps-CCMSLIB00000078060,C=CCC1=C(C)C(OC(=O)C2C(C=C(C)C)C2(C)C)CC1=O,Allethrin_CE15,0,4,0.3505320204099771,0.15508254849666353,,0.0,1.0
sub6a-gnps-CCMSLIB00000078060,CCn1cnnc1C1CCN(C(=O)c2ccnn2CC)CC1,"1-(1-ETHYL-1H-PYRAZOLE-5-CARBONYL)-4-(4-ETHYL-4H-1,2,4-TRIAZOL-3-YL)PIPERIDINE",0,5,0.315783580075483,0.17248147659875795,,0.0,0.0
sub6a-gnps-CCMSLIB00000078355,O=Cc1c(O)ccc2ccccc12,"1-naphthalenecarboxaldehyde, 2-hydroxy",0,1,0.25820890275934477,0.5798122736176106,,1.0,1.0
sub6a-gnps-CCMSLIB00000078355,O=C(O)c1ccc2ccccc2c1,2-naphthoic acid,0,2,0.25794194976443147,0.5191286887142794,,1.0,1.0
sub6a-gnps-CCMSLIB00000078355,CC1=CC(=O)c2ccccc2C1=O,HMDB:HMDB01892-1802 Menadione,1,3,0.02964241129247554,0.6768548524401636,,1.0,1.0
sub6a-gnps-CCMSLIB00000078355,COc1ccc(C(C)=O)cc1,1-(4-methoxyphenyl)ethanone,0,4,0.9235571712283334,0.3542792285359959,0.0,0.0,0.0
sub6a-gnps-CCMSLIB00000078646,N=C(N)NN=Cc1c(Cl)cccc1Cl,guanabenz,1,1,0.8432729774649727,0.7514298302076302,,0.0,1.0
sub6a-gnps-CCMSLIB00000078646,N=C(N)NN=Cc1cccc(Cl)c1Cl,Raphin1,0,2,0.8521451428948301,0.5097069705099722,30.0,0.0,1.0
sub6a-gnps-CCMSLIB00000078646,COc1cc2ccc(=O)oc2c(O)c1O,Fraxetin,0,3,0.8017508418683743,0.3046930012327923,,0.0,0.0
sub6a-gnps-CCMSLIB00000085412,Nc1ncnc2c1ncn2C1OC(CO)C(O)C1O,Spectral Match to Adenosine from NIST14,1,1,0.9842760572736986,0.9241562035065796,20.0,1.0,1.0
sub6a-gnps-CCMSLIB00000085412,Nc1nc(=O)c2ncn(C3CC(O)C(CO)O3)c2[nH]1,961-07-9,0,2,0.9235633787310983,0.0017448345863418228,,1.0,1.0
sub6a-gnps-CCMSLIB00000085412,Nc1ncnc2c(C3OC(CO)C(O)C3O)[nH]nc12,Formycin-A,0,3,0.024587667287161077,0.3910479584626005,,1.0,1.0
sub6a-gnps-CCMSLIB00000085412,Nc1ncnc2c1ncn2C1OC(CO)C2OP(=O)(O)OC21,"""ADENOSINE 2',3'-CYCLIC MONOPHOSPHATE""",0,4,0.01438611073075165,0.6742768930714097,,0.0,0.0
sub6a-gnps-CCMSLIB00000085412,CC(=O)NC(Cc1c[nH]c2ccccc12)C(N)=O,ACETYLTRYPTOPHANAMIDE,0,5,0.04933480703727222,0.0006819265465761785,,0.0,0.0
sub6a-gnps-CCMSLIB00000426289,CC(C)=CCCC(C)=CCCC(C)=CCCC=C(C)CCC=C(C)CCC=C(C)C,HMDB:HMDB00256-442 Squalene,1,1,0.09874452320551289,0.0,0.0,1.0,1.0
sub6a-gnps-CCMSLIB00000577907,O=C1CCNC(=O)N1,DIHYDROURACIL,1,1,0.6004966568357117,0.0099406332861797,7.142857142857143,1.0,1.0
sub6a-gnps-CCMSLIB00000577907,O=C1CNC(=O)CN1,"piperazine-2,5-dione",0,2,0.1805893979471853,0.009096103198227172,,1.0,1.0
sub6a-gnps-CCMSLIB00000577907,Cn1cc(O)[nH]c1=O,Dioxy-creatinine - 40.0 eV,0,3,0.12719059244018188,0.011130378542712809,,1.0,1.0
sub6a-gnps-CCMSLIB00000577907,NC(=O)NCCC(=O)O,3-Ureidopropionic acid [M+H-H2O]+; AIF; CE30; CorrDec,0,4,0.5280073023352451,0.004464653557318219,,0.0,0.0
sub6a-gnps-CCMSLIB00000577918,N=C(N)NCC(=O)O,glycocyamine CollisionEnergy:102040,1,1,0.9736968646768492,0.6593626067611229,20.0,1.0,0.0
sub6a-gnps-CCMSLIB00000577924,Nc1ccn(C2CC(O)C(CO)O2)c(=O)n1,2'-deoxycytidine CollisionEnergy:102040,1,1,0.9998431400076712,0.8408267365456782,21.428571428571427,1.0,0.0
sub6a-gnps-CCMSLIB00000577924,CCN1Cc2ccccc2CC1C(=O)O,"""2-ethyl-1,2,3,4-tetrahydroisoquinoline-3-carboxylic acid CollisionEnergy:205060""",0,2,0.012299970650070295,6.207664652415011e-05,,0.0,0.0
sub6a-gnps-CCMSLIB00000577924,CC1(C)C=Cc2c(c3ccccc3[nH]c2=O)O1,Flindersine CollisionEnergy:102040,0,3,0.01033787775513614,8.206086157281754e-05,,0.0,0.0
sub6a-gnps-CCMSLIB00000577924,Cc1ccc(N2CCCC2)c(C(=O)O)c1,5-methyl-2-(pyrrolidin-1-yl)benzoic acid,0,4,0.010278896821103493,0.0,,0.0,0.0
sub6a-gnps-CCMSLIB00000577924,Cc1ccc(NC(=O)C2CC=CC2)cc1C(=O)O,AKOS014095590,0,5,0.009811366431844045,0.0,,0.0,0.0
sub6a-gnps-CCMSLIB00000577939,Cc1nccc2c1[nH]c1ccccc12,Harman,0,1,0.812435256247805,0.7185487278552876,0.0,0.0,0.0
sub6a-gnps-CCMSLIB00000577939,c1ccc(N=Nc2ccccc2)cc1,Azobenzene,0,2,0.6896507843415973,0.5601726030288833,,0.0,0.0
sub6a-gnps-CCMSLIB00000577939,NCCc1c[nH]c2ccccc12,2-(1H-indol-3-yl)ethanamine,0,3,0.6845731318965097,0.003316925311537022,,0.0,0.0
sub6a-gnps-CCMSLIB00000577939,c1ccc(CC2=NCCN2)cc1,TOLAZOLINE,0,4,0.0033902113739905093,0.4752958899074309,,0.0,0.0
sub6a-gnps-CCMSLIB00000577939,OCC(O)C(O)C(O)C(O)CO,Spectral Match to Dulcitol from NIST14,1,5,0.0026721098583207515,0.11758224478351771,,0.0,0.0
sub6a-gnps-CCMSLIB00000578142,NC(Cc1ccc(O)cc1)C(=O)O,Tyrosine_(L-),1,1,0.9930702945755907,0.7712767709454378,14.285714285714286,1.0,1.0
sub6a-gnps-CCMSLIB00000578142,CC1NC(=O)c2cc(O)cc(O)c21,"NCGC00380974-01!4,6-dihydroxy-3-methyl-2,3-dihydroisoindol-1-one",0,2,0.7796260470910303,0.4623684452820956,,0.0,1.0
sub6a-gnps-CCMSLIB00000578142,O=C(O)c1ccc(=O)n(C2CC2)c1,"1-cyclopropyl-6-oxo-1,6-dihydropyridine-3-carboxylic acid",0,3,0.7561049934247634,0.456495053198792,,0.0,1.0
sub6a-gnps-CCMSLIB00000578142,O=C(O)c1cc(C2CC2)[nH]c(=O)c1,"6-cyclopropyl-2-oxo-1,2-dihydropyridine-4-carboxylic acid",0,4,0.757981380514998,0.42193724708749314,,0.0,1.0
sub6a-gnps-CCMSLIB00000578142,CC(=O)Nc1ccc(C(=O)O)cc1,4-Acetamidobenzoic acid,0,5,0.7594323933074099,0.41308524255747064,,0.0,1.0
sub6a-gnps-CCMSLIB00000578187,NC(COP(=O)(O)O)C(=O)O,ReSpect:PT203160 o-Phospho-L-serine|L-SOP|Ser(P)|3-phosphoserine|Dexfosfoserine|L-2-Amino-3-hydroxypropanoic acid 3-phosphate|L-Serine O-phosphate|Plasmenylserine|Serine phosphate|(2S)-2-amino-3-phosphonooxypropanoic,1,1,0.9760348480486967,0.8514373578745775,0.0,1.0,1.0
sub6a-gnps-CCMSLIB00000578187,CNCC(O)c1ccc(O)c(O)c1,Epinephrine(2),0,2,0.07893024095412152,0.05713054682431751,,0.0,0.0
sub6a-gnps-CCMSLIB00000578187,COc1cc(C(O)CN)ccc1O,ReSpect:PM002307 Normetanephrine,0,3,0.008156022676249017,0.03429697385531616,,0.0,0.0
sub6a-gnps-CCMSLIB00000578187,NC(CCS(=O)(=O)O)C(=O)O,ReSpect:PM000952 L-Homocysteic acid,0,4,0.0034830175605630423,0.00839392480875289,,0.0,0.0
sub6a-gnps-CCMSLIB00000578187,Cc1ncc(CO)c(C(=O)O)c1O,4-Pyridoxate,0,5,0.0032106072751689765,0.0,,0.0,0.0
sub6a-gnps-CCMSLIB00000578190,NC(CCSCC(N)C(=O)O)C(=O)O,"ReSpect:PT201870 Cystathionine|DL,DL-allo-Cystathionine|S-(2-Amino-2-carboxyethyl)homocysteine|2-amino-4-(2-amino-3-hydroxy-3-oxopropyl)sulfanylbutanoic acid",1,1,0.9025805530127421,0.7128255794354459,14.285714285714286,1.0,1.0
sub6a-gnps-CCMSLIB00000578190,O=c1c(O)c(-c2ccccc2)oc2ccccc12,3-HYDROXYFLAVONE,0,2,0.027824596307763502,0.07696941571224805,,0.0,0.0
sub6a-gnps-CCMSLIB00000578190,O=c1cc(-c2ccccc2)oc2cccc(O)c12,PRIMULETIN,0,3,0.02544295634694438,0.06025286613220367,,0.0,0.0
sub6a-gnps-CCMSLIB00000578190,O=c1cc(-c2ccccc2)oc2cc(O)ccc12,7-HYDROXYFLAVONE,0,4,0.009330456929862802,0.062487371087625136,,0.0,0.0
sub6a-gnps-CCMSLIB00003134540,NC(CCC(=O)NC(CS)C(=O)NCC(=O)O)C(=O)O,"Spectral Match to L-Glutathione, reduced from NIST14",1,1,0.9820639534985446,0.6462780960348804,4.444444444444445,0.0,1.0
sub6a-gnps-CCMSLIB00003134540,CCCN(CCC)S(=O)(=O)c1ccc(C(=O)O)cc1,PROBENECID,0,2,0.9231404633076569,0.03049770268206745,,0.0,0.0
sub6a-gnps-CCMSLIB00003134540,COc1ccc(C2(O)c3ccccc3NC(=O)C2O)cc1,"NCGC00169065-03_C16H15NO4_2(1H)-Quinolinone, 3,4-dihydro-3,4-dihydroxy-4-(4-methoxyphenyl)-",0,3,0.04976029291615338,0.0392205731413396,,0.0,0.0
sub6a-gnps-CCMSLIB00003134540,COc1cc2c(c(O)c1OC)c(=O)c1ccccc1n2C,arborinine,0,4,0.043856131894895276,0.028246391607425876,,0.0,0.0
sub6a-gnps-CCMSLIB00003134540,COC(=O)c1ccccc1NC(=O)c1cccc(OC)c1,methyl 2-[(3-methoxyphenyl)carbonylamino]benzoate CollisionEnergy:205060,0,5,0.043562283486131226,0.014965539397262749,,0.0,0.0
sub6a-gnps-CCMSLIB00003134554,OCC1OC(O)C(O)C(O)C1O,Spectral Match to D-(+)-Mannose from NIST14,1,1,0.9974657703116278,0.13371622967587243,23.80952380952381,1.0,0.0
sub6a-gnps-CCMSLIB00003134554,OC1C2COC(O2)C(O)C1O,"Spectral Match to .beta.-D-Glucopyranose, 1,6-anhydro- from NIST14",0,2,0.9959797422048517,0.13672197231592187,,0.0,1.0
sub6a-gnps-CCMSLIB00003134554,CC(O)(CC(=O)O)CC(=O)O,Meglutol,0,3,0.3731191334320705,0.7929067044999089,,0.0,1.0
sub6a-gnps-CCMSLIB00003134554,Cn1c(=O)c2[nH]cnc2n(C)c1=O,THEOPHYLLINE,0,4,0.6195811130947997,0.0,,0.0,0.0
sub6a-gnps-CCMSLIB00003134554,OC1C(O)C(O)C(O)C(O)C1O,INOSITOL,0,5,0.16764552155814758,0.01031011254266804,,1.0,0.0
sub6a-gnps-CCMSLIB00003134725,O=c1ccn(C2OC(COP(=O)(O)O)C(O)C2O)c(=O)[nH]1,"ReSpect:PT203720 Uridine-5'-monophosphate|UMP|U 5???-P|Uridylic acid|uridylate|[(2R,3S,4R,5R)-5-(2,4-dioxopyrimidin-1-yl)-3,4-dihydroxyoxolan-2-yl]methyl dihydrogen phosphate",1,1,0.08129569585852299,0.0,0.0,0.0,1.0
sub6a-gnps-CCMSLIB00003134725,CCOP(=S)(OCC)OP(=S)(OCC)OCC,Sulfotep,0,2,4.918619677954507e-05,0.0,,0.0,1.0
sub6a-gnps-CCMSLIB00003134725,COc1cc(O)c2c(c1)C(=O)c1cc(C)cc(O)c1C2=O,PHYSCION,0,3,0.02869096200237152,0.0,,0.0,0.0
sub6a-gnps-CCMSLIB00003134725,Oc1ccc2c(c1)OCC1(O)C=c3cc(O)c(O)cc3=C21,BRAZILEIN,0,4,0.018831176218549885,0.002527083171947222,,0.0,0.0
sub6a-gnps-CCMSLIB00003134725,Oc1ccc2c(c1)OCC1c3cc4c(cc3OC21)OCO4,inermin,0,5,0.006039426369481051,0.0,,0.0,0.0
sub6a-gnps-CCMSLIB00003134878,OCC1(O)OCC(O)C(O)C1O,Spectral Match to D-Fructose from NIST14,0,1,0.986077425051835,0.40927581735815977,0.0,0.0,0.0
sub6a-gnps-CCMSLIB00003134878,OCC1OC(O)C(O)C(O)C1O,Spectral Match to .beta.-D-Allose from NIST14,1,2,0.984187951080919,0.27145589548796395,,0.0,0.0
sub6a-gnps-CCMSLIB00003134878,Nc1nccc(C=Cc2ccccc2)n1,125404-04-8,0,3,0.3053513665350263,0.0478987472298218,,0.0,1.0
sub6a-gnps-CCMSLIB00003134878,Nc1ccc(N=Nc2ccccc2)cc1,Aniline Yellow,0,4,0.11921745602665423,0.05781636960073192,,0.0,1.0
sub6a-gnps-CCMSLIB00003136091,O=C(O)C=Cc1ccc(O)c(O)c1,trans-caffeic acid - 40.0 eV,0,1,0.22366437013410395,0.009634174045134749,11.11111111111111,0.0,0.0
sub6a-gnps-CCMSLIB00003136091,CS(=N)(=O)CCC(N)C(=O)O,METHIONINE SULFOXIMINE,0,2,0.14988049385580124,0.0,,0.0,0.0
sub6a-gnps-CCMSLIB00003136091,Cn1c(=O)c2[nH]cnc2n(C)c1=O,MLS002152943-01!Theophylline58-55-9,0,3,0.0,8.425253866441023e-05,,0.0,0.0
sub6a-gnps-CCMSLIB00003136577,CCCCCC=CCC=CC=CC(O)CC=CCCCC(=O)O,"Spectral Match to 8S-Hydroxy-5Z,9E,11Z,14Z-eicosatetraenoic acid from NIST14",0,1,0.977286155781386,0.6591149916460929,56.0,1.0,0.0
sub6a-gnps-CCMSLIB00003136577,CCCCCC=CC=CC(O)CC=CCC=CCCCC(=O)O,"Spectral Match to 11S-Hydroxy-5Z,8Z,12E,14Z-eicosatetraenoic acid from NIST14",0,2,0.9564290678309041,0.6651072767137903,,1.0,0.0
sub6a-gnps-CCMSLIB00003136577,O=C(O)CCCC=CCC=CCC=CCC=CCCCCCO,"Spectral Match to 20-Hydroxy-(5Z,8Z,11Z,14Z)-eicosatetraenoic acid from NIST14",0,3,0.8931458776773141,0.7458139977769112,,1.0,0.0
sub6a-gnps-CCMSLIB00003136577,CCCCCC=CCC1OC1CC=CCC=CCCCC(=O)O,Spectral Match to 11(12)-EET from NIST14,0,4,0.960722114625973,0.6248085455393448,,1.0,0.0
sub6a-gnps-CCMSLIB00003136577,CCCCCC=CCC=CCC=CC=CC1CCCC(=O)O1,Spectral Match to 5-HETE lactone from NIST14,0,5,0.9489093171660242,0.5949312645452737,,0.0,1.0
sub6a-gnps-CCMSLIB00003137674,OCC(O)C(O)C(O)C(O)CO,Spectral Match to D-Mannitol from NIST14,1,1,0.9833118005828336,0.1673571894621496,0.0,1.0,1.0
sub6a-gnps-CCMSLIB00003137674,CCOC(=O)c1cnc(N)nc1N,"Ethyl 2,4-diaminopyrimidine-5-carboxylate",0,2,0.05767885462229368,0.14390679256481517,,0.0,0.0
sub6a-gnps-CCMSLIB00003138222,OCC1OC(OC2OC(CO)C(O)C(O)C2O)C(O)C(O)C1O,Trehalose,0,1,0.9962360227432531,0.0,0.0,0.0,0.0
sub6a-gnps-CCMSLIB00003138222,OCC1OC(OC2(CO)OC(CO)C(O)C2O)C(O)C(O)C1O,sucrose,0,2,0.9908485538711448,0.0,,0.0,0.0
sub6a-gnps-CCMSLIB00003138222,O=C(C(O)CO)C(O)C(O)COC1OC(CO)C(O)C(O)C1O,Melibiose,0,3,0.9531372690692753,0.0,,0.0,0.0
sub6a-gnps-CCMSLIB00003138222,OCC1OC(OCC2OC(O)(CO)C(O)C2O)C(O)C(O)C1O,isomaltulose,0,4,0.5909430720738567,0.0,,0.0,0.0
sub6a-gnps-CCMSLIB00003138222,CC1=CC(CC2(C)OC2COc2c3occc3cc3ccc(=O)oc23)OC1=O,"2',3'-Epoxyindicolactone",0,5,0.5302548951127465,0.0,,0.0,0.0
sub6a-gnps-CCMSLIB00003138236,C=CC(C)(O)CCC1=C(C)CC(=O)C2C(C)(C)CCCC12C,"NCGC00180707-03_C20H32O2_1(4H)-Naphthalenone, 4a,5,6,7,8,8a-hexahydro-4-[(3R)-3-hydroxy-3-methyl-4-penten-1-yl]-3,4a,8,8-tetramethyl-, (4S,4aR,8aS)-",0,1,0.7269868511691602,0.4106182172971947,,1.0,0.0
sub6a-gnps-CCMSLIB00003138236,C=C1CCC2C(C)(C)CCCC2(C)C1CCC(C)=CC(=O)O,"NCGC00384643-01_C20H32O2_(2E)-3-Methyl-5-[(1S,8aS)-5,5,8a-trimethyl-2-methylenedecahydro-1-naphthalenyl]-2-pentenoic acid",0,2,0.7258958622405227,0.2658913471082093,,1.0,0.0
sub6a-gnps-CCMSLIB00003138236,CC(C=CC1=C(C)CCCC1(C)C)=CC=CC(C)=CCO,HMDB:HMDB00305-519 Vitamin A,0,3,0.9555536697241324,0.23106037242556943,18.0,0.0,1.0
sub6a-gnps-CCMSLIB00003138236,CC(=CCCC(C)C1CCC(C)C12C=CC(C)C(=O)C2)CO,KU036-10-2,0,4,0.44047313949573413,0.4007394281411576,,1.0,0.0
sub6a-gnps-CCMSLIB00003138236,C=C(C)C1CC=C(CO)CC1,(-)-Perillyl alcohol,0,5,0.5639970659282117,0.011447962175727248,,0.0,0.0
sub6a-gnps-CCMSLIB00003138484,Nc1ncnc2c1ncn2C1OC(COP(=O)(O)O)C(O)C1O,Spectral Match to Adenosine 5'-monophosphate from NIST14,1,1,0.9988929352147028,0.7110908117572992,20.0,1.0,1.0
sub6a-gnps-CCMSLIB00003138484,Nc1ncnc2c1ncn2C1OC(CO)C(OP(=O)(O)O)C1O,3'-AMP,0,2,0.9907357633877465,0.7046181666184871,,1.0,1.0
sub6a-gnps-CCMSLIB00003138484,Nc1nc(=O)c2ncn(C3CC(O)C(COP(=O)(O)O)O3)c2[nH]1,2'-DEOXYGUANOSINE 5'-MONOPHOSPHATE,0,3,0.9923930249807092,0.01098237047292376,,1.0,1.0
sub6a-gnps-CCMSLIB00003138484,Brc1cccc(C2(CNc3ncccn3)CCOCC2)c1,Z646436336,0,4,0.0210548014304066,0.010753743579654628,,0.0,1.0
sub6a-gnps-CCMSLIB00003138484,CN(C(=O)C1(Cc2ccccc2Br)CC1)c1ccn(C)n1,Z2224585474,0,5,0.0180807641772632,0.014539088528806397,,0.0,1.0
sub6a-gnps-CCMSLIB00003138494,OCC1OC(O)C(O)C(O)C1O,Spectral Match to .beta.-D-Allose from NIST14,1,1,0.9974657703116278,0.13246615272811482,33.333333333333336,1.0,0.0
sub6a-gnps-CCMSLIB00003138494,OC1C2COC(O2)C(O)C1O,"Spectral Match to .beta.-D-Glucopyranose, 1,6-anhydro- from NIST14",0,2,0.9959340632444396,0.13788374674623366,,0.0,1.0
sub6a-gnps-CCMSLIB00003138494,CC(O)(CC(=O)O)CC(=O)O,3-HYDROXYMETHYLGLUTARATE,0,3,0.37028933750116305,0.7959238636900579,,0.0,1.0
sub6a-gnps-CCMSLIB00003138494,Cn1c(=O)c2[nH]cnc2n(C)c1=O,THEOPHYLLINE,0,4,0.6120494602136416,0.0,,0.0,0.0
sub6a-gnps-CCMSLIB00003138494,OC1C(O)C(O)C(O)C(O)C1O,INOSITOL,0,5,0.17375296768525225,0.012187368904563295,,1.0,0.0
sub6a-gnps-CCMSLIB00003139279,CCCCCC=CCC=CCC1OC1CC=CCCCC(=O)O,Spectral Match to 8(9)-EET from NIST14,0,1,0.9939225921558298,0.002155936775995934,0.0,0.0,0.0
sub6a-gnps-CCMSLIB00003139279,CCCCCC=CCC1OC1CC=CCC=CCCCC(=O)O,Spectral Match to 11(12)-EET from NIST14,0,2,0.9878282508460677,0.0018875513386656542,,0.0,0.0
sub6a-gnps-CCMSLIB00003139279,CCCCCC=CCC=CCC=CC=CC1CCCC(=O)O1,Spectral Match to 5-HETE lactone from NIST14,0,3,0.9880418580535532,0.0009322237852484132,,0.0,0.0
sub6a-gnps-CCMSLIB00003139279,CCCCCC=CCC=CCC(O)C=CC=CCCCC(=O)O,"Spectral Match to 9-Hydroxy-5Z,7E,11Z,14Z-eicosatetraenoic acid from NIST14",0,4,0.976386615097153,0.0032547795004838997,,0.0,0.0
sub6a-gnps-CCMSLIB00003139279,CCCCCC1OC1CC=CCC=CCC=CCCCC(=O)O,"Spectral Match to 14,15-Epoxy-5Z,8Z,11Z-eicosatrienoic acid from NIST14",0,5,0.9676532937083454,0.0034823361534778554,,0.0,0.0
sub6a-gnps-CCMSLIB00003139290,C=C1CCC2C(C)(C(=O)O)CCCC2(C)C1CCC(C)=CCO,"5-[(Z)-5-hydroxy-3-methylpent-3-enyl]-1,4a-dimethyl-6-methylidene-3,4,5,7,8,8a-hexahydro-2H-naphthalene-1-carboxylic acid",0,1,0.6607485341197867,0.4040192908605548,,1.0,1.0
sub6a-gnps-CCMSLIB00003139290,CC1=CCC2C(C)(C)CCCC2(C)C12CCC(C)(CC(=O)O)O2,"2-[(2'R,8R,8aS)-2',4,4,7,8a-pentamethylspiro[2,3,4a,5-tetrahydro-1H-naphthalene-8,5'-oxolane]-2'-yl]acetic acid",0,2,0.7094408664817478,0.33878708076511654,30.0,1.0,1.0
sub6a-gnps-CCMSLIB00003139290,CC(CC=C1C(C)C(=O)CC2C(C)(C)CCCC12C)CC(=O)O,"5-[(8aS)-2,5,5,8a-tetramethyl-3-oxo-4a,6,7,8-tetrahydro-4H-naphthalen-1-yl]-3-methylpentanoic acid",0,3,0.6685129336178764,0.3466555997696254,,1.0,1.0
sub6a-gnps-CCMSLIB00003139290,CC1=CC(=O)CC2C1(C)CCC(C)C2(C)CCC(C)CC(=O)O,"5-(1,2,4a,5-tetramethyl-7-oxo-3,4,8,8a-tetrahydro-2H-naphthalen-1-yl)-3-methylpentanoic acid",0,4,0.6772827265931026,0.3248148354122968,,1.0,1.0
sub6a-gnps-CCMSLIB00003139290,CC1=CCC(C(C)(C)O)CCC(C)=CCCC(C(=O)O)=CCC1,"(3Z, 7E, 11Z)-15-hydroxycembra-3,7,11-trien-19-oic acid",0,5,0.7017055673319889,0.10444044839589568,,1.0,1.0
sub6a-gnps-CCMSLIB00003139399,CC(C)c1cc2c(cc1O)C1(C)CCCC(C)(C)C1CC2=O,Sugiol,0,1,0.9894911698423845,0.005126794082550546,0.0,0.0,0.0
sub6a-gnps-CCMSLIB00003139399,CC(C=CC1=C(C)CCCC1(C)C)=CC=CC(C)=CC(=O)O,13-cis Retinoic acid,0,2,0.9727123773251974,0.0066628322911584685,,0.0,0.0
sub6a-gnps-CCMSLIB00003139399,CCC=CCC=CCC=CCC(O)C=CC=CCCCC(=O)O,"Spectral Match to (.+/-.)-9-Hydroxy-5Z,7E,11Z,14Z,17Z-eicosapentaenoic acid from NIST14",0,3,0.9657689765950446,0.004577797280647398,,0.0,0.0
sub6a-gnps-CCMSLIB00003139399,CCC=CCC=CCC=CCC=CC=CC(O)CCCC(=O)O,"Spectral Match to (.+/-.)-5-Hydroxy-6E,8Z,11Z,14Z,17Z-eicosapentaenoic acid from NIST14",0,4,0.9622146248205462,0.008061285206544339,,0.0,0.0
sub6a-gnps-CCMSLIB00003139399,CC(=CC(=O)O)CCC1(C)C(C)CCC2(C)C(C)=CC(=O)CC21,"(E)-5-(1,2,4a,5-Tetramethyl-7-oxo-3,4,8,8a-tetrahydro-2H-naphthalen-1-yl)-3-methylpent-2-enoic acid",0,5,0.8817219385570185,0.006793770869914081,,0.0,0.0
sub6a-gnps-CCMSLIB00003139576,O=c1cc(O)c2ccccc2o1,4-Hydroxycoumarin,0,1,0.961430027141685,0.264044409081585,0.0,0.0,0.0
sub6a-gnps-CCMSLIB00003139576,CC(=O)Oc1ccccc1C(=O)O,ASPIRIN,1,2,0.28957740198506615,0.5209148479243844,,0.0,0.0
sub6a-gnps-CCMSLIB00003139576,O=c1ccc2ccc(O)cc2o1,Umbelliferone,0,3,0.16111822080898758,0.02324781146160255,,0.0,0.0
sub6a-gnps-CCMSLIB00003139576,O=C(O)C=Cc1ccc(O)c(O)c1,Caffeic Acid,0,4,0.08916991507124017,0.08486779293042213,,0.0,0.0
sub6a-gnps-CCMSLIB00003139576,Cc1ccc2c(c1)C(=O)OC2=O,4-Methylphthalic anhydride,0,5,0.06835446889795418,0.007917397109215117,,0.0,0.0
sub6a-gnps-CCMSLIB00003139675,OCC1OC(OC2(CO)OC(CO)C(O)C2O)C(O)C(O)C1O,Spectral Match to Sucrose from NIST14,1,1,0.9942958153953326,0.26562805879940005,,1.0,0.0
sub6a-gnps-CCMSLIB00003139675,OCC1OC(OC2OC(CO)C(O)C(O)C2O)C(O)C(O)C1O,Spectral Match to D-(+)-Trehalose from NIST14,0,2,0.972999791632679,0.2585182147607458,,1.0,0.0
sub6a-gnps-CCMSLIB00003139675,OCC1OC(OC2C(CO)OC(O)C(O)C2O)C(O)C(O)C1O,Spectral Match to Maltose from NIST14,0,3,0.9980043433944589,0.2017978865137765,16.216216216216218,1.0,0.0
sub6a-gnps-CCMSLIB00003139675,OCC1OC(OC2C(CO)OC(O)(CO)C2O)C(O)C(O)C1O,Spectral Match to Lactulose from NIST14,0,4,0.9955789749798319,0.15363089970017088,,1.0,0.0
sub6a-gnps-CCMSLIB00003139675,OCC1OC(OC2C(O)C(O)COC2(O)CO)C(O)C(O)C1O,Spectral Match to D-Turanose from NIST14,0,5,0.9554773599399413,0.174535178817849,,1.0,0.0
sub6a-gnps-CCMSLIB00003139813,NC(CCC(=O)NC(CS)C(=O)NCC(=O)O)C(=O)O,Glutathione,1,1,0.9902526179778741,0.7105334315526095,15.555555555555555,1.0,1.0
sub6a-gnps-CCMSLIB00003139813,CCCN(CCC)S(=O)(=O)c1ccc(C(=O)O)cc1,PROBENECID,0,2,0.7498464451792349,0.0,,0.0,0.0
sub6a-gnps-CCMSLIB00003139813,COc1cc(CNCCOP(=O)(O)O)cc(OC)c1O,Phosphoethanolamine_Syringaldehyde   (known isomers: 0; isobaric peaks in run: 1),0,3,0.028472170223611128,0.015550119744261985,,0.0,1.0
sub6a-gnps-CCMSLIB00003139813,Cn1cncc1CC(NC(CC(=O)O)C(=O)O)C(=O)O,methylhistidine_Oxaloacetic acid (known isomers: 0; isobaric peaks in run: 0),0,4,0.4864790647925416,0.0016816951760791185,,0.0,0.0
sub6a-gnps-CCMSLIB00003139813,COC(O)(CC(C)C)C1Oc2cc(C)[nH]c(=O)c2O1,"2-(1-hydroxy-1-methoxy-3-methylbutyl)-6-methyl-5H-[1,3]dioxolo[4,5-c]pyridin-4-one",0,5,0.027092082130179013,0.011142968689022642,,0.0,0.0
sub6a-gnps-CCMSLIB00003139905,CCCCCC=CCC(O)C=CC=CCC=CCCCC(=O)O,"Spectral Match to 12R-Hydroxy-5Z,8Z,10E,14Z-eicosatetraenoic acid from NIST14",0,1,0.9913353832461841,0.5395491483235055,,1.0,0.0
sub6a-gnps-CCMSLIB00003139905,CCCCCC=CCC=CC=CC(O)CC=CCCCC(=O)O,Spectral Match to 8-HETE from NIST14,0,2,0.9946103498928313,0.4891060979717026,22.0,1.0,0.0
sub6a-gnps-CCMSLIB00003139905,CCCCCC=CCC=CCC=CC=CC(O)CCCC(=O)O,Spectral Match to 5(S)-HETE from NIST14,0,3,0.9903604017381429,0.44979934222337925,,1.0,0.0
sub6a-gnps-CCMSLIB00003139905,CCC=CCC=CCC=CCC=CCC=CCCCC(=O)O,Eicosapentaenoic acid,0,4,0.9648511386413064,0.5659279229162943,,0.0,1.0
sub6a-gnps-CCMSLIB00003139905,CC12CCC(=O)C=C1CCC1C2CCC2(C)C1CCC2(C)O,17alpha-Methyltestosterone,0,5,0.9709079689512856,0.5176841783995549,,0.0,1.0
sub6a-gnps-CCMSLIB00003140161,NC(Cc1ccc(O)cc1)C(=O)O,Tyrosine_(L-),1,1,0.9561874511330282,0.6993109707503036,42.857142857142854,1.0,1.0
sub6a-gnps-CCMSLIB00003140161,O=C(O)c1ccc(=O)n(C2CC2)c1,"1-cyclopropyl-6-oxo-1,6-dihydropyridine-3-carboxylic acid",0,2,0.6272790725910522,0.3759294623569598,,0.0,0.0
sub6a-gnps-CCMSLIB00003140161,O=C(O)c1cc(C2CC2)[nH]c(=O)c1,"6-cyclopropyl-2-oxo-1,2-dihydropyridine-4-carboxylic acid",0,3,0.6286941245731711,0.3456775232109751,,0.0,0.0
sub6a-gnps-CCMSLIB00003140161,CC(=O)Nc1ccc(C(=O)O)cc1,4-Acetamidobenzoic acid,0,4,0.6299331430275613,0.33932671104369755,,0.0,0.0
sub6a-gnps-CCMSLIB00003140161,O=C(O)c1cc2c([nH]c1=O)CCC2,115122-63-9,0,5,0.6214784072244934,0.34336166806313273,,0.0,0.0
sub6a-gnps-CCMSLIB00005436192,OCC1OC(O)C(O)C(O)C1O,MANNOSE,1,1,1.0,0.0,0.0,1.0,0.0
sub6a-gnps-CCMSLIB00005436192,OCC1OC(O)(CO)C(O)C1O,FRUCTOSE,0,2,0.9998050367152737,0.0,,1.0,0.0
sub6a-gnps-CCMSLIB00005436192,OCC1(O)OCC(O)C(O)C1O,PSICOSE,0,3,0.9992847359350188,0.0,,1.0,0.0
sub6a-gnps-CCMSLIB00005436192,OC1C(O)C(O)C(O)C(O)C1O,MYOINOSITOL,0,4,0.998755983910283,0.0,,1.0,0.0
sub6a-gnps-CCMSLIB00005436192,Cn1c(=O)c2[nH]cnc2n(C)c1=O,THEOPHYLLINE,0,5,0.9988965933079262,0.0,,0.0,0.0
sub6a-gnps-CCMSLIB00005436221,O=S(=O)(O)C(O)Cc1c[nH]c2ccccc12,ReSpect:PT202540 Indole-3-acetaldehyde sodium bisulfite|1-hydroxy-2-(1H-indol-3-yl)ethanesulfonic acid|1-hydroxy-2-(1H-indol-3-yl)ethanesulfonic acid,0,1,0.9889277223220669,0.5698748080177709,0.0,0.0,0.0
sub6a-gnps-CCMSLIB00005436235,OCC1OC(O)C(O)C(O)C1O,GALACTOSE,1,1,1.0,0.0,0.0,1.0,0.0
sub6a-gnps-CCMSLIB00005436235,OCC1(O)OCC(O)C(O)C1O,SORBOSE,0,2,0.9994054584295666,0.0,,1.0,0.0
sub6a-gnps-CCMSLIB00005436235,OCC1OC(O)(CO)C(O)C1O,FRUCTOSE,0,3,0.9993407382602193,0.0,,1.0,0.0
sub6a-gnps-CCMSLIB00005436235,OC1C(O)C(O)C(O)C(O)C1O,MYOINOSITOL,0,4,0.9984528726723338,0.0,,1.0,0.0
sub6a-gnps-CCMSLIB00005436235,Cn1c(=O)c2[nH]cnc2n(C)c1=O,THEOPHYLLINE,0,5,0.9997388287206389,0.0,,0.0,0.0
sub6a-gnps-CCMSLIB00005436240,OCC1OC(OC2(CO)OC(CO)C(O)C2O)C(O)C(O)C1O,SUCROSE,1,1,1.0,0.0,0.0,1.0,0.0
sub6a-gnps-CCMSLIB00005436240,OCC1OC(OCC2OC(O)(CO)C(O)C2O)C(O)C(O)C1O,isomaltulose,0,2,0.9384646208717425,9.129284600205063e-05,,1.0,0.0
sub6a-gnps-CCMSLIB00005436240,OCC1OC(OCC2OC(O)C(O)C(O)C2O)C(O)C(O)C1O,Melibiose,0,3,0.9147910959718093,0.0,,1.0,0.0
sub6a-gnps-CCMSLIB00005436240,O=C(C(O)CO)C(O)C(O)COC1OC(CO)C(O)C(O)C1O,Melibiose_40EV,0,4,0.9015082322601804,0.0,,1.0,0.0
sub6a-gnps-CCMSLIB00005436240,O=C(C(O)CO)C(OC1OC(CO)C(O)C(O)C1O)C(O)CO,Maltose_30EV,0,5,0.8828743516681632,0.0,,1.0,0.0
sub6a-gnps-CCMSLIB00005436247,OC1C(O)C(O)C(O)C(O)C1O,MYOINOSITOL,1,1,1.0,0.0,0.0,1.0,0.0
sub6a-gnps-CCMSLIB00005436247,OCC1OC(O)C(O)C(O)C1O,ALLOSE,0,2,0.9991176641454207,0.0,,1.0,0.0
sub6a-gnps-CCMSLIB00005436247,OCC1(O)OCC(O)C(O)C1O,SORBOSE,0,3,0.9989979148854051,0.0,,1.0,0.0
sub6a-gnps-CCMSLIB00005436247,OCC1OC(O)(CO)C(O)C1O,FRUCTOSE,0,4,0.998526047155859,0.0,,1.0,0.0
sub6a-gnps-CCMSLIB00005436247,Cn1c(=O)c2[nH]cnc2n(C)c1=O,THEOPHYLLINE,0,5,0.997897914800695,0.0,,0.0,0.0
sub6a-gnps-CCMSLIB00005463549,OCC1OC(OC2(CO)OC(CO)C(O)C2O)C(O)C(O)C1O,Saccharose_20EV,1,1,0.9914398208008589,0.0,0.0,1.0,0.0
sub6a-gnps-CCMSLIB00005463549,OCC1OC(OCC2OC(O)(CO)C(O)C2O)C(O)C(O)C1O,isomaltulose,0,2,0.9384646208717425,9.129284600205063e-05,,1.0,0.0
sub6a-gnps-CCMSLIB00005463549,OCC1OC(OCC2OC(O)C(O)C(O)C2O)C(O)C(O)C1O,Melibiose,0,3,0.9147910959718093,0.0,,1.0,0.0
sub6a-gnps-CCMSLIB00005463549,O=C(C(O)CO)C(O)C(O)COC1OC(CO)C(O)C(O)C1O,Melibiose_40EV,0,4,0.9015082322601804,0.0,,1.0,0.0
sub6a-gnps-CCMSLIB00005463549,O=C(C(O)CO)C(OC1OC(CO)C(O)C(O)C1O)C(O)CO,Maltose_30EV,0,5,0.8828743516681632,0.0,,1.0,0.0
sub6a-gnps-CCMSLIB00005463596,OC1C(O)C(O)C(O)C(O)C1O,MYOINOSITOL,1,1,1.0,0.0,0.0,1.0,0.0
sub6a-gnps-CCMSLIB00005463596,OCC1OC(O)C(O)C(O)C1O,ALLOSE,0,2,0.9991176641454207,0.0,,1.0,0.0
sub6a-gnps-CCMSLIB00005463596,OCC1(O)OCC(O)C(O)C1O,SORBOSE,0,3,0.9989979148854051,0.0,,1.0,0.0
sub6a-gnps-CCMSLIB00005463596,OCC1OC(O)(CO)C(O)C1O,FRUCTOSE,0,4,0.998526047155859,0.0,,1.0,0.0
sub6a-gnps-CCMSLIB00005463596,Cn1c(=O)c2[nH]cnc2n(C)c1=O,THEOPHYLLINE,0,5,0.997897914800695,0.0,,0.0,0.0
sub6a-gnps-CCMSLIB00005463642,OCC1OC(O)C(O)C(O)C1O,GALACTOSE,1,1,1.0,0.0,0.0,1.0,0.0
sub6a-gnps-CCMSLIB00005463642,OCC1(O)OCC(O)C(O)C1O,SORBOSE,0,2,0.9994054584295666,0.0,,1.0,0.0
sub6a-gnps-CCMSLIB00005463642,OCC1OC(O)(CO)C(O)C1O,FRUCTOSE,0,3,0.9993407382602193,0.0,,1.0,0.0
sub6a-gnps-CCMSLIB00005463642,OC1C(O)C(O)C(O)C(O)C1O,MYOINOSITOL,0,4,0.9984528726723338,0.0,,1.0,0.0
sub6a-gnps-CCMSLIB00005463642,Cn1c(=O)c2[nH]cnc2n(C)c1=O,THEOPHYLLINE,0,5,0.9997388287206389,0.0,,0.0,0.0
sub6a-gnps-CCMSLIB00005463770,O=c1ccc2ccccc2o1,coumarin,1,1,0.694197710558898,0.33573887429190624,8.333333333333334,0.0,1.0
sub6a-gnps-CCMSLIB00005463770,O=C(O)C=Cc1ccccc1O,2-Hydroxycinnamic acid CollisionEnergy:102040,0,2,0.6420889173644756,0.4959855705014264,,0.0,0.0
sub6a-gnps-CCMSLIB00005463770,O=C(O)C=Cc1ccc(O)cc1,"Coumaric acid (isomer of 192, 194)",0,3,0.6369748425822698,0.40688821154429683,,0.0,0.0
sub6a-gnps-CCMSLIB00005463770,O=C(O)C=Cc1ccccc1,ReSpect:PT201050 trans-Cinnamic acid|Zimtsaeure|3-Phenylpropenoic Acid|trans-3-Phenylacrylic acid|trans-3-Benzenepropenoic Acid|trans-beta-Carboxystyrene|(E)-3-phenylprop-2-enoic acid,0,4,0.5567924978239472,0.37496890269975536,,0.0,0.0
sub6a-gnps-CCMSLIB00005463770,O=C(O)C=Cc1cccc(O)c1,"Coumaric acid (isomer of 189, 192)",0,5,0.5636552283619232,0.3180424984782538,,0.0,0.0
sub6a-gnps-CCMSLIB00005463861,O=c1ccc2ccccc2o1,COUMARIN,1,1,0.9512859717497504,0.4988749583347536,,1.0,1.0
sub6a-gnps-CCMSLIB00005463861,O=c1ccoc2ccccc12,CHROMONE CollisionEnergy:205060,0,2,0.7993314802373035,0.41864111388280734,,1.0,1.0
sub6a-gnps-CCMSLIB00005463861,O=C(O)C=Cc1ccccc1O,2-Hydroxycinnamic acid CollisionEnergy:102040,0,3,0.9540810029014025,0.5066961259144157,6.666666666666667,0.0,0.0
sub6a-gnps-CCMSLIB00005463861,O=C(O)C=Cc1ccccc1,ReSpect:PT201050 trans-Cinnamic acid|Zimtsaeure|3-Phenylpropenoic Acid|trans-3-Phenylacrylic acid|trans-3-Benzenepropenoic Acid|trans-beta-Carboxystyrene|(E)-3-phenylprop-2-enoic acid,0,4,0.8252951625707107,0.5571669235672967,,0.0,0.0
sub6a-gnps-CCMSLIB00005463861,O=C(O)C=Cc1cccc(O)c1,"Coumaric acid (isomer of 189, 192)",0,5,0.7606951450125773,0.3867650457482924,,0.0,0.0
sub6a-gnps-CCMSLIB00005463875,CC12CCC3c4ccc(O)cc4CCC3C1CCC2O,ST013886 CollisionEnergy:205060,1,1,0.996041700655099,0.23945224403130114,28.94736842105263,1.0,0.0
sub6a-gnps-CCMSLIB00005463875,Cc1ccc(C=C2C(=O)C3(C)CCC2C3(C)C)cc1,4-Methylbenzylidene camphor,0,2,0.36377522064085294,0.1797158844800698,,0.0,1.0
sub6a-gnps-CCMSLIB00005463961,NCCc1ccc(O)c(O)c1,DOPAMINE,1,1,0.9954716228925876,0.5732581335774031,12.5,1.0,1.0
sub6a-gnps-CCMSLIB00005463961,NCC(O)c1ccc(O)cc1,OCTOPAMINE,0,2,0.9754828637679615,0.05017145270070426,,1.0,1.0
sub6a-gnps-CCMSLIB00005463961,CCc1c(C(=O)O)ccn1C,2-ethyl-1-methyl-1H-pyrrole-3-carboxylic acid,0,3,0.05169417466651645,0.006062395695455323,,1.0,1.0
sub6a-gnps-CCMSLIB00005463961,CC1(CCC(=O)O)CCC(=O)N1,3-(2-methyl-5-oxopyrrolidin-2-yl)propanoic acid,0,4,0.14329863727575587,0.004823810699727543,,0.0,0.0
sub6a-gnps-CCMSLIB00005463961,O=C(O)CC1CCCCNC1=O,2-(2-oxoazepan-3-yl)acetic acid,0,5,0.09140288246290709,0.0243053270410288,,0.0,0.0
sub6a-gnps-CCMSLIB00005464095,NC(CCC(=O)O)C(=O)O,Glutamic_acid_(L-),1,1,0.8545447299606542,0.565382520216586,8.333333333333334,1.0,1.0
sub6a-gnps-CCMSLIB00005464095,CC(C(=O)O)C(N)C(=O)O,ReSpect:PT202180 DL-threo-beta-Methylaspartic acid|beta-methylaspartate|2-Amino-3-methylsuccinic acid|2-amino-3-methylbutanedioic acid,0,2,0.6170722047117729,0.48159748244904466,,1.0,1.0
sub6a-gnps-CCMSLIB00005464095,CC(=O)NC(CO)C(=O)O,ReSpect:PT209000 N-acetyl-DL-serine|Ser(Ac)|2-Acetylamino-3-hydroxy-propionic acid|2-acetamido-3-hydroxypropanoic acid,0,3,0.10621167027386767,0.0,,1.0,1.0
sub6a-gnps-CCMSLIB00005464211,Cc1ncc(CO)c(CO)c1O,PYRIDOXINE,0,1,0.6392804623550851,0.0,0.0,0.0,0.0
sub6a-gnps-CCMSLIB00005464211,CC(NCc1ccco1)C(=O)O,Alanine_Furfural (known isomers: 0; isobaric peaks in run: 0),0,2,0.4856604346188025,0.0,,0.0,0.0
sub6a-gnps-CCMSLIB00005464211,NCC(O)c1ccc(O)c(O)c1,NOREPINEPHRINE,1,3,0.11400315350461294,0.0,,0.0,0.0
sub6a-gnps-CCMSLIB00005464272,Cc1ncc(CO)c(C(=O)O)c1O,4_PYRIDOXATE,1,1,0.952647384721509,0.5355088078765895,7.6923076923076925,1.0,0.0
sub6a-gnps-CCMSLIB00005464272,N#Cc1ccc(C(=O)O)cc1,4-cyanobenzoic-acid [CCS=136.30853271484375],0,2,0.6628974588790634,0.44505599978733446,,0.0,1.0
sub6a-gnps-CCMSLIB00005464272,O=C1NC(=O)c2ccccc21,"1H-Isoindole-1,3(2H)-dione",0,3,0.03219915973584855,0.5677981855790827,,0.0,1.0
sub6a-gnps-CCMSLIB00005464272,NC(CCC(=O)O)C(=O)O,Glutamic acid,0,4,0.06994724787516153,0.00594250173821179,,0.0,0.0
sub6a-gnps-CCMSLIB00005464365,COc1c2c(c3c4c(nccc14)C(=O)c1ccccc1-3)OCO2,Atherospermidine,0,1,0.07710096343517474,0.06097270730812484,,0.0,1.0
sub6a-gnps-CCMSLIB00005464365,O=C(O)C(CO)NCC(O)C(O)C(O)C(O)C(=O)O,Serine_galacturonic acid (known isomers: 0; isobaric peaks in run: 0),0,2,0.0874192885285777,0.16121207479199803,,0.0,0.0
sub6a-gnps-CCMSLIB00005464365,Cc1ccc(S(=O)(=O)N2CCCCC2C(=O)O)cc1,1-(Toluene-4-sulfonyl)-piperidine-2-carboxylic acid,0,3,0.15444801135791267,0.045789146388283346,6.25,0.0,0.0
sub6a-gnps-CCMSLIB00005464365,CC(O)CC(=O)NC(Cc1ccc(O)cc1)C(=O)O,3-hydroxybutyroyl tyrosine [M+K]+,0,4,0.10533302623185198,0.09260313596595068,,0.0,0.0
sub6a-gnps-CCMSLIB00005464365,Nc1[nH]c(=O)nc2c1ncn2C1OC(CO)C(O)C1O,Crotonoside,0,5,0.07590228006697397,0.01939477246601964,,0.0,0.0
sub6a-gnps-CCMSLIB00005464386,Nc1ccn(C2CC(O)C(CO)O2)c(=O)n1,2'-deoxycytidine CollisionEnergy:102040,1,1,0.9947113661015872,2.5568269622964915e-05,0.0,1.0,0.0
sub6a-gnps-CCMSLIB00005464386,CC(NC(Cc1c[nH]cn1)C(=O)O)C(=O)O,Histidine_pyruvate (known isomers: 0; isobaric peaks in run: 0),0,2,0.1599499784337618,0.0,,1.0,0.0
sub6a-gnps-CCMSLIB00005464559,Nc1ccn(C2OC(COP(=O)(O)OP(=O)(O)O)C(O)C2O)c(=O)n1,"ReSpect:PT201900 Cytidine-5'-diphosphate sodium salt hydrate,from yeast|CDP Sodium Salt|Cytidine 5'-Diphosphoric Acid|[(2R,3S,4R,5R)-5-(4-amino-2-oxopyrimidin-1-yl)-3,4-dihydroxyoxolan-2-yl]methyl phosphono hydrogen p",1,1,0.8805758718373812,0.7407998255536054,23.529411764705884,1.0,1.0
sub6a-gnps-CCMSLIB00005464567,COc1cc(C(=O)NCc2cccnc2)ccc1OCc1ccc(Cl)cc1,{4-[(4-chlorophenyl)methoxy]-3-methoxyphenyl}-N-(3-pyridylmethyl)carboxamide CollisionEnergy:102040,0,1,0.04204367714212463,0.02274118650271875,,0.0,1.0
sub6a-gnps-CCMSLIB00005464567,O=C1CCCc2cc(NS(=O)(=O)c3cnn(-c4ccccc4)c3)ccc2N1,Z1102052828,0,2,0.045822984284161636,0.024518087218915092,,0.0,0.0
sub6a-gnps-CCMSLIB00005464567,COc1ccc(C(=O)N2CCN(c3cccc(Cl)c3)CC2)cc1OC,"""3,4-dimethoxyphenyl 4-(3-chlorophenyl)piperazinyl ketone CollisionEnergy:102040""",0,3,0.04368325945472997,0.0260643251552489,,0.0,0.0
sub6a-gnps-CCMSLIB00005464567,CC(c1ccc2[nH]c(=O)sc2c1)c1ccn(-c2ccc(OCCO)cn2)n1,YIQTLNB50N,0,4,0.04827750663628207,0.015611830024445125,2.5641025641025643,0.0,0.0
sub6a-gnps-CCMSLIB00005464567,NC(=O)C1CCN(S(=O)(=O)c2cnn(-c3ccccc3)c2)c2ccccc21,Z1527420849,0,5,0.01937282946820909,0.03019857042956737,,0.0,0.0
sub6a-gnps-CCMSLIB00005464583,O=c1ccn(C2OC(COP(=O)(O)O)C(O)C2O)c(=O)[nH]1,URIDINE MONOPHOSPHATE,1,1,0.7959458600744639,0.0,0.0,1.0,0.0
sub6a-gnps-CCMSLIB00005464583,Cc1ccc(-c2nnc(CSc3nnc(-c4cccs4)o3)o2)o1,"2-(5-methylfuran-2-yl)-5-({[5-(thiophen-2-yl)-1,3,4-oxadiazol-2-yl]sulfanyl}methyl)-1,3,4-oxadiazole",0,2,0.06719633883979577,0.3868143395902311,,0.0,1.0
sub6a-gnps-CCMSLIB00005464583,CC(=O)Nc1ccc(S(=O)(=O)Nc2cc(=O)[nH]cn2)cc1,SULFAMONOMETHOXINE_metabolite_006,0,3,0.07453713086491293,0.005779513786292089,,0.0,0.0
sub6a-gnps-CCMSLIB00005464583,CC(=O)Nc1ccc(S(=O)(=O)Nc2ncc(O)cn2)cc1,SULFAMETER_metabolite_006,0,4,0.07481641369993383,0.0,,0.0,0.0
sub6a-gnps-CCMSLIB00005464583,CC(=O)Nc1ccc(S(=O)(=O)Nc2ccc(=O)[nH]n2)cc1,SULFAMETHOXYPYRIDAZINE_metabolite_006,0,5,0.06303058334553431,0.0,,0.0,0.0
sub6a-gnps-CCMSLIB00005464609,Nc1ncnc2c1ncn2C1OC(CSCCC(N)C(=O)O)C(O)C1O,S-adenosyl-L-homocysteine CollisionEnergy:102040,1,1,0.9087051369104957,0.036137707922382786,0.0,1.0,0.0
sub6a-gnps-CCMSLIB00005464609,NC(=O)c1cnccc1N1CCC(c2nc3cc(C(F)(F)F)ccc3s2)CC1,Z1687437118,0,2,0.8743996801666164,0.30159471447454944,,0.0,0.0
sub6a-gnps-CCMSLIB00005464609,Cn1c(=O)c2c(ncn2CC(=O)NCc2ccc(S(N)(=O)=O)cc2)n(C)c1=O,"""2-(1,3-dimethyl-2,6-dioxo(1,3,7-trihydropurin-7-yl))-N-[(4-sulfamoylphenyl)met hyl]acetamide CollisionEnergy:102040""",0,3,0.8224015682537605,0.34450509739837587,,0.0,0.0
sub6a-gnps-CCMSLIB00005464609,CCOC(=O)COc1c(-c2cccc(OC)c2OC)oc2ccccc2c1=O,"""ethyl 2-[2-(2,3-dimethoxyphenyl)-4-oxochromen-3-yloxy]acetate CollisionEnergy:205060""",0,4,0.8718219942767111,0.0,,0.0,0.0
sub6a-gnps-CCMSLIB00005464609,O=C(CCC(NCC(O)C(O)C(O)CO)C(=O)O)NC(CS)C(=O)O,gamma-Glu-Cys_ribose (known isomers: 0; isobaric peaks in run: 0),0,5,0.5915754055309691,0.0,,0.0,0.0
sub6a-gnps-CCMSLIB00005719965,OCC(O)C(O)C(O)C(O)CO,MANNITOL,1,1,0.9970841753514721,0.11398103425196393,42.857142857142854,1.0,1.0
sub6a-gnps-CCMSLIB00005719965,CCOC(=O)c1cnc(N)nc1N,"Ethyl 2,4-diaminopyrimidine-5-carboxylate",0,2,0.03516617161994202,0.12797110830670091,,0.0,1.0
sub6a-gnps-CCMSLIB00005719966,OCC(O)C(O)C(O)C(O)CO,Sorbitol,1,1,0.3923315414318949,0.22953146821297715,42.857142857142854,1.0,0.0
sub6a-gnps-CCMSLIB00005719966,O=C1SCCC1NC1CCCCC1,Homocysteine thiolactone_Cyclohexanone (known isomers: 0; isobaric peaks in run: 2),0,2,0.019061837286865068,0.006791835792472531,,0.0,0.0
sub6a-gnps-CCMSLIB00005720370,Nc1ccn(C2CC(O)C(CO)O2)c(=O)n1,DEOXYCYTIDINE,1,1,0.8660940243921981,0.6456979897328552,28.571428571428573,0.0,1.0
sub6a-gnps-CCMSLIB00005720370,O=C(O)CC(NCCc1c[nH]cn1)C(=O)O,Histamine_Oxaloacetic acid (known isomers: 0; isobaric peaks in run: 0),0,2,0.056561884430226354,0.01294446408421396,,0.0,1.0
sub6a-gnps-CCMSLIB00005720370,O=C(CCO)NC(Cc1c[nH]cn1)C(=O)O,3-hydroxypropionyl histidine [M+H]+,0,3,0.04253031539792039,0.013663921668648295,,0.0,1.0
sub6a-gnps-CCMSLIB00005720370,CC(NC(Cc1c[nH]cn1)C(=O)O)C(=O)O,Histidine_pyruvate (known isomers: 0; isobaric peaks in run: 1),0,4,0.032787245581728325,0.018641283369235498,,0.0,1.0
sub6a-gnps-CCMSLIB00005720370,Cc1ccc(N2CCCC2)c(C(=O)O)c1,5-methyl-2-(pyrrolidin-1-yl)benzoic acid,0,5,0.025000877137224903,0.01208539135844346,,0.0,0.0
sub6a-gnps-CCMSLIB00005720422,NCCOP(=O)(O)O,O-PHOSPHOETHANOLAMINE,1,1,0.46549551609285444,0.05414258807115643,0.0,1.0,1.0
sub6a-gnps-CCMSLIB00005720553,O=C(O)Cc1ccc(O)c(O)c1,"HMDB:HMDB01336-1520 3,4-Dihydroxybenzeneacetic acid",0,1,0.7213228786006903,0.49474933087799466,,1.0,1.0
sub6a-gnps-CCMSLIB00005720553,O=C(O)Cc1cc(O)ccc1O,HOMOGENTISIC ACID,1,2,0.7449825998341852,0.4596558211864493,5.882352941176471,1.0,1.0
sub6a-gnps-CCMSLIB00005720553,COc1cc(C(=O)O)ccc1O,vanillic acid,0,3,0.659697251854205,0.43058149733949325,,1.0,1.0
sub6a-gnps-CCMSLIB00005720553,COc1ccc(O)c(C(=O)O)c1,5-METHOXYSALICYLIC ACID,0,4,0.6294571136914083,0.39019562209739883,,1.0,1.0
sub6a-gnps-CCMSLIB00005720553,O=C1C=CCO1,2_5H_furanone,0,5,0.7231843274593198,0.4420077277592809,,0.0,0.0
sub6a-gnps-CCMSLIB00005720659,Nc1ccn(C2CC(O)C(CO)O2)c(=O)n1,"ReSpect:PT201440 2'-Deoxycytidine|dC|dCYD|2'-Deoxy-CYD|Cytosine deoxyriboside|4-amino-1-[(2R,4S,5R)-4-hydroxy-5-(hydroxymethyl)oxolan-2-yl]pyrimidin-2-one",1,1,0.6795544415676327,0.3917829320220007,5.0,0.0,1.0
sub6a-gnps-CCMSLIB00005720659,N=c1ccn2c(n1)OC1C(O)C(CO)OC12,ANCITABINE,0,2,0.10448573845819213,0.0907115059228529,,0.0,1.0
sub6a-gnps-CCMSLIB00005720659,CC(C)C(NCCP(=O)(O)O)C(=O)O,2-aminoethylphosphonic_alpha-ketoisovaleric acid (known isomers: 0; isobaric peaks in run: 1),0,3,0.026724712131606196,0.07568368994242775,,0.0,1.0
sub6a-gnps-CCMSLIB00005720659,Nc1ccn(C2OC(CO)C(O)C2O)c(=O)n1,CYTARABINE,0,4,0.04530475403861846,0.34391192798356496,,0.0,0.0
sub6a-gnps-CCMSLIB00005720659,CCOC(=O)Cc1c[nH]c2ccccc12,ETHYL 3-INDOLEACETATE,0,5,0.11759850756194604,0.02229219839034601,,0.0,0.0
sub6a-gnps-CCMSLIB00005720676,O=c1ccn2c(n1)OC1C(O)C(CO)OC12,3736-77-4,0,1,0.28152611049514475,0.2217447993612658,,0.0,1.0
sub6a-gnps-CCMSLIB00005720676,NC(Cc1ccc(O)c([N+](=O)[O-])c1)C(=O)O,3-NITRO-L-TYROSINE,0,2,0.22241120712088144,0.0,,0.0,1.0
sub6a-gnps-CCMSLIB00005720676,O=C(O)CCCCCCCC(=O)O,AZELAIC ACID,0,3,0.38332253615920403,0.20071684849815558,0.0,0.0,0.0
sub6a-gnps-CCMSLIB00005720762,Nc1ncnc2c1ncn2C(C=O)OC(C=O)CO,Adenosine dialdehyde,0,1,0.05957289877129612,0.03701947359000624,10.0,0.0,1.0
sub6a-gnps-CCMSLIB00005720762,O=P(O)(O)OCC(O)CNCCc1c[nH]cn1,Histamine_Glyceraldehyde-3-phosphate (known isomers: 0; isobaric peaks in run: 3),0,2,0.0010793543015854938,0.0,,0.0,1.0
sub6a-gnps-CCMSLIB00005720762,Nc1ncnc2c1ncn2C1OC(CO)C(O)C1O,"ReSpect:PT200400 Adenosine|9-beta-D-Ribofuranosyladenine|Adenine riboside|Sandesin|Boniton|Myocol|Nucleocardyl|Adenocard|(2R,3R,4S,5R)-2-(6-aminopurin-9-yl)-5-(hydroxymethyl)oxolane-3,4-diol",1,3,0.0,0.0,,0.0,1.0
sub6a-gnps-CCMSLIB00005720762,O=P(O)(O)CCNCCCc1ccccc1,2-aminoethylphosphonic_3-phenylpropionaldehyde (known isomers: 0; isobaric peaks in run: 0),0,4,0.0045010732394690596,0.0021643190585336463,,0.0,0.0
sub6a-gnps-CCMSLIB00005720762,Cc1ccc(-n2nnc(C(=O)O)c2C2CC2)cc1,1017399-13-1,0,5,0.0,0.004469850430282093,,0.0,0.0
sub6a-gnps-CCMSLIB00005720789,O=c1ccn(C2OC(COP(=O)(O)OP(=O)(O)O)C(O)C2O)c(=O)[nH]1,"ReSpect:PT203660 Uridine-5'-diphosphate sodium salt|UDP|[(2R,3S,4R,5R)-5-(2,4-dioxopyrimidin-1-yl)-3,4-dihydroxyoxolan-2-yl]methyl phosphono hydrogen phosphate",1,1,0.7779745558942884,0.717505559268113,25.0,0.0,1.0
sub6a-gnps-CCMSLIB00005720789,COc1cc2c(c(C)c1Cl)C(=O)Oc1c(Cl)c(OC)c(Cl)c(C)c1O2,3-Dechloro-4-O-methyldiploicin,0,2,0.4363053662665501,0.3139483644335867,,0.0,0.0
sub6a-gnps-CCMSLIB00005720789,COc1c(C)c2c(c(C)c1Cl)Oc1c(Cl)c(O)c(Cl)c(C)c1C(=O)O2,Caloploicin,0,3,0.303591729698142,0.2754608057708528,,0.0,0.0
sub6a-gnps-CCMSLIB00005720868,O=C(C(O)CO)C(O)C(O)CO,Galactose,0,1,0.4847738865636824,0.5185027031253616,22.22222222222222,0.0,1.0
sub6a-gnps-CCMSLIB00005720868,OC1C(O)C(O)C(O)C(O)C1O,Myo-inositol,0,2,0.45456476983927097,0.4771114192158761,,0.0,1.0
sub6a-gnps-CCMSLIB00005720868,Cc1nc2ncnn2cc1C(=O)O,102170-48-9,0,3,0.2413288468557475,0.14987085338211756,,0.0,1.0
sub6a-gnps-CCMSLIB00005720868,Cn1nnc2c(C(=O)O)ccnc21,1785515-89-0,0,4,0.2348254893517278,0.1236601041900988,,0.0,1.0
sub6a-gnps-CCMSLIB00005720868,Cc1ccn2nc(C(=O)O)nc2n1,1691859-88-7,0,5,0.23915422890375007,0.07805644948411038,,0.0,1.0
sub6a-gnps-CCMSLIB00005723934,CC12C=CC(=O)CC1CCC1C2CCC2(C)C(O)CCC12,h_51_boldenone-m,0,1,0.8438515045615937,0.4283062965392593,,1.0,0.0
sub6a-gnps-CCMSLIB00005723934,CC12CCC3C(CCC4CC(O)C=CC43C)C1CCC2=O,h_193_quinbolone_m,0,2,0.9124648563079134,0.3184844920493143,14.583333333333334,1.0,0.0
sub6a-gnps-CCMSLIB00005723934,CC12CCC(=O)C=C1CCC1C2CCC2(C)C(O)CCC12,h_10_testosterone,1,3,0.6946509747595192,0.4291010175986499,,1.0,0.0
sub6a-gnps-CCMSLIB00005723934,CC12CCC3C(CC=C4CC(O)CCC43C)C1CCC2=O,Dehydroepiandrosterone CollisionEnergy:205060,0,4,0.28962545228718634,0.3015061557565298,,1.0,0.0
sub6a-gnps-CCMSLIB00005723934,CC12COC(=O)CC1CCC1C2CCC2(C)C1CCC2(C)O,h_61_17_epioxandrolone,0,5,0.18194531385980262,0.213490221859008,,0.0,0.0
sub6a-gnps-CCMSLIB00005883593,NCCS(=O)O,HYPOTAURINE - 20.0 eV,1,1,0.983346029920188,0.6356043503056614,33.333333333333336,1.0,1.0
sub6a-gnps-CCMSLIB00005883597,NCCS(=O)O,HYPOTAURINE - 60.0 eV,1,1,0.7919849225195342,0.17162655206543936,33.333333333333336,1.0,1.0
sub6a-gnps-CCMSLIB00005883598,CC(O)C(N)C(=O)O,THREONINE - 40.0 eV,1,1,0.9948267113151722,0.7314730750318368,20.0,1.0,1.0
sub6a-gnps-CCMSLIB00005883598,NC(CCO)C(=O)O,DL-Homoserine CollisionEnergy:102040,0,2,0.9221267425134452,0.7575779724928309,,1.0,1.0
sub6a-gnps-CCMSLIB00005883598,CC(N)(CO)C(=O)O,alpha-Methyl-DL-serine,0,3,0.9145933732518643,0.6735760367060747,,1.0,1.0
sub6a-gnps-CCMSLIB00005883598,NCC(O)CC(=O)O,(+)-.gamma.-Amino-.beta.-hydroxybutyric acid - 40.0 eV,0,4,0.2626613896852078,0.6376767098805199,,1.0,1.0
sub6a-gnps-CCMSLIB00005883598,NC(CO)CC(=O)O,ReSpect:PT106130 L-beta-homoserine|(R)-3-Amino-4-hydroxybutyric acid|(3R)-3-amino-4-hydroxybutanoic acid,0,5,0.2595363990109153,0.23322887760005695,,1.0,1.0
sub6a-gnps-CCMSLIB00005883631,O=c1[nH]c(=O)c2[nH]c(=O)[nH]c2[nH]1,URATE - 60.0 eV,1,1,0.9311775509243582,0.4001511347800602,61.53846153846154,1.0,1.0
sub6a-gnps-CCMSLIB00005883641,NC(CS)C(=O)O,CYSTEINE - 40.0 eV,1,1,0.9977293827362242,0.7057854466823442,33.333333333333336,1.0,1.0
sub6a-gnps-CCMSLIB00005883642,NC(CS)C(=O)O,CYSTEINE - 30.0 eV,1,1,0.9977293827362242,0.6862755992960403,33.333333333333336,1.0,1.0
sub6a-gnps-CCMSLIB00005883643,NC(CS)C(=O)O,CYSTEINE - 20.0 eV,1,1,0.9840330371671414,0.7810237762286006,33.333333333333336,1.0,1.0
sub6a-gnps-CCMSLIB00005883644,NC(CS)C(=O)O,CYSTEINE - 70.0 eV,1,1,0.96518296262348,0.872539522505348,33.333333333333336,1.0,1.0
sub6a-gnps-CCMSLIB00005883714,NCC(=O)O,GLYCINE - 60.0 eV,1,1,0.9898003670456084,0.5717202233328377,33.333333333333336,1.0,1.0
sub6a-gnps-CCMSLIB00005883715,NCC(=O)O,GLYCINE - 30.0 eV,1,1,0.9870149217453527,0.537614431587749,33.333333333333336,1.0,1.0
sub6a-gnps-CCMSLIB00005883716,NCC(=O)O,GLYCINE - 40.0 eV,1,1,0.9898003670456084,0.5672479306076682,33.333333333333336,1.0,1.0
sub6a-gnps-CCMSLIB00005883758,O=c1ccn(C2OC(COP(=O)(O)O)C(O)C2O)c(=O)[nH]1,URIDINE-5-MONOPHOSPHATE - 50.0 eV,1,1,0.9978869392548732,0.08969248588646934,23.076923076923077,1.0,1.0
sub6a-gnps-CCMSLIB00005883758,CN=C(C[N+](=O)[O-])NCCSCc1csc(C=O)n1,NIZATIDINE_metabolite_010,0,2,0.0716351765456006,0.006628823542124604,,0.0,0.0
sub6a-gnps-CCMSLIB00005883758,COc1ccc2c(Cl)c(C(=O)NNC(=O)C3CC3)sc2c1,3-chloro-N'-(cyclopropylcarbonyl)-6-methoxy-1-benzothiophene-2-carbohydrazide,0,3,0.005302750944192767,0.021132231067430392,,0.0,0.0
sub6a-gnps-CCMSLIB00005883758,O=C(O)C1CCCCN1C(=O)c1sc2ncccc2c1Cl,Z2898204788,0,4,0.019356150529393407,0.0,,0.0,0.0
sub6a-gnps-CCMSLIB00005883759,O=c1ccn(C2OC(COP(=O)(O)O)C(O)C2O)c(=O)[nH]1,URIDINE-5-MONOPHOSPHATE - 60.0 eV,1,1,0.9968548454000992,0.10979606277514742,23.076923076923077,1.0,1.0
sub6a-gnps-CCMSLIB00005883759,CN=C(C[N+](=O)[O-])NCCSCc1csc(C=O)n1,NIZATIDINE_metabolite_010,0,2,0.07357494515695906,0.008637268940320627,,0.0,0.0
sub6a-gnps-CCMSLIB00005883759,COc1ccc2c(Cl)c(C(=O)NNC(=O)C3CC3)sc2c1,3-chloro-N'-(cyclopropylcarbonyl)-6-methoxy-1-benzothiophene-2-carbohydrazide,0,3,0.01112398127917987,0.03215007192797437,,0.0,0.0
sub6a-gnps-CCMSLIB00005883759,O=C(O)C1CCCCN1C(=O)c1sc2ncccc2c1Cl,Z2898204788,0,4,0.02170427984863178,0.00019770960965837504,,0.0,0.0
sub6a-gnps-CCMSLIB00005883786,NC(=O)c1cccnc1,NICOTINAMIDE - 30.0 eV,1,1,0.9999365763716075,0.5490395123460238,50.0,1.0,1.0
sub6a-gnps-CCMSLIB00005883786,CC(=O)c1cnccn1,2-Acetylpyrazine,0,2,0.9893177500407682,0.4681391449791261,,1.0,1.0
sub6a-gnps-CCMSLIB00005883786,NC(=O)c1ccncc1,Spectral Match to Isonicotinamide from NIST14,0,3,0.6641823494993963,0.5338681533179103,,1.0,1.0
sub6a-gnps-CCMSLIB00005883786,Cc1cn(C)nc1C(=O)O,"1,4-Dimethyl-1H-pyrazole-3-carboxylic acid",0,4,0.9587935174235458,0.539607681334594,,0.0,0.0
sub6a-gnps-CCMSLIB00005883786,CCc1cc(C(=O)O)[nH]n1,5-ethyl-1H-pyrazole-3-carboxylic Acid,0,5,0.95804921121626,0.3720165806999455,,0.0,0.0
sub6a-gnps-CCMSLIB00005883826,O=C1CCNC(=O)N1,DIHYDROURACIL - 30.0 eV,1,1,0.9989738270301176,0.6077218665655093,57.142857142857146,1.0,1.0
sub6a-gnps-CCMSLIB00005883826,O=C1CNC(=O)CN1,"piperazine-2,5-dione",0,2,0.9148754681864355,0.5209878500572442,,1.0,1.0
sub6a-gnps-CCMSLIB00005883826,Cn1cc(O)[nH]c1=O,Dioxy-creatinine - 40.0 eV,0,3,0.6276514156017513,0.6166235830774864,,1.0,1.0
sub6a-gnps-CCMSLIB00005883826,NC(=O)NCCC(=O)O,UREIDOPROPIONATE,0,4,0.8856102653077582,0.36543448761446345,,0.0,0.0
sub6a-gnps-CCMSLIB00005883828,O=C1CCNC(=O)N1,DIHYDROURACIL - 30.0 eV,1,1,0.9978924950121308,0.5849745325834942,57.142857142857146,1.0,1.0
sub6a-gnps-CCMSLIB00005883828,O=C1CNC(=O)CN1,"piperazine-2,5-dione",0,2,0.9090889062604417,0.5187594165505784,,1.0,1.0
sub6a-gnps-CCMSLIB00005883828,Cn1cc(O)[nH]c1=O,Dioxy-creatinine - 40.0 eV,0,3,0.6251499024034557,0.6132214743640507,,1.0,1.0
sub6a-gnps-CCMSLIB00005883828,NC(=O)NCCC(=O)O,UREIDOPROPIONATE,0,4,0.8873630552857894,0.3575231315938379,,0.0,0.0
sub6a-gnps-CCMSLIB00005883830,O=C1CCNC(=O)N1,DIHYDROURACIL - 50.0 eV,1,1,0.9127577959383161,0.5824546649599892,57.142857142857146,1.0,1.0
sub6a-gnps-CCMSLIB00005883830,O=C1CNC(=O)CN1,"piperazine-2,5-dione",0,2,0.5607011210065087,0.3724125330674832,,1.0,1.0
sub6a-gnps-CCMSLIB00005883830,Cn1cc(O)[nH]c1=O,Dioxy-creatinine - 40.0 eV,0,3,0.3909460216175618,0.39798020200019774,,1.0,1.0
sub6a-gnps-CCMSLIB00005883830,NC(=O)NCCC(=O)O,3-Ureidopropionic acid CollisionEnergy:102040,0,4,0.8099476771494566,0.5614611801079904,,0.0,0.0
sub6a-gnps-CCMSLIB00005883831,O=C1CCNC(=O)N1,DIHYDROURACIL - 60.0 eV,1,1,0.9029599836142593,0.5167978922873531,35.714285714285715,1.0,1.0
sub6a-gnps-CCMSLIB00005883831,O=C1CNC(=O)CN1,"piperazine-2,5-dione",0,2,0.2867289792189585,0.24525753645908807,,1.0,1.0
sub6a-gnps-CCMSLIB00005883831,Cn1cc(O)[nH]c1=O,Dioxy-creatinine - 40.0 eV,0,3,0.19678680464680615,0.2163104282827277,,1.0,1.0
sub6a-gnps-CCMSLIB00005883831,NC(=O)NCCC(=O)O,3-Ureidopropionic acid,0,4,0.7435066325228797,0.5079556522846302,,0.0,0.0
sub6a-gnps-CCMSLIB00005883931,NC(CCS)C(=O)O,HOMOCYSTEINE,1,1,0.9963070053548139,0.8314794797244531,33.333333333333336,1.0,1.0
sub6a-gnps-CCMSLIB00005883931,CSCC(N)C(=O)O,HMDB:HMDB02108-2008 Methylcysteine,0,2,0.2561433442429983,0.20627323919565926,,1.0,1.0
sub6a-gnps-CCMSLIB00005883931,COC(=O)C(N)CS,MECYSTEINE,0,3,0.05491012603218984,0.0,,1.0,1.0
sub6a-gnps-CCMSLIB00005883995,OCC(O)C(O)C(O)C(O)CO,GALACTITOL - 50.0 eV,1,1,0.9522004576414344,0.03475342846181584,14.285714285714286,0.0,1.0
sub6a-gnps-CCMSLIB00005883995,CCOC(=O)c1cnc(N)nc1N,"Ethyl 2,4-diaminopyrimidine-5-carboxylate",0,2,0.13067028347886994,0.07319713756013327,,0.0,0.0
sub6a-gnps-CCMSLIB00005884012,O=C(O)c1cccnc1C(=O)O,"PYRIDINE-2,3-DICARBOXYLATE - 20.0 eV",1,1,0.9998683473685954,0.44356384590359266,20.0,1.0,1.0
sub6a-gnps-CCMSLIB00005884012,O=C(O)c1cccc(C(=O)O)n1,"2,6-Pyridinedicarboxylic acid",0,2,0.5179140169087687,0.49085698155780266,,1.0,1.0
sub6a-gnps-CCMSLIB00005884025,Cn1c(=O)c2c(ncn2C)n(C)c1=O,CAFFEINE,1,1,0.9949094227484364,0.5757842995429823,69.23076923076923,1.0,1.0
sub6a-gnps-CCMSLIB00005884025,Cn1c(=O)c2ncn(C)c2n(C)c1=O,Isocaffeine,0,2,0.9507385199761041,0.5158462178226839,,1.0,1.0
sub6a-gnps-CCMSLIB00005884025,CC1=C(C(=O)O)Cn2ncnc2N1C,1564571-59-0,0,3,0.8176658723153267,0.3820075800036624,,1.0,1.0
sub6a-gnps-CCMSLIB00005884025,NNC(=O)c1cccc(C(=O)NN)c1,"1,3-Benzenedicarboxylic acid, dihydrazide",0,4,0.7235376729840945,0.3957844384601587,,1.0,1.0
sub6a-gnps-CCMSLIB00005884025,OCC(O)C(O)C(O)C(O)C(O)CO,PERSEITOL,0,5,0.026651224609640357,0.3741550103401761,,0.0,0.0
sub6a-gnps-CCMSLIB00005884061,NCCc1ccc(O)c(O)c1,3-Hydroxytyramine,1,1,0.997201645622536,0.5792131900848357,29.166666666666668,1.0,1.0
sub6a-gnps-CCMSLIB00005884061,NCC(O)c1ccc(O)cc1,OCTOPAMINE,0,2,0.9661481920847227,0.06265716775397678,,1.0,1.0
sub6a-gnps-CCMSLIB00005884061,Cc1cc(C(=O)O)c(C)n1C,"1,2,5-trimethyl-1H-pyrrole-3-carboxylic acid",0,3,0.004260803608053071,0.0027164794693141565,,1.0,1.0
sub6a-gnps-CCMSLIB00005884061,CC1(CCC(=O)O)CCC(=O)N1,3-(2-methyl-5-oxopyrrolidin-2-yl)propanoic acid,0,4,0.05756172364149174,0.00265090078044068,,0.0,0.0
sub6a-gnps-CCMSLIB00005884061,O=C(O)CC1CCCCNC1=O,2-(2-oxoazepan-3-yl)acetic acid,0,5,0.003952172714062661,0.021678559123649948,,0.0,0.0
sub6a-gnps-CCMSLIB00005884083,NC(COP(=O)(O)O)C(=O)O,O-PHOSPHO-DL-SERINE - 20.0 eV,1,1,0.9997979778079694,0.011410925854820552,33.333333333333336,1.0,1.0
sub6a-gnps-CCMSLIB00005884083,CNC(CC(=O)O)C(=O)O,N_METHYLASPARTATE,0,2,0.011165993076035467,0.41911869415252073,,0.0,0.0
sub6a-gnps-CCMSLIB00005884432,NC(COP(=O)(O)O)C(=O)O,O-PHOSPHO-L-SERINE - 30.0 eV,1,1,0.9998656440438821,0.007175565183066576,33.333333333333336,1.0,1.0
sub6a-gnps-CCMSLIB00005884432,CNC(CC(=O)O)C(=O)O,N_METHYLASPARTATE,0,2,0.007952451224900273,0.4133912643346486,,0.0,0.0
sub6a-gnps-CCMSLIB00005884434,NC(COP(=O)(O)O)C(=O)O,O-PHOSPHO-L-SERINE - 50.0 eV,1,1,0.9996514179325346,0.0025945797982585275,33.333333333333336,1.0,1.0
sub6a-gnps-CCMSLIB00005884434,CNC(CC(=O)O)C(=O)O,N_METHYLASPARTATE,0,2,0.0012887644166107895,0.40353190412720297,,0.0,0.0
sub6a-gnps-CCMSLIB00005884438,Nc1ncnc2c1ncn2C1OC(CSCCC(N)C(=O)O)C(O)C1O,S-(5'-ADENOSYL)-L-HOMOCYSTEINE,1,1,0.9978790753754312,0.4393764185090691,14.705882352941176,1.0,1.0
sub6a-gnps-CCMSLIB00005884438,O=C(Nc1cc(-c2ccccc2)nn1-c1ccccc1)c1ccc([N+](=O)[O-])cc1,890764-36-0,0,2,0.13437410445310607,0.0,,0.0,1.0
sub6a-gnps-CCMSLIB00005884438,C=C(C)C(=O)OC1C(O)C(C=O)=CCCC(CO)=CC2OC(=O)C(=C)C21,"[(3aS,4S,5S,6E,10Z,11aR)-6-formyl-5-hydroxy-10-(hydroxymethyl)-3-methylidene-2-oxo-3a,4,5,8,9,11a-hexahydrocyclodeca[b]furan-4-yl] 2-methylprop-2-enoate",0,3,0.13915017190277668,0.0,,0.0,0.0
sub6a-gnps-CCMSLIB00005884438,COc1ccc(-c2oc3cc(OC)c(OC)c(OC)c3c(=O)c2OC)cc1OC,HEXAMETHYLQUERCETAGETIN,0,4,0.13019129532840387,5.987577348539929e-05,,0.0,0.0
sub6a-gnps-CCMSLIB00005884438,COc1ccc(-c2cc(=O)c3c(OC)c(OC)c(OC)c(OC)c3o2)cc1OC,NOBILETIN,0,5,0.11685798322717646,0.0,,0.0,0.0
sub6a-gnps-CCMSLIB00005884442,Nc1ncnc2c1ncn2C1OC(CSCCC(N)C(=O)O)C(O)C1O,S-ADENOSYLHOMOCYSTEINE,1,1,0.9936154293577466,0.6615308243511043,23.529411764705884,1.0,1.0
sub6a-gnps-CCMSLIB00005884442,O=C(Nc1cc(-c2ccccc2)nn1-c1ccccc1)c1ccc([N+](=O)[O-])cc1,890764-36-0,0,2,0.1041480329367503,2.9991607824666102e-05,,0.0,1.0
sub6a-gnps-CCMSLIB00005884442,COc1ccc(-c2oc3cc(OC)c(OC)c(OC)c3c(=O)c2OC)cc1OC,HEXAMETHYLQUERCETAGETIN,0,3,0.10725657775960097,0.0,,0.0,0.0
sub6a-gnps-CCMSLIB00005884442,COc1ccc(-c2cc(=O)c3c(OC)c(OC)c(OC)c(OC)c3o2)cc1OC,NOBILETIN,0,4,0.09750577107637967,0.0,,0.0,0.0
sub6a-gnps-CCMSLIB00005884442,C=C(C)C(=O)OC1C(O)C(C=O)=CCCC(CO)=CC2OC(=O)C(=C)C21,"[(3aS,4S,5S,6E,10Z,11aR)-6-formyl-5-hydroxy-10-(hydroxymethyl)-3-methylidene-2-oxo-3a,4,5,8,9,11a-hexahydrocyclodeca[b]furan-4-yl] 2-methylprop-2-enoate",0,5,0.07213981889677608,0.00015782173916880472,,0.0,0.0
sub6a-gnps-CCMSLIB00005884446,NCCCC(N)C(=O)O,Ornithine,1,1,0.9989200693912211,0.9914949484562007,66.66666666666667,1.0,1.0
sub6a-gnps-CCMSLIB00005884446,CC(C)C(NN)C(=O)O,Hydrazine_alpha-ketoisovaleric acid (known isomers: 0; isobaric peaks in run: 3),0,2,0.025699136097525995,0.37045195385067786,,1.0,1.0
sub6a-gnps-CCMSLIB00005884446,CC(=O)NNCC(C)O,Acetylhydrazine_2-Hydroxypropanal (known isomers: 0; isobaric peaks in run: 1),0,3,0.026498810711238576,0.013425603937690902,,1.0,1.0
sub6a-gnps-CCMSLIB00005884731,CC(O)C(N)C(=O)O,L-ALLOTHREONINE - 30.0 eV,1,1,0.9880510387456547,0.32292520571578504,20.0,1.0,1.0
sub6a-gnps-CCMSLIB00005884731,CC(N)(CO)C(=O)O,alpha-Methyl-DL-serine,0,2,0.47368347502053376,0.45393806206842985,,1.0,1.0
sub6a-gnps-CCMSLIB00005884731,NC(CCO)C(=O)O,L-Homoserine - 30.0 eV,0,3,0.5583036376802476,0.3346562729534797,,1.0,1.0
sub6a-gnps-CCMSLIB00005884731,NC(CO)CC(=O)O,ReSpect:PT106130 L-beta-homoserine|(R)-3-Amino-4-hydroxybutyric acid|(3R)-3-amino-4-hydroxybutanoic acid,0,4,0.3572284092138658,0.23272745783238027,,1.0,1.0
sub6a-gnps-CCMSLIB00005884731,NCC(O)CC(=O)O,(+)-.gamma.-Amino-.beta.-hydroxybutyric acid - 40.0 eV,0,5,0.2838354047168227,0.30128731683092497,,1.0,1.0
sub6a-gnps-CCMSLIB00005884998,CSCCC(N)C(=O)O,L-methionine,1,1,0.9508366842462961,0.8798195276125226,100.0,1.0,1.0
sub6a-gnps-CCMSLIB00005884998,CC(NCCS)C(=O)O,Cysteamine_pyruvate (known isomers: 0; isobaric peaks in run: 3),0,2,0.34881880768024115,0.5142699843455153,,1.0,1.0
sub6a-gnps-CCMSLIB00005884998,CCNC(CS)C(=O)O,Cysteine_Acetaldehyde (known isomers: 0; isobaric peaks in run: 1),0,3,0.4989531466868862,0.24840177630346316,,1.0,1.0
sub6a-gnps-CCMSLIB00005885030,NCC(=O)O,Glycine - 40.00 eV,1,1,0.9987753705250337,0.7014376109334455,33.333333333333336,1.0,1.0
sub6a-gnps-CCMSLIB00005885075,NC(CCC(=O)O)C(=O)O,GLUTAMATE - 40.0 eV,1,1,0.9993574464819223,0.7344324270377884,83.33333333333333,1.0,1.0
sub6a-gnps-CCMSLIB00005885075,O=C(O)CNC(=O)CCO,3-hydroxypropionyl glycine [M+H]+,0,2,0.8835775860768494,0.48242475034703197,,1.0,1.0
sub6a-gnps-CCMSLIB00005885075,CNC(CC(=O)O)C(=O)O,N-METHYLASPARTATE,0,3,0.48143066499848963,0.47800179327005327,,1.0,1.0
sub6a-gnps-CCMSLIB00005885075,CC(NCC(=O)O)C(=O)O,Glycine_pyruvate (known isomers: 0; isobaric peaks in run: 1),0,4,0.32199805525809194,0.3800558603110677,,1.0,1.0
sub6a-gnps-CCMSLIB00005885075,CC(=O)NC(CO)C(=O)O,N-Acetyl-serine; AIF; CE10; CorrDec,0,5,0.27160294699822535,0.19603248901114106,,1.0,1.0
sub6a-gnps-CCMSLIB00005885076,NC(CCC(=O)O)C(=O)O,GLUTAMATE - 50.0 eV,1,1,0.9997909959485489,0.6698509770347326,83.33333333333333,1.0,1.0
sub6a-gnps-CCMSLIB00005885076,O=C(O)CNC(=O)CCO,3-hydroxypropionyl glycine [M+H]+,0,2,0.826569380427623,0.48094145668876404,,1.0,1.0
sub6a-gnps-CCMSLIB00005885076,CNC(CC(=O)O)C(=O)O,N-METHYLASPARTATE,0,3,0.3589482838066896,0.3592825218166119,,1.0,1.0
sub6a-gnps-CCMSLIB00005885076,CC(=O)NC(CO)C(=O)O,N-Acetyl-serine; AIF; CE10; CorrDec,0,4,0.2796487698284311,0.19293077369619396,,1.0,1.0
sub6a-gnps-CCMSLIB00005885076,CC(NCC(=O)O)C(=O)O,Glycine_pyruvate (known isomers: 0; isobaric peaks in run: 1),0,5,0.19672598949343875,0.24783238303466126,,1.0,1.0
sub6a-gnps-CCMSLIB00005885094,NC(Cc1ccc(O)cc1)C(=O)O,Spectral Match to L-Tyrosine from NIST14,1,1,0.9731206790132416,0.7193716720808317,85.71428571428571,1.0,1.0
sub6a-gnps-CCMSLIB00005885094,NC(Cc1cccc(O)c1)C(=O)O,YP2278000 - 40.0 eV,0,2,0.8027111511874937,0.6613667298135344,,1.0,1.0
sub6a-gnps-CCMSLIB00005885094,NC(Cc1ccccc1O)C(=O)O,HMDB:HMDB06050-2467 o-Tyrosine,0,3,0.7985830324111953,0.6509117411433976,,1.0,1.0
sub6a-gnps-CCMSLIB00005885094,O=C(O)CNCc1ccccc1O,Glycine_Salicylaldehyde (known isomers: 0; isobaric peaks in run: 2),0,4,0.8030699803612975,0.1895157299705648,,1.0,1.0
sub6a-gnps-CCMSLIB00005885094,O=C(O)C=Cc1ccc(O)cc1,p-Coumaric acid (known structural isomers: 1; isobaric peaks in run: 4),0,5,0.9099313968894904,0.4719100519083189,,0.0,0.0
sub6a-gnps-CCMSLIB00006112594,OC1C(O)C(O)C(O)C(O)C1O,Myo-inositol,1,1,0.911005240121195,0.5517949032921746,83.33333333333333,1.0,1.0
sub6a-gnps-CCMSLIB00006112594,Cc1nc2ncnn2cc1C(=O)O,102170-48-9,0,2,0.4946361443717124,0.31432918709435553,,0.0,1.0
sub6a-gnps-CCMSLIB00006112594,Cn1nnc2c(C(=O)O)ccnc21,1785515-89-0,0,3,0.48652712270665127,0.2590452175185872,,0.0,1.0
sub6a-gnps-CCMSLIB00006112594,Cc1ccn2nc(C(=O)O)nc2n1,1691859-88-7,0,4,0.4931393113149607,0.16351393254736538,,0.0,1.0
sub6a-gnps-CCMSLIB00006112594,O=C1OC(CO)C(O)C(O)C1O,Glucono-Delta-Lactone (known structural isomers: 0; isobaric peaks in run: 0),0,5,0.4770367904001298,0.635496365974041,,0.0,0.0
sub6a-gnps-CCMSLIB00006112598,OC1C(O)C(O)C(O)C(O)C1O,Myo-inositol,1,1,0.5448170165405701,0.17964661225011025,66.66666666666667,1.0,1.0
sub6a-gnps-CCMSLIB00006112598,Cc1nc2ncnn2cc1C(=O)O,102170-48-9,0,2,0.11412078921985583,0.0005628546101221355,,0.0,1.0
sub6a-gnps-CCMSLIB00006112598,Cn1ncc2c(C(=O)O)ncnc21,"1-METHYL-1H-PYRAZOLO[3,4-D]PYRIMIDINE-4-CARBOXYLIC ACID",0,3,0.050168137086399826,0.0,,0.0,1.0
sub6a-gnps-CCMSLIB00006112598,O=C1OC(CO)C(O)C(O)C1O,GLUCONOLACTONE,0,4,0.14335659908964016,0.31810897378004527,,0.0,0.0
sub6a-gnps-CCMSLIB00006112598,O=C1OC(C(O)CO)C(O)C1O,D-GULONIC ACID GAMA-LACTONE - 70.0 eV,0,5,0.09278849684253473,0.09161585866419078,,0.0,0.0
sub6a-gnps-CCMSLIB00006112636,OCC(O)C(O)C(O)C(O)CO,Sorbitol,1,1,0.925406845896692,0.9309112914639036,71.42857142857143,1.0,1.0
sub6a-gnps-CCMSLIB00006112636,Cn1c(=O)[nH]c2ncn(C)c2c1=O,paraxanthine,0,2,0.49198116243714635,0.27790502303565173,,0.0,1.0
sub6a-gnps-CCMSLIB00006112636,Cn1cnc2c1c(=O)[nH]c(=O)n2C,Theobromine,0,3,0.4711612247473337,0.2921016507212018,,0.0,1.0
sub6a-gnps-CCMSLIB00006112636,Cn1c(=O)c2[nH]cnc2n(C)c1=O,theophylline,0,4,0.47971967147409655,0.243016911408194,,0.0,1.0
sub6a-gnps-CCMSLIB00006112636,OC1C(O)C(O)C(O)C(O)C1O,MYOINOSITOL,0,5,0.4585794897397726,0.8296817598487215,,0.0,0.0
sub6a-gnps-CCMSLIB00006112637,OCC(O)C(O)C(O)C(O)CO,Sorbitol,1,1,0.8919569968529021,0.9125200345754625,71.42857142857143,1.0,1.0
sub6a-gnps-CCMSLIB00006112637,Cn1c(=O)[nH]c2ncn(C)c2c1=O,paraxanthine,0,2,0.4278116283246499,0.23971576595998112,,0.0,1.0
sub6a-gnps-CCMSLIB00006112637,Cn1cnc2c1c(=O)[nH]c(=O)n2C,Spectral Match to Theobromine from NIST14,0,3,0.40639447553719044,0.2519615161177742,,0.0,1.0
sub6a-gnps-CCMSLIB00006112637,Cn1c(=O)c2[nH]cnc2n(C)c1=O,theophylline,0,4,0.41567999440102227,0.20962192199012794,,0.0,1.0
sub6a-gnps-CCMSLIB00006112637,OC1C(O)C(O)C(O)C(O)C1O,MYOINOSITOL,0,5,0.3952558068634533,0.8029684676944967,,0.0,0.0
sub6a-gnps-CCMSLIB00006113551,N=C(N)NCC(=O)O,Glycocyamine - 40.0 eV,1,1,0.9965962810665657,0.7586431145307531,60.0,1.0,1.0
sub6a-gnps-CCMSLIB00006115119,NC(=O)NC(CC(=O)O)C(=O)O,ReSpect:PT210480 Carbamoyl-DL-aspartic acid|N-Carbamoylaspartate|Ureidosuccinic acid|N-(aminocarbonyl)-DL-aspartic acid|N-Carbamyl-DL-aspartic acid|(2S)-2-(carbamoylamino)butanedioic acid,1,1,0.9909583015058816,0.6182096013356989,50.0,1.0,1.0
sub6a-gnps-CCMSLIB00006115119,COc1cc(C=O)ccc1O,Vanillin (known structural isomers: 0; isobaric peaks in run: 0),0,2,0.03338279961206373,0.004826220445349433,,0.0,0.0
sub6a-gnps-CCMSLIB00006115119,COC(=O)c1ccccc1OC1OC(COC2OCC(O)C(O)C2O)C(O)C(O)C1O,Gaultherin,0,3,0.02510301985345577,0.009474943239602879,,0.0,0.0
sub6a-gnps-CCMSLIB00006115119,O=C(O)Cc1ccccc1O,2-HYDROXYPHENYLACETIC ACID,0,4,0.01181867608263558,0.0003648689889100423,,0.0,0.0
sub6a-gnps-CCMSLIB00006115119,O=C(O)Cc1ccc(O)cc1,4-hydroxyphenylacetic acid,0,5,0.003261732312193211,0.004750113657135903,,0.0,0.0
sub6a-gnps-CCMSLIB00006115121,NC(=O)NC(CC(=O)O)C(=O)O,ReSpect:PT210480 Carbamoyl-DL-aspartic acid|N-Carbamoylaspartate|Ureidosuccinic acid|N-(aminocarbonyl)-DL-aspartic acid|N-Carbamyl-DL-aspartic acid|(2S)-2-(carbamoylamino)butanedioic acid,1,1,0.9905176157413,0.6150203737124083,50.0,1.0,1.0
sub6a-gnps-CCMSLIB00006115121,COc1cc(C=O)ccc1O,Vanillin (known structural isomers: 0; isobaric peaks in run: 0),0,2,0.0342536401255099,0.005080784240539948,,0.0,0.0
sub6a-gnps-CCMSLIB00006115121,COC(=O)c1ccccc1OC1OC(COC2OCC(O)C(O)C2O)C(O)C(O)C1O,Gaultherin,0,3,0.022535047488911462,0.009401608327025789,,0.0,0.0
sub6a-gnps-CCMSLIB00006115121,O=C(O)Cc1ccccc1O,2-HYDROXYPHENYLACETIC ACID,0,4,0.011818363587406462,0.00038411436645050846,,0.0,0.0
sub6a-gnps-CCMSLIB00006115121,O=C(O)Cc1ccc(O)cc1,4-hydroxyphenylacetic acid,0,5,0.0032420367168219883,0.004755050882491141,,0.0,0.0
sub6a-gnps-CCMSLIB00006116160,CC1=C(CC(=O)O)c2cc(F)ccc2C1=Cc1ccc(S(C)=O)cc1,Sulindac - 40.0 eV,1,1,0.9982660813218505,0.5732846544388882,29.41176470588235,1.0,1.0
sub6a-gnps-CCMSLIB00006116160,CC1=C(CC(=O)O)c2cc(F)ccc2C1=Cc1ccc([S+](C)[O-])cc1,sulindac,1,2,0.9888821764296284,0.3687420443313956,,1.0,1.0
sub6a-gnps-CCMSLIB00006116160,COc1ccc(-c2oc3cc4c(c(OC)c3c(=O)c2OC)OCO4)cc1,"7,9-dimethoxy-6-(4-methoxyphenyl)-[1,3]dioxolo[4,5-g]chromen-8-one",0,3,0.1832058497781272,0.07782501487419956,,0.0,1.0
sub6a-gnps-CCMSLIB00006116160,COc1cc(OC)c2c(OC)c(-c3ccc4c(c3)OCO4)c(=O)oc2c1,Derrusnin,0,4,0.18292610314562535,0.07134363312168643,,0.0,1.0
sub6a-gnps-CCMSLIB00006116160,CSC1(CO)C(=O)N2C3C(=CC=CC3O)CC2(SC)C(=O)N1C,"NCGC00380667-01_C15H20N2O4S2_Pyrazino[1,2-a]indole-1,4-dione, 2,3,5a,6,10,10a-hexahydro-6-hydroxy-3-(hydroxymethyl)-2-methyl-3,10a-bis(methylthio)-, (3R,5aS,6S,10aR)-",0,5,0.3198151922095665,0.06647154585655744,,0.0,0.0
sub6a-gnps-CCMSLIB00006116161,CC1=C(CC(=O)O)c2cc(F)ccc2C1=Cc1ccc(S(C)=O)cc1,Sulindac - 40.0 eV,1,1,0.9988919857031501,0.5832520595519839,32.35294117647059,1.0,1.0
sub6a-gnps-CCMSLIB00006116161,CC1=C(CC(=O)O)c2cc(F)ccc2C1=Cc1ccc([S+](C)[O-])cc1,sulindac,1,2,0.990297015021787,0.37739783038351593,,1.0,1.0
sub6a-gnps-CCMSLIB00006116161,COc1ccc(-c2oc3cc4c(c(OC)c3c(=O)c2OC)OCO4)cc1,"7,9-dimethoxy-6-(4-methoxyphenyl)-[1,3]dioxolo[4,5-g]chromen-8-one",0,3,0.2179552937746023,0.09139859901227419,,0.0,1.0
sub6a-gnps-CCMSLIB00006116161,COc1cc(OC)c2c(OC)c(-c3ccc4c(c3)OCO4)c(=O)oc2c1,Derrusnin,0,4,0.21760520916837814,0.08477956870671459,,0.0,1.0
sub6a-gnps-CCMSLIB00006116161,CSC1(CO)C(=O)N2C3C(=CC=CC3O)CC2(SC)C(=O)N1C,"NCGC00380667-01_C15H20N2O4S2_Pyrazino[1,2-a]indole-1,4-dione, 2,3,5a,6,10,10a-hexahydro-6-hydroxy-3-(hydroxymethyl)-2-methyl-3,10a-bis(methylthio)-, (3R,5aS,6S,10aR)-",0,5,0.3160118251798141,0.07905278703315853,,0.0,0.0
sub6a-gnps-CCMSLIB00006118420,O=c1[nH]c(=O)c2[nH]c(=O)[nH]c2[nH]1,Uric Acid - 40.0 eV,1,1,0.9997985537857553,0.4844740558942208,53.84615384615385,1.0,1.0
sub6a-gnps-CCMSLIB00006119573,O=C(O)c1cccnc1C(=O)O,Quinolinic acid - 40.0 eV,1,1,0.999697074837129,0.2905690519856533,33.333333333333336,1.0,1.0
sub6a-gnps-CCMSLIB00006119573,O=C(O)c1cccc(C(=O)O)n1,"2,6-Pyridinedicarboxylic acid",0,2,0.3222811031050465,0.33197412200026905,,1.0,1.0
sub6a-gnps-CCMSLIB00006120484,Nc1ccn(C2CC(O)C(CO)O2)c(=O)n1,2'-Deoxycytidine - 40.0 eV,1,1,0.9999777277079394,0.8886026994377098,50.0,1.0,1.0
sub6a-gnps-CCMSLIB00006120484,O=C(O)CC(NCCc1c[nH]cn1)C(=O)O,Histamine_Oxaloacetic acid (known isomers: 0; isobaric peaks in run: 0),0,2,0.04943564217798844,0.0005810182264927322,,1.0,1.0
sub6a-gnps-CCMSLIB00006120484,O=C(CCO)NC(Cc1c[nH]cn1)C(=O)O,3-hydroxypropionyl histidine [M+H]+,0,3,0.028038257281806245,0.005328493589866511,,1.0,1.0
sub6a-gnps-CCMSLIB00006120484,CC(NC(Cc1c[nH]cn1)C(=O)O)C(=O)O,Histidine_pyruvate (known isomers: 0; isobaric peaks in run: 1),0,4,0.020166479061347588,0.004757825935654599,,1.0,1.0
sub6a-gnps-CCMSLIB00006120484,CCN1Cc2ccccc2CC1C(=O)O,"""2-ethyl-1,2,3,4-tetrahydroisoquinoline-3-carboxylic acid CollisionEnergy:205060""",0,5,1.2021412411067425e-05,0.0,,0.0,0.0
sub6a-gnps-CCMSLIB00006120496,NC(CCS)C(=O)O,DL-Homocysteine - 40.0 eV,1,1,0.9999434301922004,0.8703433255863996,33.333333333333336,1.0,1.0
sub6a-gnps-CCMSLIB00006120496,CSCC(N)C(=O)O,HMDB:HMDB02108-2008 Methylcysteine,0,2,0.21528422938310438,0.187120341972477,,1.0,1.0
sub6a-gnps-CCMSLIB00006120496,COC(=O)C(N)CS,MECYSTEINE,0,3,0.03806419350968264,0.0,,1.0,1.0
sub6a-gnps-CCMSLIB00006121641,CC1CNC(=O)NC1=O,Dihydrothymine - 40.0 eV,1,1,0.9988479528103686,0.5085099462668009,16.666666666666668,1.0,1.0
sub6a-gnps-CCMSLIB00006121641,CC1(C)NC(=O)NC1=O,"5,5-Dimethylhydantoin; AIF; CE0; MS2Dec",0,2,0.7546081067977333,0.46253134923836675,,1.0,1.0
sub6a-gnps-CCMSLIB00006121641,CC(CNC(N)=O)C(=O)O,3-Ureidoisobutyric acid [M+H-H2O]+; AIF; CE10; MS2Dec,0,3,0.8810270270301671,0.5907915395231002,,0.0,0.0
sub6a-gnps-CCMSLIB00006123152,OCC(O)C(O)C(O)C(O)CO,Sorbitol,1,1,0.8995449104018799,0.9111435197727783,71.42857142857143,1.0,1.0
sub6a-gnps-CCMSLIB00006123152,Cn1c(=O)[nH]c2ncn(C)c2c1=O,paraxanthine,0,2,0.5534799924189692,0.3127352123098127,,0.0,1.0
sub6a-gnps-CCMSLIB00006123152,Cn1cnc2c1c(=O)[nH]c(=O)n2C,THEOBROMINE,0,3,0.5277698886757106,0.325730953194162,,0.0,1.0
sub6a-gnps-CCMSLIB00006123152,Cn1c(=O)c2[nH]cnc2n(C)c1=O,theophylline,0,4,0.5372188151136835,0.27300724571402757,,0.0,1.0
sub6a-gnps-CCMSLIB00006123152,OC1C(O)C(O)C(O)C(O)C1O,MYOINOSITOL,0,5,0.5141362562263398,0.7900106099566703,,0.0,0.0
sub6a-gnps-CCMSLIB00006123787,O=c1ccn(C2OC(COP(=O)(O)OP(=O)(O)O)C(O)C2O)c(=O)[nH]1,"ReSpect:PT203660 Uridine-5'-diphosphate sodium salt|UDP|[(2R,3S,4R,5R)-5-(2,4-dioxopyrimidin-1-yl)-3,4-dihydroxyoxolan-2-yl]methyl phosphono hydrogen phosphate",1,1,0.861138767723777,0.6425252606947545,62.5,1.0,1.0
sub6a-gnps-CCMSLIB00006123787,COc1cc2c(c(C)c1Cl)C(=O)Oc1c(Cl)c(OC)c(Cl)c(C)c1O2,3-Dechloro-4-O-methyldiploicin,0,2,0.06525441307227511,0.043627897161547316,,0.0,0.0
sub6a-gnps-CCMSLIB00006123787,COc1c(C)c2c(c(C)c1Cl)Oc1c(Cl)c(O)c(Cl)c(C)c1C(=O)O2,Caloploicin,0,3,0.05043105980334736,0.038279465885702975,,0.0,0.0
sub6a-gnps-CCMSLIB00006123811,O=c1ccn(C2OC(COP(=O)(O)OP(=O)(O)O)C(O)C2O)c(=O)[nH]1,"ReSpect:PT203660 Uridine-5'-diphosphate sodium salt|UDP|[(2R,3S,4R,5R)-5-(2,4-dioxopyrimidin-1-yl)-3,4-dihydroxyoxolan-2-yl]methyl phosphono hydrogen phosphate",1,1,0.8617626141814566,0.674083564276344,68.75,1.0,1.0
sub6a-gnps-CCMSLIB00006123811,COc1cc2c(c(C)c1Cl)C(=O)Oc1c(Cl)c(OC)c(Cl)c(C)c1O2,3-Dechloro-4-O-methyldiploicin,0,2,0.060663791908588,0.0396591675943796,,0.0,0.0
sub6a-gnps-CCMSLIB00006123811,COc1c(C)c2c(c(C)c1Cl)Oc1c(Cl)c(O)c(Cl)c(C)c1C(=O)O2,Caloploicin,0,3,0.04767860424735231,0.03479727082336848,,0.0,0.0
sub6a-gnps-CCMSLIB00006124487,O=c1ccn2c(n1)OC1C(O)C(CO)OC12,3736-77-4,0,1,0.213251286416598,0.07679501776274288,14.285714285714286,0.0,1.0
sub6a-gnps-CCMSLIB00006124487,NC(Cc1ccc(O)c([N+](=O)[O-])c1)C(=O)O,3-NITRO-TYROSINE,0,2,0.15474193165944852,0.0,,0.0,1.0
sub6a-gnps-CCMSLIB00006124487,O=C(O)CCCCCCCC(=O)O,AZELAIC ACID,0,3,0.13276765975667446,0.0729800496264388,,0.0,0.0
sub6a-gnps-CCMSLIB00006126246,OC1C(O)C(O)C(O)C(O)C1O,Myo-inositol,1,1,0.8697101789115543,0.5548894198845209,83.33333333333333,1.0,1.0
sub6a-gnps-CCMSLIB00006126246,Cc1nc2ncnn2cc1C(=O)O,102170-48-9,0,2,0.38092095019166833,0.23858685717111508,,0.0,1.0
sub6a-gnps-CCMSLIB00006126246,Cn1nnc2c(C(=O)O)ccnc21,1785515-89-0,0,3,0.37076779801004195,0.1968606633669083,,0.0,1.0
sub6a-gnps-CCMSLIB00006126246,Cc1ccn2nc(C(=O)O)nc2n1,1691859-88-7,0,4,0.37408943336086725,0.12426193982406396,,0.0,1.0
sub6a-gnps-CCMSLIB00006126246,O=C1OC(CO)C(O)C(O)C1O,Glucono-Delta-Lactone (known structural isomers: 0; isobaric peaks in run: 0),0,5,0.37251530022278934,0.6512459894196492,,0.0,0.0
sub6a-gnps-CCMSLIB00006126247,OC1C(O)C(O)C(O)C(O)C1O,Myo-inositol,1,1,0.8566476110771991,0.554402703607748,83.33333333333333,1.0,1.0
sub6a-gnps-CCMSLIB00006126247,O=C(C(O)CO)C(O)C(O)CO,Galactose,0,2,0.36617600220983865,0.5045077803391652,,1.0,1.0
sub6a-gnps-CCMSLIB00006126247,Cc1nc2ncnn2cc1C(=O)O,102170-48-9,0,3,0.3568711509434225,0.22263551828099257,,0.0,1.0
sub6a-gnps-CCMSLIB00006126247,Cc1ccn2nc(C(=O)O)nc2n1,1691859-88-7,0,4,0.35152093252120126,0.11595408776222109,,0.0,1.0
sub6a-gnps-CCMSLIB00006126247,O=C1OC(CO)C(O)C(O)C1O,Glucono-Delta-Lactone (known structural isomers: 0; isobaric peaks in run: 0),0,5,0.3508793081730759,0.6570206870947787,,0.0,0.0
sub6a-gnps-CCMSLIB00006126249,OC1C(O)C(O)C(O)C(O)C1O,Myo-inositol,1,1,0.5048353874333141,0.18238323649447083,33.333333333333336,1.0,1.0
sub6a-gnps-CCMSLIB00006126249,Cc1nc2ncnn2cc1C(=O)O,102170-48-9,0,2,0.11605456290274971,0.00017434110664999778,,0.0,1.0
sub6a-gnps-CCMSLIB00006126249,Cc1ccn2nc(C(=O)O)nc2n1,1691859-88-7,0,3,0.018372198082181306,0.0,,0.0,1.0
sub6a-gnps-CCMSLIB00006126249,O=C1OC(CO)C(O)C(O)C1O,GLUCONOLACTONE,0,4,0.11798836128423754,0.30049340945495445,,0.0,0.0
sub6a-gnps-CCMSLIB00006126249,O=C1OC(C(O)CO)C(O)C1O,GULONIC ACID GAMMA-LACTONE,0,5,0.03774128023108612,0.07555204100640622,,0.0,0.0
sub6a-gnps-CCMSLIB00006126554,O=C(O)C=C(CC(=O)O)C(=O)O,"ReSpect:PT206570 cis-Aconitic Acid|Achilleaic acid|cis-aconitate|cis-Oxaloacetic acid|cis-1,2,3-Propenetricarboxylic Acid|cis-Propene-1,2,3-tricarboxylic acid|(Z)-prop-1-ene-1,2,3-tricarboxylic acid",0,1,0.02465425952944557,0.03485229571836269,,1.0,1.0
sub6a-gnps-CCMSLIB00006126554,O=C(O)C(O)C(O)C(=O)O,Tartaric acid,0,2,0.3927125240692126,0.22910105160469854,14.285714285714286,0.0,0.0
sub6a-gnps-CCMSLIB00006354880,O=C(O)C=CC(=O)O,Fumaric acid,1,1,0.996925827329667,0.0,0.0,1.0,0.0
sub6a-gnps-CCMSLIB00006354880,O=C(O)CCC(=O)O,"ReSpect:PT211770 Succinis acid|Succinate|Butanedioic acid|Ethylene Dicarboxylic Acid|Asuccin|Amber acid|Dihydrofumaric acid|Wormwood acid|Dicarboxylic Acid C4|1,2-Ethanedicarboxylic acid|butanedioic acid",0,2,0.2706303595293425,0.0026791095730883873,,0.0,0.0
sub6a-gnps-CCMSLIB00006360006,O=C(O)C=CC(=O)O,Fumaric acid,1,1,0.9948925718799886,0.0,0.0,0.0,0.0
sub6a-gnps-CCMSLIB00006360006,O=C(O)CCC(=O)O,"ReSpect:PT211770 Succinis acid|Succinate|Butanedioic acid|Ethylene Dicarboxylic Acid|Asuccin|Amber acid|Dihydrofumaric acid|Wormwood acid|Dicarboxylic Acid C4|1,2-Ethanedicarboxylic acid|butanedioic acid",0,2,0.0676276619353324,0.0,,0.0,0.0
sub6a-gnps-CCMSLIB00006386794,O=C(O)CCCCC1CCSS1,"5-(1,2-dithiolan-3-yl)pentanoic acid",1,1,0.8725456200583932,0.006150949873076428,0.0,0.0,1.0
sub6a-gnps-CCMSLIB00006387019,O=C(O)CCCCC1CCSS1,"5-(1,2-dithiolan-3-yl)pentanoic acid",1,1,0.9993611467614464,0.0,0.0,0.0,1.0
sub6a-gnps-CCMSLIB00006387108,O=C(O)CCCCC1CCSS1,"5-(1,2-dithiolan-3-yl)pentanoic acid",1,1,0.9993611467614464,0.0,0.0,0.0,1.0
sub6a-gnps-CCMSLIB00006387284,O=C(O)CCCCC1CCSS1,"5-(1,2-dithiolan-3-yl)pentanoic acid",1,1,0.9973655861692947,0.0,0.0,0.0,1.0
sub6a-gnps-CCMSLIB00006403004,CC12CCC(=O)C=C1CCC1C2CCC2(C)C(O)CCC12,testosterone,1,1,0.999455066690947,0.33597564796171114,11.904761904761905,0.0,0.0
sub6a-gnps-CCMSLIB00006403004,CC12CCC3C(CC=C4CC(O)CCC43C)C1CCC2=O,dehydroepiandrosterone [CCS=174.9506378173828],0,2,0.21580870144684597,0.11862683028771215,,0.0,0.0
sub6a-gnps-CCMSLIB00006563842,CC(C)CCCC(C)C1CCC2C3CC=C4CC(O)CCC4(C)C3CCC12C,cholesterol,1,1,0.9853124399932889,0.001967961128931531,0.0,0.0,0.0
sub6a-gnps-CCMSLIB00006570182,COc1cc(O)cc(C=Cc2ccccc2)c1CC=C(C)C,NCGC00380786-01!3-methoxy-4-(3-methylbut-2-enyl)-5-[(E)-2-phenylethenyl]phenol,0,1,0.004251347999174887,0.0,,0.0,1.0
sub6a-gnps-CCMSLIB00006570182,CC12CCC3c4ccc(O)cc4CCC3C1CCC2O,d-estradiol,1,2,0.011153488858517156,0.0,0.0,0.0,0.0
sub6a-gnps-CCMSLIB00006570182,CC(C)c1ccc2c(c1O)CCC1C3=C(CCC21C)C(=O)OC3,TRIPTOPHENOLIDE,0,3,0.005001355919010311,0.0,,0.0,0.0
sub6a-gnps-CCMSLIB00006570216,CC12CCC3c4ccc(O)cc4CCC3C1CCC2O,d-estradiol,1,1,0.9994952086752135,0.004625797321978689,0.0,0.0,0.0
sub6a-gnps-CCMSLIB00006570216,CCCCCC(=O)NC(CCCN=C(N)N)C(=O)O,Arg-C6:0,0,2,0.09635184023022725,0.0,,1.0,0.0
sub6a-gnps-CCMSLIB00006570216,CCC=CCCCNC(CCON=C(N)N)C(=O)O,Canavanine_cis-4-heptenal (known isomers: 1; isobaric peaks in run: 0),0,3,0.046633796142616174,0.012333494936357513,,1.0,0.0
sub6a-gnps-CCMSLIB00006570216,CCC=CCCCN=C(N)NOCCC(N)C(=O)O,Canavanine_cis-4-heptenal (known isomers: 1; isobaric peaks in run: 0),0,4,0.046633796142616174,0.005462827723732786,,1.0,0.0
sub6a-gnps-CCMSLIB00006570216,CC(=O)CC(C)N=C(N)NCCCCC(N)C(=O)O,"homoarginine_2,4-pentanedione (known isomers: 1; isobaric peaks in run: 1)",0,5,0.005980720360019542,0.0,,1.0,0.0
sub6a-gnps-CCMSLIB00006570250,CC12CCC3c4ccc(O)cc4CCC3C1CCC2O,d-estradiol,1,1,0.9994952086752135,0.005119970769226928,0.0,0.0,0.0
sub6a-gnps-CCMSLIB00006570250,CCCCCC(=O)NC(CCCN=C(N)N)C(=O)O,Arg-C6:0,0,2,0.09415755456800036,0.0,,1.0,0.0
sub6a-gnps-CCMSLIB00006570250,CCC=CCCCNC(CCON=C(N)N)C(=O)O,Canavanine_cis-4-heptenal (known isomers: 1; isobaric peaks in run: 0),0,3,0.04636490042982818,0.01232844070645714,,1.0,0.0
sub6a-gnps-CCMSLIB00006570250,CCC=CCCCN=C(N)NOCCC(N)C(=O)O,Canavanine_cis-4-heptenal (known isomers: 1; isobaric peaks in run: 0),0,4,0.04636490042982818,0.005372453937835046,,1.0,0.0
sub6a-gnps-CCMSLIB00006570250,CC(=O)CC(C)N=C(N)NCCCCC(N)C(=O)O,"homoarginine_2,4-pentanedione (known isomers: 1; isobaric peaks in run: 1)",0,5,0.006014926253192135,0.0,,1.0,0.0
sub6a-gnps-CCMSLIB00006570420,CC12CCC3c4ccc(O)cc4CCC3C1CCC2O,d-estradiol,1,1,0.9972412526402394,0.04505968431892765,0.0,0.0,0.0
sub6a-gnps-CCMSLIB00006570420,CCC=CCCCNC(CCON=C(N)N)C(=O)O,Canavanine_cis-4-heptenal (known isomers: 1; isobaric peaks in run: 0),0,2,0.1588511345061155,0.09141202870542207,,1.0,0.0
sub6a-gnps-CCMSLIB00006570420,CCC=CCCCN=C(N)NOCCC(N)C(=O)O,Canavanine_cis-4-heptenal (known isomers: 1; isobaric peaks in run: 0),0,3,0.1588511345061155,0.06709507302368002,,1.0,0.0
sub6a-gnps-CCMSLIB00006570420,CCCCCC(=O)NC(CCCN=C(N)N)C(=O)O,Candidate Arginine-C6:0 (delta mass:98.0732),0,4,0.06597293764528145,0.006276244933774779,,1.0,0.0
sub6a-gnps-CCMSLIB00006570420,CC(=O)CC(C)N=C(N)NCCCCC(N)C(=O)O,"homoarginine_2,4-pentanedione (known isomers: 1; isobaric peaks in run: 1)",0,5,0.0029134687756922576,0.0,,1.0,0.0
sub6a-gnps-CCMSLIB00006570437,CC12CCC3c4ccc(O)cc4CCC3C1CCC2O,d-estradiol,1,1,0.9958641632968568,0.043509213550826716,0.0,0.0,0.0
sub6a-gnps-CCMSLIB00006570437,CCC=CCCCNC(CCON=C(N)N)C(=O)O,Canavanine_cis-4-heptenal (known isomers: 1; isobaric peaks in run: 0),0,2,0.16318197046000485,0.08785262338619552,,1.0,0.0
sub6a-gnps-CCMSLIB00006570437,CCC=CCCCN=C(N)NOCCC(N)C(=O)O,Canavanine_cis-4-heptenal (known isomers: 1; isobaric peaks in run: 0),0,3,0.16318197046000485,0.0650148400255064,,1.0,0.0
sub6a-gnps-CCMSLIB00006570437,CCCCCC(=O)NC(CCCN=C(N)N)C(=O)O,Candidate Arginine-C6:0 (delta mass:98.0732),0,4,0.06829204415203143,0.005892279465057592,,1.0,0.0
sub6a-gnps-CCMSLIB00006570437,CC(=O)CC(C)N=C(N)NCCCCC(N)C(=O)O,"homoarginine_2,4-pentanedione (known isomers: 1; isobaric peaks in run: 1)",0,5,0.0035104467227736655,0.0,,1.0,0.0
sub6a-gnps-CCMSLIB00006570624,CC12CCC3c4ccc(O)cc4CCC3C1CCC2O,d-estradiol,1,1,0.38618002213284136,0.03661307141207252,0.0,0.0,0.0
sub6a-gnps-CCMSLIB00006570624,CCC=CCCCN=C(N)NOCCC(N)C(=O)O,Canavanine_cis-4-heptenal (known isomers: 1; isobaric peaks in run: 0),0,2,0.09260413405190644,0.1257354484657896,,1.0,0.0
sub6a-gnps-CCMSLIB00006570624,CCC=CCCCNC(CCON=C(N)N)C(=O)O,Canavanine_cis-4-heptenal (known isomers: 1; isobaric peaks in run: 0),0,3,0.09260413405190644,0.09608012686304435,,1.0,0.0
sub6a-gnps-CCMSLIB00006570624,CCCCCC(=O)NC(CCCN=C(N)N)C(=O)O,Candidate Arginine-C6:0 (delta mass:98.0732),0,4,0.020881341687371505,0.004313019758589073,,1.0,0.0
sub6a-gnps-CCMSLIB00006570624,CC(=O)CC(C)N=C(N)NCCCCC(N)C(=O)O,"homoarginine_2,4-pentanedione (known isomers: 1; isobaric peaks in run: 1)",0,5,0.0,0.0,,1.0,0.0
sub6a-gnps-CCMSLIB00006570998,CC12CCC3c4ccc(O)cc4CCC3C1CCC2O,d-estradiol,1,1,0.9926308986701914,0.03174196948979281,0.0,0.0,0.0
sub6a-gnps-CCMSLIB00006570998,COc1cc(O)cc(C=Cc2ccccc2)c1CC=C(C)C,NCGC00380786-01!3-methoxy-4-(3-methylbut-2-enyl)-5-[(E)-2-phenylethenyl]phenol,0,2,0.0539979035289131,0.023722031940779754,,0.0,1.0
sub6a-gnps-CCMSLIB00006570998,CC(C)c1ccc2c(c1O)CCC1C3=C(CCC21C)C(=O)OC3,TRIPTOPHENOLIDE,0,3,0.1510381803739227,0.00025603197816537096,,0.0,0.0
sub6a-gnps-CCMSLIB00006572459,CC12CCC(=O)C=C1CCC1C2CCC2(C)C(O)CCC12,testosterone,1,1,0.9998228610514658,0.04234628618006353,0.0,0.0,0.0
sub6a-gnps-CCMSLIB00006572459,CC12CCC3C(CC=C4CC(O)CCC43C)C1CCC2=O,dehydroepiandrosterone [CCS=173.28182983398438],0,2,0.05447035713604218,0.017448047009129004,,0.0,0.0
sub6a-gnps-CCMSLIB00006572483,CC12CCC(=O)C=C1CCC1C2CCC2(C)C(O)CCC12,testosterone,1,1,0.9849283926920662,0.0,0.0,1.0,0.0
sub6a-gnps-CCMSLIB00006572483,C#CC1(O)C=CC2C3CC=C4CC(=O)CCC4C3CCC21CC,Gestodene,0,2,0.11884491738153186,0.04323318668654341,,0.0,1.0
sub6a-gnps-CCMSLIB00006572483,C=CCC1(O)CCC2C3=C(C=CC21C)C1=C(CC3)CC(=O)CC1,Altrenogest,0,3,0.1218964446997927,0.038155950994339924,,0.0,1.0
sub6a-gnps-CCMSLIB00006572483,C#CC1(O)CCC2C3CCc4cc(OC)ccc4C3CCC21C,Mestranol,0,4,0.11490867747524305,0.04701472116547759,,0.0,1.0
sub6a-gnps-CCMSLIB00006572483,CC12CCC(=O)C=C1CCC1C2C(O)CC2(C)C(C(=O)CO)CCC12,CORTICOSTERONE,0,5,0.11435182056533623,0.017848011901195344,,0.0,0.0
sub6a-gnps-CCMSLIB00006572513,CC12CCC(=O)C=C1CCC1C2CCC2(C)C(O)CCC12,testosterone,1,1,0.9989658512684852,0.049938224907695165,0.0,0.0,0.0
sub6a-gnps-CCMSLIB00006572513,CC12CCC3C(CC=C4CC(O)CCC43C)C1CCC2=O,dehydroepiandrosterone [CCS=173.1476593017578],0,2,0.18337472469339977,0.01884672722965118,,0.0,0.0
sub6a-gnps-CCMSLIB00006572537,CC12CCC(=O)C=C1CCC1C2CCC2(C)C(O)CCC12,testosterone,1,1,0.8659169072362916,0.03143860723353637,0.0,0.0,0.0
sub6a-gnps-CCMSLIB00006572537,C=CCC1(O)CCC2C3=C(C=CC21C)C1=C(CC3)CC(=O)CC1,Altrenogest,0,2,0.25978818422356276,0.0,,0.0,1.0
sub6a-gnps-CCMSLIB00006572537,C#CC1(O)C=CC2C3CC=C4CC(=O)CCC4C3CCC21CC,Gestoden,0,3,0.1598739136158368,0.01214598497505308,,0.0,1.0
sub6a-gnps-CCMSLIB00006572537,CC12C=C(CO)C(=O)C=C1CCC1C2C(O)CC2(C)C1CCC2(C)O,h_57_formebolone-m,0,4,0.19306237127345263,0.01369021168167966,,0.0,0.0
sub6a-gnps-CCMSLIB00006572537,CC12CCC3C(CCC4CC(=O)CCC43C)C1CCC2=O,5alpha-ANDROSTAN-3-17-DIONE,0,5,0.09398232833356088,0.011768199209358768,,0.0,0.0
sub6a-gnps-CCMSLIB00006572615,CC12CCC(=O)C=C1CCC1C2CCC2(C)C(O)CCC12,testosterone,1,1,0.9959299417897652,0.036101945567440556,0.0,0.0,0.0
sub6a-gnps-CCMSLIB00006572615,CC12CCC3C(CC=C4CC(O)CCC43C)C1CCC2=O,dehydroepiandrosterone [CCS=173.403076171875],0,2,0.1470983944112572,0.025691533683708932,,0.0,0.0
sub6a-gnps-CCMSLIB00006572647,CC12CCC(=O)C=C1CCC1C2CCC2(C)C(O)CCC12,testosterone,1,1,0.9969095890217533,0.04219388552292491,0.0,0.0,0.0
sub6a-gnps-CCMSLIB00006572647,CC12CCC3C(CC=C4CC(O)CCC43C)C1CCC2=O,dehydroepiandrosterone [CCS=173.403076171875],0,2,0.14191436981220404,0.026743608728888424,,0.0,0.0
sub6a-gnps-CCMSLIB00006572733,CC12CCC(=O)C=C1CCC1C2CCC2(C)C(O)CCC12,testosterone,1,1,0.9209948997036272,0.04870123657024877,0.0,0.0,0.0
sub6a-gnps-CCMSLIB00006572733,CC12CCC3C(CC=C4CC(O)CCC43C)C1CCC2=O,dehydroepiandrosterone [CCS=169.73365783691406],0,2,0.11596540034882677,0.04143855177087644,,0.0,0.0
sub6a-gnps-CCMSLIB00006578165,CC(C)=CCCC(C)=CCCC(C)=CCCC=C(C)CCC=C(C)CCC=C(C)C,"(6E,10E,14E,18E)-2,6,10,15,19,23-hexamethyl-2,6,10,14,18,22-tetracosahexaene",1,1,0.984131387089015,0.0,0.0,0.0,0.0
sub6a-gnps-CCMSLIB00006578165,CC(=O)NCCCCNC(C)C1CCC2C3CCC4CC(O)CCC4(C)C3CCC12C,N-acetyl putrescine_Pregnanolone (known isomers: 0; isobaric peaks in run: 3),0,2,0.009262045805502363,0.0,,0.0,1.0
sub6a-gnps-CCMSLIB00006579327,FC(F)(F)c1cccc(Nc2ncnc3ccccc23)c1,N-[3-(trifluoromethyl)phenyl]quinazolin-4-amine CollisionEnergy:102040,0,1,0.8730733048244963,0.4172330255132728,,0.0,1.0
sub6a-gnps-CCMSLIB00006579327,O=S(=O)(O)CCNCC(O)C(O)C(O)C(O)CO,Taurine_glucose  (known isomers: 0; isobaric peaks in run: 0),0,2,0.8057308320977771,0.3156044766773503,,0.0,1.0
sub6a-gnps-CCMSLIB00006579327,Nc1ncnc2c1ncn2C1OC(CO)C(O)C1O,"(2R,3R,4S,5R)-2-(6-amino-9H-purin-9-yl)-5-(hydroxymethyl)tetrahydrofuran-3,4-diol",1,3,0.996820932887977,0.010478815334056093,0.0,0.0,0.0
sub6a-gnps-CCMSLIB00006579327,CCc1nc(N)nc(N)c1-c1ccc(Cl)c(N=[N+]=[N-])c1,NSC319947 [CCS=174.331],0,4,0.10735910773848742,0.29974056149942746,,0.0,0.0
sub6a-gnps-CCMSLIB00006674279,NCCc1ccc(O)c(O)c1,dopamine,1,1,0.9889215182747755,0.5178368445370657,4.166666666666667,1.0,1.0
sub6a-gnps-CCMSLIB00006674279,NCC(O)c1ccc(O)cc1,OCTOPAMINE,0,2,0.9427168206706042,0.0,,1.0,1.0
sub6a-gnps-CCMSLIB00006674279,CC1(CCC(=O)O)CCC(=O)N1,3-(2-methyl-5-oxopyrrolidin-2-yl)propanoic acid,0,3,0.04793115587091337,0.0019894925547078533,,0.0,0.0
sub6a-gnps-CCMSLIB00006674279,CC(=O)N1CCCC(C(=O)O)C1,1-acetylpiperidine-3-carboxylic acid,0,4,0.026462718389344952,0.0030929049590600636,,0.0,0.0
sub6a-gnps-CCMSLIB00006674279,CCCC(=O)NC1CCOC1=O,N_butyryl_DL_homoserine_lactone,0,5,0.01083576328310508,0.004442744813980587,,0.0,0.0
sub6a-gnps-CCMSLIB00006674284,C=C1CCC2C(C)(C)CCCC2(C)C1CCC(C)=CC(=O)O,"NCGC00384643-01_C20H32O2_(2E)-3-Methyl-5-[(1S,8aS)-5,5,8a-trimethyl-2-methylenedecahydro-1-naphthalenyl]-2-pentenoic acid",0,1,0.44795056696662844,0.33312989132559084,,1.0,1.0
sub6a-gnps-CCMSLIB00006674284,CCCCCC=CCC=CCC=CCC=CCCCC(=O)O,Arachidonic_acid,1,2,0.3356198795724761,0.2764992749696291,,1.0,1.0
sub6a-gnps-CCMSLIB00006674284,C=C1CCC2C(C)(C=O)CCCC2(C)C1CCC(C)=CCO,"NCGC00179862-03_C20H32O2_1-Naphthalenecarboxaldehyde, decahydro-5-[(3E)-5-hydroxy-3-methyl-3-penten-1-yl]-1,4a-dimethyl-6-methylene-, (1R,4aR,5S)-",0,3,0.3010056923493362,0.16315983691265684,,1.0,1.0
sub6a-gnps-CCMSLIB00006674284,CC1(C)CCCC2(C)C(CCC(=CCO)CO)C(CO)=CCC12,"NCGC00180860-02_C20H34O3_2-Butene-1,4-diol, 2-[2-[(1S,8aR)-1,4,4a,5,6,7,8,8a-octahydro-2-(hydroxymethyl)-5,5,8a-trimethyl-1-naphthalenyl]ethyl]-, (2Z)-",0,4,0.56498266323247,0.2822796524827569,28.0,0.0,0.0
sub6a-gnps-CCMSLIB00006674284,CCCCCCCCC=CCC=CC=CC(O)CCCC(=O)O,Eicosanoids_5-HETrE_C20H34O3,0,5,0.3422479757395167,0.42147756230161065,,0.0,0.0
sub6a-gnps-CCMSLIB00006677338,COc1cc[nH]c(=O)c1C(=O)O,87853-70-1,0,1,0.06078636922336903,0.4081548188791452,0.0,0.0,0.0
sub6a-gnps-CCMSLIB00006677338,O=C(O)CNC(=O)c1ccco1,furoylglycine,0,2,0.030958426198114744,0.0,,0.0,0.0
sub6a-gnps-CCMSLIB00006677606,NCC(O)c1ccc(O)c(O)c1,NOREPINEPHRINE,0,1,0.1952773794794885,0.10169851350256774,5.555555555555555,0.0,0.0
sub6a-gnps-CCMSLIB00006677606,CC(=O)Nc1cccc(O)c1,METACETAMOL,0,2,0.14507599074472358,0.006030999037563321,,0.0,0.0
sub6a-gnps-CCMSLIB00006677606,Cc1ncc(CO)c(CO)c1O,PYRIDOXINE,0,3,0.08657904452578542,0.005396756436399094,,0.0,0.0
sub6a-gnps-CCMSLIB00006677606,O=C1CCn2ccc(CO)c21,Dereplicator Identification - Loroquine_Loroquine,0,4,0.021637960283838062,0.010675497928584427,,0.0,0.0
sub6a-gnps-CCMSLIB00006677606,O=C(O)C1(C(=O)NC2CC2)CC1,1-(cyclopropylcarbamoyl)cyclopropane-1-carboxylic acid,0,5,0.01843077776231205,0.009389132621019374,,0.0,0.0
sub6a-gnps-CCMSLIB00006677941,O=C(O)Cc1ccccc1O,2_hydroxyphenyl_acetic_acid,0,1,0.006628675692369969,0.9507363863049807,,0.0,0.0
sub6a-gnps-CCMSLIB00006677941,Cc1cccc(C(=O)O)c1O,Spectral Match to Cresotinic acid from NIST14,0,2,0.0,0.83759186612871,,0.0,0.0
sub6a-gnps-CCMSLIB00006677941,O=C(O)C(O)c1ccccc1,2hydroxy_PhenylAceticAcid,0,3,0.12947129231628823,0.49190696022913877,0.0,0.0,0.0
sub6a-gnps-CCMSLIB00006677941,O=C(O)Cc1cccc(O)c1,3_HydroxyPhenyl_AceticAcid,0,4,0.006128627004094449,0.5691375534621452,,0.0,0.0
sub6a-gnps-CCMSLIB00006677941,COc1ccc(C(=O)O)cc1,4-METHOXYBENZOIC ACID CollisionEnergy:102040,0,5,8.369886708108262e-05,0.5725490551210637,,0.0,0.0
sub6a-gnps-CCMSLIB00008851520,CNCC(=O)O,SARCOSINE,1,1,0.9959962676320169,0.6495041229379838,20.0,1.0,1.0
sub6a-gnps-CCMSLIB00008851520,NCCC(=O)O,beta-Alanine; AIF; CE10; MS2Dec,0,2,0.9931887869588633,0.46965773583724546,,1.0,1.0
sub6a-gnps-CCMSLIB00008851520,CC(N)C(=O)O,ALANINE,0,3,0.9905419919304708,0.02844565517921621,,1.0,1.0
sub6a-gnps-CCMSLIB00010012785,O=c1ccc2ccccc2o1,COUMARIN,1,1,0.9769878186722518,0.5945959848108192,75.0,1.0,1.0
sub6a-gnps-CCMSLIB00010012785,O=c1ccoc2ccccc12,4H-chromen-4-one,0,2,0.6335095955485719,0.2510737219645719,,1.0,1.0
sub6a-gnps-CCMSLIB00010012785,O=C(O)C=Cc1ccccc1O,2-Hydroxycinnamic acid CollisionEnergy:205060,0,3,0.7936977934839722,0.6141008931920809,,0.0,0.0
sub6a-gnps-CCMSLIB00010012785,O=C(O)C=Cc1ccc(O)cc1,p-coumaric acid,0,4,0.7966177280822334,0.3301009254983488,,0.0,0.0
sub6a-gnps-CCMSLIB00010012785,O=C(O)C=Cc1ccccc1,ReSpect:PT201050 trans-Cinnamic acid|Zimtsaeure|3-Phenylpropenoic Acid|trans-3-Phenylacrylic acid|trans-3-Benzenepropenoic Acid|trans-beta-Carboxystyrene|(E)-3-phenylprop-2-enoic acid,0,5,0.5223254552368408,0.3868230683007807,,0.0,0.0
sub6a-gnps-CCMSLIB00010012786,O=c1ccc2ccccc2o1,Coumarin_CE75,1,1,0.9606522282181412,0.3830462552556988,66.66666666666667,1.0,1.0
sub6a-gnps-CCMSLIB00010012786,O=c1ccoc2ccccc12,4H-chromen-4-one,0,2,0.6114126717310858,0.3475256644448046,,1.0,1.0
sub6a-gnps-CCMSLIB00010012786,O=C(O)C=Cc1ccc(O)cc1,p-coumaric acid,0,3,0.8841340375088163,0.25129408266270126,,0.0,0.0
sub6a-gnps-CCMSLIB00010012786,O=C(O)C=Cc1ccccc1O,2-Hydroxycinnamic acid CollisionEnergy:205060,0,4,0.29806999468400486,0.42249273638647716,,0.0,0.0
sub6a-gnps-CCMSLIB00010012786,O=C(O)C=Cc1cccc(O)c1,"Coumaric acid (isomer of 189, 192)",0,5,0.06768527346955662,0.44936406578923727,,0.0,0.0
sub6a-gnps-CCMSLIB00010103117,CC(=O)NC1C(O)OC(CO)C(O)C1O,alpha-GalNAc CollisionEnergy:102040,1,1,0.9999999999999999,0.2226085122099087,10.344827586206897,1.0,1.0
sub6a-gnps-CCMSLIB00010103117,CC(=O)NC(C=O)C(O)C(O)C(O)CO,N-acetyl-beta-D-galactosamine - 40.0 eV,0,2,0.8792431823262898,0.16373514730716157,,1.0,1.0
sub6a-gnps-CCMSLIB00010103117,CC(=O)OCC(NC(C)C(O)O)C(=O)O,o-acetyl serine_Dihydroxyacetone (known isomers: 0; isobaric peaks in run: 1),0,3,0.15038097328841282,0.22460111037846564,,1.0,1.0
sub6a-gnps-CCMSLIB00010103117,O=C(O)CCC(NCC(O)CO)C(=O)O,Glutamic acid_Glyceraldehyde (known isomers: 0; isobaric peaks in run: 2),0,4,0.12108592260525854,0.10355979538991202,,1.0,1.0
sub6a-gnps-CCMSLIB00010103117,CC(=O)OCC(NCC(O)CO)C(=O)O,o-acetyl serine_Glyceraldehyde (known isomers: 0; isobaric peaks in run: 1),0,5,0.13065507923351768,0.08492886894807827,,1.0,1.0
sub6a-gnps-CCMSLIB00010125466,CC12CCC3c4ccc(O)cc4CCC3C1CCC2=O,Spectral Match to Estrone from NIST14,1,1,0.9384628112438335,0.39011437015206357,46.34146341463415,1.0,0.0
sub6a-gnps-CCMSLIB00010125466,CC12CCC3c4ccc(O)cc4CCC3C1CC(O)C2O,Spectral Match to Estriol from NIST14,0,2,0.9367264715234498,0.09390225009511405,,0.0,0.0
sub6a-gnps-CCMSLIB00010125466,CC(=CC(=O)O)C=C(C)CC(C)CCCCC(O)C(CO)C(=O)O,"NCGC00169827-03!(2E,4E)-12-hydroxy-13-(hydroxymethyl)-3,5,7-trimethyltetradeca-2,4-dienedioic acid [IIN-based on: CCMSLIB00000847643]",0,3,0.8004948190046357,0.03699702371172829,,0.0,0.0
sub6a-gnps-CCMSLIB00010125466,CC12C=CC3=C(CC=C4CC(=O)CCC43)C1CCC2O,h_45_trenbolone_b,0,4,0.07526270660269921,0.3282210531180756,,1.0,0.0
sub6a-gnps-CCMSLIB00010125466,CCC(c1ccc(O)cc1)C(CC)c1ccc(O)cc1,HEXESTROL,0,5,0.05364889592170345,0.06017577041270995,,1.0,0.0
sub6a-gnps-CCMSLIB00010130085,CS(=O)CCC(N)C(=O)O,L-methionine sulfoxide,1,1,0.9612921128705413,0.9065826047102378,,1.0,1.0
sub6a-gnps-CCMSLIB00010130085,C[S+]([O-])CCC(N)C(=O)O,d-methionine sulfoxide,1,2,1.0,0.6676160149510039,58.333333333333336,1.0,1.0
sub6a-gnps-CCMSLIB00010132052,NC(=O)Cc1ccc(O)cc1,4-Hydroxyphenylacetamide CollisionEnergy:205060,0,1,0.9191090916854295,0.6135923036010649,,1.0,1.0
sub6a-gnps-CCMSLIB00010132052,NCc1ccc(C(=O)O)cc1,4-(Aminomethyl)benzoic acid,0,2,0.872119911677139,0.2685129556386216,,1.0,1.0
sub6a-gnps-CCMSLIB00010132052,Cc1ncccc1CC(=O)O,2-(2-methylpyridin-3-yl)acetic acid,0,3,0.9466530171896517,0.16538878987265684,,1.0,1.0
sub6a-gnps-CCMSLIB00010132052,CC(=O)Nc1ccccc1O,2-hydroxyacetanilide,0,4,0.7800111724577392,0.032541355090012436,,1.0,1.0
sub6a-gnps-CCMSLIB00010132052,NCC(O)c1ccc(O)c(O)c1,138-65-8,1,5,0.9999999999999998,0.210012757143946,32.142857142857146,0.0,0.0
sub6a-gnps-CCMSLIB00010132500,CC(O)C(N)C(=O)O,D-threonine (Chimeric precursor selection),1,1,1.0,0.5800830749038945,60.0,1.0,1.0
sub6a-gnps-CCMSLIB00010132500,NC(CCO)C(=O)O,L-homoserine,0,2,0.8914805564839609,0.6107045152108769,,1.0,1.0
sub6a-gnps-CCMSLIB00010132500,NCC(O)CC(=O)O,4-Amino-3-hydroxybutyric acid; AIF; CE30; MS2Dec,0,3,0.729059977047193,0.46541124119205746,,1.0,1.0
sub6a-gnps-CCMSLIB00010132500,CC(N)(CO)C(=O)O,alpha-Methyl-DL-serine,0,4,0.11017227178330138,0.21573785031737092,,1.0,1.0
sub6a-gnps-CCMSLIB00010132500,NC(CO)CC(=O)O,ReSpect:PT106130 L-beta-homoserine|(R)-3-Amino-4-hydroxybutyric acid|(3R)-3-amino-4-hydroxybutanoic acid,0,5,0.00048612009562353994,0.08306184203045197,,1.0,1.0
sub6a-gnps-CCMSLIB00010133371,Nc1ncnc2c1ncn2C1OC(CSCCC(N)C(=O)O)C(O)C1O,S-adenosylhomocysteine,1,1,0.999989164243828,0.6910967855487297,41.1764705882353,1.0,1.0
sub6a-gnps-CCMSLIB00010133371,O=C(Nc1cc(-c2ccccc2)nn1-c1ccccc1)c1ccc([N+](=O)[O-])cc1,890764-36-0,0,2,0.17877158871963789,0.006837478918501917,,0.0,1.0
sub6a-gnps-CCMSLIB00010133371,C=C(C)C(=O)OC1C(O)C(C=O)=CCCC(CO)=CC2OC(=O)C(=C)C21,"[(3aS,4S,5S,6E,10Z,11aR)-6-formyl-5-hydroxy-10-(hydroxymethyl)-3-methylidene-2-oxo-3a,4,5,8,9,11a-hexahydrocyclodeca[b]furan-4-yl] 2-methylprop-2-enoate",0,3,0.14331080057086193,0.006619173025691419,,0.0,0.0
sub6a-gnps-CCMSLIB00010133371,COc1ccc(-c2oc3cc(OC)c(OC)c(OC)c3c(=O)c2OC)cc1OC,HEXAMETHYLQUERCETAGETIN,0,4,0.1408446256899262,0.0073182535282662105,,0.0,0.0
sub6a-gnps-CCMSLIB00010133371,COc1ccc(-c2cc(=O)c3c(OC)c(OC)c(OC)c(OC)c3o2)cc1OC,NOBILETIN,0,5,0.12722998008722441,0.0065251120793536135,,0.0,0.0
sub6a-gnps-CCMSLIB00010137491,CC(O)C(O)C1CNc2[nH]c(N)nc(=O)c2N1,Sapropterin,1,1,0.9606585635936282,0.06864313729667555,5.555555555555555,0.0,1.0
sub6a-gnps-CCMSLIB00010137491,Cc1occc1C(=O)NCCCC(N)C(=O)O,2-methyl-3-furoic-acid_Ornithine [CCS=159.02346801757812],0,2,0.11526895291723632,0.10830591807568143,,1.0,0.0
sub6a-gnps-CCMSLIB00010137491,CC(NCCCCC(N)C(=O)O)C(=O)O,Lysine_pyruvate (known isomers: 1; isobaric peaks in run: 0),0,3,0.1259979618627452,0.10535051860073025,,0.0,0.0
sub6a-gnps-CCMSLIB00010137491,CC(NC(CCCCN)C(=O)O)C(=O)O,Lysine_pyruvate (known isomers: 1; isobaric peaks in run: 0),0,4,0.1259979618627452,0.08555855135558589,,0.0,0.0
sub6a-gnps-CCMSLIB00010137491,CN1C(=N)N(C)C2(C1=O)c1[nH]c3ccccc3c1CC1(N=C(N)N(C)C1=O)C2c1c[nH]c2ccccc12,Dictazoline E,0,5,0.04976623499032464,0.05412763488777674,,0.0,0.0
sub6a-gnps-CCMSLIB00010137493,CC(O)C(O)C1CNc2[nH]c(N)nc(=O)c2N1,Sapropterin (Chimeric precursor selection),1,1,0.9999865185985242,0.003979083256613371,5.555555555555555,0.0,1.0
sub6a-gnps-CCMSLIB00010137493,Cc1occc1C(=O)NCCCC(N)C(=O)O,2-methyl-3-furoic-acid_Ornithine [CCS=159.02346801757812],0,2,0.0016874364991572716,0.019062817404298885,,1.0,0.0
sub6a-gnps-CCMSLIB00010137493,CN1C(=O)N(CC(=O)O)C(=O)C12CCCCC2,852400-33-0 (Chimeric precursor selection),0,3,0.007488266064295246,0.0033042866704711257,,1.0,0.0
sub6a-gnps-CCMSLIB00010137493,COC(=O)CCC1(C(=O)OC)CC2(CC2)N=N1,"""methyl 3-[5-(methoxycarbonyl)-6,7-diazaspiro[2.4]hept-6-en-5-yl]propanoate CollisionEnergy:205060""",0,4,0.004077262721578191,0.004818898433901796,,1.0,0.0
sub6a-gnps-CCMSLIB00010137493,COc1cc(CNNC(C)=O)cc(OC)c1O,Acetylhydrazine_Syringaldehyde   (known isomers: 0; isobaric peaks in run: 0),0,5,0.0011498456316573814,0.0013346273052997236,,1.0,0.0
sub6a-gnps-CCMSLIB00010140081,CN(C)CCCN1c2ccccc2CCc2ccccc21,imipramine,1,1,0.9971234839809303,0.838017664081213,50.0,1.0,1.0
sub6a-gnps-CCMSLIB00010140081,c1ccc(CCN2CCC(Nc3ccccc3)CC2)cc1,4-ANPP,0,2,0.11646320990448078,0.10157930084638417,,1.0,1.0
sub6a-gnps-CCMSLIB00010140081,CNCC(C)CN1c2ccccc2CCc2ccccc21,TRIMIPRAMINE_metabolite_008,0,3,0.020820152828381695,0.21657287178939155,,1.0,1.0
sub6a-gnps-CCMSLIB00010140081,c1ccc2c(c1)NC13CCC4(CCCN5CCC21C54)CC3,Aspidofractinine,0,4,0.08021799169089834,0.059733959096022395,,1.0,1.0
sub6a-gnps-CCMSLIB00010140081,CCC1CC2CC3c4[nH]c5ccccc5c4CCN(C2)C13,Ibogamine,0,5,0.06925282085021113,0.04088029857412986,,1.0,1.0
sub6a-gnps-CCMSLIB00010142199,CS(=O)CCC(N)C(=O)O,L-methionine sulfoxide,1,1,0.9489625013972495,0.9332690808355076,,1.0,1.0
sub6a-gnps-CCMSLIB00010142199,C[S+]([O-])CCC(N)C(=O)O,L-methionine sulfoxide,1,2,1.0,0.7567126890639719,75.0,1.0,1.0
sub6a-gnps-CCMSLIB00010142384,Nc1ccn(C2CC(O)C(CO)O2)c(=O)n1,2'-deoxycytidine,1,1,0.9999995271284581,0.9531568662126592,64.28571428571429,1.0,1.0
sub6a-gnps-CCMSLIB00010142384,O=C(CCO)NC(Cc1c[nH]cn1)C(=O)O,3-hydroxypropionyl histidine [M+H]+,0,2,0.09842362389608163,0.014140270316070807,,1.0,1.0
sub6a-gnps-CCMSLIB00010142384,O=C(O)CC(NCCc1c[nH]cn1)C(=O)O,Histamine_Oxaloacetic acid (known isomers: 0; isobaric peaks in run: 0),0,3,0.09586484627346409,0.0038392105145706153,,1.0,1.0
sub6a-gnps-CCMSLIB00010142384,CC(NC(Cc1c[nH]cn1)C(=O)O)C(=O)O,Histidine_pyruvate (known isomers: 0; isobaric peaks in run: 1),0,4,0.06860396254761794,0.01507489032677651,,1.0,1.0
sub6a-gnps-CCMSLIB00010142384,CCN1Cc2ccccc2CC1C(=O)O,"""2-ethyl-1,2,3,4-tetrahydroisoquinoline-3-carboxylic acid CollisionEnergy:205060""",0,5,0.0004276168987679488,0.0004770097095018199,,0.0,0.0
sub6a-gnps-CCMSLIB00010147722,Nc1ccn(C2CC(O)C(CO)O2)c(=O)n1,Torcitabine,1,1,0.999999504247794,0.952991020311582,64.28571428571429,1.0,1.0
sub6a-gnps-CCMSLIB00010147722,O=C(CCO)NC(Cc1c[nH]cn1)C(=O)O,3-hydroxypropionyl histidine [M+H]+,0,2,0.09682009439650403,0.01495587179416437,,1.0,1.0
sub6a-gnps-CCMSLIB00010147722,O=C(O)CC(NCCc1c[nH]cn1)C(=O)O,Histamine_Oxaloacetic acid (known isomers: 0; isobaric peaks in run: 0),0,3,0.0943855155205705,0.003981222309565636,,1.0,1.0
sub6a-gnps-CCMSLIB00010147722,CC(NC(Cc1c[nH]cn1)C(=O)O)C(=O)O,Histidine_pyruvate (known isomers: 0; isobaric peaks in run: 1),0,4,0.06686221441091642,0.01598116164300233,,1.0,1.0
sub6a-gnps-CCMSLIB00010147722,CCN1Cc2ccccc2CC1C(=O)O,"""2-ethyl-1,2,3,4-tetrahydroisoquinoline-3-carboxylic acid CollisionEnergy:205060""",0,5,0.00013572858982829737,0.00021272598712916273,,0.0,0.0
sub6a-gnps-CCMSLIB00010152613,CS(=O)CCC(N)C(=O)O,Methionine sulfoxide (known structural isomers: 0; isobaric peaks in run: 1),1,1,0.9281389123830188,0.8908254261746393,,1.0,1.0
sub6a-gnps-CCMSLIB00010152613,C[S+]([O-])CCC(N)C(=O)O,DL-Methionine sulfoxide,1,2,0.9999930660133179,0.7792240990735129,58.333333333333336,1.0,1.0
sub6a-gnps-CCMSLIB00011428330,CCCCCC=CC=C1C=CC(=O)C1CCCCCCC(=O)O,"15-deoxy--delta12,14-Prostaglandin A1",0,1,0.4394563661697349,0.08488702912933424,,0.0,1.0
sub6a-gnps-CCMSLIB00011428330,CC(=CC(=O)O)CCC1(C)C(C)CCC2(C)C(C)=CC(=O)CC21,"(E)-5-(1,2,4a,5-tetramethyl-7-oxo-3,4,8,8a-tetrahydro-2H-naphthalen-1-yl)-3-methylpent-2-enoic acid",0,2,0.39223057088755486,0.001582615789617902,,0.0,1.0
sub6a-gnps-CCMSLIB00011428330,C=C1CCC2C(C)(CO)CCCC2(C)C1CCC1=CCOC1=O,"NCGC00385234-01_C20H30O3_2(5H)-Furanone, 3-[2-[(1R,5R,8aS)-decahydro-5-(hydroxymethyl)-5,8a-dimethyl-2-methylene-1-naphthalenyl]ethyl]-",0,3,0.3608430443720893,0.009381592467075098,,0.0,1.0
sub6a-gnps-CCMSLIB00011428330,CCCCCC(O)C=CC1=C(CCCCCCC(=O)O)C(=O)CC1,prostaglandin B1 CollisionEnergy:102040,0,4,0.45475348685919853,0.10224570024514067,2.0,0.0,0.0
sub6a-gnps-CCMSLIB00011428330,CC1CCC2(C)C(CCC(O)C2(C)O)C1(C)CC(O)c1ccoc1,"5-[2-(furan-3-yl)-2-hydroxyethyl]-1,5,6,8a-tetramethyl-decahydronaphthalene-1,2-diol",0,5,0.3611266547853987,0.001649461711201581,,0.0,0.0
sub6a-gnps-CCMSLIB00011428347,CCCCCC=CC=C1C=CC(=O)C1CCCCCCC(=O)O,"15-deoxy--delta12,14-Prostaglandin A1",0,1,0.6133189043901307,0.08162385210828386,2.3255813953488373,0.0,1.0
sub6a-gnps-CCMSLIB00011428347,CC(=CC(=O)O)CCC1(C)C(C)CCC2(C)C(C)=CC(=O)CC21,"(E)-5-(1,2,4a,5-tetramethyl-7-oxo-3,4,8,8a-tetrahydro-2H-naphthalen-1-yl)-3-methylpent-2-enoic acid",0,2,0.5627389735614303,0.0014241696460384698,,0.0,1.0
sub6a-gnps-CCMSLIB00011428347,CCCCCC(O)C=CC1=C(CCCCCCC(=O)O)C(=O)CC1,Prostaglandin A1,0,3,0.6038163668403291,0.07085529761086258,,0.0,0.0
sub6a-gnps-CCMSLIB00011428347,CC1CCC2(C)C(CCC(O)C2(C)O)C1(C)CC(O)c1ccoc1,"5-[2-(furan-3-yl)-2-hydroxyethyl]-1,5,6,8a-tetramethyl-decahydronaphthalene-1,2-diol",0,4,0.47011076942479235,0.0,,0.0,0.0
sub6a-gnps-CCMSLIB00011428347,CC1CCC2(CO)C(C(=O)O)=CCCC2C1(C)CCC(CO)CCO,"NCGC00384809-01!5-[5-hydroxy-3-(hydroxymethyl)pentyl]-8a-(hydroxymethyl)-5,6-dimethyl-3,4,4a,6,7,8-hexahydronaphthalene-1-carboxylic acid [IIN-based on: CCMSLIB00000847958]",0,5,0.40839050157871687,0.0018000034161238794,,0.0,0.0
sub6a-gnps-CCMSLIB00011428376,C=C1CC23CCC4C(C)(C(=O)O)CCCC4(C)C2CCC1(O)C3,STEVIOL,0,1,0.8159127414679057,0.0,0.0,0.0,1.0
sub6a-gnps-CCMSLIB00011428376,CC1C(=O)CC2C(C)(C)CCCC2(C)C1(O)CCc1ccoc1,hispanolone,0,2,0.6494478928462288,0.015435762562031514,,0.0,1.0
sub6a-gnps-CCMSLIB00011428376,CCCCCC=CC=C1C=CC(=O)C1CCCCCCC(=O)O,"15-deoxy--delta12,14-Prostaglandin A1",0,3,0.6178877392678052,0.040396292657081126,,0.0,1.0
sub6a-gnps-CCMSLIB00011428376,CC(=CC(=O)O)CCC1(C)C(C)CCC2(C)C(C)=CC(=O)CC21,"(E)-5-(1,2,4a,5-Tetramethyl-7-oxo-3,4,8,8a-tetrahydro-2H-naphthalen-1-yl)-3-methylpent-2-enoic acid",0,4,0.5132284408458033,0.0063574754251578625,,0.0,1.0
sub6a-gnps-CCMSLIB00011428376,CCCCCC(O)C=CC1=C(CCCCCCC(=O)O)C(=O)CC1,prostaglandin B1 CollisionEnergy:102040,0,5,0.8021894809755088,0.041099221684030664,,0.0,0.0
sub6a-gnps-CCMSLIB00011428383,CCCCCC=CCC(=O)C=CC=CCC=CCCCC(=O)O,"Spectral Match to 12-Oxo-5Z,8Z,10E,14Z-eicosatetraenoic acid from NIST14",0,1,0.1745363467762428,0.2177758223331465,,0.0,1.0
sub6a-gnps-CCMSLIB00011428383,C=C1CC23CCC4C(C)(C(=O)O)CCCC4(C)C2CCC1(O)C3,Steviol,0,2,0.22923076866669692,0.03635125781441899,0.0,0.0,1.0
sub6a-gnps-CCMSLIB00011428383,CC(C)(O)c1c(O)c(O)cc2c1CCC1C(C)(C)CCCC21C,TOTAROL_metabolite_009,0,3,0.1602002616515907,0.03683783713996839,,0.0,1.0
sub6a-gnps-CCMSLIB00011428383,CC(=CC(=O)O)CCC1(C)C(C)CCC2(C)C(C)=CC(=O)CC21,"(E)-5-(1,2,4a,5-tetramethyl-7-oxo-3,4,8,8a-tetrahydro-2H-naphthalen-1-yl)-3-methylpent-2-enoic acid",0,4,0.15230560394300585,0.027654937597650024,,0.0,1.0
sub6a-gnps-CCMSLIB00011428383,CC1CCC2(C)C(CO)=CCCC2C1(C)CCC(=CC(=O)O)CO,"NCGC00347775-02!(Z)-5-[(1S,2R,4aR,8aR)-5-(hydroxymethyl)-1,2,4a-trimethyl-2,3,4,7,8,8a-hexahydronaphthalen-1-yl]-3-(hydroxymethyl)pent-2-enoic acid",0,5,0.13345333197916062,0.07778525037895916,,0.0,0.0
sub6a-gnps-CCMSLIB00012052587,O=c1ccc2ccccc2o1,Coumarin,1,1,0.42294542446533495,0.2623083419020023,0.0,0.0,0.0
sub6a-gnps-CCMSLIB00012052587,O=c1ccoc2ccccc12,4H-chromen-4-one,0,2,0.4191367937350444,0.22260755212310918,,0.0,0.0
sub6a-gnps-CCMSLIB00012060235,CCCCCC(O)C=CC1=C(C=CCCCCC(=O)O)CCC1=O,Prostaglandin J2,0,1,0.206628798097328,0.1728026905676887,,0.0,1.0
sub6a-gnps-CCMSLIB00012060235,CC(C)C1(O)C=C2C(=O)CC3C(C)(C(=O)O)CCCC3(C)C2CC1,"7-hydroxy-1,4a-dimethyl-9-oxo-7-propan-2-yl-2,3,4,4b,5,6,10,10a-octahydrophenanthrene-1-carboxylic acid",0,2,0.21488492044958196,0.08676921467487428,,0.0,1.0
sub6a-gnps-CCMSLIB00012060235,C=C1CCC2C(C)(CO)C(O)CCC2(C)C1CCC1=CCOC1=O,"4-[2-[(1R,4aS,5R,8aS)-6-hydroxy-5-(hydroxymethyl)-5,8a-dimethyl-2-methylidene-3,4,4a,6,7,8-hexahydro-1H-naphthalen-1-yl]ethyl]-2H-furan-5-one",0,3,0.18480427122922866,0.11532321323086242,,0.0,1.0
sub6a-gnps-CCMSLIB00012060235,CC1C2=CC(=O)OC2(O)CC2C1CCC1C(C)(C)CCC(O)C21C,"1,10a-dihydroxy-4,4,7,11b-tetramethyl-1,2,3,4a,5,6,6a,7,11,11a-decahydronaphtho[2,1-f][1]benzofuran-9-one",0,4,0.18595519198790422,0.07386069702245851,,0.0,1.0
sub6a-gnps-CCMSLIB00012060235,CCCCCC(O)C=CC1C(O)CC(=O)C1CC=CCCCC(=O)O,Prostaglandin E2 CollisionEnergy:102040,0,5,0.22637475680037686,0.17010217385468415,8.0,0.0,0.0
sub6a-gnps-CCMSLIB00012079633,OCC(O)C(O)C(O)C(O)CO,D-Sorbitol 20eV,1,1,0.565973994132987,0.0,0.0,1.0,1.0
sub6a-gnps-CCMSLIB00012079633,CCOC(=O)c1cnc(N)nc1N,"Ethyl 2,4-diaminopyrimidine-5-carboxylate",0,2,0.0001699091094771534,0.0,,0.0,0.0
sub6a-gnps-CCMSLIB00012176428,OCC1OC(OC2(CO)OC(CO)C(O)C2O)C(O)C(O)C1O,Spectral Match to Sucrose from NIST14,1,1,0.982645227502684,0.22095214412527994,,1.0,0.0
sub6a-gnps-CCMSLIB00012176428,OCC1OC(OC2C(CO)OC(O)C(O)C2O)C(O)C(O)C1O,Spectral Match to Maltose from NIST14,0,2,0.9677098811230832,0.168605047597304,,1.0,0.0
sub6a-gnps-CCMSLIB00012176428,OCC1OC(OC2OC(CO)C(O)C(O)C2O)C(O)C(O)C1O,Spectral Match to D-(+)-Trehalose from NIST14,0,3,0.9097550090239157,0.2303077985445553,,1.0,0.0
sub6a-gnps-CCMSLIB00012176428,OCC1OC(OC2C(CO)OC(O)(CO)C2O)C(O)C(O)C1O,Spectral Match to Lactulose from NIST14,0,4,0.9848149025823691,0.12929408439917006,22.22222222222222,1.0,0.0
sub6a-gnps-CCMSLIB00012176428,OCC1OC(OC2C(O)C(O)COC2(O)CO)C(O)C(O)C1O,Spectral Match to D-Turanose from NIST14,0,5,0.9426793912741582,0.1482602689389256,,1.0,0.0
sub6a-gnps-CCMSLIB00012280259,CC(=O)NC1C(O)OC(CO)C(O)C1O,2-Acetamido-2-Deoxy-D-Mannopyranose,1,1,0.9999999999999996,0.26321482238447613,34.48275862068966,1.0,0.0
sub6a-gnps-CCMSLIB00012280259,CC(=O)NC(C=O)C(O)C(O)C(O)CO,1811-31-0,0,2,0.9291413271686089,0.29588481951860174,,1.0,0.0
sub6a-gnps-CCMSLIB00012280259,CCC(=O)NC(CCC(=O)O)C(=O)O,Candidate Glutamic acid-C3:0 (delta mass:56.0266),0,3,0.5505228635934547,0.028465346590109575,,0.0,1.0
sub6a-gnps-CCMSLIB00012280259,CC(=O)NC(CCCC(=O)O)C(=O)O,Candidate Aminoadipic acid-C2:0 (delta mass:42.0111),0,4,0.10030802317359025,0.20211029061735805,,0.0,1.0
sub6a-gnps-CCMSLIB00012280259,CSCCCCCCCN=C=S,7-Methylsulfenylheptyl isothiocyanate,0,5,0.09561860420445008,0.026058879239151088,,0.0,1.0
sub6a-gnps-CCMSLIB00012288023,Nc1ncnc2c1ncn2C1OC(COP(=O)(O)O)C(O)C1O,5'-adenylic acid,1,1,0.9999945976968823,0.6836363015426555,60.0,1.0,1.0
sub6a-gnps-CCMSLIB00012288023,Nc1ncnc2c1ncn2C1OC(CO)C(OP(=O)(O)O)C1O,Adenosine3Phosphate,0,2,0.9614341901324638,0.6776121295273251,,1.0,1.0
sub6a-gnps-CCMSLIB00012288023,Nc1nc(=O)c2ncn(C3CC(O)C(COP(=O)(O)O)O3)c2[nH]1,2'-DEOXYGUANOSINE 5'-MONOPHOSPHATE,0,3,0.9649446124742014,0.007502556840425011,,1.0,1.0
sub6a-gnps-CCMSLIB00012288023,Brc1cccc(C2(CNc3ncccn3)CCOCC2)c1,Z646436336,0,4,0.017825099564642854,0.01996464094393104,,0.0,1.0
sub6a-gnps-CCMSLIB00012288023,CN(C(=O)C1(Cc2ccccc2Br)CC1)c1ccn(C)n1,Z2224585474,0,5,0.014326067050604433,0.011551589987542719,,0.0,1.0
sub6a-gnps-CCMSLIB00012332251,N=C(N)NN=Cc1c(Cl)cccc1Cl,guanabenz,1,1,0.999997368381459,0.8770977436943129,100.0,1.0,1.0
sub6a-gnps-CCMSLIB00012332251,N=C(N)NN=Cc1cccc(Cl)c1Cl,Raphin1,0,2,0.95966894937816,0.6148504644493382,,1.0,1.0
sub6a-gnps-CCMSLIB00012332251,COc1cc2ccc(=O)oc2c(O)c1O,Fraxetin,0,3,0.7813942108799826,0.29723400232940655,,0.0,0.0
sub6a-gnps-CCMSLIB00012340446,O=C(CCl)NC(Cc1c[nH]c2cc(OCc3ccccc3)ccc12)C(=O)O,2-(2-chloroacetylamino)-3-[6-(phenylmethoxy)indol-3-yl]propanoic acid CollisionEnergy:102040,0,1,0.18621501738572135,0.052875507107180184,2.5,0.0,0.0
sub6a-gnps-CCMSLIB00012340446,Cc1ccc(C(=O)CSc2nccn(-c3cccc4ccccc34)c2=O)cc1,946238-27-3,0,2,0.03039296470847043,0.0009888361591650773,,0.0,0.0
sub6a-gnps-CCMSLIB00012340446,Cc1[nH]c2ccc(F)cc2c1CCNC(=O)c1cc2ccccc2oc1=O,N-[2-(5-fluoro-2-methylindol-3-yl)ethyl](2-oxochromen-3-yl)carboxamide CollisionEnergy:102040,0,3,0.007677492051433424,0.0,,0.0,0.0
sub6a-gnps-CCMSLIB00012340446,Nc1c(C(=O)c2ccccc2)sc2nc3c(c(-c4ccccc4)c12)COCC3,AN-848/43372189,0,4,0.007673251715900166,0.0,,0.0,0.0
sub6a-gnps-CCMSLIB00012340446,Cc1cc(Oc2ccc3ccccc3c2)nc(SCC(=O)c2ccccc2)n1,2-(4-methyl-6-(2-naphthyloxy)pyrimidin-2-ylthio)-1-phenylethan-1-one CollisionEnergy:102040,0,5,0.0074976484808746665,0.0,,0.0,0.0
sub6a-gnps-CCMSLIB00012342321,CN(C)CCCN1c2ccccc2CCc2ccccc21,imipramine,1,1,0.9971504273655161,0.8380456721826238,50.0,1.0,1.0
sub6a-gnps-CCMSLIB00012342321,c1ccc(CCN2CCC(Nc3ccccc3)CC2)cc1,4-ANPP,0,2,0.11646710232051619,0.1015826958146304,,1.0,1.0
sub6a-gnps-CCMSLIB00012342321,CNCC(C)CN1c2ccccc2CCc2ccccc21,TRIMIPRAMINE_metabolite_008,0,3,0.020820848676424995,0.21658011005561897,,1.0,1.0
sub6a-gnps-CCMSLIB00012342321,c1ccc2c(c1)NC13CCC4(CCCN5CCC21C54)CC3,Aspidofractinine,0,4,0.0802206727246552,0.05973595551549628,,1.0,1.0
sub6a-gnps-CCMSLIB00012342321,CCC1CC2CC3c4[nH]c5ccccc5c4CCN(C2)C13,Ibogamine,0,5,0.06925513540766319,0.04088166486937308,,1.0,1.0
sub6a-gnps-CCMSLIB00012350737,O=C(O)C(O)C(O)C(O)C(O)C(O)CO,GLUCEPTATE,0,1,0.1006297859675415,0.5501227756084444,42.857142857142854,0.0,1.0
sub6a-gnps-CCMSLIB00012350737,CC(CC(N)=O)NCCOP(=O)(O)O,Phosphoethanolamine_acetoacetamide (known isomers: 0; isobaric peaks in run: 0),0,2,0.044821168537070154,0.0,,0.0,0.0
sub6a-gnps-CCMSLIB00012350737,NC(Cc1c[nH]c2ccccc12)C(=O)O,TRYPTOPHAN,0,3,0.033193416609385504,0.0,,0.0,0.0
sub6a-gnps-CCMSLIB00012350737,NC(=O)c1ncn(C2OC(CO)C(O)C2O)n1,RIBAVIRIN,0,4,0.007504982213715228,0.030986813532489575,,0.0,0.0
sub6a-gnps-CCMSLIB00012350737,Nc1ncn(C2OC(CO)C(O)C2O)c(=O)n1,AZACITIDINE,0,5,0.012609486574068615,0.020183395789977347,,0.0,0.0
sub6a-gnps-CCMSLIB00012352234,CC(c1ccccc1F)N1CCC(C(=O)Nc2ccc3c(c2)OCO3)CC1,Z1095939201,0,1,0.7613624704569139,0.4426017143187587,0.0,0.0,1.0
sub6a-gnps-CCMSLIB00012352234,CCSc1nc2ncc(-c3ccnc(N4CCN(C)CC4)n3)c(C)n2n1,STL122015,0,2,0.6678949732991815,0.3547208810350945,,0.0,1.0
sub6a-gnps-CCMSLIB00012352234,CC=C1CN(C)C2Cc3c([nH]c4ccccc34)C(S)CC1C2C(=O)OC,hemitheion,0,3,0.541013808851521,0.550114293842235,,0.0,0.0
sub6a-gnps-CCMSLIB00012352234,CC(C)CC(NC(=O)C(C)(C)NC(=O)c1ccccc1C(F)(F)F)B(O)O,ML604440,0,4,0.45812038828423385,0.041485900077017475,,0.0,0.0
sub6a-gnps-CCMSLIB00012352234,Cc1cccc(C(CNC(=O)c2sccc2C2CC2)N2CCOCC2)c1,Z899351360,0,5,0.11679117078478563,0.41913662979427124,,0.0,0.0
sub6a-gnps-CCMSLIB00012352242,CC(c1ccccc1F)N1CCC(C(=O)Nc2ccc3c(c2)OCO3)CC1,Z1095939201,0,1,0.15729463231632015,0.09416616739952743,,0.0,1.0
sub6a-gnps-CCMSLIB00012352242,CC(C)CC(NC(=O)C(C)(C)NC(=O)c1ccccc1C(F)(F)F)B(O)O,ML604440,0,2,0.7011525987831404,0.008571202596778545,0.0,0.0,0.0
sub6a-gnps-CCMSLIB00012352242,CCSc1nc2ncc(-c3ccnc(N4CCN(C)CC4)n3)c(C)n2n1,STL122015,0,3,0.13806433185368053,0.0732825746114656,,0.0,1.0
sub6a-gnps-CCMSLIB00012352242,CC=C1CN(C)C2Cc3c([nH]c4ccccc34)C(S)CC1C2C(=O)OC,hemitheion,0,4,0.12363980342237677,0.12442469021855505,,0.0,0.0
sub6a-gnps-CCMSLIB00012352242,Cc1cccc(C(CNC(=O)c2sccc2C2CC2)N2CCOCC2)c1,Z899351360,0,5,0.025659860271274024,0.11191685629981975,,0.0,0.0
sub6a-gnps-CCMSLIB00012360345,CC(O)C(N)C(=O)O,DL-Threonine,1,1,1.0,0.7750230902651672,60.0,1.0,1.0
sub6a-gnps-CCMSLIB00012360345,NC(CCO)C(=O)O,L-homoserine,0,2,0.8714830894981503,0.8056218153699902,,1.0,1.0
sub6a-gnps-CCMSLIB00012360345,CC(N)(CO)C(=O)O,alpha-Methyl-DL-serine,0,3,0.756807538311939,0.5994168674943824,,1.0,1.0
sub6a-gnps-CCMSLIB00012360345,NCC(O)CC(=O)O,4-Amino-3-hydroxybutyric acid; AIF; CE30; MS2Dec,0,4,0.4240503327610852,0.675609332346493,,1.0,1.0
sub6a-gnps-CCMSLIB00012360345,NC(CO)CC(=O)O,ReSpect:PT106130 L-beta-homoserine|(R)-3-Amino-4-hydroxybutyric acid|(3R)-3-amino-4-hydroxybutanoic acid,0,5,0.1694604766746647,0.20655137685812003,,1.0,1.0
sub6a-gnps-CCMSLIB00012360360,CC(O)C(N)C(=O)O,D-threonine (Chimeric precursor selection),1,1,1.0,0.7593299418292633,40.0,1.0,1.0
sub6a-gnps-CCMSLIB00012360360,NC(CCO)C(=O)O,L-homoserine,0,2,0.8635595292678104,0.7883534320442523,,1.0,1.0
sub6a-gnps-CCMSLIB00012360360,CC(N)(CO)C(=O)O,alpha-Methyl-DL-serine,0,3,0.8159916793955599,0.6189956859094055,,1.0,1.0
sub6a-gnps-CCMSLIB00012360360,NCC(O)CC(=O)O,4-Amino-3-hydroxybutyric acid; AIF; CE30; MS2Dec,0,4,0.34724581234712604,0.6673269214551075,,1.0,1.0
sub6a-gnps-CCMSLIB00012360360,NC(CO)CC(=O)O,ReSpect:PT106130 L-beta-homoserine|(R)-3-Amino-4-hydroxybutyric acid|(3R)-3-amino-4-hydroxybutanoic acid,0,5,0.18369585893718748,0.20840428160053992,,1.0,1.0
sub6a-gnps-CCMSLIB00012360475,NC(CCCCNC(=O)CCCCC1SCC2NC(=O)NC21)C(=O)O,Biocytin,1,1,0.7621897643416662,0.609272794364997,28.0,1.0,1.0
sub6a-gnps-CCMSLIB00012360475,CCC1(C)NC(=O)N(CC(=O)Nc2ccc3c(c2)CCCN3C(C)=O)C1=O,Z1022206242,0,2,0.2153863087727485,0.07228788240351418,,0.0,0.0
sub6a-gnps-CCMSLIB00012360475,CC(C)C(NC(=O)c1ccccc1)C(=O)NCc1cc(=O)n(C)c(=O)n1C,Z1329864927,0,3,0.10227078741688932,0.1053286332386668,,0.0,0.0
sub6a-gnps-CCMSLIB00012360475,O=C(c1cc(=O)[nH]c(C2CC2)n1)N1CC2COCC2(C(=O)N2CCCC2)C1,"rac-6-[(3aR,6aR)-3a-(pyrrolidine-1-carbonyl)-hexahydro-1H-furo[3,4-c]pyrrole-5-carbonyl]-2-cyclopropyl-3,4-dihydropyrimidin-4-one",0,4,0.09935672252965302,0.038106689246966724,,0.0,0.0
sub6a-gnps-CCMSLIB00012360475,O=C(O)CCNC(=O)N1CCN(C(=O)CCc2c[nH]c3ccccc23)CC1,N-({4-[3-(1H-indol-3-yl)propanoyl]piperazin-1-yl}carbonyl)-beta-alanine,0,5,0.09171624699098173,0.03711098791238191,,0.0,0.0
sub6a-gnps-CCMSLIB00012360634,CS(=O)CCC(N)C(=O)O,L-methionine sulfoxide,1,1,0.9943155359971062,0.8524184161547637,,1.0,1.0
sub6a-gnps-CCMSLIB00012360634,C[S+]([O-])CCC(N)C(=O)O,L-methionine sulfoxide,1,2,1.0,0.6764236729807613,50.0,1.0,1.0
sub6a-gnps-CCMSLIB00012360705,CC(O)C(N)C(=O)O,D-Allothreonine,1,1,0.9999999999999998,0.23194419248293055,40.0,1.0,1.0
sub6a-gnps-CCMSLIB00012360705,NC(CCO)C(=O)O,L-homoserine,0,2,0.9086235904627479,0.24190324656986328,,1.0,1.0
sub6a-gnps-CCMSLIB00012360705,CC(N)(CO)C(=O)O,alpha-Methyl-DL-serine,0,3,0.22983599413948713,0.22220390200703416,,1.0,1.0
sub6a-gnps-CCMSLIB00012360705,NCC(O)CC(=O)O,4-Amino-3-hydroxybutyric acid; AIF; CE30; MS2Dec,0,4,0.15345996534560633,0.20447714482647883,,1.0,1.0
sub6a-gnps-CCMSLIB00012360705,NC(CO)CC(=O)O,ReSpect:PT106130 L-beta-homoserine|(R)-3-Amino-4-hydroxybutyric acid|(3R)-3-amino-4-hydroxybutanoic acid,0,5,0.13417721431600535,0.10178295554688369,,1.0,1.0
sub6a-gnps-CCMSLIB00012361980,NCCCCNCCCN,spermidine,1,1,0.9999999999999998,0.8847573639043691,90.9090909090909,1.0,1.0
sub6a-gnps-CCMSLIB00012361994,CSCCC(N)C(=O)O,L-methionine,1,1,1.0,0.7745184676857215,57.142857142857146,1.0,1.0
sub6a-gnps-CCMSLIB00012361994,CC(NCCS)C(=O)O,Cysteamine_pyruvate (known isomers: 0; isobaric peaks in run: 3),0,2,0.4961544123349374,0.3303145482106162,,1.0,1.0
sub6a-gnps-CCMSLIB00012361994,CCNC(CS)C(=O)O,Cysteine_Acetaldehyde (known isomers: 0; isobaric peaks in run: 1),0,3,0.007298578729345491,0.2103068258126528,,1.0,1.0
sub6a-gnps-CCMSLIB00012465116,CC12CCC(=O)C=C1CCC1C2CCC2(C)C(O)CCC12,EPITESTOSTERONE,1,1,0.924750132983519,0.09969491323622692,2.380952380952381,0.0,1.0
sub6a-gnps-CCMSLIB00012465116,CC12CCC3C(CCC4CC(=O)CCC43C)C1CCC2=O,5alpha-ANDROSTAN-3-17-DIONE,0,2,0.884042818971815,0.03068142051650149,,0.0,1.0
sub6a-gnps-CCMSLIB00012465116,CC12CCC3C(CC=C4CC(O)CCC43C)C1CCC2=O,PRASTERONE,0,3,0.8309176703425939,0.036704530801822365,,0.0,1.0
sub6a-gnps-CCMSLIB00012465116,CC1(O)CCC2C3CC=C4CC(=O)CCC4C3CCC21C,Normethandrolone; Methylestrenolone; Normethandrone_CE45,0,4,0.24399850235249848,0.05793021769609098,,0.0,1.0
sub6a-gnps-CCMSLIB00012465116,CC1C=C2CC(=O)CCC2C2CCC3(C)C(O)CCC3C12,Trestolone [CCS=177.88499450683594],0,5,0.1853097176042198,0.041374988100501,,0.0,1.0
sub6a-gnps-CCMSLIB00012465118,CC12CCC(=O)C=C1CCC1C2CCC2(C)C(O)CCC12,EPITESTOSTERONE,1,1,0.9240390047730646,0.10708700021648168,2.380952380952381,0.0,0.0
sub6a-gnps-CCMSLIB00012465118,CC12CCC3C(CCC4CC(=O)CCC43C)C1CCC2=O,5alpha-ANDROSTAN-3-17-DIONE,0,2,0.8925351485694755,0.034128093894732627,,0.0,0.0
sub6a-gnps-CCMSLIB00012465118,CC12CCC3C(CC=C4CC(O)CCC43C)C1CCC2=O,PRASTERONE,0,3,0.8292628505407694,0.04023439260873675,,0.0,0.0
sub6a-gnps-CCMSLIB00012465118,CC(=CC=CC(C)C=CC1=C(C)CCCC1(C)C)C(=O)O,ISOTRETINON_metabolite_001,0,4,0.3004989121877429,0.0340561279298139,,0.0,0.0
sub6a-gnps-CCMSLIB00012465118,CCC12CCCN3C(=O)C(O)C4c5ccccc5N(C(=O)CC1)C432,Leuconodine A,0,5,0.18312208923821865,0.02671801597551961,,0.0,0.0
sub6a-gnps-CCMSLIB00012465763,COC1C(O)C(O)C(O)C(O)C1O,QUEBRACHITOL,0,1,0.7333406563591129,0.008553192015550302,0.0,0.0,0.0
sub6a-gnps-CCMSLIB00012465763,COC1OC(CO)C(O)C(O)C1O,METHYL GALACTOSIDE,0,2,0.14723235776061155,0.0,,0.0,0.0
sub6a-gnps-CCMSLIB00012465763,CCC1OC(=O)c2c(OC)cc(=O)oc21,Annularin F [M+Na],0,3,0.08244000558457992,0.07634570783876538,,0.0,0.0
sub6a-gnps-CCMSLIB00012466544,CN(C)CCCN1c2ccccc2CCc2ccccc21,IMIPRAMINE,1,1,0.7634412111432118,0.5876918069531093,12.5,0.0,1.0
sub6a-gnps-CCMSLIB00012466544,CNCC(C)CN1c2ccccc2CCc2ccccc21,TRIMIPRAMINE_metabolite_008,0,2,0.12235815936163978,0.2541374192221059,,0.0,1.0
sub6a-gnps-CCMSLIB00012466544,c1ccc(CCN2CCC(Nc3ccccc3)CC2)cc1,4-ANPP,0,3,0.10255400640076091,0.05785274709988068,,0.0,1.0
sub6a-gnps-CCMSLIB00012466544,CCC1CC2CC3c4[nH]c5ccccc5c4CCN(C2)C13,Ibogamine,0,4,0.0986546039674481,0.0,,0.0,1.0
sub6a-gnps-CCMSLIB00012466544,CCC12CCCN3CCC4(C(=Nc5ccccc54)CC1)C32,"1,2-dehydroaspidospermidine",0,5,0.07041513118587092,0.0001865402200419837,,0.0,1.0
sub6a-gnps-CCMSLIB00012466629,OCC1(O)OCC(O)C(O)C1O,D-PSICOSE,0,1,0.38794264611844176,0.07770587491785662,,0.0,1.0
sub6a-gnps-CCMSLIB00012466629,OCC1OC(O)C(O)C(O)C1O,GULOSE,0,2,0.3161319091363094,0.023231077471603172,,0.0,1.0
sub6a-gnps-CCMSLIB00012466629,Cn1c(=O)c2[nH]cnc2n(C)c1=O,THEOPHYLLINE,0,3,0.7455995038943679,0.015233077537347638,0.0,0.0,0.0
sub6a-gnps-CCMSLIB00012466629,Cn1c(=O)[nH]c2ncn(C)c2c1=O,PARAXANTHINE,0,4,0.6958223022934835,0.023174256280222558,,0.0,0.0
sub6a-gnps-CCMSLIB00012466629,Cn1cnc2c1c(=O)[nH]c(=O)n2C,THEOBROMINE,0,5,0.38221848603932473,0.020418651841299814,,0.0,0.0
sub6a-gnps-CCMSLIB00012466630,Cn1c(=O)c2[nH]cnc2n(C)c1=O,THEOPHYLLINE,0,1,0.9264728007412122,0.014307275583238011,0.0,0.0,0.0
sub6a-gnps-CCMSLIB00012466630,Cn1c(=O)[nH]c2ncn(C)c2c1=O,PARAXANTHINE,0,2,0.897706158560133,0.00647947406663289,,0.0,0.0
sub6a-gnps-CCMSLIB00012466630,O=C(C(O)CO)C(O)C(O)CO,Galactose,0,3,0.3097099511339797,0.052179671643058215,,0.0,0.0
sub6a-gnps-CCMSLIB00012466630,OC1C(O)C(O)C(O)C(O)C1O,Myo-inositol,1,4,0.2919802981117918,0.0,,0.0,0.0
sub6a-gnps-CCMSLIB00012466630,OCC1OC(O)C(O)C(O)C1O,Spectral Match to .alpha.-D-(+)-Talose from NIST14,0,5,0.2078354767800114,0.020832201895069645,,0.0,0.0
sub6a-gnps-CCMSLIB00012466859,CC1CCN(C(=O)c2ccccc2N(C)S(C)(=O)=O)CC1,AKOS000608289,0,1,0.08198190828298134,0.031828858936139195,,0.0,1.0
sub6a-gnps-CCMSLIB00012466859,O=C(O)C(Cc1ccc(O)cc1)NCc1c[nH]c2ccccc12,Tyrosine_Indole-3-carbaldehyde (known isomers: 0; isobaric peaks in run: 2),0,2,0.13568943041162074,0.10538076308418225,0.0,0.0,0.0
sub6a-gnps-CCMSLIB00012466859,C=c1c(CCC(=O)O)c(C)[nH]c1=Cc1c(O)[nH]c2ccccc12,252916-29-3,0,3,0.0803846547426872,0.06310321492153033,,0.0,0.0
sub6a-gnps-CCMSLIB00012466859,Cc1ccc(Cc2ccccn2)cc1NC(=O)C1(C(=O)O)CC1,Z2295704060,0,4,0.07257393449532414,0.0437884873517104,,0.0,0.0
sub6a-gnps-CCMSLIB00012466859,Cc1cc(-n2c(O)c3c(c2O)CC(c2ccccc2)CC3)no1,"2-(5-methyl-3-isoxazolyl)-5-phenylhexahydro-1H-isoindole-1,3(2H)-dione",0,5,0.0805497637334584,0.025889048791304388,,0.0,0.0
sub6a-gnps-CCMSLIB00012467643,CC1OC(O)C(O)C(O)C1O,HMDB:HMDB00174-274 L-Fucose,0,1,0.3225613377800973,0.0,,0.0,1.0
sub6a-gnps-CCMSLIB00012467643,O=CCC(O)C(O)C(O)CO,2-DEOXY-D-GLUCOSE - 60.0 eV,0,2,0.1168295181135642,0.0,,0.0,1.0
sub6a-gnps-CCMSLIB00012467643,OCC1OCC(O)C(O)C1O,"HMDB:HMDB02712-2125 1,5-Anhydrosorbitol",0,3,0.09253319946340129,0.0,,0.0,1.0
sub6a-gnps-CCMSLIB00012467643,OCC1OC(O)CC(O)C1O,2-DEOXY-GLUCOSE,0,4,0.05211204144112073,0.0,,0.0,1.0
sub6a-gnps-CCMSLIB00012467643,OCC(O)C(O)C(O)C(O)CO,MANNITOL,1,5,0.4015151007782203,0.0,0.0,0.0,0.0
sub6a-gnps-CCMSLIB00012471421,CSCCCCCCCN=C=S,7-Methylthioheptyl isothiocyanate,0,1,0.14094468995816656,0.009972318728117494,0.0,0.0,1.0
sub6a-gnps-CCMSLIB00012471421,CCC(=O)NC(CCC(=O)O)C(=O)O,Candidate Glutamic acid-C3:0 (delta mass:56.0267),0,2,0.1089627816718889,0.03762032269827676,,0.0,1.0
sub6a-gnps-CCMSLIB00012471421,CC(=O)NC(CCCC(=O)O)C(=O)O,Candidate Aminoadipic acid-C2:0 (delta mass:42.0111),0,3,0.10947080917804163,0.01667833147504294,,0.0,1.0
sub6a-gnps-CCMSLIB00012471421,CC(=O)NC(C=O)C(O)C(O)C(O)CO,1811-31-0,0,4,0.08426838269304804,0.01763982239287971,,0.0,0.0
sub6a-gnps-CCMSLIB00012471421,CC(=O)NC1C(O)OC(CO)C(O)C1O,Spectral Match to N-Acetyl-D-glucosamine from NIST14,1,5,0.08795025876836161,0.009757472234664116,,0.0,0.0
sub6a-gnps-CCMSLIB00012471528,CC12CCC(=O)C=C1CCC1C2CCC2(C)C(O)CCC12,EPITESTOSTERONE,0,1,0.9600201360731444,0.04061933716137039,0.0,0.0,0.0
sub6a-gnps-CCMSLIB00012471528,CC12CCC3C(CCC4CC(=O)CCC43C)C1CCC2=O,5alpha-ANDROSTAN-3-17-DIONE,0,2,0.9222943331266619,0.03682579425580794,,0.0,0.0
sub6a-gnps-CCMSLIB00012471528,CC(=CC=CC(C)C=CC1=C(C)CCCC1(C)C)C(=O)O,ISOTRETINON_metabolite_001,0,3,0.3365308733206613,0.02406271316861238,,0.0,0.0
sub6a-gnps-CCMSLIB00012471528,CCC12CCCN3C(=O)C(O)C4c5ccccc5N(C(=O)CC1)C432,Leuconodine A,0,4,0.22804778852354762,0.02396533342087422,,0.0,0.0
sub6a-gnps-CCMSLIB00012471528,CCC1=NC2CC3(C(=O)N(OC)c4ccccc43)C3CC1C2CO3,Gelsenicine,0,5,0.19472844523860547,0.047254285319678235,,0.0,0.0
sub6a-gnps-CCMSLIB00012867696,COC1=CC(=O)c2c(O)c3c(c(O)c2C1=O)CC1(C)OC(C(=O)O)CC3O1,Marticin,0,1,0.5190379072009842,0.05569951251115428,,0.0,1.0
sub6a-gnps-CCMSLIB00012867696,Cc1cc(O)c(C=O)c(O)c1C(=O)OCc1cc(O)c(C)c(O)c1C(=O)O,Alectorialic acid,0,2,0.187074888575103,0.0034690780506513993,,0.0,1.0
sub6a-gnps-CCMSLIB00012867696,O=C(C=Cc1ccc(O)c(O)c1)OC1CC(O)(C(=O)O)CC(O)C1O,5-O-Caffeoylquinic acid,0,3,0.5260350155859379,0.06397075027499947,2.7777777777777777,0.0,0.0
sub6a-gnps-CCMSLIB00012867696,O=C(C=Cc1ccc(O)c(O)c1)OC1C(O)CC(O)(C(=O)O)CC1O,4-O-Caffeoylquinic acid,0,4,0.4994888319627627,0.041469967451283486,,0.0,0.0
sub6a-gnps-CCMSLIB00012867696,COCc1c(O)c(C(=O)O)c(C)c2c1OC(=O)c1c(C)cc(O)c(O)c1O2,"NCGC00384982-01!3,9,10-trihydroxy-4-(methoxymethyl)-1,7-dimethyl-6-oxobenzo[b][1,4]benzodioxepine-2-carboxylic acid",0,5,0.00755493159735276,0.0015769411374128087,,0.0,1.0
sub6a-gnps-CCMSLIB00012867708,O=C(CCl)NC(Cc1c[nH]c2cc(OCc3ccccc3)ccc12)C(=O)O,2-(2-chloroacetylamino)-3-[6-(phenylmethoxy)indol-3-yl]propanoic acid CollisionEnergy:102040,0,1,0.17498764550254642,0.05296430826364499,2.5,0.0,0.0
sub6a-gnps-CCMSLIB00012867708,Cc1ccc(C(=O)CSc2nccn(-c3cccc4ccccc34)c2=O)cc1,946238-27-3,0,2,0.04251059375471972,0.0034233519682797717,,0.0,0.0
sub6a-gnps-CCMSLIB00012867708,Cc1cc(Oc2ccc3ccccc3c2)nc(SCC(=O)c2ccccc2)n1,2-(4-methyl-6-(2-naphthyloxy)pyrimidin-2-ylthio)-1-phenylethan-1-one CollisionEnergy:102040,0,3,0.00824351622059084,0.0015514014790268412,,0.0,0.0
sub6a-gnps-CCMSLIB00012867708,Nc1c(C(=O)c2ccccc2)sc2nc3c(c(-c4ccccc4)c12)COCC3,AN-848/43372189,0,4,0.008315553278984186,8.342734372285865e-05,,0.0,0.0
sub6a-gnps-CCMSLIB00012867708,Cc1[nH]c2ccc(F)cc2c1CCNC(=O)c1cc2ccccc2oc1=O,N-[2-(5-fluoro-2-methylindol-3-yl)ethyl](2-oxochromen-3-yl)carboxamide CollisionEnergy:102040,0,5,0.008227450647542711,0.0,,0.0,0.0
sub6a-gnps-CCMSLIB00013007999,NC(CS)C(=O)O,Cysteine; LC-tDDA; CE30,1,1,0.9955293097286092,0.7489092215958324,100.0,1.0,1.0
sub6a-gnps-CCMSLIB00013010897,NC(=O)c1cccnc1,nicotinamide,1,1,0.9999994123571861,0.7328134405090683,87.5,1.0,1.0
sub6a-gnps-CCMSLIB00013010897,NC(=O)c1ccncc1,Spectral Match to Isonicotinamide from NIST14,0,2,0.9150423855194559,0.5963518120255097,,1.0,1.0
sub6a-gnps-CCMSLIB00013010897,CC(=O)c1cnccn1,2-Acetylpyrazine,0,3,0.8193987529728302,0.4265833290390451,,1.0,1.0
sub6a-gnps-CCMSLIB00013010897,Cc1cn(C)nc1C(=O)O,"1,4-Dimethyl-1H-pyrazole-3-carboxylic acid",0,4,0.7954115122007831,0.45026416214719955,,0.0,0.0
sub6a-gnps-CCMSLIB00013010897,CCc1cc(C(=O)O)[nH]n1,5-ethyl-1H-pyrazole-3-carboxylic Acid,0,5,0.8232773980796233,0.4020975157129199,,0.0,0.0
sub6a-gnps-CCMSLIB00013021654,Nc1ncnc2c1ncn2C1OC(COP(=O)(O)O)C(O)C1O,5'-adenylic acid,1,1,0.9992957089618693,0.687087252051247,60.0,1.0,1.0
sub6a-gnps-CCMSLIB00013021654,Nc1ncnc2c1ncn2C1OC(CO)C(OP(=O)(O)O)C1O,Adenosine3Phosphate,0,2,0.9707699317701324,0.6810553980053634,,1.0,1.0
sub6a-gnps-CCMSLIB00013021654,Nc1nc(=O)c2ncn(C3CC(O)C(COP(=O)(O)O)O3)c2[nH]1,2'-DEOXYGUANOSINE 5'-MONOPHOSPHATE,0,3,0.9722741315360284,0.0055823253259091295,,1.0,1.0
sub6a-gnps-CCMSLIB00013021654,Brc1cccc(C2(CNc3ncccn3)CCOCC2)c1,Z646436336,0,4,0.012946040929433768,0.01741779104926722,,0.0,1.0
sub6a-gnps-CCMSLIB00013021654,CN(C(=O)C1(Cc2ccccc2Br)CC1)c1ccn(C)n1,Z2224585474,0,5,0.011739695992630748,0.008297720885674802,,0.0,1.0
sub6a-gnps-CCMSLIB00013031139,NC(CS)C(=O)O,L-cysteine,1,1,0.999994813020928,0.9324391532864547,100.0,1.0,1.0
sub6a-gnps-CCMSLIB00013031144,NC(CS)C(=O)O,Cysteine; LC-tDDA; CE30,1,1,0.993857699430858,0.74904732296831,66.66666666666667,1.0,1.0
sub6a-gnps-CCMSLIB00013031149,NC(CS)C(=O)O,L-cysteine,1,1,0.997392402691848,0.7521017853421578,66.66666666666667,1.0,1.0
sub6a-gnps-CCMSLIB00013035247,Cc1cccc(Cc2c[nH]cn2)c1C,DETOMIDINE,1,1,0.9877384174816809,0.08579493557775059,30.434782608695652,0.0,1.0
sub6a-gnps-CCMSLIB00013035247,c1ccc2[nH]c(C3CCCN3)cc2c1,2_pyrrolidin_2_yl_1H_indole,0,2,0.0007320742558268612,0.00248777225149081,,0.0,1.0
sub6a-gnps-CCMSLIB00013035247,CN1CCc2[nH]c3ccccc3c2C1,"""2-methyl-1,2,3,4-tetrahydropyridino[4,3-b]indole CollisionEnergy:205060""",0,3,6.708125229696418e-05,0.0005179955171530311,,0.0,1.0
sub6a-gnps-CCMSLIB00013035247,CN1CCc2c([nH]c3ccccc23)C1,"""MLS001049128-01!2-methyl-1,3,4,9-tetrahydropyrido[3,4-b]indole""",0,4,0.0002201975833238484,5.768612447984464e-05,,0.0,1.0
sub6a-gnps-CCMSLIB00013035252,Cc1cccc(Cc2c[nH]cn2)c1C,DETOMIDINE,1,1,0.9999984122490277,0.41233837739815943,17.391304347826086,0.0,1.0
sub6a-gnps-CCMSLIB00013035252,CN1CCc2[nH]c3ccccc3c2C1,"""2-methyl-1,2,3,4-tetrahydropyridino[4,3-b]indole CollisionEnergy:102040""",0,2,0.046185713743638085,0.3494508155207406,,0.0,1.0
sub6a-gnps-CCMSLIB00013035252,CN1CCc2c([nH]c3ccccc23)C1,"2-Methyl-1,2,3,4-tetrahydro-beta-carboline",0,3,0.03581361335097599,0.2705129139643331,,0.0,1.0
sub6a-gnps-CCMSLIB00013035252,c1ccc2[nH]c(C3CCCN3)cc2c1,2_pyrrolidin_2_yl_1H_indole,0,4,0.000593020158453266,0.29351151915000695,,0.0,1.0
sub6a-gnps-CCMSLIB00013035262,Cc1cccc(Cc2c[nH]cn2)c1C,DETOMIDINE,1,1,0.9877284511913912,0.08579369593178103,30.434782608695652,0.0,1.0
sub6a-gnps-CCMSLIB00013035262,c1ccc2[nH]c(C3CCCN3)cc2c1,2_pyrrolidin_2_yl_1H_indole,0,2,0.000732063678129069,0.0024877363058161154,,0.0,1.0
sub6a-gnps-CCMSLIB00013035262,CN1CCc2[nH]c3ccccc3c2C1,"""2-methyl-1,2,3,4-tetrahydropyridino[4,3-b]indole CollisionEnergy:205060""",0,3,6.708028304390185e-05,0.0005179880326663215,,0.0,1.0
sub6a-gnps-CCMSLIB00013035262,CN1CCc2c([nH]c3ccccc23)C1,"""MLS001049128-01!2-methyl-1,3,4,9-tetrahydropyrido[3,4-b]indole""",0,4,0.0002201944017019399,5.7685290976430614e-05,,0.0,1.0
sub6a-gnps-CCMSLIB00013050602,CNCC(O)c1cccc(O)c1,phenylephrine,1,1,0.9436023492258573,0.3159941782684037,20.0,1.0,0.0
sub6a-gnps-CCMSLIB00013050602,CNCC(O)c1ccc(O)cc1,Synephrine,0,2,0.8191293487204125,0.3358054480514448,,1.0,0.0
sub6a-gnps-CCMSLIB00013050602,CC(=O)C1C(=O)CC(C)N=C1C,NCGC00381402-01,0,3,0.725819265333044,0.29159318913847715,,1.0,0.0
sub6a-gnps-CCMSLIB00013050602,Cc1ccc(NC=O)c(C)c1,"""N-(2,4-Dimethylphenyl)formamide_CE45""",0,4,0.47671129522176536,0.17933595550436107,,0.0,1.0
sub6a-gnps-CCMSLIB00013050602,CN(C)c1ccc(C=O)cc1,4-(DIMETHYLAMINO)BENZALDEHYDE,0,5,0.42986334508492635,0.06336749605390739,,0.0,1.0
sub6a-gnps-CCMSLIB00013050610,CC1COc2ccccc2N1,"3-Methyl-3,4-dihydro-2H-1,4-benzoxazine",0,1,0.9720299208982748,0.47522717552011073,,0.0,1.0
sub6a-gnps-CCMSLIB00013050610,CNCC(O)c1cccc(O)c1,phenylephrine,1,2,0.9896976378240618,0.5546273710709321,40.0,0.0,0.0
sub6a-gnps-CCMSLIB00013050610,CNCC(O)c1ccc(O)cc1,Synephrine,0,3,0.9504138976612382,0.5669717803595005,,0.0,0.0
sub6a-gnps-CCMSLIB00013050610,CCn1c(C)cc(C(=O)O)c1C,"1-ethyl-2,5-dimethyl-1H-pyrrole-3-carboxylic acid",0,4,0.968712080690961,0.45256462811109693,,0.0,0.0
sub6a-gnps-CCMSLIB00013050610,CC(=O)C1C(=O)CC(C)N=C1C,NCGC00381402-01,0,5,0.963022858152494,0.42950287983149515,,0.0,0.0
sub6a-gnps-CCMSLIB00013070145,OCC1OC(OC2(CO)OC(CO)C(O)C2O)C(O)C(O)C1O,sucrose,1,1,0.9932525820342092,0.43640797810770665,40.90909090909091,1.0,0.0
sub6a-gnps-CCMSLIB00013070145,OCC1OC(OC2C(CO)OC(O)C(O)C2O)C(O)C(O)C1O,CELLOBIOSE,0,2,0.9289878972160551,0.3980291953229537,,1.0,0.0
sub6a-gnps-CCMSLIB00013070145,OCC1OC(OC2C(CO)OC(O)(CO)C2O)C(O)C(O)C1O,LACTULOSE,0,3,0.9431058768918154,0.3267619963501494,,1.0,0.0
sub6a-gnps-CCMSLIB00013070145,O=C(CO)C(OC1OC(CO)C(O)C(O)C1O)C(O)C(O)CO,TURANOSE,0,4,0.929336946466808,0.2843212997576074,,1.0,0.0
sub6a-gnps-CCMSLIB00013070145,O=C(C(O)CO)C(OC1OC(CO)C(O)C(O)C1O)C(O)CO,Lactose (known structural isomers: 3; isobaric peaks in run: 0),0,5,0.9407614700145456,0.267627189715263,,1.0,0.0
sub6a-gnps-CCMSLIB00013576132,Nc1nc(=O)c2nccnc2[nH]1,PTERIN - 70.0 eV,0,1,0.04108078671553616,0.0007057985399516543,0.0,0.0,1.0
sub6a-gnps-CCMSLIB00013576132,O=C(O)CCC(=O)C(=O)O,alpha ketoglutaric acid (known structural isomers: 0; isobaric peaks in run: 1),1,2,0.029963388799298833,0.009693650739372124,,1.0,0.0
sub6a-gnps-CCMSLIB00013576132,S=C1NCCN1,PTERINE,0,3,0.0015497311765730105,0.0,,0.0,0.0
sub6a-gnps-CCMSLIB00013576164,O=c1ccc2ccccc2o1,Coumarin - 40.0 eV,1,1,0.6916062733721295,0.7460457142521424,,1.0,1.0
sub6a-gnps-CCMSLIB00013576164,O=c1ccoc2ccccc12,CHROMONE CollisionEnergy:205060,0,2,0.6957090871503332,0.47155421663512687,,1.0,1.0
sub6a-gnps-CCMSLIB00013576164,O=C(O)C=Cc1ccc(O)cc1,p-coumaric acid CollisionEnergy:102040,0,3,0.9955129852242811,0.6889316145845726,20.0,0.0,0.0
sub6a-gnps-CCMSLIB00013576164,O=C(O)C=Cc1cccc(O)c1,m-coumaric acid,0,4,0.8600977148275898,0.7181881240108177,,0.0,0.0
sub6a-gnps-CCMSLIB00013576164,O=C(O)C=Cc1ccccc1O,2-Hydroxycinnamic acid CollisionEnergy:102040,0,5,0.6367843350861371,0.7937653645654011,,0.0,0.0
sub6a-gnps-CCMSLIB00013576166,O=C(O)c1cncc(C2CC2)c1,5-cyclopropylnicotinic acid,0,1,0.1273157317268024,0.14375493519194096,,0.0,1.0
sub6a-gnps-CCMSLIB00013576166,NC(C(=O)O)C(O)c1ccccc1,2-amino-3-hydroxy-3-phenylpropanoic acid CollisionEnergy:102040,0,2,0.12874608714016328,0.2351130846735962,,0.0,0.0
sub6a-gnps-CCMSLIB00013576166,NC(Cc1ccccc1)C(=O)O,Phenylalanine_(L-),0,3,0.03733008199454931,0.3071984181331831,,0.0,0.0
sub6a-gnps-CCMSLIB00013576166,NC(Cc1ccc(O)cc1)C(=O)O,TYROSINE,0,4,0.09285218678548485,0.1221386771586056,,0.0,0.0
sub6a-gnps-CCMSLIB00013576166,CC(C)c1ccc(C(=O)O)c(=O)[nH]1,98483-00-2,0,5,0.13225704109865666,0.025668512435271282,10.344827586206897,0.0,0.0
sub6a-gnps-CCMSLIB00013576503,O=c1ccc2ccccc2o1,Cumarin,1,1,0.9996024649284786,0.5363240898933991,25.0,1.0,1.0
sub6a-gnps-CCMSLIB00013576503,O=c1ccoc2ccccc12,CHROMONE CollisionEnergy:205060,0,2,0.9740474046201325,0.5044483440019573,,1.0,1.0
sub6a-gnps-CCMSLIB00013576503,O=C(O)C=Cc1ccccc1O,2-Hydroxycinnamic acid CollisionEnergy:102040,0,3,0.9782288139961428,0.5603382413696685,,0.0,0.0
sub6a-gnps-CCMSLIB00013576503,O=C(O)C=Cc1cccc(O)c1,"Coumaric acid (isomer of 189, 192)",0,4,0.9212129901022357,0.4776090362559322,,0.0,0.0
sub6a-gnps-CCMSLIB00013576503,O=C(O)C=Cc1ccc(O)cc1,"Coumaric acid (isomer of 189, 194)",0,5,0.8654847238706419,0.47021487612485263,,0.0,0.0
sub6a-gnps-CCMSLIB00013576504,O=c1ccc2ccccc2o1,Coumarin (known structural isomers: 0; isobaric peaks in run: 2),1,1,0.7155464077769544,0.7316872574904826,,1.0,1.0
sub6a-gnps-CCMSLIB00013576504,O=c1ccoc2ccccc12,CHROMONE CollisionEnergy:205060,0,2,0.7301653686381714,0.48829074986527965,,1.0,1.0
sub6a-gnps-CCMSLIB00013576504,O=C(O)C=Cc1ccc(O)cc1,p-coumaric acid CollisionEnergy:102040,0,3,0.9970605124583644,0.6857398605993645,13.333333333333334,0.0,0.0
sub6a-gnps-CCMSLIB00013576504,O=C(O)C=Cc1cccc(O)c1,m-coumaric acid,0,4,0.8901735950624264,0.7059705399059043,,0.0,0.0
sub6a-gnps-CCMSLIB00013576504,O=C(O)C=Cc1ccccc1O,2-Hydroxycinnamic acid CollisionEnergy:102040,0,5,0.6656525878843073,0.7784468502434354,,0.0,0.0
sub6a-gnps-CCMSLIB00013576901,NC(CO)C(=O)O,L-serine,1,1,0.996708001039027,0.6539125553475434,0.0,1.0,1.0
sub6a-gnps-CCMSLIB00013583352,NC(=O)NCCC(=O)O,3-Ureidopropionic acid CollisionEnergy:102040,1,1,0.8443074213229742,0.0,0.0,0.0,0.0
sub6a-gnps-CCMSLIB00013583352,NC(=O)CC(N)C(=O)O,ASPARAGINE,0,2,0.7540329652497383,0.0,,0.0,0.0
sub6a-gnps-CCMSLIB00013583456,Cn1cnc2c1c(=O)[nH]c(=O)n2C,Theobromine,0,1,0.9968338475860524,0.6293348656800632,40.0,1.0,0.0
sub6a-gnps-CCMSLIB00013583456,Cn1c(=O)[nH]c2ncn(C)c2c1=O,Paraxanthine,0,2,0.9682732836256355,0.5088711812527266,,1.0,0.0
sub6a-gnps-CCMSLIB00013583456,Cn1c(=O)c2[nH]cnc2n(C)c1=O,Aminophylline,0,3,0.9682321993875179,0.5044380598418593,,1.0,0.0
sub6a-gnps-CCMSLIB00013583456,OCC1(O)OCC(O)C(O)C1O,fructose (known structural isomers: 6; isobaric peaks in run: 1),0,4,0.8847470396246302,0.3822049128668078,,0.0,1.0
sub6a-gnps-CCMSLIB00013583456,OCC(O)C(O)C(O)C(O)CO,"ReSpect:PT200120 L-Iditol|(2S,3R,4R,5S)-hexane-1,2,3,4,5,6-hexol|(2S,3R,4R,5S)-hexane-1,2,3,4,5,6-hexol",0,5,0.8656808699136999,0.15155218752830868,,0.0,1.0
sub6a-gnps-CCMSLIB00013639538,O=C(C(O)CO)C(O)C(O)CO,Galactose,0,1,0.774076567370761,0.012832065707207784,0.0,0.0,0.0
sub6a-gnps-CCMSLIB00013639538,O=S(c1ccccc1)c1ccccc1,Diphenylsulfoxide,0,2,0.05594236158912113,0.0,,0.0,1.0
sub6a-gnps-CCMSLIB00013639538,OC1C(O)C(O)C(O)C(O)C1O,Myo-inositol_20EV,1,3,0.41629633038874797,0.02035918671759282,,0.0,0.0
sub6a-gnps-CCMSLIB00013639538,Cn1cnc2c1c(=O)[nH]c(=O)n2C,THEOBROMINE,0,4,0.3678089588108525,0.034172046211285174,,0.0,0.0
sub6a-gnps-CCMSLIB00013639538,OCC1OC(O)C(O)C(O)C1O,Spectral Match to L-(+)-Gulose from NIST14,0,5,0.1598049970167682,0.004864595755385799,,0.0,0.0
sub6a-gnps-CCMSLIB00013934793,CC(CCc1ccc(O)cc1)NCC(O)c1ccc(O)cc1,Ractopamine,0,1,0.9558591335871595,0.5377190797476578,,1.0,1.0
sub6a-gnps-CCMSLIB00013934793,CC(CCc1ccc(O)cc1)NCCc1ccc(O)c(O)c1,Dobutamine,1,2,0.9910790741379616,0.4587176965021396,26.53061224489796,1.0,1.0
sub6a-gnps-CCMSLIB00013934793,CC(COc1ccccc1)NC(C)C(O)c1ccc(O)cc1,isoxsuprine,0,3,0.7095181763747789,0.1166465454327846,,1.0,1.0
sub6a-gnps-CCMSLIB00013934793,CC(COc1ccccc1)NC(CO)C(O)c1ccccc1,Solpecainol [CCS=176.97027587890625],0,4,0.7370053752027735,0.06558729918295308,,1.0,1.0
sub6a-gnps-CCMSLIB00013934793,CCc1ncnc(N2CCC(CNc3ccccn3)C2)c1F,AKOS033411065 (Chimeric precursor selection),0,5,0.634176755248047,0.0038138495528342213,,0.0,0.0
sub6a-gnps-CCMSLIB00013934818,CC12CCC3C(CC=C4CC(O)CCC43C)C1CCC2=O,dehydroepiandrosterone [CCS=173.6689453125],1,1,0.9667627269376443,0.30260708810032544,39.583333333333336,1.0,1.0
sub6a-gnps-CCMSLIB00013934818,CC12CCC3C(CCC4CC(=O)CCC43C)C1CCC2=O,"""5beta-Androstan-3,17-dione""",0,2,0.9043932674681936,0.2315120753740137,,1.0,1.0
sub6a-gnps-CCMSLIB00013934818,CC1(O)CCC2C3CC=C4CC(=O)CCC4C3CCC21C,Normethandrolone; Methylestrenolone; Normethandrone_CE30,0,3,0.5454783260962898,0.24831670476570356,,1.0,1.0
sub6a-gnps-CCMSLIB00013934818,CC12CCC(=O)C=C1CCC1C2CCC2(C)C(O)CCC12,Testosterone,0,4,0.4838002096433328,0.16951607863313006,,1.0,1.0
sub6a-gnps-CCMSLIB00013934818,CC1C=C2CC(=O)CCC2C2CCC3(C)C(O)CCC3C12,Trestolone [CCS=178.657],0,5,0.2920442218420003,0.2141654544505831,,1.0,1.0
sub6a-gnps-CCMSLIB00013934887,CC12CCC3C(CCC4CC(=O)CCC43C)C1CCC2O,5alpha-Dihydrotestosterone; Androstanolone_CE45,1,1,0.8296537952748269,0.35867230305071857,65.21739130434783,1.0,1.0
sub6a-gnps-CCMSLIB00013934887,CC12CCC3C(CCC4CC(O)CCC43C)C1CCC2=O,Androsterone_CE45,0,2,0.6214152521690244,0.505181368163462,,1.0,1.0
sub6a-gnps-CCMSLIB00013934887,CC12CCC(O)CC1=CCC1C2CCC2(C)C(O)CCC12,"Androst-5-ene-3,17-diol",0,3,0.21207620516365422,0.37053088828089886,,1.0,1.0
sub6a-gnps-CCMSLIB00013934887,CC12C=CC(O)CC1CCC1C2CCC2(C)C(O)CCC12,1_androstenediol,0,4,0.1701297773148993,0.3792779310931824,,1.0,1.0
sub6a-gnps-CCMSLIB00013934889,CC12CCC3C(CCC4CC(O)CCC43C)C1CCC2=O,(+)-Epiandrosterone_CE60,0,1,0.9399811837210842,0.5486178334340674,,1.0,1.0
sub6a-gnps-CCMSLIB00013934889,CC12CCC3C(CCC4CC(=O)CCC43C)C1CCC2O,5beta-Dihydroepitestosterone; 5beta-Androstan-17alpha-ol-3-one_CE60,1,2,0.9666604060339428,0.46409379806524137,43.47826086956522,1.0,1.0
sub6a-gnps-CCMSLIB00013934889,CC12C=CC(O)CC1CCC1C2CCC2(C)C(O)CCC12,1_androstenediol,0,3,0.6375968016443829,0.5638258827296114,,1.0,1.0
sub6a-gnps-CCMSLIB00013934889,CC12CCC(O)CC1=CCC1C2CCC2(C)C(O)CCC12,"Androst-5-ene-3,17-diol",0,4,0.25760804359704415,0.5196667248592437,,1.0,1.0
sub6a-gnps-CCMSLIB00013934892,CC12CCC3C(CCC4CC(O)CCC43C)C1CCC2=O,"""Androsterone_CE25,38,59""",0,1,0.9626091166166512,0.45082807764511107,,1.0,1.0
sub6a-gnps-CCMSLIB00013934892,CC12CCC3C(CCC4CC(=O)CCC43C)C1CCC2O,"""17-epi-Dihydrotestosterone; 5alpha-Androstan-17alpha-ol-3-one_CE25,38,59""",1,2,0.9689701299042562,0.43282017691082725,34.78260869565217,1.0,1.0
sub6a-gnps-CCMSLIB00013934892,CC12C=CC(O)CC1CCC1C2CCC2(C)C(O)CCC12,1_androstenediol,0,3,0.8022931715329953,0.4600989197857503,,1.0,1.0
sub6a-gnps-CCMSLIB00013934892,CC12CCC(O)CC1=CCC1C2CCC2(C)C(O)CCC12,"Androst-5-ene-3,17-diol",0,4,0.20964546614273652,0.39209626942846304,,1.0,1.0
sub6a-gnps-CCMSLIB00013935041,CC12CCC3C(CCC4CC(O)CCC43C)C1CCC2=O,(+)-Epiandrosterone_CE45,0,1,0.9091558918041287,0.61851818680599,,1.0,1.0
sub6a-gnps-CCMSLIB00013935041,CC12CCC3C(CCC4CC(=O)CCC43C)C1CCC2O,17-epi-Dihydrotestosterone; 5alpha-Androstan-17alpha-ol-3-one_CE45,1,2,0.9316702356191401,0.5000975434752998,43.47826086956522,1.0,1.0
sub6a-gnps-CCMSLIB00013935041,CC12C=CC(O)CC1CCC1C2CCC2(C)C(O)CCC12,1_androstenediol,0,3,0.3523977376128322,0.5983349520521538,,1.0,1.0
sub6a-gnps-CCMSLIB00013935041,CC12CCC(O)CC1=CCC1C2CCC2(C)C(O)CCC12,"Androst-5-ene-3,17-diol",0,4,0.29125654448803306,0.5755951739166,,1.0,1.0
sub6a-gnps-CCMSLIB00013935043,CC12CCC3C(CCC4CC(=O)CCC43C)C1CCC2O,5alpha-Dihydrotestosterone; Androstanolone_CE75,1,1,0.9767480778438796,0.46938234610188034,,1.0,1.0
sub6a-gnps-CCMSLIB00013935043,CC12CCC3C(CCC4CC(O)CCC43C)C1CCC2=O,Androsterone_CE75,0,2,0.9767592282519046,0.45044698510270004,37.77777777777778,1.0,1.0
sub6a-gnps-CCMSLIB00013935043,CC12C=CC(O)CC1CCC1C2CCC2(C)C(O)CCC12,1_androstenediol,0,3,0.7475577031586554,0.5683051941686452,,1.0,1.0
sub6a-gnps-CCMSLIB00013935043,CC12CCC(O)CC1=CCC1C2CCC2(C)C(O)CCC12,"Androst-5-ene-3,17-diol",0,4,0.20335780692959804,0.515355338625495,,1.0,1.0
sub6a-gnps-CCMSLIB00013935045,CC12CCC3C(CCC4CC(O)CCC43C)C1CCC2=O,Spectral Match to 5.beta.-Androsterone from NIST14,0,1,0.964479799461692,0.6700162476117058,62.22222222222222,1.0,1.0
sub6a-gnps-CCMSLIB00013935045,CC12CCC3C(CCC4CC(=O)CCC43C)C1CCC2O,Dihydrotestosterone,1,2,0.912888765617956,0.5965353370567713,,1.0,1.0
sub6a-gnps-CCMSLIB00013935045,CC12CCC(O)CC1=CCC1C2CCC2(C)C(O)CCC12,"Androst-5-ene-3,17-diol",0,3,0.46197104083954654,0.5208844702685408,,1.0,1.0
sub6a-gnps-CCMSLIB00013935045,CC12C=CC(O)CC1CCC1C2CCC2(C)C(O)CCC12,1_androstenediol,0,4,0.023970352944028342,0.5295191828747317,,1.0,1.0
sub6a-gnps-CCMSLIB00013935046,CC12CCC3C(CCC4CC(O)CCC43C)C1CCC2=O,ANDROSTERONE,0,1,0.8641655520382736,0.6512656905016239,,1.0,1.0
sub6a-gnps-CCMSLIB00013935046,CC12CCC3C(CCC4CC(=O)CCC43C)C1CCC2O,5beta-Dihydroepitestosterone; 5beta-Androstan-17alpha-ol-3-one_CE30,1,2,0.8749232756116696,0.4735929578266416,47.82608695652174,1.0,1.0
sub6a-gnps-CCMSLIB00013935046,CC12CCC(O)CC1=CCC1C2CCC2(C)C(O)CCC12,"Androst-5-ene-3,17-diol",0,3,0.3422736028725845,0.4939259924178976,,1.0,1.0
sub6a-gnps-CCMSLIB00013935046,CC12C=CC(O)CC1CCC1C2CCC2(C)C(O)CCC12,1_androstenediol,0,4,0.13555836862037088,0.5116931982211759,,1.0,1.0
sub6a-gnps-CCMSLIB00013935048,CC12CCC3C(CCC4CC(O)CCC43C)C1CCC2=O,(+)-Epiandrosterone_CE60,0,1,0.9304024645303716,0.5317859276178333,,1.0,1.0
sub6a-gnps-CCMSLIB00013935048,CC12CCC3C(CCC4CC(=O)CCC43C)C1CCC2O,5beta-Dihydroepitestosterone; 5beta-Androstan-17alpha-ol-3-one_CE60,1,2,0.9657774543123439,0.44527250619015457,45.65217391304348,1.0,1.0
sub6a-gnps-CCMSLIB00013935048,CC12C=CC(O)CC1CCC1C2CCC2(C)C(O)CCC12,1_androstenediol,0,3,0.5744150698103858,0.5996352568099433,,1.0,1.0
sub6a-gnps-CCMSLIB00013935048,CC12CCC(O)CC1=CCC1C2CCC2(C)C(O)CCC12,"Androst-5-ene-3,17-diol",0,4,0.25469337821004434,0.56288693345399,,1.0,1.0
sub6a-gnps-CCMSLIB00013935049,CC12CCC3C(CCC4CC(=O)CCC43C)C1CCC2O,5beta-Dihydroepitestosterone; 5beta-Androstan-17alpha-ol-3-one_CE75,1,1,0.9652633532288704,0.43318535762772215,39.130434782608695,1.0,1.0
sub6a-gnps-CCMSLIB00013935049,CC12CCC3C(CCC4CC(O)CCC43C)C1CCC2=O,Androsterone_CE75,0,2,0.9553336944223478,0.4344118764667121,,1.0,1.0
sub6a-gnps-CCMSLIB00013935049,CC12C=CC(O)CC1CCC1C2CCC2(C)C(O)CCC12,1_androstenediol,0,3,0.7482816773586229,0.5464813233466329,,1.0,1.0
sub6a-gnps-CCMSLIB00013935049,CC12CCC(O)CC1=CCC1C2CCC2(C)C(O)CCC12,"Androst-5-ene-3,17-diol",0,4,0.20742034111255125,0.49406509701624424,,1.0,1.0
sub6a-gnps-CCMSLIB00013935050,CC12CCC3C(CCC4CC(=O)CCC43C)C1CCC2O,5beta-Dihydroepitestosterone; 5beta-Androstan-17alpha-ol-3-one_CE90,1,1,0.9675510839038985,0.39761072726767377,,1.0,1.0
sub6a-gnps-CCMSLIB00013935050,CC12CCC3C(CCC4CC(O)CCC43C)C1CCC2=O,Androsterone_CE90,0,2,0.9738444618787987,0.3541767430512986,33.333333333333336,1.0,1.0
sub6a-gnps-CCMSLIB00013935050,CC12C=CC(O)CC1CCC1C2CCC2(C)C(O)CCC12,1_androstenediol,0,3,0.8321864352888254,0.45390439222177703,,1.0,1.0
sub6a-gnps-CCMSLIB00013935050,CC12CCC(O)CC1=CCC1C2CCC2(C)C(O)CCC12,"Androst-5-ene-3,17-diol",0,4,0.1659775628508471,0.38702716692463296,,1.0,1.0
sub6a-gnps-CCMSLIB00013935306,COC(=O)c1ccccc1N,Methyl anthranilate,0,1,0.8532522451028044,0.5912977759206618,,1.0,1.0
sub6a-gnps-CCMSLIB00013935306,CC(=O)Nc1cccc(O)c1,3-Acetamidophenol,0,2,0.9476316892442512,0.45803748072591155,,1.0,1.0
sub6a-gnps-CCMSLIB00013935306,CC(=O)Nc1ccccc1O,2-Acetamidophenol,0,3,0.954534519873443,0.4152825470095751,,1.0,1.0
sub6a-gnps-CCMSLIB00013935306,CC(=O)Nc1ccc(O)cc1,Paracetamol; Acetaminophen_CE60,1,4,0.978964836593653,0.3327128088061131,40.0,1.0,1.0
sub6a-gnps-CCMSLIB00013935306,COC(=O)Nc1ccccc1,Methyl-N-phenylcarbamate,0,5,0.3080697678428862,0.25377304966826153,,1.0,1.0
sub6a-gnps-CCMSLIB00016212455,CCCNc1ccc2ncc(-c3ccc4[nH]ncc4c3)n2n1,CHR-6494,0,1,0.0412777603178428,0.0005451951264162558,,0.0,1.0
sub6a-gnps-CCMSLIB00016212455,CC12CCC3c4ccc(O)cc4CCC3C1CCC2=O,estrone [CCS=193.4176788330078],1,2,0.3269452738209915,0.0018654828532312414,2.4390243902439024,0.0,0.0
sub6a-gnps-CCMSLIB00016212455,CC1CC(NC(=O)NCc2cccc(C(=O)O)c2)C(C)O1,Z2798439345,0,3,0.03630258838136462,0.14876829259053648,,0.0,0.0
sub6a-gnps-CCMSLIB00016212455,CCC(c1ccc(O)cc1)C(CC)c1ccc(O)cc1,HEXESTROL,0,4,0.0677185413642412,0.0034811565510295944,,0.0,0.0
sub6a-gnps-CCMSLIB00016212455,O=C(NC1CCOC2(CCOCC2)C1)c1cncc(O)c1,Z1454389485,0,5,0.02936297010422148,0.006535349143447639,,0.0,0.0
sub6a-gnps-CCMSLIB00016212727,Nc1ncnc2c1ncn2C1OC(COP(=O)(O)O)C(O)C1O,adenosine 5'-monophosphate [CCS=172.2065887451172],1,1,0.9999910109122415,0.7554396414027746,60.0,1.0,1.0
sub6a-gnps-CCMSLIB00016212727,Nc1ncnc2c1ncn2C1OC(CO)C(OP(=O)(O)O)C1O,"ReSpect:PT111640 Adenosine 3'-monophosphate From Yeast|3'-AMP|3'-Adenylic acid|Synadenylic acid|3'-Adenosine monophosphate|AMP 3'-phosphate|[(2R,3S,4R,5R)-5-(6-aminopurin-9-yl)-4-hydroxy-2-(hydroxymethyl)oxolan-3-yl]",0,2,0.9939502993273834,0.7487325075438216,,1.0,1.0
sub6a-gnps-CCMSLIB00016212727,Nc1nc(=O)c2ncn(C3CC(O)C(COP(=O)(O)O)O3)c2[nH]1,2'-DEOXYGUANOSINE 5'-MONOPHOSPHATE,0,3,0.9983981862295479,0.030330395978022687,,1.0,1.0
sub6a-gnps-CCMSLIB00016212727,Brc1cccc(C2(CNc3ncccn3)CCOCC2)c1,Z646436336,0,4,0.059173106108942095,0.03364492441950401,,0.0,1.0
sub6a-gnps-CCMSLIB00016212727,CN(C(=O)C1(Cc2ccccc2Br)CC1)c1ccn(C)n1,Z2224585474,0,5,0.03570981468935371,0.051830430940154194,,0.0,1.0
sub6a-gnps-CCMSLIB00016212785,Nc1ncnc2c1ncn2C1OC(CO)C(OP(=O)(O)O)C1O,3'-AMP,0,1,0.8090347397830996,0.0008038838384378279,0.0,0.0,1.0
sub6a-gnps-CCMSLIB00016212785,Nc1ncnc2c1ncn2C1OC(COP(=O)(O)O)C(O)C1O,Adenosine Monophosphate,1,2,0.8076851108497817,0.0008112683412303191,,0.0,1.0
sub6a-gnps-CCMSLIB00016212785,Nc1nc(=O)c2ncn(C3CC(O)C(COP(=O)(O)O)O3)c2[nH]1,2'-DEOXYGUANOSINE 5'-MONOPHOSPHATE,0,3,0.8059439862398178,9.368514044665326e-05,,0.0,1.0
sub6a-gnps-CCMSLIB00016212785,CN(C(=O)C1(Cc2ccccc2Br)CC1)c1ccn(C)n1,Z2224585474,0,4,0.05630187138110327,3.13908866584976e-05,,0.0,1.0
sub6a-gnps-CCMSLIB00016212785,Brc1cccc(C2(CNc3ncccn3)CCOCC2)c1,Z646436336,0,5,0.02510840111459181,0.00058556989154074,,0.0,1.0
sub6a-gnps-CCMSLIB00016212845,Nc1ncnc2c1ncn2C1OC(COP(=O)(O)O)C(O)C1O,adenosine 5'-monophosphate [CCS=171.83163452148438],1,1,0.9999284328977652,0.765189307075036,60.0,1.0,1.0
sub6a-gnps-CCMSLIB00016212845,Nc1ncnc2c1ncn2C1OC(CO)C(OP(=O)(O)O)C1O,"ReSpect:PT111640 Adenosine 3'-monophosphate From Yeast|3'-AMP|3'-Adenylic acid|Synadenylic acid|3'-Adenosine monophosphate|AMP 3'-phosphate|[(2R,3S,4R,5R)-5-(6-aminopurin-9-yl)-4-hydroxy-2-(hydroxymethyl)oxolan-3-yl]",0,2,0.9951472245648517,0.7584647608960374,,1.0,1.0
sub6a-gnps-CCMSLIB00016212845,Nc1nc(=O)c2ncn(C3CC(O)C(COP(=O)(O)O)O3)c2[nH]1,2'-DEOXYGUANOSINE 5'-MONOPHOSPHATE,0,3,0.9983657572555399,0.036282230351092806,,1.0,1.0
sub6a-gnps-CCMSLIB00016212845,Brc1cccc(C2(CNc3ncccn3)CCOCC2)c1,Z646436336,0,4,0.07076862489561037,0.040239541301044596,,0.0,1.0
sub6a-gnps-CCMSLIB00016212845,CN(C(=O)C1(Cc2ccccc2Br)CC1)c1ccn(C)n1,Z2224585474,0,5,0.042664346474277415,0.06198952152373481,,0.0,1.0
sub6a-gnps-CCMSLIB00016338979,CC(=O)NCCCNCCCCN,Candidate Spermidine-C2:0 (delta mass:42.0106),1,1,0.9864654214322008,0.7087828073239101,42.10526315789474,1.0,1.0
sub6a-gnps-CCMSLIB00016338979,CC(=O)NCCCCNCCCN,N8-Acetylspermidine - 40.0 eV,0,2,0.6585490544321383,0.5873298976908324,,1.0,1.0
sub6a-gnps-CCMSLIB00016338979,CC(C)C(N)C(=O)NCCCCN,Valine_acylated_putrescine,0,3,0.5290253766856289,0.6186122852134985,,1.0,1.0
sub6a-gnps-CCMSLIB00016339056,CC(=O)NCCCNCCCCN,Candidate Spermidine-C2:0 (delta mass:42.0112),1,1,0.9877418232148896,0.629551060425136,57.89473684210526,1.0,1.0
sub6a-gnps-CCMSLIB00016339056,CC(C)C(N)C(=O)NCCCCN,Valine_acylated_putrescine,0,2,0.7694185260532495,0.6126317569126535,,1.0,1.0
sub6a-gnps-CCMSLIB00016339056,CC(=O)NCCCCNCCCN,N8-Acetylspermidine - 40.0 eV,0,3,0.49803001184656714,0.5519789187897521,,1.0,1.0
sub6a-gnps-CCMSLIB00017429037,CC12CCC3c4ccc(O)cc4CCC3C1CCC2=O,estrone [CCS=168.81260681152344],1,1,0.6383402193971709,0.3354468036350924,12.195121951219512,0.0,0.0
sub6a-gnps-CCMSLIB00017429037,CC(N)C(=O)N1CC(CCCB(O)O)C(N)(C(=O)O)C1,Numidargistat,0,2,0.13252878363078444,0.18263763627834975,,0.0,0.0
sub6a-gnps-CCMSLIB00017429222,CC12CCC3C(CC=C4CC(O)CCC43C)C1CCC2=O,dehydroepiandrosterone [CCS=173.74758911132812],1,1,0.982832199006303,0.4073140398098922,39.583333333333336,1.0,1.0
sub6a-gnps-CCMSLIB00017429222,CC12CCC3C(CCC4CC(=O)CCC43C)C1CCC2=O,"""5beta-Androstan-3,17-dione""",0,2,0.8854855698937979,0.33896317922601443,,1.0,1.0
sub6a-gnps-CCMSLIB00017429222,CC1(O)CCC2C3CC=C4CC(=O)CCC4C3CCC21C,Normethandrolone; Methylestrenolone; Normethandrone_CE30,0,3,0.6021116582655313,0.4070079719425463,,1.0,1.0
sub6a-gnps-CCMSLIB00017429222,CC12CCC(=O)C=C1CCC1C2CCC2(C)C(O)CCC12,Testosterone,0,4,0.5175963173941582,0.35623828442990046,,1.0,1.0
sub6a-gnps-CCMSLIB00017429222,CC1C=C2CC(=O)CCC2C2CCC3(C)C(O)CCC3C12,Trestolone [CCS=178.657],0,5,0.4355229268188631,0.3424305505751535,,1.0,1.0
sub6a-gnps-CCMSLIB00017429312,CC12CCC3c4ccc(O)cc4CCC3C1CCC2=O,estrone [CCS=169.160888671875],1,1,0.9983500244857336,0.27592898664551735,24.390243902439025,0.0,0.0
sub6a-gnps-CCMSLIB00017429312,CCCCCC(C)OC(=O)c1ccc2ccccc2c1,2-naphthoic-acid_2-heptanol [CCS=168.4301300048828],0,2,0.9705588937062434,0.029007543070011337,,0.0,0.0
sub6a-gnps-CCMSLIB00017429312,CC12CCC3c4ccc(O)cc4CCC3C1CC(O)C2O,Spectral Match to Estriol from NIST14,0,3,0.7986931473945276,0.1297735051154115,,0.0,0.0
sub6a-gnps-CCMSLIB00017429312,CC12C=CC3=C(CC=C4CC(=O)CCC43)C1CCC2O,Trenbolone,0,4,0.45830264187419234,0.21062987601644398,,0.0,0.0
sub6a-gnps-CCMSLIB00017429312,O=C1CCCC2C3CCCN4CCCC(CN12)C34,Sophoridine,0,5,0.09631057103422609,0.03960875933618454,,0.0,0.0
sub6a-gnps-CCMSLIB00017429716,CC12CCC3C(CC=C4CC(O)CCC43C)C1CCC2=O,dehydroepiandrosterone [CCS=192.5785675048828],1,1,0.9854429543496067,0.548129795300586,56.25,0.0,0.0
sub6a-gnps-CCMSLIB00017429716,Cc1cccnc1CNC(=O)NC1CC(C)(C)NC(C)(C)C1,Z1132649354,0,2,0.09393063214747188,0.005825579445041276,,0.0,1.0
sub6a-gnps-CCMSLIB00017429716,CCN(CC)CCCNCc1ccc2c(c1)n(C)c(=O)n2C,HMS3467B14,0,3,0.06608570591705323,0.002095920690513171,,0.0,1.0
sub6a-gnps-CCMSLIB00017429716,O=C(O)CCCCCCCC(O)C(O)CCCCCCO,Aleuretic Acid,0,4,0.15964304189947107,0.037724807116761405,,0.0,0.0
sub6a-gnps-CCMSLIB00017429716,O=C(CCCCCCCCCO)OCC(O)CCCCO,"10-hydroxydecanoic-acid_1,2,6-trihydroxyhexane [CCS=175.95578002929688]",0,5,0.09015751835691449,0.02303493644000857,,0.0,0.0
sub6a-gnps-CCMSLIB00017429939,CC12CCC3C(CC=C4CC(O)CCC43C)C1CCC2=O,dehydroepiandrosterone [CCS=173.89784240722656],1,1,0.9563696662379402,0.41908789957199694,35.416666666666664,1.0,1.0
sub6a-gnps-CCMSLIB00017429939,CC12CCC3C(CCC4CC(=O)CCC43C)C1CCC2=O,"""5beta-Androstan-3,17-dione""",0,2,0.8080921703211948,0.33052541881855163,,1.0,1.0
sub6a-gnps-CCMSLIB00017429939,CC1(O)CCC2C3CC=C4CC(=O)CCC4C3CCC21C,Normethandrolone; Methylestrenolone; Normethandrone_CE30,0,3,0.5522437330247636,0.4179453312032767,,1.0,1.0
sub6a-gnps-CCMSLIB00017429939,CC12CCC(=O)C=C1CCC1C2CCC2(C)C(O)CCC12,Testosterone,0,4,0.5477831121932359,0.36106207523077793,,1.0,1.0
sub6a-gnps-CCMSLIB00017429939,CC1C=C2CC(=O)CCC2C2CCC3(C)C(O)CCC3C12,Trestolone [CCS=178.95263671875],0,5,0.4692564745321963,0.3422634043943164,,1.0,1.0
sub6a-gnps-CCMSLIB00017430144,CC12CCC3C(CC=C4CC(O)CCC43C)C1CCC2=O,dehydroepiandrosterone [CCS=192.00509643554688],1,1,0.9881015659375351,0.5868209722826859,47.916666666666664,0.0,0.0
sub6a-gnps-CCMSLIB00017430144,c1cn(C2COCC2NC2CCC3(CCCCC3)CC2)nn1,"(3R,4S)-N-{spiro[5.5]undecan-3-yl}-4-(1H-1,2,3-triazol-1-yl)oxolan-3-amine",0,2,0.06759466826982367,0.03908375897211493,,0.0,1.0
sub6a-gnps-CCMSLIB00017430144,Cc1cccnc1CNC(=O)NC1CC(C)(C)NC(C)(C)C1,Z1132649354,0,3,0.08114523471422577,0.008098606330924907,,0.0,1.0
sub6a-gnps-CCMSLIB00017430144,O=C(O)CCCCCCCC(O)C(O)CCCCCCO,Aleuretic Acid,0,4,0.1781479328537118,0.0484046969408405,,0.0,0.0
sub6a-gnps-CCMSLIB00017430144,O=C(CCCCCCCCCO)OCC(O)CCCCO,"10-hydroxydecanoic-acid_1,2,6-trihydroxyhexane [CCS=175.95578002929688]",0,5,0.11989591668848776,0.02340564914528354,,0.0,0.0
sub6a-gnps-CCMSLIB00017430524,CC12CCC3C(CC=C4CC(O)CCC43C)C1CCC2=O,dehydroepiandrosterone [CCS=174.12355041503906],1,1,0.7613483680468677,0.47513191332810306,16.666666666666668,0.0,0.0
sub6a-gnps-CCMSLIB00017430524,CC1C=C2CC(=O)CCC2C2CCC3(C)C(O)CCC3C12,Trestolone [CCS=177.88499450683594],0,2,0.7323658285491689,0.4840780183539479,,0.0,0.0
sub6a-gnps-CCMSLIB00017430524,CC12CCC3C(CCC4CC(=O)CCC43C)C1CCC2=O,HMDB:HMDB00899-1276 Androstanedione,0,3,0.6224636411290246,0.43889380058796024,,0.0,0.0
sub6a-gnps-CCMSLIB00017430524,CC12CCC(=O)C=C1CCC1C2CCC2(C)C(O)CCC12,Testosterone,0,4,0.41985233864063026,0.6118319586460073,,0.0,0.0
sub6a-gnps-CCMSLIB00017430524,CC12COC(=O)CC1CCC1C2CCC2(C)C1CCC2(C)O,OXANDROLONE [CCS=182.609],0,5,0.451729733299267,0.5001337295300217,,0.0,0.0
sub6a-gnps-CCMSLIB00017430525,CC12CCC3C(CC=C4CC(O)CCC43C)C1CCC2=O,dehydroepiandrosterone [CCS=192.56060791015625],1,1,0.9869450454256212,0.5807813201973888,45.833333333333336,0.0,0.0
sub6a-gnps-CCMSLIB00017430525,CCCCCC=CCC=CCC=CCC=CCCCC(=O)O,Arachidonic Acid,0,2,0.046042575786138365,0.3410264633252042,,0.0,0.0
sub6a-gnps-CCMSLIB00017430688,CC12CCC3C(CC=C4CC(O)CCC43C)C1CCC2=O,dehydroepiandrosterone [CCS=192.46829223632812],1,1,0.9879975306659553,0.6010052694413562,56.25,0.0,0.0
sub6a-gnps-CCMSLIB00017430688,Cc1cccnc1CNC(=O)NC1CC(C)(C)NC(C)(C)C1,Z1132649354,0,2,0.10510256468025614,0.006443489249207308,,0.0,1.0
sub6a-gnps-CCMSLIB00017430688,CCN(CC)CCCNCc1ccc2c(c1)n(C)c(=O)n2C,HMS3467B14,0,3,0.07956126975921335,0.0036204427552745774,,0.0,1.0
sub6a-gnps-CCMSLIB00017430688,O=C(O)CCCCCCCC(O)C(O)CCCCCCO,Aleuretic Acid,0,4,0.19643933050121873,0.04858183987988055,,0.0,0.0
sub6a-gnps-CCMSLIB00017430688,O=C(CCCCCCCCCO)OCC(O)CCCCO,"10-hydroxydecanoic-acid_1,2,6-trihydroxyhexane [CCS=175.95578002929688]",0,5,0.1099935140980809,0.025505295896892623,,0.0,0.0
sub6a-gnps-CCMSLIB00017430814,CC12CCC3c4ccc(O)cc4CCC3C1CCC2=O,estrone [CCS=169.160888671875],1,1,0.9991097796339283,0.2896899120720891,39.02439024390244,1.0,1.0
sub6a-gnps-CCMSLIB00017430814,CCCCCC(C)OC(=O)c1ccc2ccccc2c1,2-naphthoic-acid_2-heptanol [CCS=168.4301300048828],0,2,0.9714617025344776,0.030054535702538892,,1.0,1.0
sub6a-gnps-CCMSLIB00017430814,CC12C=CC3=C(CC=C4CC(=O)CCC43)C1CCC2O,alpha-Trenbolone_CE45,0,3,0.5625589981653561,0.22031073676637122,,1.0,1.0
sub6a-gnps-CCMSLIB00017430814,CC12CCC3c4ccc(O)cc4CCC3C1CC(O)C2O,Spectral Match to Estriol from NIST14,0,4,0.8207822703662281,0.1349659325385063,,0.0,0.0
sub6a-gnps-CCMSLIB00017430814,CC(=CC(=O)O)C=C(C)CC(C)CCCCC(O)C(CO)C(=O)O,"NCGC00169827-03!(2E,4E)-12-hydroxy-13-(hydroxymethyl)-3,5,7-trimethyltetradeca-2,4-dienedioic acid [IIN-based on: CCMSLIB00000847643]",0,5,0.4470999489071466,0.10073436265514082,,0.0,0.0
sub6a-gnps-CCMSLIB00017430883,CC12CCC3c4ccc(O)cc4CCC3C1CCC2=O,estrone [CCS=168.78390502929688],1,1,0.9917208852953432,0.2949547064026336,34.146341463414636,1.0,1.0
sub6a-gnps-CCMSLIB00017430883,CCCCCC(C)OC(=O)c1ccc2ccccc2c1,2-naphthoic-acid_2-heptanol [CCS=168.4301300048828],0,2,0.9537095878662175,0.02823153956475321,,1.0,1.0
sub6a-gnps-CCMSLIB00017430883,CC12C=CC3=C(CC=C4CC(=O)CCC43)C1CCC2O,alpha-Trenbolone_CE45,0,3,0.5568484708010374,0.21259212203456573,,1.0,1.0
sub6a-gnps-CCMSLIB00017430883,CC12CCC3c4ccc(O)cc4CCC3C1CC(O)C2O,Spectral Match to Estriol from NIST14,0,4,0.79853112574882,0.1343414744446056,,0.0,0.0
sub6a-gnps-CCMSLIB00017430883,CC(=CC(=O)O)C=C(C)CC(C)CCCCC(O)C(CO)C(=O)O,"NCGC00169827-03!(2E,4E)-12-hydroxy-13-(hydroxymethyl)-3,5,7-trimethyltetradeca-2,4-dienedioic acid [IIN-based on: CCMSLIB00000847643]",0,5,0.4554112693275196,0.10502727101783686,,0.0,0.0
sub6a-gnps-CCMSLIB00017430885,CCCCCCC=CCc1cc(=O)c2ccccc2[nH]1,2-(non-1-en-1-yl)quinolin-4-ol:Series 2 HAQ C9:1,0,1,0.037751502240042714,0.30780115387985857,17.5,0.0,0.0
sub6a-gnps-CCMSLIB00017430897,CC12CCC3c4ccc(O)cc4CCC3C1CCC2=O,estrone [CCS=186.8133544921875],1,1,0.9721858557893346,0.3698041517829701,12.195121951219512,0.0,0.0
sub6a-gnps-CCMSLIB00017431208,Oc1ccc(O)cc1,HYDROQUINONE,0,1,0.42982065129868846,0.031191937637626708,14.285714285714286,1.0,1.0
sub6a-gnps-CCMSLIB00017431208,Cc1ccc(C=O)o1,5methyl_furfural,0,2,0.3217893581324229,0.14665268993688216,,1.0,1.0
sub6a-gnps-CCMSLIB00017431208,Oc1ccccc1O,catechol [CCS=119.8359603881836],1,3,0.41229173906035704,0.018141350704457205,,1.0,1.0
sub6a-gnps-CCMSLIB00017431208,Oc1cccc(O)c1,Resorcinol,0,4,0.3616148156407488,0.03058984092143913,,1.0,1.0
sub6a-gnps-CCMSLIB00017431436,Oc1ccccc1O,catechol [CCS=114.69612884521484],1,1,0.4538109882872081,0.044098423998369635,0.0,0.0,1.0
sub6a-gnps-CCMSLIB00017431436,Oc1ccc(O)cc1,HYDROQUINONE,0,2,0.3139244140663296,0.0,,0.0,1.0
sub6a-gnps-CCMSLIB00017431436,Cc1ccc(C=O)o1,5methyl_furfural,0,3,0.018735578889883364,0.03852998824338548,,0.0,1.0
sub6a-gnps-CCMSLIB00017431436,Oc1cccc(O)c1,Resorcinol,0,4,0.0,0.03985800853044927,,0.0,1.0
sub6a-gnps-CCMSLIB00017431552,CC12CCC3c4ccc(O)cc4CCC3C1CCC2=O,estrone [CCS=168.37655639648438],1,1,0.9968398526703232,0.2820483734447745,34.146341463414636,1.0,0.0
sub6a-gnps-CCMSLIB00017431552,CCCCCC(C)OC(=O)c1ccc2ccccc2c1,2-naphthoic-acid_2-heptanol [CCS=168.4301300048828],0,2,0.9625306224687794,0.03303511519283396,,1.0,0.0
sub6a-gnps-CCMSLIB00017431552,CC12C=CC3=C(CC=C4CC(=O)CCC43)C1CCC2O,Trenbolone,0,3,0.4553060767947912,0.2145630616032671,,1.0,0.0
sub6a-gnps-CCMSLIB00017431552,CC12CCC3c4ccc(O)cc4CCC3C1CC(O)C2O,Spectral Match to Estriol from NIST14,0,4,0.8244960856198162,0.13394812695939753,,0.0,0.0
sub6a-gnps-CCMSLIB00017431552,O=C1CCCC2C3CCCN4CCCC(CN12)C34,Sophoridine,0,5,0.10470616950022293,0.04290950336617179,,0.0,0.0
sub6a-gnps-CCMSLIB00017431705,Oc1ccccc1O,catechol [CCS=119.8359603881836],1,1,0.4538109882872081,0.13508543037086643,0.0,0.0,0.0
sub6a-gnps-CCMSLIB00017431705,Oc1ccc(O)cc1,HYDROQUINONE,0,2,0.32382158382726095,0.10608151469573762,,0.0,0.0
sub6a-gnps-CCMSLIB00017431705,Oc1cccc(O)c1,Resorcinol_30EV,0,3,0.22665578308284473,0.12822800107530402,,0.0,0.0
sub6a-gnps-CCMSLIB00017431705,CC(C)C(=O)O,Isobutyric acid,0,4,0.0916547895208519,0.16193878245590057,,0.0,0.0
sub6a-gnps-CCMSLIB00017431705,CCCC(=O)O,Butyric acid,0,5,0.08363486975294909,0.13334628887077415,,0.0,0.0
sub6a-gnps-CCMSLIB00017431707,CCCCCCC(O)CC(=O)NC(CCCN)C(=O)O,3-hydroxynonanoyl ornithine [M+H]+,0,1,0.21043033312767087,0.2488879200998096,0.0,1.0,1.0
sub6a-gnps-CCMSLIB00017431707,CC12CCC3C(CC=C4CC(O)CCC43C)C1CCC2=O,Dehydroepiandrosterone,1,2,0.0994332903384884,0.4225482543072522,,0.0,0.0
sub6a-gnps-CCMSLIB00017431707,CC12CCC3C(CCC4CC(=O)CCC43C)C1CCC2=O,"(5S)-10,13-dimethyldodecahydro-1H-cyclopenta[a]phenanthrene-3,17(2H,4H)-dione",0,3,0.04996626003086205,0.39448660463028584,,0.0,0.0
sub6a-gnps-CCMSLIB00017431707,CCCCCCCC(=O)C(C)NC(=O)CCC(=O)O,4-oxo-4-(3-oxodecan-2-ylamino)butanoic acid,0,4,0.16336226305155754,0.1681078090281227,,0.0,0.0
sub6a-gnps-CCMSLIB00017431834,CC12CCC3C(CC=C4CC(O)CCC43C)C1CCC2=O,dehydroepiandrosterone [CCS=192.68557739257812],1,1,0.9911314192351972,0.5664714970381443,52.083333333333336,0.0,0.0
sub6a-gnps-CCMSLIB00017431834,CCCCCC=CCC=CCC=CCC=CCCCC(=O)O,Arachidonic Acid,0,2,0.04041620368666698,0.29874796429248496,,0.0,0.0
sub6a-gnps-CCMSLIB00017432620,CC12CCC3c4ccc(O)cc4CCC3C1CCC2=O,estrone [CCS=187.41683959960938],1,1,0.9847125473926096,0.40180262566254366,24.390243902439025,0.0,0.0
sub6a-gnps-CCMSLIB00017432620,Cc1nn(-c2ccccn2)c(C)c1CNCC1CCCO1,Z2017484471,0,2,0.2217920122009398,0.06665043617291087,,0.0,1.0
sub6a-gnps-CCMSLIB00017432620,CCCN1CCC(c2nc3c(C(N)=O)cccc3[nH]2)CC1,272769-49-0 [CCS=174.17803955078125],0,3,0.060554866662849365,0.07330326532875267,,0.0,1.0
sub6a-gnps-CCMSLIB00017432620,O=C1CC2(CCN(c3ncnc4c3CCCCC4)C2)CN1,Z1918689814,0,4,0.047441990412802074,0.03462346037983054,,0.0,1.0
sub6a-gnps-CCMSLIB00017432620,CCn1cnnc1NC(=O)c1ccc(C(C)(C)CC)cc1,AKOS033757514,0,5,0.030402679063453234,0.04480801154509872,,0.0,1.0
sub6a-gnps-CCMSLIB00017433198,CC12CCC3C(CC=C4CC(O)CCC43C)C1CCC2=O,dehydroepiandrosterone [CCS=192.87332153320312],1,1,0.9876898372904874,0.5818056166266802,35.416666666666664,0.0,0.0
sub6a-gnps-CCMSLIB00017433198,Cc1cccnc1CNC(=O)NC1CC(C)(C)NC(C)(C)C1,Z1132649354,0,2,0.08265213725731596,0.00044880102421694624,,0.0,1.0
sub6a-gnps-CCMSLIB00017433198,CCN(CC)CCCNCc1ccc2c(c1)n(C)c(=O)n2C,HMS3467B14,0,3,0.0696166981267062,0.0020970994739402528,,0.0,1.0
sub6a-gnps-CCMSLIB00017433198,O=C(O)CCCCCCCC(O)C(O)CCCCCCO,Aleuretic Acid,0,4,0.15396606325818707,0.029877890157318537,,0.0,0.0
sub6a-gnps-CCMSLIB00017433198,O=C(CCCCCCCCCO)OCC(O)CCCCO,"10-hydroxydecanoic-acid_1,2,6-trihydroxyhexane [CCS=175.95578002929688]",0,5,0.07917821060965671,0.014208314087151654,,0.0,0.0
sub6a-gnps-MSBNK-ACES_SU-AS000754,Cn1cc[nH]c1=S,Methimazole,1,1,0.994364451594112,0.5585577397159946,55.55555555555556,1.0,1.0
sub6a-gnps-MSBNK-Antwerp_Univ-METOX_N109506_F638,CC12CCC(=O)C=C1CCC1C2CCC2(C)C(O)CCC12,Spectral Match to Testosterone from NIST14,1,1,0.997006664396954,0.42613244865204486,28.571428571428573,1.0,1.0
sub6a-gnps-MSBNK-Antwerp_Univ-METOX_N109506_F638,CC12CCC3C(CC=C4CC(O)CCC43C)C1CCC2=O,DEHYDROEPIANDROSTERONE,0,2,0.7230979413566562,0.374729950152007,,1.0,1.0
sub6a-gnps-MSBNK-Antwerp_Univ-METOX_N109506_F638,CC12CCC3C(CCC4CC(=O)CCC43C)C1CCC2=O,HMDB:HMDB00899-1274 Androstanedione,0,3,0.6649894530321612,0.39959862356380554,,1.0,1.0
sub6a-gnps-MSBNK-Antwerp_Univ-METOX_N109506_F638,CC1(O)CCC2C3CC=C4CC(=O)CCC4C3CCC21C,Normethandrolone; Methylestrenolone; Normethandrone_CE15,0,4,0.6683070145433259,0.27934089458794287,,1.0,1.0
sub6a-gnps-MSBNK-Antwerp_Univ-METOX_N109506_F638,CC1C=C2CC(=O)CCC2C2CCC3(C)C(O)CCC3C12,Trestolone [CCS=178.95263671875],0,5,0.28867530738430924,0.43660300807735286,,1.0,1.0
sub6a-gnps-MSBNK-Athens_Univ-AU280204,CC12CCC(=O)C=C1CCC1C2CCC2(C)C(O)CCC12,Testosterone,1,1,0.8987943583083641,0.2558436065479417,4.761904761904762,1.0,1.0
sub6a-gnps-MSBNK-Athens_Univ-AU280204,CC12CCC3C(CC=C4CC(O)CCC43C)C1CCC2=O,Dehydroepiandrosterone (DHEA),0,2,0.6086503335577719,0.23263505630651748,,1.0,1.0
sub6a-gnps-MSBNK-Athens_Univ-AU280204,CC12CCC3C(CCC4CC(=O)CCC43C)C1CCC2=O,"""5alpha-Androstan-3,17-dione""",0,3,0.5306951736604915,0.16545531682991052,,1.0,1.0
sub6a-gnps-MSBNK-Athens_Univ-AU280204,CC1(O)CCC2C3CC=C4CC(=O)CCC4C3CCC21C,Normethandrolone; Methylestrenolone; Normethandrone_CE30,0,4,0.40471055845774334,0.23160198484833122,,1.0,1.0
sub6a-gnps-MSBNK-Athens_Univ-AU280204,CC1C=C2CC(=O)CCC2C2CCC3(C)C(O)CCC3C12,Trestolone [CCS=178.657],0,5,0.2632077632692088,0.3140520771948897,,1.0,1.0
sub6a-gnps-MSBNK-Athens_Univ-AU280502,CC12CCC3C(CCC4CC(O)CCC43C)C1CCC2=O,Androsterone,0,1,1.0,0.5884981936651716,17.77777777777778,1.0,1.0
sub6a-gnps-MSBNK-Athens_Univ-AU280502,CC12CCC3C(CCC4CC(=O)CCC43C)C1CCC2O,17-epi-Dihydrotestosterone; 5alpha-Androstan-17alpha-ol-3-one_CE15,1,2,0.912888765617956,0.5526486111230052,,1.0,1.0
sub6a-gnps-MSBNK-Athens_Univ-AU280502,CC12CCC(O)CC1=CCC1C2CCC2(C)C(O)CCC12,"Androst-5-ene-3,17-diol",0,3,0.43933769274786527,0.44630097846104694,,1.0,1.0
sub6a-gnps-MSBNK-Athens_Univ-AU280502,CC12C=CC(O)CC1CCC1C2CCC2(C)C(O)CCC12,1_androstenediol,0,4,0.006733842184031428,0.456429474866739,,1.0,1.0
sub6a-gnps-MSBNK-BAFG-CSL23111011613,CC12CCC3c4ccc(O)cc4CCC3C1CCC2=O,Estrone,1,1,0.9868281138730355,0.008965645391301685,4.878048780487805,0.0,1.0
sub6a-gnps-MSBNK-BAFG-CSL23111011613,CC12C=CC3=C(CC=C4CC(=O)CCC43)C1CCC2O,"""beta-Trenbolone_CE25,38,59""",0,2,0.3773736143837203,0.06761373061817996,,0.0,1.0
sub6a-gnps-MSBNK-BAFG-CSL23111011613,CCC(c1ccc(O)cc1)C(CC)c1ccc(O)cc1,HEXESTROL,0,3,0.08057443657343644,0.021201419249836536,,0.0,1.0
sub6a-gnps-MSBNK-BAFG-CSL23111011613,CC12CCC3c4ccc(O)cc4CCC3C1CC(O)C2O,ESTRIOL,0,4,0.08878610559516716,0.05035452434987316,,0.0,0.0
sub6a-gnps-MSBNK-BAFG-CSL23111011613,Cn1nc(N)c2c1CN(c1ncnc3c1CCCC3)C2,"1-methyl-5-(5,6,7,8-tetrahydroquinazolin-4-yl)-1H,4H,5H,6H-pyrrolo[3,4-c]pyrazol-3-amine",0,5,0.054784042200180745,0.0,,0.0,0.0
sub6a-gnps-MSBNK-BAFG-CSL23111011771,CC12CCC3c4ccc(O)cc4CCC3C1CCC2O,Estradiol,1,1,0.9706235673111981,0.11930713083404233,23.68421052631579,1.0,1.0
sub6a-gnps-MSBNK-BAFG-CSL23111011771,CC12CCC3C(=CC=C4CC(=O)CCC43)C1CCC2O,6-Dehydronandrolone_CE90,0,2,0.5209142255692826,0.08230942408983288,,1.0,1.0
sub6a-gnps-MSBNK-BAFG-CSL23111011771,CC1COC(=O)c2cc3c(cc21)C(C)(C)C(C)C3(C)C,Galaxolidone,0,3,0.014708835641836731,0.016772879829528638,,1.0,1.0
sub6a-gnps-MSBNK-BAFG-CSL23111011771,CC12CCC3C4CCC(=O)C(=O)C4CCC3C1CCC2O,h_92_oxabolone,0,4,0.1501992955197309,0.24489948586380691,,0.0,0.0
sub6a-gnps-MSBNK-BAFG-CSL23111011772,CC12CCC3c4ccc(O)cc4CCC3C1CCC2O,Estradiol,1,1,0.9647833520801363,0.0952865386496354,13.157894736842104,1.0,1.0
sub6a-gnps-MSBNK-BAFG-CSL23111011772,CC12CCC3C(=CC=C4CC(=O)CCC43)C1CCC2O,6-Dehydronandrolone_CE90,0,2,0.4994741694645326,0.0645624992581582,,1.0,1.0
sub6a-gnps-MSBNK-BAFG-CSL23111011772,CC1COC(=O)c2cc3c(cc21)C(C)(C)C(C)C3(C)C,Galaxolidone,0,3,0.011482855092009787,0.017695512260436003,,1.0,1.0
sub6a-gnps-MSBNK-BAFG-CSL23111011772,CC12CCC3C4CCC(=O)C(=O)C4CCC3C1CCC2O,h_92_oxabolone,0,4,0.1336503275243505,0.22482891782208442,,0.0,0.0
sub6a-gnps-MSBNK-BAFG-CSL23111011780,CC12CCC3c4ccc(O)cc4CCC3C1CCC2O,Estradiol,1,1,0.9800056725398877,0.07258597387578485,15.789473684210526,1.0,1.0
sub6a-gnps-MSBNK-BAFG-CSL23111011780,CC12CCC3C(=CC=C4CC(=O)CCC43)C1CCC2O,6-Dehydronandrolone_CE90,0,2,0.4568906500636796,0.05214922430150873,,1.0,1.0
sub6a-gnps-MSBNK-BAFG-CSL23111011780,CC1COC(=O)c2cc3c(cc21)C(C)(C)C(C)C3(C)C,Galaxolidone,0,3,0.010228848127550021,0.01837803800421994,,1.0,1.0
sub6a-gnps-MSBNK-BAFG-CSL23111011780,CC12CCC3C4CCC(=O)C(=O)C4CCC3C1CCC2O,h_92_oxabolone,0,4,0.12107304399813626,0.1930524336976062,,0.0,0.0
sub6a-gnps-MSBNK-BAFG-CSL2311107409,CC12CCC3C(CC=C4CC(O)CCC43C)C1CCC2=O,Dehydroepiandrosterone (DHEA),1,1,0.9302648369196918,0.3389270247023352,14.583333333333334,1.0,1.0
sub6a-gnps-MSBNK-BAFG-CSL2311107409,CC12C=CC(=O)CC1CCC1C2CCC2(C)C(O)CCC12,1_testosterone,0,2,0.7268904185940919,0.4578983208570726,,1.0,1.0
sub6a-gnps-MSBNK-BAFG-CSL2311107409,CC12CCC3C(CCC4CC(=O)CCC43C)C1CCC2=O,"""5alpha-Androstan-3,17-dione_CE25,38,59""",0,3,0.8376065254363959,0.25288597297166526,,1.0,1.0
sub6a-gnps-MSBNK-BAFG-CSL2311107409,CC12CCC3C(CCC4CC(O)C=CC43C)C1CCC2=O,quinbolone_m,0,4,0.7505272106664688,0.30195200476937206,,1.0,1.0
sub6a-gnps-MSBNK-BAFG-CSL2311107409,CC12COC(=O)CC1CCC1C2CCC2(C)C1CCC2(C)O,h_61_17_epioxandrolone,0,5,0.6728328373091595,0.2595301392521954,,0.0,0.0
sub6a-gnps-MSBNK-BGC_Munich-RP030301,CC12CCC3c4ccc(O)cc4CCC3C1CCC2O,Estradiol,1,1,0.991524002192256,0.5027995747172849,,1.0,1.0
sub6a-gnps-MSBNK-BGC_Munich-RP030301,CC1COC(=O)c2cc3c(cc21)C(C)(C)C(C)C3(C)C,Galaxolidone,0,2,0.9918527849718326,0.4035691524952582,9.67741935483871,1.0,1.0
sub6a-gnps-MSBNK-BGC_Munich-RP030301,CC12CCC3C(=CC=C4CC(=O)CCC43)C1CCC2O,6-Dehydronandrolone_CE15,0,3,0.9858612534149325,0.410244124994122,,1.0,1.0
sub6a-gnps-MSBNK-BGC_Munich-RP030301,CC12CCC3C4CCC(=O)C(=O)C4CCC3C1CCC2O,h_92_oxabolone,0,4,0.0008647993763246689,0.4401594053815211,,0.0,0.0
sub6a-gnps-MSBNK-CASMI_2016-SM873001,CC12CCC(=O)C=C1CCC1C2CCC2(C)C(O)CCC12,0495_Testosterone,1,1,1.0,0.4387520300493272,59.523809523809526,1.0,1.0
sub6a-gnps-MSBNK-CASMI_2016-SM873001,CC12CCC3C(CC=C4CC(O)CCC43C)C1CCC2=O,DEHYDROEPIANDROSTERONE,0,2,0.839043929368856,0.3968061815262069,,1.0,1.0
sub6a-gnps-MSBNK-CASMI_2016-SM873001,CC12CCC3C(CCC4CC(=O)CCC43C)C1CCC2=O,HMDB:HMDB00899-1274 Androstanedione,0,3,0.7774024925950082,0.4246796430657302,,1.0,1.0
sub6a-gnps-MSBNK-CASMI_2016-SM873001,CC1(O)CCC2C3CC=C4CC(=O)CCC4C3CCC21C,Normethandrolone; Methylestrenolone; Normethandrone_CE15,0,4,0.7744547176771159,0.2765812492676854,,1.0,1.0
sub6a-gnps-MSBNK-CASMI_2016-SM873001,CC1C=C2CC(=O)CCC2C2CCC3(C)C(O)CCC3C12,Trestolone [CCS=178.95263671875],0,5,0.28035897846321617,0.4536671673821771,,1.0,1.0
sub6a-gnps-MSBNK-Eawag-EQ357805,COC(=O)c1ccccc1C(=O)O,Monomethyl phthalate,0,1,0.8168701447951957,0.5834982291028695,,1.0,1.0
sub6a-gnps-MSBNK-Eawag-EQ357805,CC(=O)Oc1ccccc1C(=O)O,Aspirin,1,2,0.8316405857102613,0.4429223264309711,46.15384615384615,1.0,1.0
sub6a-gnps-MSBNK-Eawag-EQ357805,O=C(O)C(=O)Cc1cccc(O)c1,3 hydroxy_Phenyl_PyruvicAcid,0,3,0.4941705893339276,0.11760202303140391,,1.0,1.0
sub6a-gnps-MSBNK-Eawag-EQ357805,COc1cc(C(O)C(=O)O)ccc1O,T9EAH8NHTC CollisionEnergy:205060,0,4,0.596896372829732,0.35914735416967486,,0.0,0.0
sub6a-gnps-MSBNK-Eawag-EQ357805,COc1ccc(C(O)C(=O)O)cc1O,3695-24-7 CollisionEnergy:205060,0,5,0.5766375531343861,0.23666370158530595,,0.0,0.0
sub6a-gnps-MSBNK-Eawag-EQ357808,CC(=O)Oc1ccccc1C(=O)O,Aspirin,1,1,0.912558895756981,0.5565667381233688,46.15384615384615,1.0,1.0
sub6a-gnps-MSBNK-Eawag-EQ357808,COC(=O)c1ccccc1C(=O)O,Monomethyl phthalate,0,2,0.8812521023797897,0.10615148751048079,,1.0,1.0
sub6a-gnps-MSBNK-Eawag-EQ357808,O=C(O)C=Cc1ccc(O)c(O)c1,Caffeic acid,0,3,0.20538717056644346,0.40590155457105537,,1.0,1.0
sub6a-gnps-MSBNK-Eawag-EQ357808,COc1ccc(C(O)C(=O)O)cc1O,3695-24-7 CollisionEnergy:205060,0,4,0.3243061777681504,0.14757062692935785,,0.0,0.0
sub6a-gnps-MSBNK-Eawag-EQ357808,COc1cc(C(O)C(=O)O)ccc1O,T9EAH8NHTC CollisionEnergy:205060,0,5,0.1818828556806533,0.25454888192487307,,0.0,0.0
sub6a-gnps-MSBNK-Eawag-EQ357809,CC(=O)Oc1ccccc1C(=O)O,Aspirin,1,1,0.7255568429548612,0.6120857864604304,,1.0,1.0
sub6a-gnps-MSBNK-Eawag-EQ357809,COC(=O)c1ccccc1C(=O)O,Monomethyl phthalate,0,2,0.9442424168037649,0.18683016256703167,28.571428571428573,1.0,1.0
sub6a-gnps-MSBNK-Eawag-EQ357809,O=C(O)C=Cc1ccc(O)c(O)c1,CAFFEIC ACID,0,3,0.2863497315697037,0.45955763443691494,,1.0,1.0
sub6a-gnps-MSBNK-Eawag-EQ357809,COc1cc(C(O)C(=O)O)ccc1O,T9EAH8NHTC CollisionEnergy:205060,0,4,0.07004556722631194,0.31694828269257713,,0.0,0.0
sub6a-gnps-MSBNK-Eawag-EQ357809,COc1ccc(C(O)C(=O)O)cc1O,3695-24-7 CollisionEnergy:205060,0,5,0.12350066321168737,0.23277231453945516,,0.0,0.0
sub6a-gnps-MSBNK-Keio_Univ-KO003824,C[N+](C)(C)CCOP(=O)(O)O,Phosphorylcholine,1,1,0.8019338612460141,0.053025844279832854,12.5,0.0,0.0
sub6a-gnps-MSBNK-Keio_Univ-KO003824,CCC(C)C1NC(=O)C(C)NC1=O,ReSpect:PM014402 Cyclo(Ala-Ile),0,2,0.0,0.0,,0.0,0.0
sub6a-gnps-MSBNK-Keio_Univ-KO003824,CC(C)CC1NC(=O)C(C)NC1=O,ReSpect:PM014403 Cyclo(Ala-Leu),0,3,0.0,0.0,,0.0,0.0
sub6a-gnps-MSBNK-Keio_Univ-KO003826,C[N+](C)(C)CCOP(=O)(O)O,Phosphorylcholine,1,1,0.8742063379578542,0.10574327723046828,12.5,0.0,0.0
sub6a-gnps-MSBNK-Keio_Univ-KO003826,CCC(C)C1NC(=O)C(C)NC1=O,ReSpect:PM014402 Cyclo(Ala-Ile),0,2,0.0,0.0,,0.0,0.0
sub6a-gnps-MSBNK-Keio_Univ-KO003826,CC(C)CC1NC(=O)C(C)NC1=O,ReSpect:PM014403 Cyclo(Ala-Leu),0,3,0.0,0.0,,0.0,0.0
sub6a-gnps-MSBNK-Keio_Univ-KO003836,Cc1ncc(CO)c(C(=O)O)c1O,4-Pyridoxate,1,1,0.3398774526085045,0.004319133142067665,0.0,0.0,0.0
sub6a-gnps-MSBNK-Keio_Univ-KO003836,CNCC(O)c1ccc(O)c(O)c1,Epinephrine,0,2,0.06898044074129624,0.0032251607015849545,,0.0,0.0
sub6a-gnps-MSBNK-Keio_Univ-KO003836,NC(CCS(=O)(=O)O)C(=O)O,ReSpect:PM000952 L-Homocysteic acid,0,3,0.037334357074846926,0.041967924808564455,,0.0,0.0
sub6a-gnps-MSBNK-Keio_Univ-KO003836,CN(C)C(Cc1c[nH]cn1)C(=O)O,"Na,Na-Dimethylhistidine",0,4,0.025076750248833244,0.01945804635614559,,0.0,0.0
sub6a-gnps-MSBNK-Keio_Univ-KO003836,COc1cc(C(O)CN)ccc1O,ReSpect:PM002307 Normetanephrine,0,5,0.0,0.0042638574680345384,,0.0,0.0
sub6a-gnps-MSBNK-LCSB-LU037755,Cc1cc(O)c2c(ccc3c(O)c4c(O)cccc4c(O)c32)c1,Ochromycinone (Chimeric precursor selection),0,1,0.39595882369536856,0.0017172167671748587,7.6923076923076925,0.0,1.0
sub6a-gnps-MSBNK-LCSB-LU037755,CC=C(C1=CC(=O)C(OC)=C(OC)C1=O)c1ccccc1,"""3,4-DIMETHOXYDALBERGIONE""",0,2,0.020064949263959297,0.12117259107574152,,0.0,0.0
sub6a-gnps-MSBNK-LCSB-LU037755,COC(=O)c1c2c(c3ccccc3c1O)OC(C)(C)C=C2,mollugin,0,3,0.10545699828061664,0.00019564342403853693,,0.0,0.0
sub6a-gnps-MSBNK-LCSB-LU037755,COc1ccc2c(c1)OC1c3ccc(OC)cc3OCC21,HOMOPTEROCARPIN,0,4,0.020442684198825393,0.1024892984290743,,0.0,0.0
sub6a-gnps-MSBNK-LCSB-LU037755,CC=C(C1=CC(=O)C(OC)=CC1=O)c1ccc(OC)cc1,4-4'-DIMETHOXYDALBERGIONE,0,5,0.020601793274606234,0.02343187293185464,,0.0,0.0
sub6a-gnps-MSBNK-Metabolon-MT000100,CC(=O)NCCCCN,N-ACETYLPUTRESCINE,0,1,0.015247055356941016,0.0,0.0,0.0,0.0
sub6a-gnps-MSBNK-Metabolon-MT000100,CC(C=O)NCCCN,diaminopropane_pyruvaldehyde (known isomers: 1; isobaric peaks in run: 3),0,2,0.007213383397509892,0.0,,0.0,0.0
sub6a-gnps-MSBNK-Metabolon-MT000100,CC(=O)CNCCCN,diaminopropane_pyruvaldehyde (known isomers: 1; isobaric peaks in run: 3),0,3,0.007213383397509892,0.0,,0.0,0.0
sub6a-gnps-MSBNK-PFOS_research_group-FFF00234,CC12CCC3c4ccc(O)cc4CCC3C1CCC2=O,Estrone,1,1,0.927857901823692,0.05899486962313346,7.317073170731708,0.0,0.0
sub6a-gnps-MSBNK-PFOS_research_group-FFF00234,CC(C)=CCOc1c2ccoc2cc2oc(=O)ccc12,Isoimperatorin,0,2,0.24133050784886712,0.0,,0.0,0.0
sub6a-gnps-MSBNK-PFOS_research_group-FFF00234,COc1ccc2c(c1)OC1c3ccc(O)cc3OCC21,"(1R,10R)-14-methoxy-8,17-dioxatetracycloheptadeca-2,4,6,11(16),12,14-hexaen-5-",0,3,0.19138262426206612,0.03348819857182397,,0.0,0.0
sub6a-gnps-MSBNK-PFOS_research_group-FFF00234,COc1cc(O)ccc1C(=O)C=Cc1ccc(O)cc1,2'-O-methylisoliquiritigenin,0,4,0.15699479244891143,0.03242473505078871,,0.0,0.0
sub6a-gnps-MSBNK-PFOS_research_group-FFF00234,CC(C)=CCOc1c2occc2cc2ccc(=O)oc12,imperatorin,0,5,0.13058288527975656,0.0,,0.0,0.0
sub6a-gnps-MSBNK-PFOS_research_group-FFF00238,CC12CCC3c4ccc(O)cc4CCC3C1CCC2=O,Estrone,1,1,0.8366380282373215,0.06979752153842772,2.4390243902439024,0.0,0.0
sub6a-gnps-MSBNK-mFam-MC01_000062,CC(C)CCCC(C)C1CCC2C3CC=C4CC(O)CCC4(C)C3CCC12C,Spectral Match to Cholesterol from NIST14,1,1,0.9327030468899993,0.3193569501327335,30.0,1.0,0.0
sub6a-gnps-MSBNK-mFam-MC01_000062,CC(C)CCCC(C)C1CCC2C3CCC4CC(=O)CCC4(C)C3CCC12C,"Spectral Match to Cholestan-3-one, (5.alpha.)- from NIST14",0,2,0.8981984369171006,0.3591517802628922,,1.0,0.0
sub6a-gnps-MSBNK-mFam-MC02_000681,OCC1OC(O)C(O)C(O)C1O,Allose,0,1,0.7663820503783866,0.0073121229318812144,4.761904761904762,1.0,1.0
sub6a-gnps-MSBNK-mFam-MC02_000681,O=C(C(O)CO)C(O)C(O)CO,D-Tagatose,0,2,0.7367894738910707,0.040761965028108284,,1.0,1.0
sub6a-gnps-MSBNK-mFam-MC02_000681,OCC1OC(O)(CO)C(O)C1O,D-Fructose,0,3,0.7242104413288556,0.023128414135394442,,1.0,1.0
sub6a-gnps-MSBNK-mFam-MC02_000681,OCC1(O)OCC(O)C(O)C1O,L-Sorbose,0,4,0.4950563742384095,0.03556852837547101,,1.0,1.0
sub6a-gnps-MSBNK-mFam-MC02_000681,OC1C(O)C(O)C(O)C(O)C1O,Scyllitol,1,5,0.353496303727794,0.0,,1.0,1.0
sub6a-gnps-MSBNK-mFam-MC02_000743,Cc1occc(=O)c1O,Maltol - 40.0 eV,0,1,0.3136968732403685,0.15433284214822354,13.333333333333334,1.0,0.0
sub6a-gnps-MSBNK-mFam-MC02_000743,Cc1cc(=O)cc(O)o1,4-Hydroxy-6-Methylpyran-2-One,0,2,0.3060101146232649,0.1555312081990207,,1.0,0.0
sub6a-gnps-MSBNK-mFam-MC02_000743,Oc1cc(O)cc(O)c1,Phloroglucinol,0,3,0.3122081666124621,0.13093952037029066,,1.0,0.0
sub6a-gnps-MSBNK-mFam-MC02_000743,Oc1cccc(O)c1O,PYROGALLOL,1,4,0.19719894997605195,0.13280322454911042,,1.0,0.0
sub6a-gnps-MSBNK-mFam-MC02_000743,O=Cc1ccc(CO)o1,5hydroxymethyl_2_furaldehyde,0,5,0.12977594343052337,0.1378039645398406,,1.0,0.0
sub6a-gnps-MSBNK-mFam-MC02_000744,Oc1cccc(O)c1O,PYROGALLOL,1,1,0.09938223796379055,0.06855976059113797,,0.0,0.0
sub6a-gnps-MSBNK-mFam-MC02_000744,O=Cc1ccc(CO)o1,5-Hydroxymethyl-2-furancarboxaldehyde,0,2,0.09586777414869539,0.046538611661913865,,0.0,0.0
sub6a-gnps-MSBNK-mFam-MC02_000744,Cc1cc(=O)cc(O)o1,4-HYDROXY-6-METHYLPYRAN-2-ONE,0,3,0.10019182146617964,0.03566781528019152,22.22222222222222,0.0,0.0
sub6a-gnps-MSBNK-mFam-MC02_000744,Oc1cc(O)cc(O)c1,Phloroglucinol,0,4,0.07336214835520392,0.029928970637647954,,0.0,0.0
sub6a-gnps-MSBNK-mFam-MC02_000744,Cc1occc(=O)c1O,3-HYDROXY-2-METHYL-4-PYRONE,0,5,0.042374030289642484,0.03824984100943662,,0.0,0.0
sub6a-gnps-MSBNK-mFam-MC02_000885,NC(CCSCC(N)C(=O)O)C(=O)O,Allocystathionine,1,1,0.9958158152411858,0.813709219564601,18.181818181818183,1.0,1.0
sub6a-gnps-MSBNK-mFam-MC02_000885,CC(=NC#N)N(C)Cc1ccc(Cl)nc1,Acetamiprid,0,2,0.613655921845293,0.4084629768933259,,0.0,1.0
sub6a-gnps-MSBNK-mFam-MC02_000885,O=c1cc(-c2ccccc2)oc2ccccc12,FLAVONE CollisionEnergy:102040,0,3,0.6136554235324935,0.29667366448522187,,0.0,1.0
sub6a-gnps-MSBNK-mFam-MC02_000885,O=C(C=Cc1ccccc1O)c1ccccc1O,"""2,2'-Dihydroxychalcone CollisionEnergy:102040""",0,4,0.6150033174676196,0.30197442876978586,,0.0,0.0
sub6a-gnps-MSBNK-mFam-MC02_000885,O=C(C=Cc1cccc(O)c1)c1ccccc1O,"""3,2'-Dihydroxychalcone CollisionEnergy:102040""",0,5,0.6135244439529777,0.2797298808903161,,0.0,0.0
sub6a-gnps-MSBNK-mFam-MC02_000887,NC(CS)C(=O)O,L-Cysteine,1,1,0.4316668444996134,0.0,0.0,1.0,0.0
sub6a-gnps-MSBNK-mFam-MC02_001040,OCC1OC(O)C(O)C(O)C1O,Allose,1,1,0.748149815051827,0.02445192242803896,9.523809523809524,1.0,1.0
sub6a-gnps-MSBNK-mFam-MC02_001040,OCC1OC(O)(CO)C(O)C1O,D-Fructose,0,2,0.4716914090683,0.024166527036058073,,1.0,1.0
sub6a-gnps-MSBNK-mFam-MC02_001040,O=C(C(O)CO)C(O)C(O)CO,D-Tagatose,0,3,0.46335378545869466,0.004363768133252332,,1.0,1.0
sub6a-gnps-MSBNK-mFam-MC02_001040,OC1C(O)C(O)C(O)C(O)C1O,Scyllitol,0,4,0.3832841062536496,0.0005448237390611862,,1.0,1.0
sub6a-gnps-MSBNK-mFam-MC02_001040,OCC1(O)OCC(O)C(O)C1O,L-Sorbose,0,5,0.3394560493212098,0.0045596409796808835,,1.0,1.0
sub6a-gnps-MSBNK-mFam-MC02_001090,OCC1OC(OC2(CO)OC(CO)C(O)C2O)C(O)C(O)C1O,Sucrose,1,1,0.7445389725890615,0.12532964136625177,18.181818181818183,0.0,1.0
sub6a-gnps-MSBNK-mFam-MC02_001090,OCC1OC(OC2OC(CO)C(O)C(O)C2O)C(O)C(O)C1O,Trehalose,0,2,0.7183181144362446,0.11905215764057066,,0.0,1.0
sub6a-gnps-MSBNK-mFam-MC02_001090,OCC1OC(OC2C(O)OC(CO)C(O)C2O)C(O)C(O)C1O,alpha-D-Sophorose,0,3,0.6463210187806631,0.09765548287533346,,0.0,1.0
sub6a-gnps-MSBNK-mFam-MC02_001090,OCC1OC(OCC2OC(O)C(O)C(O)C2O)C(O)C(O)C1O,Isomaltose,0,4,0.6006799065407816,0.08738470003009914,,0.0,1.0
sub6a-gnps-MSBNK-mFam-MC02_001090,OCC1OC(OC2C(CO)OC(O)(CO)C2O)C(O)C(O)C1O,Lactulose,0,5,0.5707713991413573,0.08120078579291982,,0.0,1.0
sub6a-gnps-MSBNK-mFam-MC10_000422,NC(=O)CC(N)C(=O)O,Asparagine_(L-),0,1,0.0065901020799502994,0.008538708892748327,,1.0,1.0
sub6a-gnps-MSBNK-mFam-MC10_000422,NCC(=O)NCC(=O)O,ReSpect:PT202370 Gly-Gly|Glycylglycine|Diglycine|2-(Aminoacetamido)acetic Acid|Glycine dipeptide|2-[(2-aminoacetyl)amino]acetic acid,0,2,0.009992708681520447,0.0,0.0,1.0,1.0
sub6a-gnps-MSBNK-mFam-MC21_000120,OCC1OC(OC2(CO)OC(CO)C(O)C2O)C(O)C(O)C1O,sucrose,1,1,0.9648853773272865,0.0,0.0,0.0,0.0
sub6a-gnps-MSBNK-mFam-MC21_000120,OCC1OC(OCC2OC(O)(CO)C(O)C2O)C(O)C(O)C1O,isomaltulose,0,2,0.8764666781861421,0.0005798560710708629,,0.0,0.0
sub6a-gnps-MSBNK-mFam-MC21_000120,O=C(C(O)CO)C(O)C(O)COC1OC(CO)C(O)C(O)C1O,Melibiose_40EV,0,3,0.8446444162533064,0.0003854406650241514,,0.0,0.0
sub6a-gnps-MSBNK-mFam-MC21_000120,OCC1OC(OC2OC(CO)C(O)C(O)C2O)C(O)C(O)C1O,Trehalose,0,4,0.8357710064761069,0.00015678921599759514,,0.0,0.0
sub6a-gnps-MSBNK-mFam-MC21_000120,OCC1OC(OCC2OC(O)C(O)C(O)C2O)C(O)C(O)C1O,Melibiose,0,5,0.7698145845136544,0.000363058637051586,,0.0,0.0
sub6a-gnps-MSBNK-mFam-MC21_000305,NC(=O)NC(CC(=O)O)C(=O)O,ReSpect:PT210480 Carbamoyl-DL-aspartic acid|N-Carbamoylaspartate|Ureidosuccinic acid|N-(aminocarbonyl)-DL-aspartic acid|N-Carbamyl-DL-aspartic acid|(2S)-2-(carbamoylamino)butanedioic acid,1,1,0.16698990310680936,0.11635476375995554,,1.0,1.0
sub6a-gnps-MSBNK-mFam-MC21_000305,COc1cc(C=O)ccc1O,Vanillin (known structural isomers: 0; isobaric peaks in run: 0),0,2,0.18627738683816963,0.0,0.0,0.0,0.0
sub6a-gnps-MSBNK-mFam-MC21_000305,O=C(O)Cc1ccccc1O,2-HYDROXYPHENYLACETIC ACID,0,3,0.07701705586877174,0.030252425908156584,,0.0,0.0
sub6a-gnps-MSBNK-mFam-MC21_000305,CC(=O)Oc1ccc(O)cc1,4-ACETOXYPHENOL,0,4,0.010581860180628878,0.052035219127125054,,0.0,0.0
sub6a-gnps-MSBNK-mFam-MC21_000305,O=C(O)Cc1ccc(O)cc1,4-hydroxyphenylacetic acid,0,5,0.0024818734486299707,0.017779949813318898,,0.0,0.0
sub6a-gnps-MSBNK-mFam-MC21_000778,Nc1ncnc2c1ncn2C1OC(CO)C(O)C1O,"ReSpect:PT200400 Adenosine|9-beta-D-Ribofuranosyladenine|Adenine riboside|Sandesin|Boniton|Myocol|Nucleocardyl|Adenocard|(2R,3R,4S,5R)-2-(6-aminopurin-9-yl)-5-(hydroxymethyl)oxolane-3,4-diol",1,1,0.9166832251471905,0.7586502417327075,12.5,0.0,1.0
sub6a-gnps-MSBNK-mFam-MC21_000778,Nc1ncnc2c1ncn2C(C=O)OC(C=O)CO,Adenosine dialdehyde,0,2,0.011364076771823372,0.7509068378329801,,0.0,1.0
sub6a-gnps-MSBNK-mFam-MC21_000778,O=P(O)(O)OCC(O)CNCCc1c[nH]cn1,Histamine_Glyceraldehyde-3-phosphate (known isomers: 0; isobaric peaks in run: 3),0,3,0.0004063372274375093,0.0,,0.0,1.0
sub6a-gnps-MSBNK-mFam-MC21_000778,O=C(Nc1ccncc1)c1cc(=O)[nH]c2ccccc12,2-hydroxyl-quinoline-4-carboxylic-acid_4-aminopyridine [CCS=161.22381591796875],0,4,0.037654504124101026,0.0,,0.0,0.0
sub6a-gnps-MSBNK-mFam-MC21_000778,Cc1ccc(-n2nnc(C(=O)O)c2C2CC2)cc1,1017399-13-1,0,5,0.0,0.0,,0.0,0.0
sub6a-gnps-MSBNK-mFam-MC21_000780,Oc1ccccc1O,"ReSpect:PT203943 Catechol|1,2-dihydroxybenzen|Pyrocatechol|1,2-Benzenediol|Brenzcatechin|o-Benzenediol|Pyrocatechinic acid|Pyrocatechuic Acid|o-Diphenol|Oxyphenic acid|o-Phenylenediol|Phthalhydroquinone|benzene-1,2-di",1,1,0.023795346941299273,0.0,,1.0,1.0
sub6a-gnps-MSBNK-mFam-MC21_000780,O=C1C=CC(=O)C=C1,HMDB:HMDB03364-2269 Quinone,0,2,0.035407990176297144,0.0,0.0,0.0,0.0
sub6a-gnps-MSBNK-mFam-MC22_000005,CC12CCC3c4ccc(O)cc4CCC3C1CCC2=O,estrone [CCS=163.21437072753906],1,1,0.9374153931932528,0.41761361136168035,,1.0,1.0
sub6a-gnps-MSBNK-mFam-MC22_000005,CC12C=CC3=C(CC=C4CC(=O)CCC43)C1CCC2O,alpha-Trenbolone_CE45,0,2,0.6150746535054086,0.3677702190441148,,1.0,1.0
sub6a-gnps-MSBNK-mFam-MC22_000005,CCCCCC(C)OC(=O)c1ccc2ccccc2c1,2-naphthoic-acid_2-heptanol [CCS=168.4301300048828],0,3,0.7860275338383683,0.13589237166932175,,1.0,1.0
sub6a-gnps-MSBNK-mFam-MC22_000005,CC12CCC3c4ccc(O)cc4CCC3C1CC(O)C2O,Spectral Match to Estriol from NIST14,0,4,0.9506707954884562,0.22787527907115485,35.8974358974359,0.0,0.0
sub6a-gnps-MSBNK-mFam-MC22_000005,CC(=CC(=O)O)C=C(C)CC(C)CCCCC(O)C(CO)C(=O)O,"NCGC00169827-03!(2E,4E)-12-hydroxy-13-(hydroxymethyl)-3,5,7-trimethyltetradeca-2,4-dienedioic acid [IIN-based on: CCMSLIB00000847643]",0,5,0.5121103865092478,0.20796285454419874,,0.0,0.0
sub6a-gnps-MSBNK-mFam-MC22_000012,CC(O)C(N)C(=O)O,L-Threonine,1,1,0.9937259997835935,0.8638146884333002,0.0,1.0,1.0
sub6a-gnps-MSBNK-mFam-MC22_000012,NC(CCO)C(=O)O,HOMOSERINE - 60.0 eV,0,2,0.963037748450914,0.8973844027272366,,1.0,1.0
sub6a-gnps-MSBNK-mFam-MC22_000012,CC(N)(CO)C(=O)O,alpha-Methyl-DL-serine,0,3,0.9075730667039855,0.6800496161911586,,1.0,1.0
sub6a-gnps-MSBNK-mFam-MC22_000012,NCC(O)CC(=O)O,4-Amino-3-hydroxybutyric acid; AIF; CE30; MS2Dec,0,4,0.40363717875395705,0.7327280821770946,,1.0,1.0
sub6a-gnps-MSBNK-mFam-MC22_000012,NC(CO)CC(=O)O,ReSpect:PT106130 L-beta-homoserine|(R)-3-Amino-4-hydroxybutyric acid|(3R)-3-amino-4-hydroxybutanoic acid,0,5,0.18649466497467496,0.21861449678041067,,1.0,1.0
sub6a-gnps-MSBNK-mFam-MC22_000030,CS(=O)CCCCCCCN=C=S,1-Isothiocyanato-7-(methylsulfinyl)-heptane,0,1,0.03935425378960759,0.0,,0.0,1.0
sub6a-gnps-MSBNK-mFam-MC22_000030,CCC(=O)c1cnc2[nH]c(N)nc(=O)c2n1,6-propionylpterin,0,2,0.03207382894421211,0.005583439534861773,,0.0,1.0
sub6a-gnps-MSBNK-mFam-MC22_000030,O=C(O)CCCNC(CC(=O)O)C(=O)O,GABA_Oxaloacetic acid (known isomers: 0; isobaric peaks in run: 1),0,3,0.030679998345946237,0.3363424460255346,,0.0,0.0
sub6a-gnps-MSBNK-mFam-MC22_000030,NC(CCOC(=O)CCC(=O)O)C(=O)O,O-SUCCINYL-HOMOSERINE,0,4,0.04891756216675309,0.2553416296222741,0.0,0.0,0.0
sub6a-gnps-MSBNK-mFam-MC22_000030,CC(O)CC(=O)NC(CC(=O)O)C(=O)O,3-hydroxybutyroyl aspartic acid [M+H]+,0,5,0.0079942304603057,0.10940419238617366,,0.0,0.0
sub6a-gnps-MSBNK-mFam-MC22_000050,O=c1ccn(C2OC(COP(=O)(O)O)C(O)C2O)c(=O)[nH]1,URIDINE-5-MONOPHOSPHATE,1,1,0.9999115557706597,0.04589136544326353,15.384615384615385,1.0,1.0
sub6a-gnps-MSBNK-mFam-MC22_000050,CN=C(C[N+](=O)[O-])NCCSCc1csc(C=O)n1,NIZATIDINE_metabolite_010,0,2,0.06515225340952133,0.0031587680244169,,0.0,0.0
sub6a-gnps-MSBNK-mFam-MC22_000050,O=C(O)C1CCCCN1C(=O)c1sc2ncccc2c1Cl,Z2898204788,0,3,0.01484050782052759,0.0,,0.0,0.0
sub6a-gnps-MSBNK-mFam-MC22_000050,COc1ccc2c(Cl)c(C(=O)NNC(=O)C3CC3)sc2c1,3-chloro-N'-(cyclopropylcarbonyl)-6-methoxy-1-benzothiophene-2-carbohydrazide,0,4,0.0008182029150369339,0.0032037427590994086,,0.0,0.0
sub6a-gnps-MSBNK-mFam-MC22_000064,O=C1CCNC(=O)N1,"5,6-DIHYDROURACIL",1,1,0.9849587229674232,0.6513743785138109,7.142857142857143,1.0,1.0
sub6a-gnps-MSBNK-mFam-MC22_000064,O=C1CNC(=O)CN1,"piperazine-2,5-dione",0,2,0.8384624643319677,0.4911729180947425,,1.0,1.0
sub6a-gnps-MSBNK-mFam-MC22_000064,Cn1cc(O)[nH]c1=O,Dioxy-creatinine - 40.0 eV,0,3,0.5802819240815094,0.5715896335905309,,1.0,1.0
sub6a-gnps-MSBNK-mFam-MC22_000064,NC(=O)NCCC(=O)O,UREIDOPROPIONATE,0,4,0.8883697854548592,0.4937919562391362,,0.0,0.0
sub6a-gnps-MSBNK-mFam-MC22_000132,NC(CCSCC(N)C(=O)O)C(=O)O,Cystathionine; LC-tDDA; CE40,1,1,0.9455897683799813,0.7302681960698838,9.090909090909092,1.0,1.0
sub6a-gnps-MSBNK-mFam-MC22_000132,CC(=NC#N)N(C)Cc1ccc(Cl)nc1,Acetamiprid_CE15,0,2,0.3105040228937989,0.1952903986181388,,0.0,1.0
sub6a-gnps-MSBNK-mFam-MC22_000132,O=c1cc(-c2ccccc2)oc2ccccc12,FLAVONE,0,3,0.2935187123103174,0.141842765377372,,0.0,1.0
sub6a-gnps-MSBNK-mFam-MC22_000132,O=C(C=Cc1ccccc1O)c1ccccc1O,"""2,2'-Dihydroxychalcone CollisionEnergy:102040""",0,4,0.293586616819603,0.14450087294731456,,0.0,0.0
sub6a-gnps-MSBNK-mFam-MC22_000132,O=C(C=Cc1cccc(O)c1)c1ccccc1O,"""3,2'-Dihydroxychalcone CollisionEnergy:102040""",0,5,0.29366078169531523,0.13614895727768606,,0.0,0.0
sub6a-gnps-MSBNK-mFam-MC22_000147,NCCCC(N)C(=O)O,L-ORNITHINE,1,1,0.9669887535005334,0.0,0.0,1.0,1.0
sub6a-gnps-MSBNK-mFam-MC22_000147,CC(=O)NNCC(C)O,Acetylhydrazine_2-Hydroxypropanal (known isomers: 0; isobaric peaks in run: 1),0,2,0.6182997552078935,0.2579855542462082,,1.0,1.0
sub6a-gnps-MSBNK-mFam-MC22_000147,CC(C)C(NN)C(=O)O,Hydrazine_alpha-ketoisovaleric acid (known isomers: 0; isobaric peaks in run: 3),0,3,0.04233950270484777,0.2643982399355398,,1.0,1.0
sub6a-gnps-MSBNK-mFam-MC22_000203,Nc1ncnc2c1ncn2C1OC(CSCCC(N)C(=O)O)C(O)C1O,S-(5'-ADENOSYL)-L-HOMOCYSTEINE,1,1,0.9988095378435236,0.4336318803088699,8.823529411764707,1.0,1.0
sub6a-gnps-MSBNK-mFam-MC22_000203,O=C(Nc1cc(-c2ccccc2)nn1-c1ccccc1)c1ccc([N+](=O)[O-])cc1,890764-36-0,0,2,0.13297962658515675,0.0,,0.0,1.0
sub6a-gnps-MSBNK-mFam-MC22_000203,COc1ccc(-c2oc3cc(OC)c(OC)c(OC)c3c(=O)c2OC)cc1OC,HEXAMETHYLQUERCETAGETIN,0,3,0.12834891940838372,0.0,,0.0,0.0
sub6a-gnps-MSBNK-mFam-MC22_000203,C=C(C)C(=O)OC1C(O)C(C=O)=CCCC(CO)=CC2OC(=O)C(=C)C21,"[(3aS,4S,5S,6E,10Z,11aR)-6-formyl-5-hydroxy-10-(hydroxymethyl)-3-methylidene-2-oxo-3a,4,5,8,9,11a-hexahydrocyclodeca[b]furan-4-yl] 2-methylprop-2-enoate",0,4,0.12616548805502315,0.0,,0.0,0.0
sub6a-gnps-MSBNK-mFam-MC22_000203,COc1ccc(-c2cc(=O)c3c(OC)c(OC)c(OC)c(OC)c3o2)cc1OC,NOBILETIN,0,5,0.11513645223202659,0.0,,0.0,0.0
sub6a-gnps-MoNA019355,CC(=O)NC1C(O)OC(CO)C(O)C1O,N-ACETYL-GALACTOSAMINE,1,1,0.9667458164747673,0.2746174253946573,10.344827586206897,1.0,1.0
sub6a-gnps-MoNA019355,CC(=O)NC(C=O)C(O)C(O)C(O)CO,N-Acetyl-D-Mannosamine,0,2,0.7411353856410235,0.29777712606428985,,1.0,1.0
sub6a-gnps-MoNA019355,CC(=O)OCC(NC(C)C(O)O)C(=O)O,o-acetyl serine_Dihydroxyacetone (known isomers: 0; isobaric peaks in run: 1),0,3,0.03591261144440544,0.05879768009186831,,1.0,1.0
sub6a-gnps-MoNA019355,O=C(O)CCC(NCC(O)CO)C(=O)O,Glutamic acid_Glyceraldehyde (known isomers: 0; isobaric peaks in run: 2),0,4,0.07157014729525227,0.009819552680759165,,1.0,1.0
sub6a-gnps-MoNA019355,CC(=O)OCC(NCC(O)CO)C(=O)O,o-acetyl serine_Glyceraldehyde (known isomers: 0; isobaric peaks in run: 1),0,5,0.032745395906570544,0.04003333024852146,,1.0,1.0
sub6a-gnps-MoNA023842,O=CCc1c[nH]c2ccccc12,INDOLE-3-ACETALDEHYDE - 70.0 eV,1,1,0.886238196573429,0.32412486148107195,58.333333333333336,1.0,1.0
sub6a-gnps-MoNA023842,Cc1ccc2[nH]cc(C=O)c2c1,5-methylindole-3-carboxaldehyde [CCS=137.35438537597656],0,2,0.41173021763383877,0.2257996350186704,,1.0,1.0
sub6a-gnps-MoNA023842,O=S(=O)(O)C(O)Cc1c[nH]c2ccccc12,ReSpect:PT102540 Indole-3-acetaldehyde sodium bisulfite|1-hydroxy-2-(1H-indol-3-yl)ethanesulfonic acid|1-hydroxy-2-(1H-indol-3-yl)ethanesulfonic acid,0,3,0.8166707739031416,0.5148716369167228,,0.0,0.0
sub6a-gnps-MoNA023842,O=C(O)CC1CNc2ccccc21,13083-41-5,0,4,0.29423580238889174,0.2794665188165404,,0.0,0.0
sub6a-gnps-MoNA023842,O=C(O)c1ccc2c(c1)CCCN2,5382-49-0,0,5,0.3377655447092029,0.2087285217598427,,0.0,0.0
sub6a-gnps-MoNA023847,OCC1OC(OC2(CO)OC(CO)C(O)C2O)C(O)C(O)C1O,Sucrose,1,1,0.895618433925918,0.08253176477762433,4.545454545454546,0.0,1.0
sub6a-gnps-MoNA023847,O=C(CO)C(OC1OC(CO)C(O)C(O)C1O)C(O)C(O)CO,HMDB:HMDB11740-2497 Turanose,0,2,0.8850499584574976,0.03901041015536454,,0.0,1.0
sub6a-gnps-MoNA023847,OCC1OC(OC2C(O)OC(CO)C(O)C2O)C(O)C(O)C1O,Spectral Match to 2.alpha.-Mannobiose from NIST14,0,3,0.8305140257698076,0.10624288153136695,,0.0,1.0
sub6a-gnps-MoNA023847,OCC1OC(OC2OC(CO)C(O)C(O)C2O)C(O)C(O)C1O,HMDB:HMDB00975-1373 Trehalose,0,4,0.7577178649675362,0.13437387035063497,,0.0,1.0
sub6a-gnps-MoNA023847,OCC1OC(OC2C(CO)OC(O)(CO)C2O)C(O)C(O)C1O,LACTULOSE,0,5,0.7944113053431989,0.03745227331952396,,0.0,1.0
sub6a-gnps-MoNA023877,NCCC(=O)O,beta-Alanine,1,1,0.795051061715628,0.1697701145051991,28.571428571428573,1.0,1.0
sub6a-gnps-MoNA023877,CNCC(=O)O,SARCOSINE,0,2,0.2967848334283127,0.12497591982176866,,1.0,1.0
sub6a-gnps-MoNA023877,CC(N)C(=O)O,Alanine - 70.00 eV,0,3,0.21629875170264112,0.005155029366849176,,1.0,1.0
sub6a-gnps-MoNA023916,CC12CCC(=O)C=C1CCC1C2C(O)CC2(C)C1CCC2(O)C(=O)CO,CORTISOL - 40.0 eV,1,1,0.9851060950569607,0.2603917296574655,58.69565217391305,1.0,1.0
sub6a-gnps-MoNA023916,CC12C=CC(=O)C=C1CCC1C2C(O)CC2(C)C1CCC2(O)C(O)CO,20beta-Dihydroprednisolone; 20alpha-Hydroxy prednisolone_CE75,0,2,0.6653599326177861,0.4024944755548784,,1.0,1.0
sub6a-gnps-MoNA023916,CC(=O)OC1CC(=O)OC(CCC2C(C)C=CC3=CC(C)CC(O)C32)C1,Lovastatin derivative putative C21H30O5 observed in fungal symbiont H,0,3,0.31696953794100274,0.07273594373075701,,1.0,1.0
sub6a-gnps-MoNA023916,CC1CC(=O)C2=C(O1)OC1(C)CCC3(O)C(C)(C)CCC(=O)C3(C)C1C2,NCGC00180558-02!,0,4,0.2821554201033015,0.03319944901598977,,1.0,1.0
sub6a-gnps-MoNA023916,CC(=O)C1CCC2(O)C3=C(CCC12C)C1(C)CC(O)C(O)CC1C(=O)C3,Poststerone,0,5,0.25028367860525325,0.013327002749257945,,1.0,1.0
sub6a-gnps-MoNA024002,NC(=O)CC(N)C(=O)O,Asparagine_(L-),0,1,0.001252524533944398,0.0,0.0,1.0,1.0
sub6a-gnps-MoNA024002,NCC(=O)NCC(=O)O,ReSpect:PT202370 Gly-Gly|Glycylglycine|Diglycine|2-(Aminoacetamido)acetic Acid|Glycine dipeptide|2-[(2-aminoacetyl)amino]acetic acid,0,2,0.0,0.0,,1.0,1.0
sub6a-gnps-MoNA024029,CC(C)(CO)C(O)C(=O)NCCC(=O)O,Pantothenic_acid_(D-),1,1,0.8893231424985556,0.74502207805491,27.272727272727273,1.0,1.0
sub6a-gnps-MoNA024029,CC(=O)CC(C)NC(CC(=O)O)C(=O)O,"Aspartic acid_2,4-pentanedione (known isomers: 0; isobaric peaks in run: 1)",0,2,0.013456152585471013,0.3449749606677964,,0.0,1.0
sub6a-gnps-MoNA024029,CCC(C(=O)O)N1CC(O)CC1C(=O)O,Hydroxyproline_alpha-Ketobutyric acid (known isomers: 0; isobaric peaks in run: 1),0,3,0.0008709081865709881,0.13193862259580544,,0.0,1.0
sub6a-gnps-MoNA024029,CCCC(=O)NC(CCC(=O)O)C(=O)O,Candidate Glutamic acid-C4:0 (delta mass:70.042),0,4,0.05316500461953854,0.03188609376955515,,0.0,1.0
sub6a-gnps-MoNA024029,CC1=NNC(=O)N(N=Cc2cccnc2)C1,Pymetrozine,0,5,0.0013624916318500954,0.0004851294604756957,,0.0,1.0
sub6a-gnps-MoNA024057,Nc1ccn(C2OC(COP(=O)(O)OP(=O)(O)O)C(O)C2O)c(=O)n1,Cytidine 5'-diphosphate,1,1,0.9991316237025542,0.8577915260872289,13.333333333333334,1.0,1.0
sub6a-gnps-MoNA024057,O=C(NC1CCN(CC(F)(F)F)C1=O)c1[nH]c2ccccc2c1Br,Z1182586469,0,2,0.03565923045440732,0.0,,0.0,0.0
sub6a-gnps-MoNA024057,Cc1ccccc1N1C(=O)c2cc(S(N)(=O)=O)c(Cl)cc2NC1C,METOLAZONE,0,3,0.01710050771798093,0.0,,0.0,0.0
sub6a-gnps-MoNA024141,Nc1ccn(C2CC(O)C(CO)O2)c(=O)n1,DEOXYCYTIDINE,1,1,0.9655143941418148,0.6248183548219227,42.857142857142854,1.0,1.0
sub6a-gnps-MoNA024141,O=C(O)CC(NCCc1c[nH]cn1)C(=O)O,Histamine_Oxaloacetic acid (known isomers: 0; isobaric peaks in run: 0),0,2,0.030155275191909896,0.00023602441373866593,,1.0,1.0
sub6a-gnps-MoNA024141,O=C(CCO)NC(Cc1c[nH]cn1)C(=O)O,3-hydroxypropionyl histidine [M+H]+,0,3,0.012963520164287997,0.0025115392085863102,,1.0,1.0
sub6a-gnps-MoNA024141,CC(NC(Cc1c[nH]cn1)C(=O)O)C(=O)O,Histidine_pyruvate (known isomers: 0; isobaric peaks in run: 1),0,4,0.009153588227435122,0.0020683987508884985,,1.0,1.0
sub6a-gnps-MoNA024141,CCN1Cc2ccccc2CC1C(=O)O,"""2-ethyl-1,2,3,4-tetrahydroisoquinoline-3-carboxylic acid CollisionEnergy:205060""",0,5,4.3966209464142575e-06,2.1272763726188894e-05,,0.0,0.0
sub6a-gnps-MoNA024169,OCC(O)C(O)C(O)C(O)CO,MANNITOL,1,1,0.8315823656856615,0.09430366596477377,0.0,1.0,1.0
sub6a-gnps-MoNA024169,CCOC(=O)c1cnc(N)nc1N,"Ethyl 2,4-diaminopyrimidine-5-carboxylate",0,2,0.03571858056730014,0.04681062772990195,,0.0,0.0
sub6a-gnps-MoNA024235,Cc1sc2ncc(C(=O)O)c(=O)n2c1C,79932-56-2,0,1,0.014141770426112416,0.0,0.0,0.0,0.0
sub6a-gnps-MoNA024319,CC(O)C(N)C(=O)O,Threonine_(L-),1,1,0.2818088129933902,0.15832378494214108,0.0,1.0,1.0
sub6a-gnps-MoNA024319,NC(CO)CC(=O)O,ReSpect:PT206130 L-beta-homoserine|(R)-3-Amino-4-hydroxybutyric acid|(3R)-3-amino-4-hydroxybutanoic acid,0,2,0.029111362738254785,0.0,,1.0,1.0
sub6a-gnps-MoNA024319,NC(CCO)C(=O)O,ReSpect:PT206280 L-Homoserine|Hse|HoSer|(S)-2-Amino-4-hydroxybutyric acid|2-Amino-4-hydroxybutanoic acid|(2S)-2-amino-4-hydroxybutanoic acid,0,3,0.0018417838315655192,0.024162963864133673,,1.0,1.0
sub6a-gnps-MoNA024319,CC(=O)NCC(=O)O,HMDB:HMDB00532-753 Acetylglycine,0,4,0.020145404084308483,0.26689584532012167,,0.0,0.0
sub6a-gnps-MoNA024367,O=C(CO)CO,HMDB:HMDB01051-1404 Glyceraldehyde,0,1,0.0005332163156552015,0.07305773293821037,,0.0,0.0
sub6a-gnps-MoNA024367,O=C(O)CCO,HMDB:HMDB00700-975 Hydroxypropionic acid,0,2,0.002300815103097385,0.06316123265444036,0.0,0.0,0.0
sub6a-gnps-MoNA031912,OC1C(O)C(O)C(O)C(O)C1O,MYO-INOSITOL,1,1,0.6168839787618242,0.027679619951272688,,1.0,1.0
sub6a-gnps-MoNA031912,OCC1OC(O)C(O)C(O)C1O,MANNOSE,0,2,0.5622561702793766,0.06385350234138808,,1.0,1.0
sub6a-gnps-MoNA031912,Cn1c(=O)c2[nH]cnc2n(C)c1=O,Theophylline,0,3,0.8061432265483849,0.07074155357669924,0.0,0.0,0.0
sub6a-gnps-MoNA031912,Cn1c(=O)[nH]c2ncn(C)c2c1=O,"1,7-Dimethylxanthine",0,4,0.7674148787200598,0.11148797206300078,,0.0,0.0
sub6a-gnps-MoNA031912,Cn1cnc2c1c(=O)[nH]c(=O)n2C,THEOBROMINE,0,5,0.1280416188610864,0.12253871187497119,,0.0,0.0
sub6a-gnps-MoNA031913,OCC1OC(OC2C(CO)OC(O)C(O)C2O)C(O)C(O)C1O,MALTOSE,0,1,0.9343977896945487,0.4706345187137731,10.81081081081081,1.0,1.0
sub6a-gnps-MoNA031913,OCC1OC(OC2(CO)OC(CO)C(O)C2O)C(O)C(O)C1O,sucrose,1,2,0.8784828325832785,0.45133900247856834,,1.0,1.0
sub6a-gnps-MoNA031913,O=C(C(O)CO)C(OC1OC(CO)C(O)C(O)C1O)C(O)CO,"""Lactose, anhydrous""",0,3,0.9069318005251739,0.28881121652256975,,1.0,1.0
sub6a-gnps-MoNA031913,OCC1OC(OC2C(CO)OC(O)(CO)C2O)C(O)C(O)C1O,LACTULOSE,0,4,0.8055876879866506,0.39510767875058994,,1.0,1.0
sub6a-gnps-MoNA031913,OCC1OC(OCC2OC(O)C(O)C(O)C2O)C(O)C(O)C1O,MELIBIOSE,0,5,0.7841574281184417,0.38133872044466244,,1.0,1.0
sub6a-gnps-MoNA031914,OCC1OC(OC2OC(CO)C(O)C(O)C2O)C(O)C(O)C1O,HMDB:HMDB00975-1373 Trehalose,0,1,0.51654358524555,0.17563194148739072,,0.0,1.0
sub6a-gnps-MoNA031914,OCC1OC(OC2(CO)OC(CO)C(O)C2O)C(O)C(O)C1O,HMDB:HMDB00258-449 Sucrose,1,2,0.5557043590759567,0.11257261872615164,4.545454545454546,0.0,1.0
sub6a-gnps-MoNA031914,OCC1OC(OC2C(O)OC(CO)C(O)C2O)C(O)C(O)C1O,Spectral Match to 2.alpha.-Mannobiose from NIST14,0,3,0.5381077118405355,0.13162690736377394,,0.0,1.0
sub6a-gnps-MoNA031914,OCC1OC(OCC2OC(O)C(O)C(O)C2O)C(O)C(O)C1O,HMDB:HMDB02923-2164 Isomaltose,0,4,0.5003123285121862,0.10326040356845301,,0.0,1.0
sub6a-gnps-MoNA031914,O=C(CO)C(OC1OC(CO)C(O)C(O)C1O)C(O)C(O)CO,HMDB:HMDB11740-2497 Turanose,0,5,0.5132232793814792,0.03558443763242784,,0.0,1.0
sub6a-gnps-MoNA031994,O=c1ccn(C2CC(O)C(CO)O2)c(=O)[nH]1,HMDB:HMDB00012-21 Deoxyuridine,1,1,0.5108366165787949,0.3742088497945882,15.0,1.0,1.0
sub6a-gnps-MoNA031994,CCOC(=O)C=Cc1ccc(OC)cc1,p-methoxycinnamic acid ethyl ester,0,2,0.05359674872304536,0.03441171818442337,,0.0,0.0
sub6a-gnps-MoNA031994,Oc1ccc(C=Cc2cc(O)cc(O)c2)cc1,MLS001055357-01!501-36-0,0,3,0.023132667158516706,0.0,,0.0,0.0
sub6a-gnps-MoNA031994,Cc1cccn2c(=O)c(-c3nn[nH]n3)cnc12,Pemirolast,0,4,0.00991083833352095,0.0,,0.0,0.0
sub6a-gnps-MoNA031994,COc1cc(C=Cc2ccccc2)oc(=O)c1,Demethoxyyangonin,0,5,0.00012995789804953083,0.0,,0.0,0.0
sub6a-gnps-MoNA032012,NC(COP(=O)(O)O)C(=O)O,O-PHOSPHOSERINE,1,1,0.9871512805939724,0.03046559473170159,16.666666666666668,0.0,1.0
sub6a-gnps-MoNA032012,CNC(CC(=O)O)C(=O)O,N_METHYLASPARTATE,0,2,0.008163289537163786,0.4219699569509792,,0.0,0.0
sub6a-gnps-MoNA032015,NC(COP(=O)(O)O)C(=O)O,O-PHOSPHO-SERINE,1,1,0.9294214744898492,0.15267615790468303,0.0,0.0,1.0
sub6a-gnps-MoNA032015,CNC(CC(=O)O)C(=O)O,N_METHYLASPARTATE,0,2,0.012029284486526522,0.4609948418938275,,0.0,0.0
sub6a-gnps-MoNA032363,CSc1ncnc2[nH]cnc12,THIOPURINE S-METHYLETHER,1,1,0.9059914875915187,0.14297574849010836,5.555555555555555,1.0,1.0
sub6a-gnps-MoNA032485,O=C(O)Cc1cc(O)ccc1O,HMDB:HMDB00130-199 Homogentisic acid,1,1,0.7644313601397108,0.17089690946198216,11.764705882352942,0.0,1.0
sub6a-gnps-MoNA032485,O=C(O)C(O)c1ccc(O)cc1,4-HYDROXYMANDELIC ACID,0,2,0.43297939338394503,0.30761416623468724,,0.0,1.0
sub6a-gnps-MoNA032485,O=C(O)Cc1ccc(O)c(O)c1,"HMDB:HMDB01336-1521 3,4-Dihydroxybenzeneacetic acid",0,3,0.3808410843889488,0.321465949847644,,0.0,1.0
sub6a-gnps-MoNA032485,COc1ccc(O)c(C(=O)O)c1,5-METHOXYSALICYLIC ACID,0,4,0.48855301694327,0.12413187908888816,,0.0,1.0
sub6a-gnps-MoNA032485,COc1cc(C(=O)O)ccc1O,Vanillic acid CollisionEnergy:205060,0,5,0.45635214711524635,0.10761852168489526,,0.0,1.0
sub6a-gnps-MoNA032628,NCC(O)c1ccc(O)c(O)c1,Noradrenaline; LC-tDDA; CE40,1,1,0.5615229074460263,0.1376964250215853,3.5714285714285716,1.0,1.0
sub6a-gnps-MoNA032628,Cc1ncc(CO)c(CO)c1O,PYRIDOXINE,0,2,0.5348172129238311,0.020312574003644952,,1.0,1.0
sub6a-gnps-MoNA032628,NCCc1cc(O)c(O)cc1O,HMDB:HMDB01537-1633 6-Hydroxydopamine,0,3,0.22610583468804363,0.15190488016279186,,1.0,1.0
sub6a-gnps-MoNA032628,O=C(O)C1(C(=O)NC2CC2)CC1,1-(cyclopropylcarbamoyl)cyclopropane-1-carboxylic acid,0,4,0.2653355443837598,0.07038942060070971,,1.0,1.0
sub6a-gnps-MoNA032628,Cc1oc(C(C)C)nc1C(=O)O,2-isopropyl-5-methyloxazole-4-carboxylic acid,0,5,0.17365121329036826,0.04256370919883833,,1.0,1.0
sub6a-gnps-MoNA032785,NC(COP(=O)(O)O)C(=O)O,O-PHOSPHOSERINE,1,1,0.8711462856756196,0.2951024975851437,0.0,0.0,1.0
sub6a-gnps-MoNA032785,CNC(CC(=O)O)C(=O)O,N_METHYLASPARTATE,0,2,0.018450750245830174,0.3154428404445802,,0.0,0.0
sub6a-gnps-MoNA032862,N=C(N)NCC(=O)O,GUANIDINEACETIC ACID,1,1,0.9874779641978936,0.7689859582423669,80.0,1.0,1.0
sub6a-gnps-MoNA032975,CC(=O)NC1C(O)OC(CO)C(O)C1O,N-Acetyl-D-galactosamine; AIF; CE30; MS2Dec,1,1,0.9667458164747673,0.3220351437021757,0.0,0.0,1.0
sub6a-gnps-MoNA032975,CC(=O)NC(C=O)C(O)C(O)C(O)CO,N-Acetyl-D-Mannosamine,0,2,0.7375117558416059,0.33546341808037977,,0.0,1.0
sub6a-gnps-MoNA032975,O=C(O)CCC(NCC(O)CO)C(=O)O,Glutamic acid_Glyceraldehyde (known isomers: 0; isobaric peaks in run: 2),0,3,0.06884456781335034,0.014679084750794567,,0.0,1.0
sub6a-gnps-MoNA032975,CC(=O)OCC(NC(C)C(O)O)C(=O)O,o-acetyl serine_Dihydroxyacetone (known isomers: 0; isobaric peaks in run: 1),0,4,0.02349842720226384,0.0646968086930607,,0.0,1.0
sub6a-gnps-MoNA032975,CC(=O)OCC(NCC(O)CO)C(=O)O,o-acetyl serine_Glyceraldehyde (known isomers: 0; isobaric peaks in run: 1),0,5,0.03411943745657061,0.047729621157051975,,0.0,1.0
sub6a-gnps-MoNA033382,CC1CNC(=O)NC1=O,"5,6-DIHYDRO THYMINE",1,1,0.9705142663842233,0.38652447587270955,0.0,1.0,1.0
sub6a-gnps-MoNA033382,CC1(C)NC(=O)NC1=O,"5,5-Dimethylhydantoin; AIF; CE0; MS2Dec",0,2,0.47554805021190133,0.4299912186095868,,1.0,1.0
sub6a-gnps-MoNA033382,CC(CNC(N)=O)C(=O)O,3-Ureidoisobutyric acid [M+H-H2O]+; AIF; CE10; MS2Dec,0,3,0.9493649054829876,0.6206473798018016,,0.0,0.0
sub6a-gnps-MoNA033673,OCC1OC(O)C(O)C(O)C1O,MANNOSE,1,1,0.8943597589982032,0.19904145733199352,0.0,0.0,1.0
sub6a-gnps-MoNA033673,OCC1OC(O)(CO)C(O)C1O,HMDB:HMDB00660-901 D-Fructose,0,2,0.5234183489281256,0.23372435081041457,,0.0,1.0
sub6a-gnps-MoNA033673,OCC1(O)OCC(O)C(O)C1O,HMDB:HMDB01266-1499 L-Sorbose,0,3,0.5516585721790993,0.14815928300867434,,0.0,1.0
sub6a-gnps-MoNA033673,Cn1cnc2c1c(=O)[nH]c(=O)n2C,theobromine CollisionEnergy:205060,0,4,0.7102722459994325,0.0034540653127667484,,0.0,0.0
sub6a-gnps-MoNA033673,Cn1c(=O)c2[nH]cnc2n(C)c1=O,Theophyline,0,5,0.212383871149814,0.04163724600635144,,0.0,0.0
sub6a-gnps-MoNA033676,OCC1OC(O)C(O)C(O)C1O,MANNOSE,1,1,0.6399667607205892,0.4604731957277026,0.0,0.0,1.0
sub6a-gnps-MoNA033676,OC1C(O)C(O)C(O)C(O)C1O,MYO-INOSITOL,0,2,0.5622561702793766,0.3351647991580494,,0.0,1.0
sub6a-gnps-MoNA033676,OCC1OC(O)(CO)C(O)C1O,HMDB:HMDB00660-902 D-Fructose,0,3,0.3249494980919348,0.44304116363038665,,0.0,1.0
sub6a-gnps-MoNA033676,Cn1c(=O)c2[nH]cnc2n(C)c1=O,Theophyline,0,4,0.35676608434411855,0.07967074842773592,,0.0,0.0
sub6a-gnps-MoNA033676,Cn1c(=O)[nH]c2ncn(C)c2c1=O,"1,7-Dimethylxanthine",0,5,0.3139997227224828,0.06954494675424663,,0.0,0.0
sub6a-gnps-MoNA033769,O=C(C(O)CO)C(O)C(O)CO,Galactose,0,1,0.4056575194868914,0.4209373879487125,,1.0,1.0
sub6a-gnps-MoNA033769,OC1C(O)C(O)C(O)C(O)C1O,Myo-inositol,1,2,0.511669254309242,0.2743339856110377,16.666666666666668,1.0,1.0
sub6a-gnps-MoNA033769,O=C1OC(CO)C(O)C(O)C1O,"GLUCONO-1,5-LACTONE",0,3,0.35016633858863705,0.4113772042896831,,0.0,0.0
sub6a-gnps-MoNA033769,Cn1ncc2c(C(=O)O)ncnc21,"1-METHYL-1H-PYRAZOLO[3,4-D]PYRIMIDINE-4-CARBOXYLIC ACID",0,4,0.15033272738600173,0.001589041185576263,,0.0,1.0
sub6a-gnps-MoNA033769,O=C1OC(C(O)CO)C(O)C1O,GULONIC ACID GAMMA-LACTONE,0,5,0.31469207428217244,0.3704483674072799,,0.0,0.0
sub6a-gnps-MoNA033783,O=C(C(O)CO)C(O)C(O)COC1OC(CO)C(O)C(O)C1O,Melibiose,0,1,0.7114744465130322,0.34926900519688225,25.925925925925927,0.0,1.0
sub6a-gnps-MoNA033783,OCC1OC(OC2(CO)OC(CO)C(O)C2O)C(O)C(O)C1O,Saccharose,1,2,0.699168061634149,0.34921965214923023,,0.0,1.0
sub6a-gnps-MoNA033783,OCC1OC(OCC2OC(O)(CO)C(O)C2O)C(O)C(O)C1O,"ReSpect:PT212460 Palatinose Monohydrate|Glc(alpha1-6)Fru|Isomaltulose|6-O-alpha-D-glucopyranosyl-D-fructose|(2R,3S,4S,5R,6S)-2-(hydroxymethyl)-6-[[(2R,3S,4S)-3,4,5-trihydroxy-5-(hydroxymethyl)oxolan-2-yl]methoxy]oxane",0,3,0.5694647746466878,0.27361069566789464,,0.0,1.0
sub6a-gnps-MoNA033783,OCC1OC(OC2OC(CO)C(O)C(O)C2O)C(O)C(O)C1O,"ReSpect:PT202020 D-(+)-Trehalose dihydrate,from Saccharomyces cerevisiae|Glc(alpha1-1alpha)Glc|alpha-alpha-Trehalose|Mycose|alpha-D-Glucopyranosyl-alpha-D-glucopyranoside dihydrate|(2R,3S,4S,5R,6R)-2-(hydroxymethyl)-6",0,4,0.5703749587707546,0.2023154571419082,,0.0,1.0
sub6a-gnps-MoNA033783,O=C(C(O)CO)C(OC1OC(CO)C(O)C(O)C1O)C(O)CO,Maltose,0,5,0.5235570986432603,0.25779601724545065,,0.0,1.0
sub6a-gnps-MoNA034139,Nc1ccn(C2OC(COP(=O)(O)OP(=O)(O)O)C(O)C2O)c(=O)n1,"ReSpect:PT201900 Cytidine-5'-diphosphate sodium salt hydrate,from yeast|CDP Sodium Salt|Cytidine 5'-Diphosphoric Acid|[(2R,3S,4R,5R)-5-(4-amino-2-oxopyrimidin-1-yl)-3,4-dihydroxyoxolan-2-yl]methyl phosphono hydrogen p",1,1,0.8697387774367548,0.747458757819276,41.1764705882353,1.0,1.0
sub6a-gnps-MoNA034803,O=C(C(O)CO)C(O)C(O)COC1OC(CO)C(O)C(O)C1O,Melibiose,0,1,0.7816241087011716,0.34583479256508737,11.11111111111111,0.0,1.0
sub6a-gnps-MoNA034803,OCC1OC(OC2(CO)OC(CO)C(O)C2O)C(O)C(O)C1O,Saccharose,1,2,0.7082971857454294,0.3407732439259328,,0.0,1.0
sub6a-gnps-MoNA034803,OCC1OC(OCC2OC(O)(CO)C(O)C2O)C(O)C(O)C1O,"ReSpect:PT212460 Palatinose Monohydrate|Glc(alpha1-6)Fru|Isomaltulose|6-O-alpha-D-glucopyranosyl-D-fructose|(2R,3S,4S,5R,6S)-2-(hydroxymethyl)-6-[[(2R,3S,4S)-3,4,5-trihydroxy-5-(hydroxymethyl)oxolan-2-yl]methoxy]oxane",0,3,0.6496794919562446,0.257686217283283,,0.0,1.0
sub6a-gnps-MoNA034803,O=C(C(O)CO)C(OC1OC(CO)C(O)C(O)C1O)C(O)CO,Maltose,0,4,0.6220581296498318,0.2283563955855353,,0.0,1.0
sub6a-gnps-MoNA034803,OCC1OC(OC2OC(CO)C(O)C(O)C2O)C(O)C(O)C1O,"ReSpect:PT202020 D-(+)-Trehalose dihydrate,from Saccharomyces cerevisiae|Glc(alpha1-1alpha)Glc|alpha-alpha-Trehalose|Mycose|alpha-D-Glucopyranosyl-alpha-D-glucopyranoside dihydrate|(2R,3S,4S,5R,6R)-2-(hydroxymethyl)-6",0,5,0.6133270806193682,0.20781509581009605,,0.0,1.0
sub6a-gnps-MoNA034804,O=C(C(O)CO)C(O)C(O)COC1OC(CO)C(O)C(O)C1O,Melibiose,0,1,0.4429513148765904,0.5562049969902478,,0.0,1.0
sub6a-gnps-MoNA034804,OCC1OC(OC2(CO)OC(CO)C(O)C2O)C(O)C(O)C1O,Saccharose,1,2,0.4753079332990451,0.4679159897289841,9.090909090909092,0.0,1.0
sub6a-gnps-MoNA034804,O=C(C(O)CO)C(OC1OC(CO)C(O)C(O)C1O)C(O)CO,Maltose,0,3,0.37734469801027043,0.5355159348956771,,0.0,1.0
sub6a-gnps-MoNA034804,OCC1OC(OCC2OC(O)(CO)C(O)C2O)C(O)C(O)C1O,"ReSpect:PT212460 Palatinose Monohydrate|Glc(alpha1-6)Fru|Isomaltulose|6-O-alpha-D-glucopyranosyl-D-fructose|(2R,3S,4S,5R,6S)-2-(hydroxymethyl)-6-[[(2R,3S,4S)-3,4,5-trihydroxy-5-(hydroxymethyl)oxolan-2-yl]methoxy]oxane",0,4,0.355083479356782,0.4831993808735483,,0.0,1.0
sub6a-gnps-MoNA034804,OCC1OC(OC2OC(CO)C(O)C(O)C2O)C(O)C(O)C1O,"ReSpect:PT202020 D-(+)-Trehalose dihydrate,from Saccharomyces cerevisiae|Glc(alpha1-1alpha)Glc|alpha-alpha-Trehalose|Mycose|alpha-D-Glucopyranosyl-alpha-D-glucopyranoside dihydrate|(2R,3S,4S,5R,6R)-2-(hydroxymethyl)-6",0,5,0.3736691936653951,0.2944367785865017,,0.0,1.0
sub6a-gnps-MoNA034853,O=C(C(O)CO)C(O)C(O)CO,Galactose,0,1,0.42506603901787193,0.3577201124999806,,0.0,1.0
sub6a-gnps-MoNA034853,Nc1n[n+]([O-])c2ccccc2[n+]1[O-],TIRAPAZAMINE,0,2,0.4300799207540279,0.0,0.0,0.0,1.0
sub6a-gnps-MoNA034853,OCC1(O)COC(O)(CO)CO1,"ReSpect:PT209850 1,3-Dihydroxyacetone dimer|2,5-Dihydroxydioxane-2,5-dimethanol|2,5-bis(hydroxymethyl)-1,4-dioxane-2,5-diol",0,3,0.20997754492103418,0.17029267192546,,0.0,1.0
sub6a-gnps-MoNA034853,Cc1nc2ncnn2cc1C(=O)O,102170-48-9,0,4,0.22403418682877513,0.0,,0.0,1.0
sub6a-gnps-MoNA034853,O=C1OC(CO)C(O)C(O)C1O,GLUCONOLACTONE,0,5,0.2408021680594787,0.2973806134062015,,0.0,0.0
sub6a-gnps-MoNA034935,NC(CCSCC(N)C(=O)O)C(=O)O,"ReSpect:PT201870 Cystathionine|DL,DL-allo-Cystathionine|S-(2-Amino-2-carboxyethyl)homocysteine|2-amino-4-(2-amino-3-hydroxy-3-oxopropyl)sulfanylbutanoic acid",1,1,0.059953735350665574,0.030962591775754368,,0.0,1.0
sub6a-gnps-MoNA034935,O=c1c(O)c(-c2ccccc2)oc2ccccc12,3-HYDROXYFLAVONE,0,2,0.152000291822994,0.08007224816654579,,0.0,0.0
sub6a-gnps-MoNA034935,O=c1cc(-c2ccccc2)oc2cccc(O)c12,PRIMULETIN,0,3,0.1547779522264169,0.06186567950976211,0.0,0.0,0.0
sub6a-gnps-MoNA034935,O=c1cc(-c2ccccc2)oc2cc(O)ccc12,7-HYDROXYFLAVONE,0,4,0.060642312873678515,0.06389145183750956,,0.0,0.0
sub6a-gnps-MoNA035843,O=C(C(O)CO)C(O)C(O)COC1OC(CO)C(O)C(O)C1O,Melibiose,0,1,0.46317864081564314,0.5501232621220513,,0.0,1.0
sub6a-gnps-MoNA035843,OCC1OC(OC2(CO)OC(CO)C(O)C2O)C(O)C(O)C1O,Saccharose,1,2,0.4909794093004288,0.4654413979037815,0.0,0.0,1.0
sub6a-gnps-MoNA035843,O=C(C(O)CO)C(OC1OC(CO)C(O)C(O)C1O)C(O)CO,Maltose,0,3,0.3862990476396996,0.5231328836118445,,0.0,1.0
sub6a-gnps-MoNA035843,OCC1OC(OCC2OC(O)(CO)C(O)C2O)C(O)C(O)C1O,"ReSpect:PT212460 Palatinose Monohydrate|Glc(alpha1-6)Fru|Isomaltulose|6-O-alpha-D-glucopyranosyl-D-fructose|(2R,3S,4S,5R,6S)-2-(hydroxymethyl)-6-[[(2R,3S,4S)-3,4,5-trihydroxy-5-(hydroxymethyl)oxolan-2-yl]methoxy]oxane",0,4,0.3893328198941035,0.47357349365270707,,0.0,1.0
sub6a-gnps-MoNA035843,OCC1OC(OC2OC(CO)C(O)C(O)C2O)C(O)C(O)C1O,"ReSpect:PT202020 D-(+)-Trehalose dihydrate,from Saccharomyces cerevisiae|Glc(alpha1-1alpha)Glc|alpha-alpha-Trehalose|Mycose|alpha-D-Glucopyranosyl-alpha-D-glucopyranoside dihydrate|(2R,3S,4S,5R,6R)-2-(hydroxymethyl)-6",0,5,0.4035198439188073,0.28050516925055824,,0.0,1.0
sub6a-gnps-MoNA035877,O=C(CO)C(OC1OC(CO)C(O)C(O)C1O)C(O)C(O)CO,TURANOSE,0,1,0.976521075560171,0.12697727481322854,0.0,0.0,0.0
sub6a-gnps-MoNA035877,OCC1OC(OC2(CO)OC(CO)C(O)C2O)C(O)C(O)C1O,sucrose,1,2,0.8953937476020813,0.20310632241480128,,0.0,0.0
sub6a-gnps-MoNA035877,OCC1OC(OC2OC(CO)C(O)C(O)C2O)C(O)C(O)C1O,Trehalose,0,3,0.8039098770781204,0.24318923613538349,,0.0,0.0
sub6a-gnps-MoNA035877,OCC1OC(OC2C(CO)OC(O)(CO)C2O)C(O)C(O)C1O,LACTULOSE,0,4,0.8605210102490615,0.1125715891055686,,0.0,0.0
sub6a-gnps-MoNA035877,OCC1OC(OC2C(CO)OC(O)C(O)C2O)C(O)C(O)C1O,MALTOSE,0,5,0.8113867706187554,0.13208222444825124,,0.0,0.0
sub6a-gnps-MoNA036203,N=C(N)NCC(=O)O,GUANIDINEACETIC ACID,1,1,0.9295221249818705,0.7653212602484801,0.0,0.0,1.0
sub6a-gnps-MoNA036841,CC1CNC(=O)NC1=O,"5,6-DIHYDRO THYMINE",1,1,0.9061667761489379,0.2202171671071498,8.333333333333334,1.0,1.0
sub6a-gnps-MoNA036841,CC1(C)NC(=O)NC1=O,"5,5-Dimethylhydantoin; LC-tDDA; CE40",0,2,0.49763005088420154,0.4765218321927953,,1.0,1.0
sub6a-gnps-MoNA036841,CC(CNC(N)=O)C(=O)O,3-Ureidoisobutyric acid [M+H-H2O]+; AIF; CE30; MS2Dec,0,3,0.8277097734367906,0.4322656964400759,,0.0,0.0
sub6a-gnps-MoNA037721,OCC1OC(O)C(O)C(O)C1O,MANNOSE,1,1,0.8943597589982032,0.19330102195649154,47.61904761904762,1.0,1.0
sub6a-gnps-MoNA037721,OCC1OC(O)(CO)C(O)C1O,HMDB:HMDB00660-901 D-Fructose,0,2,0.5644910773416436,0.221802079871841,,1.0,1.0
sub6a-gnps-MoNA037721,OCC1(O)OCC(O)C(O)C1O,HMDB:HMDB01266-1499 L-Sorbose,0,3,0.5940357759526136,0.13751805919620735,,1.0,1.0
sub6a-gnps-MoNA037721,OC1C(O)C(O)C(O)C(O)C1O,MYO-INOSITOL,0,4,0.221907114464765,0.06817866093828634,,1.0,1.0
sub6a-gnps-MoNA037721,Cn1cnc2c1c(=O)[nH]c(=O)n2C,theobromine CollisionEnergy:205060,0,5,0.7729715506220224,0.00914020670338644,,0.0,0.0
sub6a-gnps-MoNA037779,OC1C(O)C(O)C(O)C(O)C1O,Myo-inositol,1,1,0.9874175663609164,0.5562561418062502,83.33333333333333,1.0,1.0
sub6a-gnps-MoNA037779,Cc1nc2ncnn2cc1C(=O)O,102170-48-9,0,2,0.6655871980403412,0.42371645300924937,,0.0,1.0
sub6a-gnps-MoNA037779,Cn1nnc2c(C(=O)O)ccnc21,1785515-89-0,0,3,0.6553827698899921,0.34892322132588877,,0.0,1.0
sub6a-gnps-MoNA037779,Cc1ccn2nc(C(=O)O)nc2n1,1691859-88-7,0,4,0.6556656886929493,0.22024652152474902,,0.0,1.0
sub6a-gnps-MoNA037779,O=C1OC(CO)C(O)C(O)C1O,Glucono-Delta-Lactone (known structural isomers: 0; isobaric peaks in run: 0),0,5,0.6454264584160856,0.6075284787881994,,0.0,0.0
sub6a-gnps-VF-NPL-QEHF000454,Cn1c(=O)c2c(ncn2C)n(C)c1=O,Caffeine,1,1,0.9141513862061578,0.022374910563605833,15.384615384615385,0.0,1.0
sub6a-gnps-VF-NPL-QEHF000454,CC1=C(C(=O)O)Cn2ncnc2N1C,1564571-59-0,0,2,0.1445653241633287,0.01667052693233545,,0.0,1.0
sub6a-gnps-VF-NPL-QEHF000454,NNC(=O)c1cccc(C(=O)NN)c1,"1,3-Benzenedicarboxylic acid, dihydrazide",0,3,0.13826747374036974,0.017407311026430127,,0.0,1.0
sub6a-gnps-VF-NPL-QEHF000454,COC1C(O)C(O)C(O)C(O)C1O,Quebrachitol,0,4,0.19897908312023282,0.02012766488713523,,0.0,0.0
sub6a-gnps-VF-NPL-QEHF000454,COC1OC(CO)C(O)C(O)C1O,METHYL GALACTOSIDE,0,5,0.16945871267570353,0.015118046609825644,,0.0,0.0
sub6a-gnps-VF-NPL-QEHF003265,OCC(O)C(O)C(O)C(O)CO,Sorbitol,1,1,0.9295498484127372,0.9012207993976299,14.285714285714286,1.0,1.0
sub6a-gnps-VF-NPL-QEHF003265,Cn1c(=O)[nH]c2ncn(C)c2c1=O,paraxanthine,0,2,0.4667796717739933,0.23994668761034962,,0.0,1.0
sub6a-gnps-VF-NPL-QEHF003265,Cn1cnc2c1c(=O)[nH]c(=O)n2C,THEOBROMINE,0,3,0.41033978729297776,0.2520985031087013,,0.0,1.0
sub6a-gnps-VF-NPL-QEHF003265,Cn1c(=O)c2[nH]cnc2n(C)c1=O,theophylline,0,4,0.436499225804415,0.20979253165403672,,0.0,1.0
sub6a-gnps-VF-NPL-QEHF003265,OC1C(O)C(O)C(O)C(O)C1O,MYOINOSITOL,0,5,0.39950055262575607,0.7063448450996839,,0.0,0.0
sub6a-gnps-VF-NPL-QEHF027669,O=C(O)C=Cc1c[nH]cn1,cis-Urocanic acid,0,1,0.40935384789665624,0.0,0.0,0.0,0.0
sub6a-gnps-VF-NPL-QEHF027676,NC(=O)c1cccnc1,NIACINAMIDE,1,1,0.8790874573907257,0.0032030613937578324,12.5,0.0,0.0
sub6a-gnps-VF-NPL-QEHF027676,CCNc1cc[nH]c(=O)n1,Cytosine_Acetaldehyde (known isomers: 0; isobaric peaks in run: 2),0,2,0.023240492542106236,0.0010718910133732194,,0.0,1.0
sub6a-gnps-VF-NPL-QEHF027676,NC(=O)NCCCC(N)C(=O)O,CITRULLINE,0,3,0.010175894705984874,0.0,,0.0,0.0
sub6a-gnps-VF-NPL-QEHF028152,NCCCCN,PUTRESCINE DIHYDROCHLORIDE,1,1,0.8286904868620854,0.14475959281144693,33.333333333333336,0.0,0.0
sub6a-gnps-VF-NPL-QEHF028152,O=C(O)c1cnc2n(c1=O)CCS2,32084-55-2,0,2,0.12132422317718505,0.003194748079852687,,0.0,1.0
sub6a-gnps-VF-NPL-QTOF007616,CC12CCC(=O)C=C1CCC1C2CCC2(C)C(O)CCC12,Epitestosterone,1,1,0.7675411623136968,0.49146766263917907,16.666666666666668,1.0,1.0
sub6a-gnps-VF-NPL-QTOF007616,CC1(O)CCC2C3CC=C4CC(=O)CCC4C3CCC21C,Normethandrolone; Methylestrenolone; Normethandrone_CE30,0,2,0.6737547745947586,0.3671952956625772,,1.0,1.0
sub6a-gnps-VF-NPL-QTOF007616,CC12CCC3C(CC=C4CC(O)CCC43C)C1CCC2=O,DEHYDROEPIANDROSTERONE,0,3,0.5918868897626842,0.3787454004148113,,1.0,1.0
sub6a-gnps-VF-NPL-QTOF007616,CC12CCC3C(CCC4CC(=O)CCC43C)C1CCC2=O,"Spectral Match to 5.alpha.-Androstane-3,17-dione from NIST14",0,4,0.5734396961817677,0.3881097907203269,,1.0,1.0
sub6a-gnps-VF-NPL-QTOF007616,CC1C=C2CC(=O)CCC2C2CCC3(C)C(O)CCC3C12,Trestolone [CCS=178.95263671875],0,5,0.35123855681974103,0.4773321929453228,,1.0,1.0
sub6a-gnps-VF-NPL-QTOF007617,CC12CCC(=O)C=C1CCC1C2CCC2(C)C(O)CCC12,MLS000113817-01!,1,1,0.8375471706984623,0.3952448412202891,4.761904761904762,1.0,1.0
sub6a-gnps-VF-NPL-QTOF007617,CC1(O)CCC2C3CC=C4CC(=O)CCC4C3CCC21C,Normethandrolone; Methylestrenolone; Normethandrone_CE45,0,2,0.7600786865153845,0.18368623631480335,,1.0,1.0
sub6a-gnps-VF-NPL-QTOF007617,CC1C=C2CC(=O)CCC2C2CCC3(C)C(O)CCC3C12,Trestolone [CCS=178.657],0,3,0.3280338934681441,0.20686302931701706,,1.0,1.0
sub6a-gnps-VF-NPL-QTOF007617,CC12CCC3C(CC=C4CC(O)CCC43C)C1CCC2=O,dehydroepiandrosterone [CCS=174.9506378173828],0,4,0.3251331131206705,0.0705604630478947,,1.0,1.0
sub6a-gnps-VF-NPL-QTOF007617,CC12CCC3C(CCC4CC(=O)CCC43C)C1CCC2=O,HMDB:HMDB00899-1275 Androstanedione,0,5,0.22057797816750999,0.050622876659290134,,1.0,1.0
sub6a-gnps-VF-NPL-QTOF007875,Nc1ncnc2c1ncn2CC(CF)OCP(=O)(O)O,FPMPA [CCS=166.96884155273438],0,1,0.05349455961469867,0.0028129955759666645,,0.0,1.0
sub6a-gnps-VF-NPL-QTOF007875,CC(O)CC(=O)NC(Cc1ccc(O)cc1)C(=O)O,3-hydroxybutyroyl tyrosine [M+K]+,0,2,0.014497176841130078,0.30627431132145955,,0.0,0.0
sub6a-gnps-VF-NPL-QTOF007875,CCOC(=O)c1c(C)[nH]c(=O)c(Sc2ccccc2)c1O,AE-641/08275046,0,3,0.10896279537656005,0.07489262871466615,0.0,0.0,0.0
sub6a-gnps-VF-NPL-QTOF007875,N#CCn1nc(-c2ccccc2Cl)c2c1-c1ccccc1C2,"(3-(2-chlorophenyl)indeno[1,2-c]pyrazol-1(4H)-yl)acetonitrile",0,4,0.026671902680129127,0.0,,0.0,0.0
sub6a-gnps-VF-NPL-QTOF007875,Cc1ccc(S(=O)(=O)N2CCCCC2C(=O)O)cc1,1-(Toluene-4-sulfonyl)-piperidine-2-carboxylic acid,0,5,0.006703648038156491,0.002107572928228693,,0.0,0.0
sub6a-massbank-MSBNK-Athens_Univ-AU280302,CC12CCC3C(CC=C4CC(=O)CCC43C)C1CCC2=O,"4-Androstene-3,17-dione",0,1,0.9931893903674502,0.43904515357905577,15.555555555555555,1.0,1.0
sub6a-massbank-MSBNK-Athens_Univ-AU280302,CC12C=CC(=O)C=C1CCC1C2CCC2(C)C(O)CCC12,1-Dehydrotestosterone,0,2,0.903157990808192,0.4355663366490401,,1.0,1.0
sub6a-massbank-MSBNK-Athens_Univ-AU280302,Cc1n[nH]c(C2CCCN(c3cc(C(C)C)ncn3)C2)n1,Z1419962363,0,3,0.9598278214412502,0.5007484000002681,,0.0,0.0
sub6a-massbank-MSBNK-Athens_Univ-AU280302,CCNc1nc(NCC)nc(Nc2ccc(C)c(C)c2)n1,STL270397,0,4,0.9751965238245527,0.4770574852415465,,0.0,0.0
sub6a-massbank-MSBNK-Athens_Univ-AU280302,CCNc1nc(NCC)nc(Nc2cc(C)cc(C)c2)n1,STL270398,0,5,0.975133598287505,0.4420822106371612,,0.0,0.0
sub6a-massbank-MSBNK-Athens_Univ-AU280303,CC12CCC3C(CC=C4CC(=O)CCC43C)C1CCC2=O,"4-Androstene-3,17-dione",0,1,0.8030408567205652,0.42355327351573385,26.666666666666668,1.0,1.0
sub6a-massbank-MSBNK-Athens_Univ-AU280303,CC12C=CC(=O)C=C1CCC1C2CCC2(C)C(O)CCC12,1-Dehydrotestosterone,0,2,0.541689880953704,0.40178777014260375,,1.0,1.0
sub6a-massbank-MSBNK-Athens_Univ-AU280303,CCNc1nc(NCC)nc(Nc2ccc(C)c(C)c2)n1,STL270397,0,3,0.4227747827878128,0.22041864387795554,,0.0,0.0
sub6a-massbank-MSBNK-Athens_Univ-AU280303,Cc1n[nH]c(C2CCCN(c3cc(C(C)C)ncn3)C2)n1,Z1419962363,0,4,0.4225300717730083,0.22046432928157977,,0.0,0.0
sub6a-massbank-MSBNK-Athens_Univ-AU280303,CCNc1nc(NCC)nc(Nc2cc(C)cc(C)c2)n1,STL270398,0,5,0.4229971027840507,0.1978068276038004,,0.0,0.0
sub6a-massbank-MSBNK-Athens_Univ-AU280304,CC12CCC3C(CC=C4CC(=O)CCC43C)C1CCC2=O,"4-Androstene-3,17-dione",0,1,0.8289999612229059,0.18788420946786877,6.666666666666667,0.0,1.0
sub6a-massbank-MSBNK-Athens_Univ-AU280304,C=C(C)C1CCC(C)=CC1c1c(O)cc(CCC)cc1O,Cannabidivarin [CCS=177.28475952148438],0,2,0.343888105210136,0.10457700711205387,,0.0,1.0
sub6a-massbank-MSBNK-Athens_Univ-AU280304,CC12CCC3C(C(O)C=C4CC(O)CCC43C)C1CCC2=O,h_150_7a_hydroxy_dhea,0,3,0.3487129236559308,0.26234423963489734,,0.0,0.0
sub6a-massbank-MSBNK-Athens_Univ-AU280304,CC12CCC3C(CCC4C(=O)C(=O)CCC43C)C1CCC2O,h_118_4_hydroxytestosterone,0,4,0.21571678275210113,0.18163913774641752,,0.0,0.0
sub6a-massbank-MSBNK-Athens_Univ-AU280304,CC1(CO)CCC2=C1CCC1C2CCC2CC(=O)OCC21C,h_266_oxandrolone_m3,0,5,0.2259530876989341,0.10760020585060998,,0.0,0.0
sub6a-massbank-MSBNK-Athens_Univ-AU280305,CC12CCC3C(CC=C4CC(=O)CCC43C)C1CCC2=O,"4-Androstene-3,17-dione",0,1,0.8289999612229059,0.12602882817914732,4.444444444444445,1.0,1.0
sub6a-massbank-MSBNK-Athens_Univ-AU280305,CC12CCC3C(CCC4CC(=O)C=CC43C)C1CCC2=O,1_androstenedione,0,2,0.3609841135063569,0.0970167592826432,,1.0,1.0
sub6a-massbank-MSBNK-Athens_Univ-AU280305,C=C(C)C1CCC(C)=CC1c1c(O)cc(CCC)cc1O,Cannabidivarin [CCS=177.28475952148438],0,3,0.30736593483559005,0.06040098835911167,,1.0,1.0
sub6a-massbank-MSBNK-Athens_Univ-AU280305,CC12CCC3C(C(O)C=C4CC(O)CCC43C)C1CCC2=O,h_150_7a_hydroxy_dhea,0,4,0.6219007923818232,0.2683190964172231,,0.0,0.0
sub6a-massbank-MSBNK-Athens_Univ-AU280305,CC1(CO)CCC2=C1CCC1C2CCC2CC(=O)OCC21C,h_266_oxandrolone_m3,0,5,0.33454003877805033,0.053826820376740456,,0.0,0.0
sub6a-massbank-MSBNK-Athens_Univ-AU280306,CC12CCC3C(CC=C4CC(=O)CCC43C)C1CCC2=O,"Spectral Match to 4-Androsten-3,17-dione from NIST14",0,1,0.9836239642343841,0.4672396391997738,15.555555555555555,1.0,1.0
sub6a-massbank-MSBNK-Athens_Univ-AU280306,CC12C=CC(=O)C=C1CCC1C2CCC2(C)C(O)CCC12,1-Dehydrotestosterone,0,2,0.8544014844260215,0.4505324538959783,,1.0,1.0
sub6a-massbank-MSBNK-Athens_Univ-AU280306,Cc1n[nH]c(C2CCCN(c3cc(C(C)C)ncn3)C2)n1,Z1419962363,0,3,0.8925328406119456,0.46659446649791336,,0.0,0.0
sub6a-massbank-MSBNK-Athens_Univ-AU280306,CCNc1nc(NCC)nc(Nc2ccc(C)c(C)c2)n1,STL270397,0,4,0.9057757405177257,0.446030246847521,,0.0,0.0
sub6a-massbank-MSBNK-Athens_Univ-AU280306,CCNc1nc(NCC)nc(Nc2cc(C)cc(C)c2)n1,STL270398,0,5,0.9057668693445595,0.4105369725096498,,0.0,0.0
